Gender;Nativelang;Otherlang;Age;Clicks1;Hits1;Misses1;Score1;Accuracy1;Missrate1;Clicks2;Hits2;Misses2;Score2;Accuracy2;Missrate2;Clicks3;Hits3;Misses3;Score3;Accuracy3;Missrate3;Clicks4;Hits4;Misses4;Score4;Accuracy4;Missrate4;Clicks5;Hits5;Misses5;Score5;Accuracy5;Missrate5;Clicks6;Hits6;Misses6;Score6;Accuracy6;Missrate6;Clicks7;Hits7;Misses7;Score7;Accuracy7;Missrate7;Clicks8;Hits8;Misses8;Score8;Accuracy8;Missrate8;Clicks9;Hits9;Misses9;Score9;Accuracy9;Missrate9;Clicks10;Hits10;Misses10;Score10;Accuracy10;Missrate10;Clicks11;Hits11;Misses11;Score11;Accuracy11;Missrate11;Clicks12;Hits12;Misses12;Score12;Accuracy12;Missrate12;Clicks13;Hits13;Misses13;Score13;Accuracy13;Missrate13;Clicks14;Hits14;Misses14;Score14;Accuracy14;Missrate14;Clicks15;Hits15;Misses15;Score15;Accuracy15;Missrate15;Clicks16;Hits16;Misses16;Score16;Accuracy16;Missrate16;Clicks17;Hits17;Misses17;Score17;Accuracy17;Missrate17;Clicks18;Hits18;Misses18;Score18;Accuracy18;Missrate18;Clicks19;Hits19;Misses19;Score19;Accuracy19;Missrate19;Clicks20;Hits20;Misses20;Score20;Accuracy20;Missrate20;Clicks21;Hits21;Misses21;Score21;Accuracy21;Missrate21;Clicks22;Hits22;Misses22;Score22;Accuracy22;Missrate22;Clicks23;Hits23;Misses23;Score23;Accuracy23;Missrate23;Clicks24;Hits24;Misses24;Score24;Accuracy24;Missrate24;Clicks25;Hits25;Misses25;Score25;Accuracy25;Missrate25;Clicks26;Hits26;Misses26;Score26;Accuracy26;Missrate26;Clicks27;Hits27;Misses27;Score27;Accuracy27;Missrate27;Clicks28;Hits28;Misses28;Score28;Accuracy28;Missrate28;Clicks29;Hits29;Misses29;Score29;Accuracy29;Missrate29;Clicks30;Hits30;Misses30;Score30;Accuracy30;Missrate30;Clicks31;Hits31;Misses31;Score31;Accuracy31;Missrate31;Clicks32;Hits32;Misses32;Score32;Accuracy32;Missrate32;Dyslexia
Male;Yes;No;7;6;6;0;6;1;0;5;4;1;5;0.8;0.2;5;5;0;5;1;0;7;0;7;7;0;1;5;5;0;5;1;0;4;3;1;4;0.75;0.25;4;4;0;4;1;0;4;4;0;4;1;0;2;2;0;2;1;0;8;0;8;8;0;1;2;0;2;2;0;1;3;0;3;3;0;1;NULL;NULL;NULL;NULL;NULL;NULL;7;7;0;7;1;0;4;4;0;4;1;0;3;3;0;3;1;0;5;5;0;5;1;0;NULL;NULL;NULL;NULL;NULL;NULL;NULL;NULL;NULL;NULL;NULL;NULL;NULL;NULL;NULL;NULL;NULL;NULL;NULL;NULL;NULL;NULL;NULL;NULL;1;1;0;1;1;0;4;4;0;4;1;0;NULL;NULL;NULL;NULL;NULL;NULL;NULL;NULL;NULL;NULL;NULL;NULL;NULL;NULL;NULL;NULL;NULL;NULL;NULL;NULL;NULL;NULL;NULL;NULL;NULL;NULL;NULL;NULL;NULL;NULL;NULL;NULL;NULL;NULL;NULL;NULL;21;2;2;21;0.095238095;0.095238095;NULL;NULL;NULL;NULL;NULL;NULL;NULL;NULL;NULL;NULL;NULL;NULL;No
Female;Yes;No;7;7;7;0;7;1;0;7;7;0;7;1;0;5;5;0;5;1;0;3;3;0;3;1;0;4;4;0;4;1;0;7;6;1;7;0.857142857;0.142857143;5;5;0;5;1;0;2;1;1;2;0.5;0.5;2;2;0;2;1;0;3;3;0;3;1;0;3;2;1;3;0.666666667;0.333333333;4;2;2;4;0.5;0.5;NULL;NULL;NULL;NULL;NULL;NULL;7;7;0;7;1;0;4;4;0;4;1;0;3;3;0;3;1;0;3;3;0;3;1;0;NULL;NULL;NULL;NULL;NULL;NULL;NULL;NULL;NULL;NULL;NULL;NULL;NULL;NULL;NULL;NULL;NULL;NULL;NULL;NULL;NULL;NULL;NULL;NULL;2;0;2;2;0;1;4;0;4;4;0;1;NULL;NULL;NULL;NULL;NULL;NULL;NULL;NULL;NULL;NULL;NULL;NULL;NULL;NULL;NULL;NULL;NULL;NULL;NULL;NULL;NULL;NULL;NULL;NULL;NULL;NULL;NULL;NULL;NULL;NULL;NULL;NULL;NULL;NULL;NULL;NULL;13;0;1;13;0;0.076923077;NULL;NULL;NULL;NULL;NULL;NULL;NULL;NULL;NULL;NULL;NULL;NULL;No
Female;Yes;No;7;6;6;0;6;1;0;7;7;0;7;1;0;4;0;4;4;0;1;7;0;7;7;0;1;3;1;2;3;0.333333333;0.666666667;4;3;1;4;0.75;0.25;2;2;0;2;1;0;5;3;2;5;0.6;0.4;6;1;5;6;0.166666667;0.833333333;7;7;0;7;1;0;7;2;5;7;0.285714286;0.714285714;3;2;1;3;0.666666667;0.333333333;NULL;NULL;NULL;NULL;NULL;NULL;6;6;0;6;1;0;2;1;1;2;0.5;0.5;5;5;0;5;1;0;4;4;0;4;1;0;NULL;NULL;NULL;NULL;NULL;NULL;NULL;NULL;NULL;NULL;NULL;NULL;NULL;NULL;NULL;NULL;NULL;NULL;NULL;NULL;NULL;NULL;NULL;NULL;5;1;4;5;0.2;0.8;4;4;0;4;1;0;NULL;NULL;NULL;NULL;NULL;NULL;NULL;NULL;NULL;NULL;NULL;NULL;NULL;NULL;NULL;NULL;NULL;NULL;NULL;NULL;NULL;NULL;NULL;NULL;NULL;NULL;NULL;NULL;NULL;NULL;NULL;NULL;NULL;NULL;NULL;NULL;21;1;3;21;0.047619048;0.142857143;NULL;NULL;NULL;NULL;NULL;NULL;NULL;NULL;NULL;NULL;NULL;NULL;No
Male;Yes;No;7;5;5;0;5;1;0;5;4;1;5;0.8;0.2;3;3;0;3;1;0;3;3;0;3;1;0;2;2;0;2;1;0;2;1;1;2;0.5;0.5;3;3;0;3;1;0;1;1;0;1;1;0;2;2;0;2;1;0;4;4;0;4;1;0;2;2;0;2;1;0;1;1;0;1;1;0;NULL;NULL;NULL;NULL;NULL;NULL;5;5;0;5;1;0;2;1;1;2;0.5;0.5;4;4;0;4;1;0;3;3;0;3;1;0;NULL;NULL;NULL;NULL;NULL;NULL;NULL;NULL;NULL;NULL;NULL;NULL;NULL;NULL;NULL;NULL;NULL;NULL;NULL;NULL;NULL;NULL;NULL;NULL;3;0;3;3;0;1;3;2;1;3;0.666666667;0.333333333;NULL;NULL;NULL;NULL;NULL;NULL;NULL;NULL;NULL;NULL;NULL;NULL;NULL;NULL;NULL;NULL;NULL;NULL;NULL;NULL;NULL;NULL;NULL;NULL;NULL;NULL;NULL;NULL;NULL;NULL;NULL;NULL;NULL;NULL;NULL;NULL;21;1;3;21;0.047619048;0.142857143;NULL;NULL;NULL;NULL;NULL;NULL;NULL;NULL;NULL;NULL;NULL;NULL;No
Male;Yes;No;7;8;6;2;8;0.75;0.25;4;4;0;4;1;0;7;5;2;7;0.714285714;0.285714286;2;2;0;2;1;0;3;0;3;3;0;1;2;0;2;2;0;1;6;1;5;6;0.166666667;0.833333333;4;3;1;4;0.75;0.25;5;2;3;5;0.4;0.6;3;3;0;3;1;0;9;0;9;9;0;1;6;4;2;6;0.666666667;0.333333333;NULL;NULL;NULL;NULL;NULL;NULL;8;8;0;8;1;0;5;5;0;5;1;0;4;4;0;4;1;0;5;5;0;5;1;0;NULL;NULL;NULL;NULL;NULL;NULL;NULL;NULL;NULL;NULL;NULL;NULL;NULL;NULL;NULL;NULL;NULL;NULL;NULL;NULL;NULL;NULL;NULL;NULL;6;1;5;6;0.166666667;0.833333333;4;3;1;4;0.75;0.25;NULL;NULL;NULL;NULL;NULL;NULL;NULL;NULL;NULL;NULL;NULL;NULL;NULL;NULL;NULL;NULL;NULL;NULL;NULL;NULL;NULL;NULL;NULL;NULL;NULL;NULL;NULL;NULL;NULL;NULL;NULL;NULL;NULL;NULL;NULL;NULL;21;1;3;21;0.047619048;0.142857143;NULL;NULL;NULL;NULL;NULL;NULL;NULL;NULL;NULL;NULL;NULL;NULL;No
Female;Yes;No;7;13;8;5;13;0.615384615;0.384615385;6;4;2;6;0.666666667;0.333333333;4;4;0;4;1;0;1;1;0;1;1;0;4;3;1;4;0.75;0.25;3;2;1;3;0.666666667;0.333333333;4;4;0;4;1;0;4;3;1;4;0.75;0.25;1;0;1;1;0;1;6;6;0;6;1;0;5;3;2;5;0.6;0.4;2;2;0;2;1;0;NULL;NULL;NULL;NULL;NULL;NULL;6;6;0;6;1;0;4;4;0;4;1;0;3;3;0;3;1;0;2;2;0;2;1;0;NULL;NULL;NULL;NULL;NULL;NULL;NULL;NULL;NULL;NULL;NULL;NULL;NULL;NULL;NULL;NULL;NULL;NULL;NULL;NULL;NULL;NULL;NULL;NULL;2;0;2;2;0;1;5;3;2;5;0.6;0.4;NULL;NULL;NULL;NULL;NULL;NULL;NULL;NULL;NULL;NULL;NULL;NULL;NULL;NULL;NULL;NULL;NULL;NULL;NULL;NULL;NULL;NULL;NULL;NULL;NULL;NULL;NULL;NULL;NULL;NULL;NULL;NULL;NULL;NULL;NULL;NULL;16;0;2;16;0;125;NULL;NULL;NULL;NULL;NULL;NULL;NULL;NULL;NULL;NULL;NULL;NULL;No
Male;Yes;No;7;6;4;2;6;0.666666667;0.333333333;8;6;2;8;0.75;0.25;5;5;0;5;1;0;3;3;0;3;1;0;3;2;1;3;0.666666667;0.333333333;2;1;1;2;0.5;0.5;3;3;0;3;1;0;2;1;1;2;0.5;0.5;3;3;0;3;1;0;5;5;0;5;1;0;4;3;1;4;0.75;0.25;5;0;5;5;0;1;NULL;NULL;NULL;NULL;NULL;NULL;9;3;6;9;0.333333333;0.666666667;3;2;1;3;0.666666667;0.333333333;2;2;0;2;1;0;2;2;0;2;1;0;NULL;NULL;NULL;NULL;NULL;NULL;NULL;NULL;NULL;NULL;NULL;NULL;NULL;NULL;NULL;NULL;NULL;NULL;NULL;NULL;NULL;NULL;NULL;NULL;4;3;1;4;0.75;0.25;3;1;2;3;0.333333333;0.666666667;NULL;NULL;NULL;NULL;NULL;NULL;NULL;NULL;NULL;NULL;NULL;NULL;NULL;NULL;NULL;NULL;NULL;NULL;NULL;NULL;NULL;NULL;NULL;NULL;NULL;NULL;NULL;NULL;NULL;NULL;NULL;NULL;NULL;NULL;NULL;NULL;15;1;2;15;0.066666667;0.133333333;NULL;NULL;NULL;NULL;NULL;NULL;NULL;NULL;NULL;NULL;NULL;NULL;No
Male;Yes;No;7;7;7;0;7;1;0;5;5;0;5;1;0;3;3;0;3;1;0;1;0;1;1;0;1;4;3;1;4;0.75;0.25;4;4;0;4;1;0;2;2;0;2;1;0;2;2;0;2;1;0;1;1;0;1;1;0;4;4;0;4;1;0;2;2;0;2;1;0;3;3;0;3;1;0;NULL;NULL;NULL;NULL;NULL;NULL;5;5;0;5;1;0;4;3;1;4;0.75;0.25;3;3;0;3;1;0;1;1;0;1;1;0;NULL;NULL;NULL;NULL;NULL;NULL;NULL;NULL;NULL;NULL;NULL;NULL;NULL;NULL;NULL;NULL;NULL;NULL;NULL;NULL;NULL;NULL;NULL;NULL;3;3;0;3;1;0;3;3;0;3;1;0;NULL;NULL;NULL;NULL;NULL;NULL;NULL;NULL;NULL;NULL;NULL;NULL;NULL;NULL;NULL;NULL;NULL;NULL;NULL;NULL;NULL;NULL;NULL;NULL;NULL;NULL;NULL;NULL;NULL;NULL;NULL;NULL;NULL;NULL;NULL;NULL;21;1;3;21;0.047619048;0.142857143;NULL;NULL;NULL;NULL;NULL;NULL;NULL;NULL;NULL;NULL;NULL;NULL;No
Male;Yes;No;7;6;5;1;6;0.833333333;0.166666667;4;4;0;4;1;0;6;6;0;6;1;0;2;2;0;2;1;0;5;4;1;5;0.8;0.2;2;1;1;2;0.5;0.5;4;3;1;4;0.75;0.25;3;2;1;3;0.666666667;0.333333333;1;1;0;1;1;0;4;4;0;4;1;0;1;0;1;1;0;1;2;2;0;2;1;0;NULL;NULL;NULL;NULL;NULL;NULL;6;6;0;6;1;0;2;2;0;2;1;0;4;4;0;4;1;0;2;2;0;2;1;0;NULL;NULL;NULL;NULL;NULL;NULL;NULL;NULL;NULL;NULL;NULL;NULL;NULL;NULL;NULL;NULL;NULL;NULL;NULL;NULL;NULL;NULL;NULL;NULL;2;1;1;2;0.5;0.5;4;2;2;4;0.5;0.5;NULL;NULL;NULL;NULL;NULL;NULL;NULL;NULL;NULL;NULL;NULL;NULL;NULL;NULL;NULL;NULL;NULL;NULL;NULL;NULL;NULL;NULL;NULL;NULL;NULL;NULL;NULL;NULL;NULL;NULL;NULL;NULL;NULL;NULL;NULL;NULL;14;0;2;14;0;0.142857143;NULL;NULL;NULL;NULL;NULL;NULL;NULL;NULL;NULL;NULL;NULL;NULL;No
Female;Yes;No;7;2;1;1;2;0.5;0.5;7;7;0;7;1;0;5;5;0;5;1;0;1;1;0;1;1;0;5;5;0;5;1;0;6;6;0;6;1;0;3;3;0;3;1;0;4;4;0;4;1;0;4;3;1;4;0.75;0.25;5;5;0;5;1;0;3;3;0;3;1;0;4;4;0;4;1;0;NULL;NULL;NULL;NULL;NULL;NULL;6;6;0;6;1;0;4;4;0;4;1;0;5;5;0;5;1;0;4;4;0;4;1;0;NULL;NULL;NULL;NULL;NULL;NULL;NULL;NULL;NULL;NULL;NULL;NULL;NULL;NULL;NULL;NULL;NULL;NULL;NULL;NULL;NULL;NULL;NULL;NULL;3;2;1;3;0.666666667;0.333333333;3;2;1;3;0.666666667;0.333333333;NULL;NULL;NULL;NULL;NULL;NULL;NULL;NULL;NULL;NULL;NULL;NULL;NULL;NULL;NULL;NULL;NULL;NULL;NULL;NULL;NULL;NULL;NULL;NULL;NULL;NULL;NULL;NULL;NULL;NULL;NULL;NULL;NULL;NULL;NULL;NULL;21;2;2;21;0.095238095;0.095238095;NULL;NULL;NULL;NULL;NULL;NULL;NULL;NULL;NULL;NULL;NULL;NULL;No
Female;No;No;7;1;1;0;1;1;0;3;3;0;3;1;0;1;0;1;1;0;1;2;2;0;2;1;0;3;3;0;3;1;0;1;0;1;1;0;1;1;1;0;1;1;0;3;3;0;3;1;0;2;2;0;2;1;0;2;2;0;2;1;0;1;1;0;1;1;0;3;3;0;3;1;0;NULL;NULL;NULL;NULL;NULL;NULL;3;3;0;3;1;0;1;1;0;1;1;0;3;3;0;3;1;0;3;3;0;3;1;0;NULL;NULL;NULL;NULL;NULL;NULL;NULL;NULL;NULL;NULL;NULL;NULL;NULL;NULL;NULL;NULL;NULL;NULL;NULL;NULL;NULL;NULL;NULL;NULL;5;5;0;5;1;0;3;2;1;3;0.666666667;0.333333333;NULL;NULL;NULL;NULL;NULL;NULL;NULL;NULL;NULL;NULL;NULL;NULL;NULL;NULL;NULL;NULL;NULL;NULL;NULL;NULL;NULL;NULL;NULL;NULL;NULL;NULL;NULL;NULL;NULL;NULL;NULL;NULL;NULL;NULL;NULL;NULL;11;0;1;11;0;0.090909091;NULL;NULL;NULL;NULL;NULL;NULL;NULL;NULL;NULL;NULL;NULL;NULL;No
Male;No;No;7;8;8;0;8;1;0;7;7;0;7;1;0;6;6;0;6;1;0;2;2;0;2;1;0;4;3;1;4;0.75;0.25;5;5;0;5;1;0;5;5;0;5;1;0;4;4;0;4;1;0;2;2;0;2;1;0;4;4;0;4;1;0;3;3;0;3;1;0;2;2;0;2;1;0;NULL;NULL;NULL;NULL;NULL;NULL;5;5;0;5;1;0;1;0;1;1;0;1;3;3;0;3;1;0;5;5;0;5;1;0;NULL;NULL;NULL;NULL;NULL;NULL;NULL;NULL;NULL;NULL;NULL;NULL;NULL;NULL;NULL;NULL;NULL;NULL;NULL;NULL;NULL;NULL;NULL;NULL;5;3;2;5;0.6;0.4;6;6;0;6;1;0;NULL;NULL;NULL;NULL;NULL;NULL;NULL;NULL;NULL;NULL;NULL;NULL;NULL;NULL;NULL;NULL;NULL;NULL;NULL;NULL;NULL;NULL;NULL;NULL;NULL;NULL;NULL;NULL;NULL;NULL;NULL;NULL;NULL;NULL;NULL;NULL;21;1;3;21;0.047619048;0.142857143;NULL;NULL;NULL;NULL;NULL;NULL;NULL;NULL;NULL;NULL;NULL;NULL;No
Female;No;No;7;3;3;0;3;1;0;4;4;0;4;1;0;3;3;0;3;1;0;3;3;0;3;1;0;3;0;3;3;0;1;3;3;0;3;1;0;2;2;0;2;1;0;4;4;0;4;1;0;3;1;2;3;0.333333333;0.666666667;2;0;2;2;0;1;2;2;0;2;1;0;4;4;0;4;1;0;NULL;NULL;NULL;NULL;NULL;NULL;4;4;0;4;1;0;1;1;0;1;1;0;3;3;0;3;1;0;3;3;0;3;1;0;NULL;NULL;NULL;NULL;NULL;NULL;NULL;NULL;NULL;NULL;NULL;NULL;NULL;NULL;NULL;NULL;NULL;NULL;NULL;NULL;NULL;NULL;NULL;NULL;4;2;2;4;0.5;0.5;3;1;2;3;0.333333333;0.666666667;NULL;NULL;NULL;NULL;NULL;NULL;NULL;NULL;NULL;NULL;NULL;NULL;NULL;NULL;NULL;NULL;NULL;NULL;NULL;NULL;NULL;NULL;NULL;NULL;NULL;NULL;NULL;NULL;NULL;NULL;NULL;NULL;NULL;NULL;NULL;NULL;8;0;0;8;0;0;NULL;NULL;NULL;NULL;NULL;NULL;NULL;NULL;NULL;NULL;NULL;NULL;No
Female;No;No;7;1;1;0;1;1;0;1;1;0;1;1;0;1;1;0;1;1;0;1;0;1;1;0;1;1;0;1;1;0;1;1;1;0;1;1;0;1;1;0;1;1;0;1;1;0;1;1;0;1;1;0;1;1;0;1;1;0;1;1;0;1;0;1;1;0;1;1;1;0;1;1;0;NULL;NULL;NULL;NULL;NULL;NULL;1;1;0;1;1;0;1;0;1;1;0;1;2;1;1;2;0.5;0.5;2;2;0;2;1;0;NULL;NULL;NULL;NULL;NULL;NULL;NULL;NULL;NULL;NULL;NULL;NULL;NULL;NULL;NULL;NULL;NULL;NULL;NULL;NULL;NULL;NULL;NULL;NULL;1;1;0;1;1;0;3;2;1;3;0.666666667;0.333333333;NULL;NULL;NULL;NULL;NULL;NULL;NULL;NULL;NULL;NULL;NULL;NULL;NULL;NULL;NULL;NULL;NULL;NULL;NULL;NULL;NULL;NULL;NULL;NULL;NULL;NULL;NULL;NULL;NULL;NULL;NULL;NULL;NULL;NULL;NULL;NULL;11;1;1;11;0.090909091;0.090909091;NULL;NULL;NULL;NULL;NULL;NULL;NULL;NULL;NULL;NULL;NULL;NULL;No
Female;No;No;7;3;3;0;3;1;0;3;3;0;3;1;0;2;0;2;2;0;1;1;0;1;1;0;1;3;3;0;3;1;0;2;2;0;2;1;0;5;5;0;5;1;0;2;0;2;2;0;1;3;1;2;3;0.333333333;0.666666667;4;2;2;4;0.5;0.5;2;1;1;2;0.5;0.5;3;3;0;3;1;0;NULL;NULL;NULL;NULL;NULL;NULL;2;2;0;2;1;0;4;3;1;4;0.75;0.25;4;4;0;4;1;0;3;3;0;3;1;0;NULL;NULL;NULL;NULL;NULL;NULL;NULL;NULL;NULL;NULL;NULL;NULL;NULL;NULL;NULL;NULL;NULL;NULL;NULL;NULL;NULL;NULL;NULL;NULL;5;1;4;5;0.2;0.8;4;2;2;4;0.5;0.5;NULL;NULL;NULL;NULL;NULL;NULL;NULL;NULL;NULL;NULL;NULL;NULL;NULL;NULL;NULL;NULL;NULL;NULL;NULL;NULL;NULL;NULL;NULL;NULL;NULL;NULL;NULL;NULL;NULL;NULL;NULL;NULL;NULL;NULL;NULL;NULL;21;0;4;21;0;0.19047619;NULL;NULL;NULL;NULL;NULL;NULL;NULL;NULL;NULL;NULL;NULL;NULL;No
Female;No;No;7;7;7;0;7;1;0;4;4;0;4;1;0;5;5;0;5;1;0;3;3;0;3;1;0;4;4;0;4;1;0;5;4;1;5;0.8;0.2;2;2;0;2;1;0;6;5;1;6;0.833333333;0.166666667;2;2;0;2;1;0;5;5;0;5;1;0;3;2;1;3;0.666666667;0.333333333;4;4;0;4;1;0;NULL;NULL;NULL;NULL;NULL;NULL;6;6;0;6;1;0;3;3;0;3;1;0;3;3;0;3;1;0;2;2;0;2;1;0;NULL;NULL;NULL;NULL;NULL;NULL;NULL;NULL;NULL;NULL;NULL;NULL;NULL;NULL;NULL;NULL;NULL;NULL;NULL;NULL;NULL;NULL;NULL;NULL;1;1;0;1;1;0;4;4;0;4;1;0;NULL;NULL;NULL;NULL;NULL;NULL;NULL;NULL;NULL;NULL;NULL;NULL;NULL;NULL;NULL;NULL;NULL;NULL;NULL;NULL;NULL;NULL;NULL;NULL;NULL;NULL;NULL;NULL;NULL;NULL;NULL;NULL;NULL;NULL;NULL;NULL;19;1;2;19;0.052631579;0.105263158;NULL;NULL;NULL;NULL;NULL;NULL;NULL;NULL;NULL;NULL;NULL;NULL;No
Female;No;No;7;1;1;0;1;1;0;1;1;0;1;1;0;1;1;0;1;1;0;1;1;0;1;1;0;1;1;0;1;1;0;1;1;0;1;1;0;2;1;1;2;0.5;0.5;1;1;0;1;1;0;1;1;0;1;1;0;1;1;0;1;1;0;1;1;0;1;1;0;1;1;0;1;1;0;NULL;NULL;NULL;NULL;NULL;NULL;1;1;0;1;1;0;1;1;0;1;1;0;2;2;0;2;1;0;2;2;0;2;1;0;NULL;NULL;NULL;NULL;NULL;NULL;NULL;NULL;NULL;NULL;NULL;NULL;NULL;NULL;NULL;NULL;NULL;NULL;NULL;NULL;NULL;NULL;NULL;NULL;2;2;0;2;1;0;2;2;0;2;1;0;NULL;NULL;NULL;NULL;NULL;NULL;NULL;NULL;NULL;NULL;NULL;NULL;NULL;NULL;NULL;NULL;NULL;NULL;NULL;NULL;NULL;NULL;NULL;NULL;NULL;NULL;NULL;NULL;NULL;NULL;NULL;NULL;NULL;NULL;NULL;NULL;11;0;0;11;0;0;NULL;NULL;NULL;NULL;NULL;NULL;NULL;NULL;NULL;NULL;NULL;NULL;No
Female;Yes;Yes;7;5;2;3;5;0.4;0.6;4;3;1;4;0.75;0.25;3;2;1;3;0.666666667;0.333333333;5;1;4;5;0.2;0.8;2;2;0;2;1;0;2;2;0;2;1;0;3;3;0;3;1;0;3;2;1;3;0.666666667;0.333333333;2;1;1;2;0.5;0.5;4;3;1;4;0.75;0.25;2;2;0;2;1;0;2;2;0;2;1;0;NULL;NULL;NULL;NULL;NULL;NULL;2;2;0;2;1;0;2;2;0;2;1;0;2;2;0;2;1;0;1;0;1;1;0;1;NULL;NULL;NULL;NULL;NULL;NULL;NULL;NULL;NULL;NULL;NULL;NULL;NULL;NULL;NULL;NULL;NULL;NULL;NULL;NULL;NULL;NULL;NULL;NULL;5;1;4;5;0.2;0.8;5;1;4;5;0.2;0.8;NULL;NULL;NULL;NULL;NULL;NULL;NULL;NULL;NULL;NULL;NULL;NULL;NULL;NULL;NULL;NULL;NULL;NULL;NULL;NULL;NULL;NULL;NULL;NULL;NULL;NULL;NULL;NULL;NULL;NULL;NULL;NULL;NULL;NULL;NULL;NULL;14;0;2;14;0;0.142857143;NULL;NULL;NULL;NULL;NULL;NULL;NULL;NULL;NULL;NULL;NULL;NULL;No
Female;No;No;7;3;3;0;3;1;0;5;5;0;5;1;0;5;5;0;5;1;0;1;1;0;1;1;0;2;0;2;2;0;1;2;1;1;2;0.5;0.5;1;0;1;1;0;1;2;2;0;2;1;0;3;3;0;3;1;0;5;5;0;5;1;0;3;3;0;3;1;0;3;3;0;3;1;0;NULL;NULL;NULL;NULL;NULL;NULL;3;3;0;3;1;0;1;1;0;1;1;0;3;3;0;3;1;0;2;2;0;2;1;0;NULL;NULL;NULL;NULL;NULL;NULL;NULL;NULL;NULL;NULL;NULL;NULL;NULL;NULL;NULL;NULL;NULL;NULL;NULL;NULL;NULL;NULL;NULL;NULL;3;3;0;3;1;0;1;1;0;1;1;0;NULL;NULL;NULL;NULL;NULL;NULL;NULL;NULL;NULL;NULL;NULL;NULL;NULL;NULL;NULL;NULL;NULL;NULL;NULL;NULL;NULL;NULL;NULL;NULL;NULL;NULL;NULL;NULL;NULL;NULL;NULL;NULL;NULL;NULL;NULL;NULL;18;3;0;18;0.166666667;0;NULL;NULL;NULL;NULL;NULL;NULL;NULL;NULL;NULL;NULL;NULL;NULL;No
Male;No;No;7;3;3;0;3;1;0;2;1;1;2;0.5;0.5;5;5;0;5;1;0;7;0;7;7;0;1;4;4;0;4;1;0;5;4;1;5;0.8;0.2;6;5;1;6;0.833333333;0.166666667;5;5;0;5;1;0;4;4;0;4;1;0;3;3;0;3;1;0;4;3;1;4;0.75;0.25;6;4;2;6;0.666666667;0.333333333;NULL;NULL;NULL;NULL;NULL;NULL;7;7;0;7;1;0;2;2;0;2;1;0;2;2;0;2;1;0;3;2;1;3;0.666666667;0.333333333;NULL;NULL;NULL;NULL;NULL;NULL;NULL;NULL;NULL;NULL;NULL;NULL;NULL;NULL;NULL;NULL;NULL;NULL;NULL;NULL;NULL;NULL;NULL;NULL;5;2;3;5;0.4;0.6;5;2;3;5;0.4;0.6;NULL;NULL;NULL;NULL;NULL;NULL;NULL;NULL;NULL;NULL;NULL;NULL;NULL;NULL;NULL;NULL;NULL;NULL;NULL;NULL;NULL;NULL;NULL;NULL;NULL;NULL;NULL;NULL;NULL;NULL;NULL;NULL;NULL;NULL;NULL;NULL;19;0;3;19;0;0.157894737;NULL;NULL;NULL;NULL;NULL;NULL;NULL;NULL;NULL;NULL;NULL;NULL;No
Male;Yes;Yes;7;1;1;0;1;1;0;1;1;0;1;1;0;3;3;0;3;1;0;2;1;1;2;0.5;0.5;4;2;2;4;0.5;0.5;1;1;0;1;1;0;2;2;0;2;1;0;4;1;3;4;0.25;0.75;3;2;1;3;0.666666667;0.333333333;3;3;0;3;1;0;2;1;1;2;0.5;0.5;2;1;1;2;0.5;0.5;NULL;NULL;NULL;NULL;NULL;NULL;2;0;2;2;0;1;3;1;2;3;0.333333333;0.666666667;2;1;1;2;0.5;0.5;3;3;0;3;1;0;NULL;NULL;NULL;NULL;NULL;NULL;NULL;NULL;NULL;NULL;NULL;NULL;NULL;NULL;NULL;NULL;NULL;NULL;NULL;NULL;NULL;NULL;NULL;NULL;2;1;1;2;0.5;0.5;2;1;1;2;0.5;0.5;NULL;NULL;NULL;NULL;NULL;NULL;NULL;NULL;NULL;NULL;NULL;NULL;NULL;NULL;NULL;NULL;NULL;NULL;NULL;NULL;NULL;NULL;NULL;NULL;NULL;NULL;NULL;NULL;NULL;NULL;NULL;NULL;NULL;NULL;NULL;NULL;3;0;0;3;0;0;NULL;NULL;NULL;NULL;NULL;NULL;NULL;NULL;NULL;NULL;NULL;NULL;No
Male;No;No;7;2;2;0;2;1;0;1;0;1;1;0;1;2;2;0;2;1;0;5;0;5;5;0;1;2;2;0;2;1;0;2;1;1;2;0.5;0.5;3;3;0;3;1;0;3;3;0;3;1;0;3;3;0;3;1;0;6;6;0;6;1;0;4;4;0;4;1;0;4;4;0;4;1;0;NULL;NULL;NULL;NULL;NULL;NULL;4;4;0;4;1;0;2;2;0;2;1;0;3;3;0;3;1;0;3;3;0;3;1;0;NULL;NULL;NULL;NULL;NULL;NULL;NULL;NULL;NULL;NULL;NULL;NULL;NULL;NULL;NULL;NULL;NULL;NULL;NULL;NULL;NULL;NULL;NULL;NULL;3;3;0;3;1;0;4;3;1;4;0.75;0.25;NULL;NULL;NULL;NULL;NULL;NULL;NULL;NULL;NULL;NULL;NULL;NULL;NULL;NULL;NULL;NULL;NULL;NULL;NULL;NULL;NULL;NULL;NULL;NULL;NULL;NULL;NULL;NULL;NULL;NULL;NULL;NULL;NULL;NULL;NULL;NULL;17;0;2;17;0;0.117647059;NULL;NULL;NULL;NULL;NULL;NULL;NULL;NULL;NULL;NULL;NULL;NULL;No
Female;No;No;7;3;3;0;3;1;0;5;5;0;5;1;0;3;2;1;3;0.666666667;0.333333333;3;2;1;3;0.666666667;0.333333333;4;4;0;4;1;0;4;4;0;4;1;0;3;3;0;3;1;0;3;3;0;3;1;0;1;0;1;1;0;1;4;4;0;4;1;0;3;3;0;3;1;0;3;3;0;3;1;0;NULL;NULL;NULL;NULL;NULL;NULL;3;2;1;3;0.666666667;0.333333333;1;1;0;1;1;0;4;3;1;4;0.75;0.25;3;3;0;3;1;0;NULL;NULL;NULL;NULL;NULL;NULL;NULL;NULL;NULL;NULL;NULL;NULL;NULL;NULL;NULL;NULL;NULL;NULL;NULL;NULL;NULL;NULL;NULL;NULL;4;4;0;4;1;0;1;0;1;1;0;1;NULL;NULL;NULL;NULL;NULL;NULL;NULL;NULL;NULL;NULL;NULL;NULL;NULL;NULL;NULL;NULL;NULL;NULL;NULL;NULL;NULL;NULL;NULL;NULL;NULL;NULL;NULL;NULL;NULL;NULL;NULL;NULL;NULL;NULL;NULL;NULL;20;0;3;20;0;0.15;NULL;NULL;NULL;NULL;NULL;NULL;NULL;NULL;NULL;NULL;NULL;NULL;No
Male;No;No;7;4;4;0;4;1;0;6;6;0;6;1;0;5;5;0;5;1;0;2;1;1;2;0.5;0.5;3;0;3;3;0;1;2;0;2;2;0;1;12;4;8;12;0.333333333;0.666666667;21;3;18;21;0.142857143;0.857142857;9;0;9;9;0;1;5;5;0;5;1;0;2;2;0;2;1;0;2;2;0;2;1;0;NULL;NULL;NULL;NULL;NULL;NULL;4;2;2;4;0.5;0.5;8;0;8;8;0;1;5;3;2;5;0.6;0.4;8;2;6;8;0.25;0.75;NULL;NULL;NULL;NULL;NULL;NULL;NULL;NULL;NULL;NULL;NULL;NULL;NULL;NULL;NULL;NULL;NULL;NULL;NULL;NULL;NULL;NULL;NULL;NULL;3;1;2;3;0.333333333;0.666666667;7;4;3;7;0.571428571;0.428571429;NULL;NULL;NULL;NULL;NULL;NULL;NULL;NULL;NULL;NULL;NULL;NULL;NULL;NULL;NULL;NULL;NULL;NULL;NULL;NULL;NULL;NULL;NULL;NULL;NULL;NULL;NULL;NULL;NULL;NULL;NULL;NULL;NULL;NULL;NULL;NULL;19;1;2;19;0.052631579;0.105263158;NULL;NULL;NULL;NULL;NULL;NULL;NULL;NULL;NULL;NULL;NULL;NULL;No
Male;Yes;No;7;7;7;0;7;1;0;7;6;1;7;0.857142857;0.142857143;4;4;0;4;1;0;2;2;0;2;1;0;4;4;0;4;1;0;7;3;4;7;0.428571429;0.571428571;4;3;1;4;0.75;0.25;5;4;1;5;0.8;0.2;2;1;1;2;0.5;0.5;5;4;1;5;0.8;0.2;5;2;3;5;0.4;0.6;4;4;0;4;1;0;NULL;NULL;NULL;NULL;NULL;NULL;4;4;0;4;1;0;1;1;0;1;1;0;2;2;0;2;1;0;4;2;2;4;0.5;0.5;NULL;NULL;NULL;NULL;NULL;NULL;NULL;NULL;NULL;NULL;NULL;NULL;NULL;NULL;NULL;NULL;NULL;NULL;NULL;NULL;NULL;NULL;NULL;NULL;4;3;1;4;0.75;0.25;6;6;0;6;1;0;NULL;NULL;NULL;NULL;NULL;NULL;NULL;NULL;NULL;NULL;NULL;NULL;NULL;NULL;NULL;NULL;NULL;NULL;NULL;NULL;NULL;NULL;NULL;NULL;NULL;NULL;NULL;NULL;NULL;NULL;NULL;NULL;NULL;NULL;NULL;NULL;6;0;1;6;0;0.166666667;NULL;NULL;NULL;NULL;NULL;NULL;NULL;NULL;NULL;NULL;NULL;NULL;No
Female;No;No;7;1;1;0;1;1;0;1;1;0;1;1;0;2;2;0;2;1;0;2;2;0;2;1;0;1;0;1;1;0;1;1;0;1;1;0;1;1;1;0;1;1;0;4;4;0;4;1;0;2;2;0;2;1;0;3;2;1;3;0.666666667;0.333333333;0;0;0;0;0;0;3;3;0;3;1;0;NULL;NULL;NULL;NULL;NULL;NULL;3;3;0;3;1;0;2;2;0;2;1;0;2;2;0;2;1;0;1;1;0;1;1;0;NULL;NULL;NULL;NULL;NULL;NULL;NULL;NULL;NULL;NULL;NULL;NULL;NULL;NULL;NULL;NULL;NULL;NULL;NULL;NULL;NULL;NULL;NULL;NULL;2;1;1;2;0.5;0.5;3;3;0;3;1;0;NULL;NULL;NULL;NULL;NULL;NULL;NULL;NULL;NULL;NULL;NULL;NULL;NULL;NULL;NULL;NULL;NULL;NULL;NULL;NULL;NULL;NULL;NULL;NULL;NULL;NULL;NULL;NULL;NULL;NULL;NULL;NULL;NULL;NULL;NULL;NULL;6;0;0;6;0;0;NULL;NULL;NULL;NULL;NULL;NULL;NULL;NULL;NULL;NULL;NULL;NULL;No
Male;No;No;7;4;4;0;4;1;0;4;4;0;4;1;0;3;3;0;3;1;0;2;2;0;2;1;0;4;4;0;4;1;0;3;3;0;3;1;0;3;3;0;3;1;0;4;3;1;4;0.75;0.25;2;2;0;2;1;0;5;5;0;5;1;0;3;3;0;3;1;0;3;3;0;3;1;0;NULL;NULL;NULL;NULL;NULL;NULL;4;4;0;4;1;0;3;3;0;3;1;0;3;3;0;3;1;0;4;4;0;4;1;0;NULL;NULL;NULL;NULL;NULL;NULL;NULL;NULL;NULL;NULL;NULL;NULL;NULL;NULL;NULL;NULL;NULL;NULL;NULL;NULL;NULL;NULL;NULL;NULL;8;4;4;8;0.5;0.5;12;4;8;12;0.333333333;0.666666667;NULL;NULL;NULL;NULL;NULL;NULL;NULL;NULL;NULL;NULL;NULL;NULL;NULL;NULL;NULL;NULL;NULL;NULL;NULL;NULL;NULL;NULL;NULL;NULL;NULL;NULL;NULL;NULL;NULL;NULL;NULL;NULL;NULL;NULL;NULL;NULL;21;1;3;21;0.047619048;0.142857143;NULL;NULL;NULL;NULL;NULL;NULL;NULL;NULL;NULL;NULL;NULL;NULL;No
Female;Yes;No;7;4;4;0;4;1;0;5;5;0;5;1;0;4;4;0;4;1;0;4;2;2;4;0.5;0.5;4;4;0;4;1;0;4;2;2;4;0.5;0.5;4;4;0;4;1;0;3;3;0;3;1;0;1;0;1;1;0;1;4;4;0;4;1;0;5;4;1;5;0.8;0.2;3;2;1;3;0.666666667;0.333333333;NULL;NULL;NULL;NULL;NULL;NULL;5;5;0;5;1;0;4;4;0;4;1;0;3;3;0;3;1;0;2;2;0;2;1;0;NULL;NULL;NULL;NULL;NULL;NULL;NULL;NULL;NULL;NULL;NULL;NULL;NULL;NULL;NULL;NULL;NULL;NULL;NULL;NULL;NULL;NULL;NULL;NULL;2;2;0;2;1;0;4;3;1;4;0.75;0.25;NULL;NULL;NULL;NULL;NULL;NULL;NULL;NULL;NULL;NULL;NULL;NULL;NULL;NULL;NULL;NULL;NULL;NULL;NULL;NULL;NULL;NULL;NULL;NULL;NULL;NULL;NULL;NULL;NULL;NULL;NULL;NULL;NULL;NULL;NULL;NULL;14;1;0;14;0.071428571;0;NULL;NULL;NULL;NULL;NULL;NULL;NULL;NULL;NULL;NULL;NULL;NULL;No
Female;Yes;No;7;6;6;0;6;1;0;6;6;0;6;1;0;6;6;0;6;1;0;1;1;0;1;1;0;5;5;0;5;1;0;2;2;0;2;1;0;6;5;1;6;0.833333333;0.166666667;2;2;0;2;1;0;1;0;1;1;0;1;2;2;0;2;1;0;4;1;3;4;0.25;0.75;1;1;0;1;1;0;NULL;NULL;NULL;NULL;NULL;NULL;5;5;0;5;1;0;4;4;0;4;1;0;5;5;0;5;1;0;5;3;2;5;0.6;0.4;NULL;NULL;NULL;NULL;NULL;NULL;NULL;NULL;NULL;NULL;NULL;NULL;NULL;NULL;NULL;NULL;NULL;NULL;NULL;NULL;NULL;NULL;NULL;NULL;3;2;1;3;0.666666667;0.333333333;1;1;0;1;1;0;NULL;NULL;NULL;NULL;NULL;NULL;NULL;NULL;NULL;NULL;NULL;NULL;NULL;NULL;NULL;NULL;NULL;NULL;NULL;NULL;NULL;NULL;NULL;NULL;NULL;NULL;NULL;NULL;NULL;NULL;NULL;NULL;NULL;NULL;NULL;NULL;15;2;0;15;0.133333333;0;NULL;NULL;NULL;NULL;NULL;NULL;NULL;NULL;NULL;NULL;NULL;NULL;No
Male;Yes;No;7;2;2;0;2;1;0;4;4;0;4;1;0;4;3;1;4;0.75;0.25;4;0;4;4;0;1;3;3;0;3;1;0;3;2;1;3;0.666666667;0.333333333;2;2;0;2;1;0;3;3;0;3;1;0;3;3;0;3;1;0;4;2;2;4;0.5;0.5;3;0;3;3;0;1;2;1;1;2;0.5;0.5;NULL;NULL;NULL;NULL;NULL;NULL;4;3;1;4;0.75;0.25;3;3;0;3;1;0;3;3;0;3;1;0;4;4;0;4;1;0;NULL;NULL;NULL;NULL;NULL;NULL;NULL;NULL;NULL;NULL;NULL;NULL;NULL;NULL;NULL;NULL;NULL;NULL;NULL;NULL;NULL;NULL;NULL;NULL;5;3;2;5;0.6;0.4;2;2;0;2;1;0;NULL;NULL;NULL;NULL;NULL;NULL;NULL;NULL;NULL;NULL;NULL;NULL;NULL;NULL;NULL;NULL;NULL;NULL;NULL;NULL;NULL;NULL;NULL;NULL;NULL;NULL;NULL;NULL;NULL;NULL;NULL;NULL;NULL;NULL;NULL;NULL;15;0;2;15;0;0.133333333;NULL;NULL;NULL;NULL;NULL;NULL;NULL;NULL;NULL;NULL;NULL;NULL;No
Male;Yes;No;7;3;3;0;3;1;0;5;5;0;5;1;0;3;3;0;3;1;0;2;2;0;2;1;0;3;3;0;3;1;0;4;2;2;4;0.5;0.5;3;1;2;3;0.333333333;0.666666667;2;2;0;2;1;0;3;3;0;3;1;0;6;6;0;6;1;0;4;2;2;4;0.5;0.5;5;3;2;5;0.6;0.4;NULL;NULL;NULL;NULL;NULL;NULL;4;4;0;4;1;0;3;3;0;3;1;0;4;4;0;4;1;0;3;3;0;3;1;0;NULL;NULL;NULL;NULL;NULL;NULL;NULL;NULL;NULL;NULL;NULL;NULL;NULL;NULL;NULL;NULL;NULL;NULL;NULL;NULL;NULL;NULL;NULL;NULL;6;2;4;6;0.333333333;0.666666667;4;4;0;4;1;0;NULL;NULL;NULL;NULL;NULL;NULL;NULL;NULL;NULL;NULL;NULL;NULL;NULL;NULL;NULL;NULL;NULL;NULL;NULL;NULL;NULL;NULL;NULL;NULL;NULL;NULL;NULL;NULL;NULL;NULL;NULL;NULL;NULL;NULL;NULL;NULL;15;1;1;15;0.066666667;0.066666667;NULL;NULL;NULL;NULL;NULL;NULL;NULL;NULL;NULL;NULL;NULL;NULL;No
Female;Yes;No;7;3;2;1;3;0.666666667;0.333333333;4;4;0;4;1;0;2;2;0;2;1;0;1;1;0;1;1;0;4;4;0;4;1;0;2;1;1;2;0.5;0.5;3;3;0;3;1;0;2;2;0;2;1;0;1;1;0;1;1;0;2;2;0;2;1;0;2;2;0;2;1;0;3;2;1;3;0.666666667;0.333333333;NULL;NULL;NULL;NULL;NULL;NULL;3;3;0;3;1;0;3;3;0;3;1;0;3;2;1;3;0.666666667;0.333333333;1;1;0;1;1;0;NULL;NULL;NULL;NULL;NULL;NULL;NULL;NULL;NULL;NULL;NULL;NULL;NULL;NULL;NULL;NULL;NULL;NULL;NULL;NULL;NULL;NULL;NULL;NULL;3;3;0;3;1;0;2;0;2;2;0;1;NULL;NULL;NULL;NULL;NULL;NULL;NULL;NULL;NULL;NULL;NULL;NULL;NULL;NULL;NULL;NULL;NULL;NULL;NULL;NULL;NULL;NULL;NULL;NULL;NULL;NULL;NULL;NULL;NULL;NULL;NULL;NULL;NULL;NULL;NULL;NULL;5;0;0;5;0;0;NULL;NULL;NULL;NULL;NULL;NULL;NULL;NULL;NULL;NULL;NULL;NULL;No
Male;Yes;No;7;1;1;0;1;1;0;2;2;0;2;1;0;3;3;0;3;1;0;1;1;0;1;1;0;2;0;2;2;0;1;2;2;0;2;1;0;2;2;0;2;1;0;2;1;1;2;0.5;0.5;1;1;0;1;1;0;4;4;0;4;1;0;4;3;1;4;0.75;0.25;4;4;0;4;1;0;NULL;NULL;NULL;NULL;NULL;NULL;3;3;0;3;1;0;1;1;0;1;1;0;4;4;0;4;1;0;3;3;0;3;1;0;NULL;NULL;NULL;NULL;NULL;NULL;NULL;NULL;NULL;NULL;NULL;NULL;NULL;NULL;NULL;NULL;NULL;NULL;NULL;NULL;NULL;NULL;NULL;NULL;4;4;0;4;1;0;5;3;2;5;0.6;0.4;NULL;NULL;NULL;NULL;NULL;NULL;NULL;NULL;NULL;NULL;NULL;NULL;NULL;NULL;NULL;NULL;NULL;NULL;NULL;NULL;NULL;NULL;NULL;NULL;NULL;NULL;NULL;NULL;NULL;NULL;NULL;NULL;NULL;NULL;NULL;NULL;14;1;1;14;0.071428571;0.071428571;NULL;NULL;NULL;NULL;NULL;NULL;NULL;NULL;NULL;NULL;NULL;NULL;No
Male;Yes;No;7;4;3;1;4;0.75;0.25;6;6;0;6;1;0;3;0;3;3;0;1;4;0;4;4;0;1;3;2;1;3;0.666666667;0.333333333;2;0;2;2;0;1;2;0;2;2;0;1;2;2;0;2;1;0;2;2;0;2;1;0;5;5;0;5;1;0;3;2;1;3;0.666666667;0.333333333;4;2;2;4;0.5;0.5;NULL;NULL;NULL;NULL;NULL;NULL;3;3;0;3;1;0;3;3;0;3;1;0;3;3;0;3;1;0;2;2;0;2;1;0;NULL;NULL;NULL;NULL;NULL;NULL;NULL;NULL;NULL;NULL;NULL;NULL;NULL;NULL;NULL;NULL;NULL;NULL;NULL;NULL;NULL;NULL;NULL;NULL;2;2;0;2;1;0;1;1;0;1;1;0;NULL;NULL;NULL;NULL;NULL;NULL;NULL;NULL;NULL;NULL;NULL;NULL;NULL;NULL;NULL;NULL;NULL;NULL;NULL;NULL;NULL;NULL;NULL;NULL;NULL;NULL;NULL;NULL;NULL;NULL;NULL;NULL;NULL;NULL;NULL;NULL;16;0;2;16;0;125;NULL;NULL;NULL;NULL;NULL;NULL;NULL;NULL;NULL;NULL;NULL;NULL;No
Male;Yes;No;7;2;1;1;2;0.5;0.5;3;3;0;3;1;0;3;3;0;3;1;0;2;1;1;2;0.5;0.5;2;0;2;2;0;1;2;1;1;2;0.5;0.5;2;2;0;2;1;0;2;1;1;2;0.5;0.5;2;2;0;2;1;0;4;4;0;4;1;0;1;1;0;1;1;0;3;2;1;3;0.666666667;0.333333333;NULL;NULL;NULL;NULL;NULL;NULL;5;5;0;5;1;0;2;2;0;2;1;0;3;3;0;3;1;0;3;3;0;3;1;0;NULL;NULL;NULL;NULL;NULL;NULL;NULL;NULL;NULL;NULL;NULL;NULL;NULL;NULL;NULL;NULL;NULL;NULL;NULL;NULL;NULL;NULL;NULL;NULL;3;3;0;3;1;0;3;2;1;3;0.666666667;0.333333333;NULL;NULL;NULL;NULL;NULL;NULL;NULL;NULL;NULL;NULL;NULL;NULL;NULL;NULL;NULL;NULL;NULL;NULL;NULL;NULL;NULL;NULL;NULL;NULL;NULL;NULL;NULL;NULL;NULL;NULL;NULL;NULL;NULL;NULL;NULL;NULL;16;0;3;16;0;0.1875;NULL;NULL;NULL;NULL;NULL;NULL;NULL;NULL;NULL;NULL;NULL;NULL;No
Male;Yes;No;7;6;6;0;6;1;0;4;4;0;4;1;0;2;2;0;2;1;0;2;2;0;2;1;0;1;1;0;1;1;0;2;2;0;2;1;0;4;4;0;4;1;0;3;3;0;3;1;0;1;1;0;1;1;0;5;3;2;5;0.6;0.4;3;3;0;3;1;0;3;3;0;3;1;0;NULL;NULL;NULL;NULL;NULL;NULL;4;4;0;4;1;0;3;3;0;3;1;0;3;3;0;3;1;0;3;3;0;3;1;0;NULL;NULL;NULL;NULL;NULL;NULL;NULL;NULL;NULL;NULL;NULL;NULL;NULL;NULL;NULL;NULL;NULL;NULL;NULL;NULL;NULL;NULL;NULL;NULL;4;3;1;4;0.75;0.25;2;2;0;2;1;0;NULL;NULL;NULL;NULL;NULL;NULL;NULL;NULL;NULL;NULL;NULL;NULL;NULL;NULL;NULL;NULL;NULL;NULL;NULL;NULL;NULL;NULL;NULL;NULL;NULL;NULL;NULL;NULL;NULL;NULL;NULL;NULL;NULL;NULL;NULL;NULL;15;0;1;15;0;0.066666667;NULL;NULL;NULL;NULL;NULL;NULL;NULL;NULL;NULL;NULL;NULL;NULL;No
Male;Yes;No;7;2;2;0;2;1;0;3;1;2;3;0.333333333;0.666666667;2;1;1;2;0.5;0.5;1;1;0;1;1;0;1;1;0;1;1;0;1;1;0;1;1;0;0;0;0;0;0;0;1;1;0;1;1;0;2;1;1;2;0.5;0.5;1;1;0;1;1;0;3;2;1;3;0.666666667;0.333333333;1;1;0;1;1;0;NULL;NULL;NULL;NULL;NULL;NULL;1;1;0;1;1;0;1;1;0;1;1;0;2;2;0;2;1;0;2;2;0;2;1;0;NULL;NULL;NULL;NULL;NULL;NULL;NULL;NULL;NULL;NULL;NULL;NULL;NULL;NULL;NULL;NULL;NULL;NULL;NULL;NULL;NULL;NULL;NULL;NULL;3;2;1;3;0.666666667;0.333333333;5;3;2;5;0.6;0.4;NULL;NULL;NULL;NULL;NULL;NULL;NULL;NULL;NULL;NULL;NULL;NULL;NULL;NULL;NULL;NULL;NULL;NULL;NULL;NULL;NULL;NULL;NULL;NULL;NULL;NULL;NULL;NULL;NULL;NULL;NULL;NULL;NULL;NULL;NULL;NULL;12;0;1;12;0;0.083333333;NULL;NULL;NULL;NULL;NULL;NULL;NULL;NULL;NULL;NULL;NULL;NULL;No
Male;Yes;No;7;1;1;0;1;1;0;2;1;1;2;0.5;0.5;2;2;0;2;1;0;3;2;1;3;0.666666667;0.333333333;3;3;0;3;1;0;2;2;0;2;1;0;2;2;0;2;1;0;4;4;0;4;1;0;1;1;0;1;1;0;2;1;1;2;0.5;0.5;3;1;2;3;0.333333333;0.666666667;3;3;0;3;1;0;NULL;NULL;NULL;NULL;NULL;NULL;4;4;0;4;1;0;1;1;0;1;1;0;3;3;0;3;1;0;3;3;0;3;1;0;NULL;NULL;NULL;NULL;NULL;NULL;NULL;NULL;NULL;NULL;NULL;NULL;NULL;NULL;NULL;NULL;NULL;NULL;NULL;NULL;NULL;NULL;NULL;NULL;3;2;1;3;0.666666667;0.333333333;5;4;1;5;0.8;0.2;NULL;NULL;NULL;NULL;NULL;NULL;NULL;NULL;NULL;NULL;NULL;NULL;NULL;NULL;NULL;NULL;NULL;NULL;NULL;NULL;NULL;NULL;NULL;NULL;NULL;NULL;NULL;NULL;NULL;NULL;NULL;NULL;NULL;NULL;NULL;NULL;16;1;1;16;0.0625;0.0625;NULL;NULL;NULL;NULL;NULL;NULL;NULL;NULL;NULL;NULL;NULL;NULL;No
Female;Yes;No;7;1;1;0;1;1;0;4;3;1;4;0.75;0.25;3;1;2;3;0.333333333;0.666666667;5;0;5;5;0;1;4;4;0;4;1;0;2;0;2;2;0;1;3;3;0;3;1;0;4;4;0;4;1;0;3;1;2;3;0.333333333;0.666666667;3;0;3;3;0;1;4;0;4;4;0;1;2;2;0;2;1;0;NULL;NULL;NULL;NULL;NULL;NULL;4;4;0;4;1;0;4;3;1;4;0.75;0.25;3;3;0;3;1;0;4;4;0;4;1;0;NULL;NULL;NULL;NULL;NULL;NULL;NULL;NULL;NULL;NULL;NULL;NULL;NULL;NULL;NULL;NULL;NULL;NULL;NULL;NULL;NULL;NULL;NULL;NULL;4;3;1;4;0.75;0.25;5;4;1;5;0.8;0.2;NULL;NULL;NULL;NULL;NULL;NULL;NULL;NULL;NULL;NULL;NULL;NULL;NULL;NULL;NULL;NULL;NULL;NULL;NULL;NULL;NULL;NULL;NULL;NULL;NULL;NULL;NULL;NULL;NULL;NULL;NULL;NULL;NULL;NULL;NULL;NULL;21;0;4;21;0;0.19047619;NULL;NULL;NULL;NULL;NULL;NULL;NULL;NULL;NULL;NULL;NULL;NULL;No
Female;Yes;No;7;6;4;2;6;0.666666667;0.333333333;4;4;0;4;1;0;3;3;0;3;1;0;3;3;0;3;1;0;3;3;0;3;1;0;4;4;0;4;1;0;1;0;1;1;0;1;2;2;0;2;1;0;4;3;1;4;0.75;0.25;4;4;0;4;1;0;4;3;1;4;0.75;0.25;2;2;0;2;1;0;NULL;NULL;NULL;NULL;NULL;NULL;5;5;0;5;1;0;4;4;0;4;1;0;2;2;0;2;1;0;3;3;0;3;1;0;NULL;NULL;NULL;NULL;NULL;NULL;NULL;NULL;NULL;NULL;NULL;NULL;NULL;NULL;NULL;NULL;NULL;NULL;NULL;NULL;NULL;NULL;NULL;NULL;1;1;0;1;1;0;4;4;0;4;1;0;NULL;NULL;NULL;NULL;NULL;NULL;NULL;NULL;NULL;NULL;NULL;NULL;NULL;NULL;NULL;NULL;NULL;NULL;NULL;NULL;NULL;NULL;NULL;NULL;NULL;NULL;NULL;NULL;NULL;NULL;NULL;NULL;NULL;NULL;NULL;NULL;16;0;2;16;0;125;NULL;NULL;NULL;NULL;NULL;NULL;NULL;NULL;NULL;NULL;NULL;NULL;No
Female;Yes;No;7;5;5;0;5;1;0;4;4;0;4;1;0;4;4;0;4;1;0;2;2;0;2;1;0;5;5;0;5;1;0;5;4;1;5;0.8;0.2;3;3;0;3;1;0;1;1;0;1;1;0;3;3;0;3;1;0;4;4;0;4;1;0;3;0;3;3;0;1;2;2;0;2;1;0;NULL;NULL;NULL;NULL;NULL;NULL;4;4;0;4;1;0;2;1;1;2;0.5;0.5;2;2;0;2;1;0;4;0;4;4;0;1;NULL;NULL;NULL;NULL;NULL;NULL;NULL;NULL;NULL;NULL;NULL;NULL;NULL;NULL;NULL;NULL;NULL;NULL;NULL;NULL;NULL;NULL;NULL;NULL;4;2;2;4;0.5;0.5;4;3;1;4;0.75;0.25;NULL;NULL;NULL;NULL;NULL;NULL;NULL;NULL;NULL;NULL;NULL;NULL;NULL;NULL;NULL;NULL;NULL;NULL;NULL;NULL;NULL;NULL;NULL;NULL;NULL;NULL;NULL;NULL;NULL;NULL;NULL;NULL;NULL;NULL;NULL;NULL;18;0;3;18;0;0.166666667;NULL;NULL;NULL;NULL;NULL;NULL;NULL;NULL;NULL;NULL;NULL;NULL;No
Female;Yes;No;7;2;2;0;2;1;0;3;3;0;3;1;0;3;3;0;3;1;0;3;0;3;3;0;1;3;3;0;3;1;0;1;0;1;1;0;1;2;2;0;2;1;0;2;2;0;2;1;0;2;2;0;2;1;0;4;4;0;4;1;0;2;2;0;2;1;0;2;2;0;2;1;0;NULL;NULL;NULL;NULL;NULL;NULL;4;4;0;4;1;0;2;2;0;2;1;0;3;3;0;3;1;0;2;2;0;2;1;0;NULL;NULL;NULL;NULL;NULL;NULL;NULL;NULL;NULL;NULL;NULL;NULL;NULL;NULL;NULL;NULL;NULL;NULL;NULL;NULL;NULL;NULL;NULL;NULL;4;2;2;4;0.5;0.5;1;1;0;1;1;0;NULL;NULL;NULL;NULL;NULL;NULL;NULL;NULL;NULL;NULL;NULL;NULL;NULL;NULL;NULL;NULL;NULL;NULL;NULL;NULL;NULL;NULL;NULL;NULL;NULL;NULL;NULL;NULL;NULL;NULL;NULL;NULL;NULL;NULL;NULL;NULL;19;2;1;19;0.105263158;0.052631579;NULL;NULL;NULL;NULL;NULL;NULL;NULL;NULL;NULL;NULL;NULL;NULL;No
Female;Yes;No;7;2;1;1;2;0.5;0.5;2;2;0;2;1;0;5;5;0;5;1;0;2;1;1;2;0.5;0.5;3;3;0;3;1;0;4;3;1;4;0.75;0.25;2;2;0;2;1;0;3;3;0;3;1;0;3;3;0;3;1;0;10;9;1;10;0.9;0.1;4;4;0;4;1;0;5;4;1;5;0.8;0.2;NULL;NULL;NULL;NULL;NULL;NULL;5;3;2;5;0.6;0.4;1;1;0;1;1;0;5;3;2;5;0.6;0.4;2;1;1;2;0.5;0.5;NULL;NULL;NULL;NULL;NULL;NULL;NULL;NULL;NULL;NULL;NULL;NULL;NULL;NULL;NULL;NULL;NULL;NULL;NULL;NULL;NULL;NULL;NULL;NULL;4;3;1;4;0.75;0.25;6;6;0;6;1;0;NULL;NULL;NULL;NULL;NULL;NULL;NULL;NULL;NULL;NULL;NULL;NULL;NULL;NULL;NULL;NULL;NULL;NULL;NULL;NULL;NULL;NULL;NULL;NULL;NULL;NULL;NULL;NULL;NULL;NULL;NULL;NULL;NULL;NULL;NULL;NULL;6;0;0;6;0;0;NULL;NULL;NULL;NULL;NULL;NULL;NULL;NULL;NULL;NULL;NULL;NULL;No
Female;Yes;No;7;5;5;0;5;1;0;4;4;0;4;1;0;5;5;0;5;1;0;4;0;4;4;0;1;3;3;0;3;1;0;4;4;0;4;1;0;1;1;0;1;1;0;2;2;0;2;1;0;1;1;0;1;1;0;6;4;2;6;0.666666667;0.333333333;4;4;0;4;1;0;5;4;1;5;0.8;0.2;NULL;NULL;NULL;NULL;NULL;NULL;5;5;0;5;1;0;2;2;0;2;1;0;3;3;0;3;1;0;3;3;0;3;1;0;NULL;NULL;NULL;NULL;NULL;NULL;NULL;NULL;NULL;NULL;NULL;NULL;NULL;NULL;NULL;NULL;NULL;NULL;NULL;NULL;NULL;NULL;NULL;NULL;4;3;1;4;0.75;0.25;5;5;0;5;1;0;NULL;NULL;NULL;NULL;NULL;NULL;NULL;NULL;NULL;NULL;NULL;NULL;NULL;NULL;NULL;NULL;NULL;NULL;NULL;NULL;NULL;NULL;NULL;NULL;NULL;NULL;NULL;NULL;NULL;NULL;NULL;NULL;NULL;NULL;NULL;NULL;21;2;2;21;0.095238095;0.095238095;NULL;NULL;NULL;NULL;NULL;NULL;NULL;NULL;NULL;NULL;NULL;NULL;No
Female;Yes;No;7;2;2;0;2;1;0;1;1;0;1;1;0;3;3;0;3;1;0;2;2;0;2;1;0;2;2;0;2;1;0;2;2;0;2;1;0;2;2;0;2;1;0;2;2;0;2;1;0;1;1;0;1;1;0;2;2;0;2;1;0;2;2;0;2;1;0;2;1;1;2;0.5;0.5;NULL;NULL;NULL;NULL;NULL;NULL;2;2;0;2;1;0;1;1;0;1;1;0;2;2;0;2;1;0;3;3;0;3;1;0;NULL;NULL;NULL;NULL;NULL;NULL;NULL;NULL;NULL;NULL;NULL;NULL;NULL;NULL;NULL;NULL;NULL;NULL;NULL;NULL;NULL;NULL;NULL;NULL;2;2;0;2;1;0;2;2;0;2;1;0;NULL;NULL;NULL;NULL;NULL;NULL;NULL;NULL;NULL;NULL;NULL;NULL;NULL;NULL;NULL;NULL;NULL;NULL;NULL;NULL;NULL;NULL;NULL;NULL;NULL;NULL;NULL;NULL;NULL;NULL;NULL;NULL;NULL;NULL;NULL;NULL;13;0;1;13;0;0.076923077;NULL;NULL;NULL;NULL;NULL;NULL;NULL;NULL;NULL;NULL;NULL;NULL;No
Female;Yes;No;7;3;3;0;3;1;0;4;2;2;4;0.5;0.5;3;1;2;3;0.333333333;0.666666667;2;1;1;2;0.5;0.5;4;4;0;4;1;0;3;2;1;3;0.666666667;0.333333333;3;2;1;3;0.666666667;0.333333333;2;2;0;2;1;0;2;1;1;2;0.5;0.5;3;3;0;3;1;0;3;2;1;3;0.666666667;0.333333333;1;1;0;1;1;0;NULL;NULL;NULL;NULL;NULL;NULL;3;3;0;3;1;0;2;1;1;2;0.5;0.5;2;2;0;2;1;0;2;1;1;2;0.5;0.5;NULL;NULL;NULL;NULL;NULL;NULL;NULL;NULL;NULL;NULL;NULL;NULL;NULL;NULL;NULL;NULL;NULL;NULL;NULL;NULL;NULL;NULL;NULL;NULL;2;0;2;2;0;1;3;2;1;3;0.666666667;0.333333333;NULL;NULL;NULL;NULL;NULL;NULL;NULL;NULL;NULL;NULL;NULL;NULL;NULL;NULL;NULL;NULL;NULL;NULL;NULL;NULL;NULL;NULL;NULL;NULL;NULL;NULL;NULL;NULL;NULL;NULL;NULL;NULL;NULL;NULL;NULL;NULL;12;0;2;12;0;0.166666667;NULL;NULL;NULL;NULL;NULL;NULL;NULL;NULL;NULL;NULL;NULL;NULL;No
Male;Yes;No;7;4;4;0;4;1;0;5;5;0;5;1;0;4;4;0;4;1;0;4;4;0;4;1;0;4;3;1;4;0.75;0.25;2;0;2;2;0;1;4;4;0;4;1;0;3;2;1;3;0.666666667;0.333333333;2;1;1;2;0.5;0.5;7;7;0;7;1;0;2;2;0;2;1;0;3;3;0;3;1;0;NULL;NULL;NULL;NULL;NULL;NULL;3;3;0;3;1;0;2;2;0;2;1;0;4;4;0;4;1;0;3;2;1;3;0.666666667;0.333333333;NULL;NULL;NULL;NULL;NULL;NULL;NULL;NULL;NULL;NULL;NULL;NULL;NULL;NULL;NULL;NULL;NULL;NULL;NULL;NULL;NULL;NULL;NULL;NULL;5;5;0;5;1;0;6;5;1;6;0.833333333;0.166666667;NULL;NULL;NULL;NULL;NULL;NULL;NULL;NULL;NULL;NULL;NULL;NULL;NULL;NULL;NULL;NULL;NULL;NULL;NULL;NULL;NULL;NULL;NULL;NULL;NULL;NULL;NULL;NULL;NULL;NULL;NULL;NULL;NULL;NULL;NULL;NULL;16;2;0;16;125;0;NULL;NULL;NULL;NULL;NULL;NULL;NULL;NULL;NULL;NULL;NULL;NULL;No
Female;Yes;No;7;3;3;0;3;1;0;4;4;0;4;1;0;4;4;0;4;1;0;1;1;0;1;1;0;3;3;0;3;1;0;3;3;0;3;1;0;4;4;0;4;1;0;3;3;0;3;1;0;2;2;0;2;1;0;5;5;0;5;1;0;3;3;0;3;1;0;3;3;0;3;1;0;NULL;NULL;NULL;NULL;NULL;NULL;4;4;0;4;1;0;1;0;1;1;0;1;4;1;3;4;0.25;0.75;3;3;0;3;1;0;NULL;NULL;NULL;NULL;NULL;NULL;NULL;NULL;NULL;NULL;NULL;NULL;NULL;NULL;NULL;NULL;NULL;NULL;NULL;NULL;NULL;NULL;NULL;NULL;3;3;0;3;1;0;1;0;1;1;0;1;NULL;NULL;NULL;NULL;NULL;NULL;NULL;NULL;NULL;NULL;NULL;NULL;NULL;NULL;NULL;NULL;NULL;NULL;NULL;NULL;NULL;NULL;NULL;NULL;NULL;NULL;NULL;NULL;NULL;NULL;NULL;NULL;NULL;NULL;NULL;NULL;13;1;0;13;0.076923077;0;NULL;NULL;NULL;NULL;NULL;NULL;NULL;NULL;NULL;NULL;NULL;NULL;No
Male;Yes;No;7;3;3;0;3;1;0;4;4;0;4;1;0;3;3;0;3;1;0;4;1;3;4;0.25;0.75;4;4;0;4;1;0;2;0;2;2;0;1;1;1;0;1;1;0;4;3;1;4;0.75;0.25;1;1;0;1;1;0;5;2;3;5;0.4;0.6;2;0;2;2;0;1;4;0;4;4;0;1;NULL;NULL;NULL;NULL;NULL;NULL;4;4;0;4;1;0;4;4;0;4;1;0;3;3;0;3;1;0;3;3;0;3;1;0;NULL;NULL;NULL;NULL;NULL;NULL;NULL;NULL;NULL;NULL;NULL;NULL;NULL;NULL;NULL;NULL;NULL;NULL;NULL;NULL;NULL;NULL;NULL;NULL;4;2;2;4;0.5;0.5;3;2;1;3;0.666666667;0.333333333;NULL;NULL;NULL;NULL;NULL;NULL;NULL;NULL;NULL;NULL;NULL;NULL;NULL;NULL;NULL;NULL;NULL;NULL;NULL;NULL;NULL;NULL;NULL;NULL;NULL;NULL;NULL;NULL;NULL;NULL;NULL;NULL;NULL;NULL;NULL;NULL;21;0;4;21;0;0.19047619;NULL;NULL;NULL;NULL;NULL;NULL;NULL;NULL;NULL;NULL;NULL;NULL;No
Female;Yes;No;7;5;5;0;5;1;0;3;3;0;3;1;0;2;2;0;2;1;0;1;1;0;1;1;0;2;2;0;2;1;0;2;2;0;2;1;0;3;3;0;3;1;0;3;3;0;3;1;0;5;3;2;5;0.6;0.4;4;4;0;4;1;0;3;2;1;3;0.666666667;0.333333333;5;3;2;5;0.6;0.4;NULL;NULL;NULL;NULL;NULL;NULL;3;3;0;3;1;0;3;3;0;3;1;0;4;4;0;4;1;0;4;3;1;4;0.75;0.25;NULL;NULL;NULL;NULL;NULL;NULL;NULL;NULL;NULL;NULL;NULL;NULL;NULL;NULL;NULL;NULL;NULL;NULL;NULL;NULL;NULL;NULL;NULL;NULL;3;2;1;3;0.666666667;0.333333333;3;2;1;3;0.666666667;0.333333333;NULL;NULL;NULL;NULL;NULL;NULL;NULL;NULL;NULL;NULL;NULL;NULL;NULL;NULL;NULL;NULL;NULL;NULL;NULL;NULL;NULL;NULL;NULL;NULL;NULL;NULL;NULL;NULL;NULL;NULL;NULL;NULL;NULL;NULL;NULL;NULL;11;0;1;11;0;0.090909091;NULL;NULL;NULL;NULL;NULL;NULL;NULL;NULL;NULL;NULL;NULL;NULL;No
Male;Yes;No;7;6;4;2;6;0.666666667;0.333333333;4;4;0;4;1;0;4;4;0;4;1;0;4;4;0;4;1;0;3;2;1;3;0.666666667;0.333333333;4;1;3;4;0.25;0.75;1;1;0;1;1;0;4;4;0;4;1;0;3;3;0;3;1;0;1;0;1;1;0;1;3;2;1;3;0.666666667;0.333333333;1;1;0;1;1;0;NULL;NULL;NULL;NULL;NULL;NULL;4;4;0;4;1;0;1;1;0;1;1;0;3;3;0;3;1;0;4;4;0;4;1;0;NULL;NULL;NULL;NULL;NULL;NULL;NULL;NULL;NULL;NULL;NULL;NULL;NULL;NULL;NULL;NULL;NULL;NULL;NULL;NULL;NULL;NULL;NULL;NULL;3;0;3;3;0;1;5;1;4;5;0.2;0.8;NULL;NULL;NULL;NULL;NULL;NULL;NULL;NULL;NULL;NULL;NULL;NULL;NULL;NULL;NULL;NULL;NULL;NULL;NULL;NULL;NULL;NULL;NULL;NULL;NULL;NULL;NULL;NULL;NULL;NULL;NULL;NULL;NULL;NULL;NULL;NULL;21;0;4;21;0;0.19047619;NULL;NULL;NULL;NULL;NULL;NULL;NULL;NULL;NULL;NULL;NULL;NULL;No
Male;Yes;No;7;4;4;0;4;1;0;5;5;0;5;1;0;2;2;0;2;1;0;2;1;1;2;0.5;0.5;1;0;1;1;0;1;3;3;0;3;1;0;2;1;1;2;0.5;0.5;2;2;0;2;1;0;2;0;2;2;0;1;2;0;2;2;0;1;2;2;0;2;1;0;3;2;1;3;0.666666667;0.333333333;NULL;NULL;NULL;NULL;NULL;NULL;5;5;0;5;1;0;1;1;0;1;1;0;4;4;0;4;1;0;3;3;0;3;1;0;NULL;NULL;NULL;NULL;NULL;NULL;NULL;NULL;NULL;NULL;NULL;NULL;NULL;NULL;NULL;NULL;NULL;NULL;NULL;NULL;NULL;NULL;NULL;NULL;5;4;1;5;0.8;0.2;3;1;2;3;0.333333333;0.666666667;NULL;NULL;NULL;NULL;NULL;NULL;NULL;NULL;NULL;NULL;NULL;NULL;NULL;NULL;NULL;NULL;NULL;NULL;NULL;NULL;NULL;NULL;NULL;NULL;NULL;NULL;NULL;NULL;NULL;NULL;NULL;NULL;NULL;NULL;NULL;NULL;11;0;1;11;0;0.090909091;NULL;NULL;NULL;NULL;NULL;NULL;NULL;NULL;NULL;NULL;NULL;NULL;No
Female;Yes;No;7;5;5;0;5;1;0;2;0;2;2;0;1;5;5;0;5;1;0;4;4;0;4;1;0;3;3;0;3;1;0;3;2;1;3;0.666666667;0.333333333;4;4;0;4;1;0;4;4;0;4;1;0;3;1;2;3;0.333333333;0.666666667;3;3;0;3;1;0;4;3;1;4;0.75;0.25;5;4;1;5;0.8;0.2;NULL;NULL;NULL;NULL;NULL;NULL;5;5;0;5;1;0;1;1;0;1;1;0;6;5;1;6;0.833333333;0.166666667;3;3;0;3;1;0;NULL;NULL;NULL;NULL;NULL;NULL;NULL;NULL;NULL;NULL;NULL;NULL;NULL;NULL;NULL;NULL;NULL;NULL;NULL;NULL;NULL;NULL;NULL;NULL;3;2;1;3;0.666666667;0.333333333;2;2;0;2;1;0;NULL;NULL;NULL;NULL;NULL;NULL;NULL;NULL;NULL;NULL;NULL;NULL;NULL;NULL;NULL;NULL;NULL;NULL;NULL;NULL;NULL;NULL;NULL;NULL;NULL;NULL;NULL;NULL;NULL;NULL;NULL;NULL;NULL;NULL;NULL;NULL;12;1;1;12;0.083333333;0.083333333;NULL;NULL;NULL;NULL;NULL;NULL;NULL;NULL;NULL;NULL;NULL;NULL;No
Male;Yes;No;7;4;4;0;4;1;0;4;4;0;4;1;0;3;2;1;3;0.666666667;0.333333333;3;3;0;3;1;0;5;4;1;5;0.8;0.2;3;2;1;3;0.666666667;0.333333333;2;2;0;2;1;0;1;1;0;1;1;0;2;1;1;2;0.5;0.5;5;4;1;5;0.8;0.2;3;2;1;3;0.666666667;0.333333333;3;3;0;3;1;0;NULL;NULL;NULL;NULL;NULL;NULL;4;4;0;4;1;0;3;3;0;3;1;0;4;4;0;4;1;0;4;3;1;4;0.75;0.25;NULL;NULL;NULL;NULL;NULL;NULL;NULL;NULL;NULL;NULL;NULL;NULL;NULL;NULL;NULL;NULL;NULL;NULL;NULL;NULL;NULL;NULL;NULL;NULL;5;2;3;5;0.4;0.6;5;5;0;5;1;0;NULL;NULL;NULL;NULL;NULL;NULL;NULL;NULL;NULL;NULL;NULL;NULL;NULL;NULL;NULL;NULL;NULL;NULL;NULL;NULL;NULL;NULL;NULL;NULL;NULL;NULL;NULL;NULL;NULL;NULL;NULL;NULL;NULL;NULL;NULL;NULL;16;0;2;16;0;125;NULL;NULL;NULL;NULL;NULL;NULL;NULL;NULL;NULL;NULL;NULL;NULL;No
Male;Yes;No;7;6;4;2;6;0.666666667;0.333333333;6;4;2;6;0.666666667;0.333333333;4;4;0;4;1;0;4;0;4;4;0;1;4;4;0;4;1;0;4;1;3;4;0.25;0.75;2;2;0;2;1;0;2;2;0;2;1;0;2;2;0;2;1;0;4;4;0;4;1;0;3;1;2;3;0.333333333;0.666666667;1;0;1;1;0;1;NULL;NULL;NULL;NULL;NULL;NULL;4;4;0;4;1;0;3;3;0;3;1;0;5;3;2;5;0.6;0.4;4;4;0;4;1;0;NULL;NULL;NULL;NULL;NULL;NULL;NULL;NULL;NULL;NULL;NULL;NULL;NULL;NULL;NULL;NULL;NULL;NULL;NULL;NULL;NULL;NULL;NULL;NULL;5;3;2;5;0.6;0.4;6;5;1;6;0.833333333;0.166666667;NULL;NULL;NULL;NULL;NULL;NULL;NULL;NULL;NULL;NULL;NULL;NULL;NULL;NULL;NULL;NULL;NULL;NULL;NULL;NULL;NULL;NULL;NULL;NULL;NULL;NULL;NULL;NULL;NULL;NULL;NULL;NULL;NULL;NULL;NULL;NULL;21;1;3;21;0.047619048;0.142857143;NULL;NULL;NULL;NULL;NULL;NULL;NULL;NULL;NULL;NULL;NULL;NULL;No
Male;Yes;No;7;4;4;0;4;1;0;5;5;0;5;1;0;3;3;0;3;1;0;5;0;5;5;0;1;3;3;0;3;1;0;4;3;1;4;0.75;0.25;3;3;0;3;1;0;3;3;0;3;1;0;3;2;1;3;0.666666667;0.333333333;5;5;0;5;1;0;1;0;1;1;0;1;5;4;1;5;0.8;0.2;NULL;NULL;NULL;NULL;NULL;NULL;5;5;0;5;1;0;1;0;1;1;0;1;4;4;0;4;1;0;4;4;0;4;1;0;NULL;NULL;NULL;NULL;NULL;NULL;NULL;NULL;NULL;NULL;NULL;NULL;NULL;NULL;NULL;NULL;NULL;NULL;NULL;NULL;NULL;NULL;NULL;NULL;3;3;0;3;1;0;4;2;2;4;0.5;0.5;NULL;NULL;NULL;NULL;NULL;NULL;NULL;NULL;NULL;NULL;NULL;NULL;NULL;NULL;NULL;NULL;NULL;NULL;NULL;NULL;NULL;NULL;NULL;NULL;NULL;NULL;NULL;NULL;NULL;NULL;NULL;NULL;NULL;NULL;NULL;NULL;19;2;1;19;0.105263158;0.052631579;NULL;NULL;NULL;NULL;NULL;NULL;NULL;NULL;NULL;NULL;NULL;NULL;No
Male;Yes;No;7;3;2;1;3;0.666666667;0.333333333;2;2;0;2;1;0;1;1;0;1;1;0;1;1;0;1;1;0;2;2;0;2;1;0;1;1;0;1;1;0;2;2;0;2;1;0;2;2;0;2;1;0;3;2;1;3;0.666666667;0.333333333;3;3;0;3;1;0;2;2;0;2;1;0;2;2;0;2;1;0;NULL;NULL;NULL;NULL;NULL;NULL;2;2;0;2;1;0;2;2;0;2;1;0;3;3;0;3;1;0;3;3;0;3;1;0;NULL;NULL;NULL;NULL;NULL;NULL;NULL;NULL;NULL;NULL;NULL;NULL;NULL;NULL;NULL;NULL;NULL;NULL;NULL;NULL;NULL;NULL;NULL;NULL;3;2;1;3;0.666666667;0.333333333;4;2;2;4;0.5;0.5;NULL;NULL;NULL;NULL;NULL;NULL;NULL;NULL;NULL;NULL;NULL;NULL;NULL;NULL;NULL;NULL;NULL;NULL;NULL;NULL;NULL;NULL;NULL;NULL;NULL;NULL;NULL;NULL;NULL;NULL;NULL;NULL;NULL;NULL;NULL;NULL;16;2;0;16;125;0;NULL;NULL;NULL;NULL;NULL;NULL;NULL;NULL;NULL;NULL;NULL;NULL;No
Male;Yes;No;7;4;3;1;4;0.75;0.25;4;4;0;4;1;0;4;0;4;4;0;1;4;3;1;4;0.75;0.25;5;4;1;5;0.8;0.2;4;1;3;4;0.25;0.75;3;2;1;3;0.666666667;0.333333333;2;0;2;2;0;1;1;1;0;1;1;0;3;3;0;3;1;0;2;2;0;2;1;0;2;1;1;2;0.5;0.5;NULL;NULL;NULL;NULL;NULL;NULL;3;3;0;3;1;0;1;1;0;1;1;0;3;3;0;3;1;0;3;3;0;3;1;0;NULL;NULL;NULL;NULL;NULL;NULL;NULL;NULL;NULL;NULL;NULL;NULL;NULL;NULL;NULL;NULL;NULL;NULL;NULL;NULL;NULL;NULL;NULL;NULL;2;1;1;2;0.5;0.5;3;2;1;3;0.666666667;0.333333333;NULL;NULL;NULL;NULL;NULL;NULL;NULL;NULL;NULL;NULL;NULL;NULL;NULL;NULL;NULL;NULL;NULL;NULL;NULL;NULL;NULL;NULL;NULL;NULL;NULL;NULL;NULL;NULL;NULL;NULL;NULL;NULL;NULL;NULL;NULL;NULL;21;0;4;21;0;0.19047619;NULL;NULL;NULL;NULL;NULL;NULL;NULL;NULL;NULL;NULL;NULL;NULL;No
Female;Yes;No;7;1;1;0;1;1;0;7;7;0;7;1;0;5;5;0;5;1;0;6;0;6;6;0;1;5;5;0;5;1;0;2;0;2;2;0;1;3;3;0;3;1;0;5;5;0;5;1;0;3;3;0;3;1;0;3;0;3;3;0;1;1;0;1;1;0;1;2;2;0;2;1;0;NULL;NULL;NULL;NULL;NULL;NULL;4;4;0;4;1;0;3;3;0;3;1;0;3;3;0;3;1;0;4;4;0;4;1;0;NULL;NULL;NULL;NULL;NULL;NULL;NULL;NULL;NULL;NULL;NULL;NULL;NULL;NULL;NULL;NULL;NULL;NULL;NULL;NULL;NULL;NULL;NULL;NULL;3;3;0;3;1;0;2;2;0;2;1;0;NULL;NULL;NULL;NULL;NULL;NULL;NULL;NULL;NULL;NULL;NULL;NULL;NULL;NULL;NULL;NULL;NULL;NULL;NULL;NULL;NULL;NULL;NULL;NULL;NULL;NULL;NULL;NULL;NULL;NULL;NULL;NULL;NULL;NULL;NULL;NULL;17;2;1;17;0.117647059;0.058823529;NULL;NULL;NULL;NULL;NULL;NULL;NULL;NULL;NULL;NULL;NULL;NULL;No
Male;Yes;No;7;2;2;0;2;1;0;3;3;0;3;1;0;3;3;0;3;1;0;2;1;1;2;0.5;0.5;1;0;1;1;0;1;1;1;0;1;1;0;2;0;2;2;0;1;4;4;0;4;1;0;3;0;3;3;0;1;4;4;0;4;1;0;3;1;2;3;0.333333333;0.666666667;4;3;1;4;0.75;0.25;NULL;NULL;NULL;NULL;NULL;NULL;5;5;0;5;1;0;2;2;0;2;1;0;3;3;0;3;1;0;4;4;0;4;1;0;NULL;NULL;NULL;NULL;NULL;NULL;NULL;NULL;NULL;NULL;NULL;NULL;NULL;NULL;NULL;NULL;NULL;NULL;NULL;NULL;NULL;NULL;NULL;NULL;6;4;2;6;0.666666667;0.333333333;5;3;2;5;0.6;0.4;NULL;NULL;NULL;NULL;NULL;NULL;NULL;NULL;NULL;NULL;NULL;NULL;NULL;NULL;NULL;NULL;NULL;NULL;NULL;NULL;NULL;NULL;NULL;NULL;NULL;NULL;NULL;NULL;NULL;NULL;NULL;NULL;NULL;NULL;NULL;NULL;21;1;3;21;0.047619048;0.142857143;NULL;NULL;NULL;NULL;NULL;NULL;NULL;NULL;NULL;NULL;NULL;NULL;No
Male;Yes;No;7;2;2;0;2;1;0;2;2;0;2;1;0;3;3;0;3;1;0;4;0;4;4;0;1;2;0;2;2;0;1;2;0;2;2;0;1;4;4;0;4;1;0;1;0;1;1;0;1;2;2;0;2;1;0;3;3;0;3;1;0;2;2;0;2;1;0;3;2;1;3;0.666666667;0.333333333;NULL;NULL;NULL;NULL;NULL;NULL;3;3;0;3;1;0;1;1;0;1;1;0;4;3;1;4;0.75;0.25;2;1;1;2;0.5;0.5;NULL;NULL;NULL;NULL;NULL;NULL;NULL;NULL;NULL;NULL;NULL;NULL;NULL;NULL;NULL;NULL;NULL;NULL;NULL;NULL;NULL;NULL;NULL;NULL;6;2;4;6;0.333333333;0.666666667;5;3;2;5;0.6;0.4;NULL;NULL;NULL;NULL;NULL;NULL;NULL;NULL;NULL;NULL;NULL;NULL;NULL;NULL;NULL;NULL;NULL;NULL;NULL;NULL;NULL;NULL;NULL;NULL;NULL;NULL;NULL;NULL;NULL;NULL;NULL;NULL;NULL;NULL;NULL;NULL;21;0;4;21;0;0.19047619;NULL;NULL;NULL;NULL;NULL;NULL;NULL;NULL;NULL;NULL;NULL;NULL;No
Male;Yes;No;7;3;3;0;3;1;0;2;2;0;2;1;0;3;3;0;3;1;0;2;0;2;2;0;1;2;2;0;2;1;0;4;4;0;4;1;0;2;2;0;2;1;0;3;3;0;3;1;0;3;3;0;3;1;0;5;4;1;5;0.8;0.2;3;3;0;3;1;0;3;1;2;3;0.333333333;0.666666667;NULL;NULL;NULL;NULL;NULL;NULL;3;3;0;3;1;0;3;2;1;3;0.666666667;0.333333333;2;2;0;2;1;0;1;0;1;1;0;1;NULL;NULL;NULL;NULL;NULL;NULL;NULL;NULL;NULL;NULL;NULL;NULL;NULL;NULL;NULL;NULL;NULL;NULL;NULL;NULL;NULL;NULL;NULL;NULL;5;4;1;5;0.8;0.2;3;1;2;3;0.333333333;0.666666667;NULL;NULL;NULL;NULL;NULL;NULL;NULL;NULL;NULL;NULL;NULL;NULL;NULL;NULL;NULL;NULL;NULL;NULL;NULL;NULL;NULL;NULL;NULL;NULL;NULL;NULL;NULL;NULL;NULL;NULL;NULL;NULL;NULL;NULL;NULL;NULL;16;2;0;16;125;0;NULL;NULL;NULL;NULL;NULL;NULL;NULL;NULL;NULL;NULL;NULL;NULL;No
Male;Yes;No;7;4;4;0;4;1;0;5;5;0;5;1;0;4;3;1;4;0.75;0.25;2;2;0;2;1;0;4;0;4;4;0;1;2;2;0;2;1;0;4;4;0;4;1;0;4;4;0;4;1;0;3;3;0;3;1;0;3;0;3;3;0;1;2;2;0;2;1;0;1;1;0;1;1;0;NULL;NULL;NULL;NULL;NULL;NULL;5;5;0;5;1;0;1;1;0;1;1;0;2;2;0;2;1;0;3;3;0;3;1;0;NULL;NULL;NULL;NULL;NULL;NULL;NULL;NULL;NULL;NULL;NULL;NULL;NULL;NULL;NULL;NULL;NULL;NULL;NULL;NULL;NULL;NULL;NULL;NULL;3;2;1;3;0.666666667;0.333333333;4;4;0;4;1;0;NULL;NULL;NULL;NULL;NULL;NULL;NULL;NULL;NULL;NULL;NULL;NULL;NULL;NULL;NULL;NULL;NULL;NULL;NULL;NULL;NULL;NULL;NULL;NULL;NULL;NULL;NULL;NULL;NULL;NULL;NULL;NULL;NULL;NULL;NULL;NULL;17;2;0;17;0.117647059;0;NULL;NULL;NULL;NULL;NULL;NULL;NULL;NULL;NULL;NULL;NULL;NULL;No
Female;Yes;No;7;4;3;1;4;0.75;0.25;4;4;0;4;1;0;1;1;0;1;1;0;4;0;4;4;0;1;2;2;0;2;1;0;1;1;0;1;1;0;1;1;0;1;1;0;3;3;0;3;1;0;2;1;1;2;0.5;0.5;6;5;1;6;0.833333333;0.166666667;1;1;0;1;1;0;2;1;1;2;0.5;0.5;NULL;NULL;NULL;NULL;NULL;NULL;3;3;0;3;1;0;3;3;0;3;1;0;3;3;0;3;1;0;2;2;0;2;1;0;NULL;NULL;NULL;NULL;NULL;NULL;NULL;NULL;NULL;NULL;NULL;NULL;NULL;NULL;NULL;NULL;NULL;NULL;NULL;NULL;NULL;NULL;NULL;NULL;3;1;2;3;0.333333333;0.666666667;4;0;4;4;0;1;NULL;NULL;NULL;NULL;NULL;NULL;NULL;NULL;NULL;NULL;NULL;NULL;NULL;NULL;NULL;NULL;NULL;NULL;NULL;NULL;NULL;NULL;NULL;NULL;NULL;NULL;NULL;NULL;NULL;NULL;NULL;NULL;NULL;NULL;NULL;NULL;13;0;2;13;0;0.153846154;NULL;NULL;NULL;NULL;NULL;NULL;NULL;NULL;NULL;NULL;NULL;NULL;No
Male;Yes;No;7;6;6;0;6;1;0;3;3;0;3;1;0;3;0;3;3;0;1;2;2;0;2;1;0;3;1;2;3;0.333333333;0.666666667;3;0;3;3;0;1;3;3;0;3;1;0;4;3;1;4;0.75;0.25;1;1;0;1;1;0;4;4;0;4;1;0;3;3;0;3;1;0;2;2;0;2;1;0;NULL;NULL;NULL;NULL;NULL;NULL;6;6;0;6;1;0;1;1;0;1;1;0;3;3;0;3;1;0;4;2;2;4;0.5;0.5;NULL;NULL;NULL;NULL;NULL;NULL;NULL;NULL;NULL;NULL;NULL;NULL;NULL;NULL;NULL;NULL;NULL;NULL;NULL;NULL;NULL;NULL;NULL;NULL;4;4;0;4;1;0;5;5;0;5;1;0;NULL;NULL;NULL;NULL;NULL;NULL;NULL;NULL;NULL;NULL;NULL;NULL;NULL;NULL;NULL;NULL;NULL;NULL;NULL;NULL;NULL;NULL;NULL;NULL;NULL;NULL;NULL;NULL;NULL;NULL;NULL;NULL;NULL;NULL;NULL;NULL;18;1;1;18;0.055555556;0.055555556;NULL;NULL;NULL;NULL;NULL;NULL;NULL;NULL;NULL;NULL;NULL;NULL;No
Female;Yes;No;7;4;4;0;4;1;0;4;4;0;4;1;0;1;1;0;1;1;0;2;2;0;2;1;0;2;0;2;2;0;1;2;2;0;2;1;0;2;2;0;2;1;0;4;1;3;4;0.25;0.75;1;1;0;1;1;0;3;2;1;3;0.666666667;0.333333333;3;0;3;3;0;1;3;0;3;3;0;1;NULL;NULL;NULL;NULL;NULL;NULL;3;3;0;3;1;0;3;3;0;3;1;0;2;2;0;2;1;0;1;1;0;1;1;0;NULL;NULL;NULL;NULL;NULL;NULL;NULL;NULL;NULL;NULL;NULL;NULL;NULL;NULL;NULL;NULL;NULL;NULL;NULL;NULL;NULL;NULL;NULL;NULL;4;3;1;4;0.75;0.25;4;3;1;4;0.75;0.25;NULL;NULL;NULL;NULL;NULL;NULL;NULL;NULL;NULL;NULL;NULL;NULL;NULL;NULL;NULL;NULL;NULL;NULL;NULL;NULL;NULL;NULL;NULL;NULL;NULL;NULL;NULL;NULL;NULL;NULL;NULL;NULL;NULL;NULL;NULL;NULL;18;0;3;18;0;0.166666667;NULL;NULL;NULL;NULL;NULL;NULL;NULL;NULL;NULL;NULL;NULL;NULL;No
Female;Yes;No;7;3;3;0;3;1;0;3;3;0;3;1;0;5;1;4;5;0.2;0.8;3;1;2;3;0.333333333;0.666666667;3;3;0;3;1;0;1;0;1;1;0;1;5;5;0;5;1;0;4;3;1;4;0.75;0.25;2;1;1;2;0.5;0.5;4;4;0;4;1;0;3;2;1;3;0.666666667;0.333333333;2;2;0;2;1;0;NULL;NULL;NULL;NULL;NULL;NULL;6;6;0;6;1;0;3;3;0;3;1;0;3;2;1;3;0.666666667;0.333333333;4;4;0;4;1;0;NULL;NULL;NULL;NULL;NULL;NULL;NULL;NULL;NULL;NULL;NULL;NULL;NULL;NULL;NULL;NULL;NULL;NULL;NULL;NULL;NULL;NULL;NULL;NULL;3;2;1;3;0.666666667;0.333333333;5;4;1;5;0.8;0.2;NULL;NULL;NULL;NULL;NULL;NULL;NULL;NULL;NULL;NULL;NULL;NULL;NULL;NULL;NULL;NULL;NULL;NULL;NULL;NULL;NULL;NULL;NULL;NULL;NULL;NULL;NULL;NULL;NULL;NULL;NULL;NULL;NULL;NULL;NULL;NULL;16;2;1;16;125;0.0625;NULL;NULL;NULL;NULL;NULL;NULL;NULL;NULL;NULL;NULL;NULL;NULL;No
Male;Yes;No;7;4;4;0;4;1;0;5;5;0;5;1;0;4;4;0;4;1;0;4;0;4;4;0;1;4;3;1;4;0.75;0.25;2;0;2;2;0;1;2;2;0;2;1;0;4;4;0;4;1;0;2;1;1;2;0.5;0.5;4;4;0;4;1;0;3;2;1;3;0.666666667;0.333333333;3;3;0;3;1;0;NULL;NULL;NULL;NULL;NULL;NULL;3;3;0;3;1;0;3;3;0;3;1;0;3;3;0;3;1;0;3;3;0;3;1;0;NULL;NULL;NULL;NULL;NULL;NULL;NULL;NULL;NULL;NULL;NULL;NULL;NULL;NULL;NULL;NULL;NULL;NULL;NULL;NULL;NULL;NULL;NULL;NULL;7;7;0;7;1;0;7;4;3;7;0.571428571;0.428571429;NULL;NULL;NULL;NULL;NULL;NULL;NULL;NULL;NULL;NULL;NULL;NULL;NULL;NULL;NULL;NULL;NULL;NULL;NULL;NULL;NULL;NULL;NULL;NULL;NULL;NULL;NULL;NULL;NULL;NULL;NULL;NULL;NULL;NULL;NULL;NULL;15;2;0;15;0.133333333;0;NULL;NULL;NULL;NULL;NULL;NULL;NULL;NULL;NULL;NULL;NULL;NULL;No
Female;Yes;No;7;7;7;0;7;1;0;5;5;0;5;1;0;6;6;0;6;1;0;3;3;0;3;1;0;3;3;0;3;1;0;3;2;1;3;0.666666667;0.333333333;3;3;0;3;1;0;2;2;0;2;1;0;3;0;3;3;0;1;4;1;3;4;0.25;0.75;5;4;1;5;0.8;0.2;1;0;1;1;0;1;NULL;NULL;NULL;NULL;NULL;NULL;5;5;0;5;1;0;2;2;0;2;1;0;5;4;1;5;0.8;0.2;4;3;1;4;0.75;0.25;NULL;NULL;NULL;NULL;NULL;NULL;NULL;NULL;NULL;NULL;NULL;NULL;NULL;NULL;NULL;NULL;NULL;NULL;NULL;NULL;NULL;NULL;NULL;NULL;6;4;2;6;0.666666667;0.333333333;4;2;2;4;0.5;0.5;NULL;NULL;NULL;NULL;NULL;NULL;NULL;NULL;NULL;NULL;NULL;NULL;NULL;NULL;NULL;NULL;NULL;NULL;NULL;NULL;NULL;NULL;NULL;NULL;NULL;NULL;NULL;NULL;NULL;NULL;NULL;NULL;NULL;NULL;NULL;NULL;21;0;4;21;0;0.19047619;NULL;NULL;NULL;NULL;NULL;NULL;NULL;NULL;NULL;NULL;NULL;NULL;No
Female;Yes;No;7;1;1;0;1;1;0;1;0;1;1;0;1;1;0;1;1;0;1;1;0;1;1;0;1;2;2;0;2;1;0;2;0;2;2;0;1;2;2;0;2;1;0;1;1;0;1;1;0;2;0;2;2;0;1;4;4;0;4;1;0;2;1;1;2;0.5;0.5;3;3;0;3;1;0;NULL;NULL;NULL;NULL;NULL;NULL;5;5;0;5;1;0;4;3;1;4;0.75;0.25;4;4;0;4;1;0;3;3;0;3;1;0;NULL;NULL;NULL;NULL;NULL;NULL;NULL;NULL;NULL;NULL;NULL;NULL;NULL;NULL;NULL;NULL;NULL;NULL;NULL;NULL;NULL;NULL;NULL;NULL;3;3;0;3;1;0;5;5;0;5;1;0;NULL;NULL;NULL;NULL;NULL;NULL;NULL;NULL;NULL;NULL;NULL;NULL;NULL;NULL;NULL;NULL;NULL;NULL;NULL;NULL;NULL;NULL;NULL;NULL;NULL;NULL;NULL;NULL;NULL;NULL;NULL;NULL;NULL;NULL;NULL;NULL;19;0;3;19;0;0.157894737;NULL;NULL;NULL;NULL;NULL;NULL;NULL;NULL;NULL;NULL;NULL;NULL;No
Female;Yes;No;7;1;1;0;1;1;0;2;2;0;2;1;0;3;3;0;3;1;0;1;1;0;1;1;0;4;3;1;4;0.75;0.25;1;0;1;1;0;1;1;0;1;1;0;1;3;3;0;3;1;0;2;2;0;2;1;0;3;3;0;3;1;0;2;0;2;2;0;1;1;1;0;1;1;0;NULL;NULL;NULL;NULL;NULL;NULL;3;3;0;3;1;0;2;2;0;2;1;0;3;3;0;3;1;0;1;1;0;1;1;0;NULL;NULL;NULL;NULL;NULL;NULL;NULL;NULL;NULL;NULL;NULL;NULL;NULL;NULL;NULL;NULL;NULL;NULL;NULL;NULL;NULL;NULL;NULL;NULL;1;1;0;1;1;0;3;2;1;3;0.666666667;0.333333333;NULL;NULL;NULL;NULL;NULL;NULL;NULL;NULL;NULL;NULL;NULL;NULL;NULL;NULL;NULL;NULL;NULL;NULL;NULL;NULL;NULL;NULL;NULL;NULL;NULL;NULL;NULL;NULL;NULL;NULL;NULL;NULL;NULL;NULL;NULL;NULL;11;1;0;11;0.090909091;0;NULL;NULL;NULL;NULL;NULL;NULL;NULL;NULL;NULL;NULL;NULL;NULL;No
Female;Yes;No;7;4;4;0;4;1;0;4;4;0;4;1;0;3;3;0;3;1;0;3;3;0;3;1;0;3;3;0;3;1;0;1;1;0;1;1;0;1;1;0;1;1;0;3;3;0;3;1;0;2;0;2;2;0;1;3;3;0;3;1;0;1;1;0;1;1;0;2;2;0;2;1;0;NULL;NULL;NULL;NULL;NULL;NULL;2;2;0;2;1;0;1;1;0;1;1;0;3;3;0;3;1;0;2;2;0;2;1;0;NULL;NULL;NULL;NULL;NULL;NULL;NULL;NULL;NULL;NULL;NULL;NULL;NULL;NULL;NULL;NULL;NULL;NULL;NULL;NULL;NULL;NULL;NULL;NULL;3;0;3;3;0;1;4;2;2;4;0.5;0.5;NULL;NULL;NULL;NULL;NULL;NULL;NULL;NULL;NULL;NULL;NULL;NULL;NULL;NULL;NULL;NULL;NULL;NULL;NULL;NULL;NULL;NULL;NULL;NULL;NULL;NULL;NULL;NULL;NULL;NULL;NULL;NULL;NULL;NULL;NULL;NULL;7;0;0;7;0;0;NULL;NULL;NULL;NULL;NULL;NULL;NULL;NULL;NULL;NULL;NULL;NULL;No
Female;Yes;No;7;3;3;0;3;1;0;4;4;0;4;1;0;6;6;0;6;1;0;4;1;3;4;0.25;0.75;2;2;0;2;1;0;2;2;0;2;1;0;1;0;1;1;0;1;3;3;0;3;1;0;2;2;0;2;1;0;4;4;0;4;1;0;3;0;3;3;0;1;4;4;0;4;1;0;NULL;NULL;NULL;NULL;NULL;NULL;6;6;0;6;1;0;3;3;0;3;1;0;4;4;0;4;1;0;3;3;0;3;1;0;NULL;NULL;NULL;NULL;NULL;NULL;NULL;NULL;NULL;NULL;NULL;NULL;NULL;NULL;NULL;NULL;NULL;NULL;NULL;NULL;NULL;NULL;NULL;NULL;4;3;1;4;0.75;0.25;4;4;0;4;1;0;NULL;NULL;NULL;NULL;NULL;NULL;NULL;NULL;NULL;NULL;NULL;NULL;NULL;NULL;NULL;NULL;NULL;NULL;NULL;NULL;NULL;NULL;NULL;NULL;NULL;NULL;NULL;NULL;NULL;NULL;NULL;NULL;NULL;NULL;NULL;NULL;15;0;2;15;0;0.133333333;NULL;NULL;NULL;NULL;NULL;NULL;NULL;NULL;NULL;NULL;NULL;NULL;No
Female;Yes;No;7;1;1;0;1;1;0;2;2;0;2;1;0;2;2;0;2;1;0;5;3;2;5;0.6;0.4;4;3;1;4;0.75;0.25;2;1;1;2;0.5;0.5;4;3;1;4;0.75;0.25;1;0;1;1;0;1;2;1;1;2;0.5;0.5;4;4;0;4;1;0;3;3;0;3;1;0;3;3;0;3;1;0;NULL;NULL;NULL;NULL;NULL;NULL;4;3;1;4;0.75;0.25;2;2;0;2;1;0;4;4;0;4;1;0;3;3;0;3;1;0;NULL;NULL;NULL;NULL;NULL;NULL;NULL;NULL;NULL;NULL;NULL;NULL;NULL;NULL;NULL;NULL;NULL;NULL;NULL;NULL;NULL;NULL;NULL;NULL;1;0;1;1;0;1;5;3;2;5;0.6;0.4;NULL;NULL;NULL;NULL;NULL;NULL;NULL;NULL;NULL;NULL;NULL;NULL;NULL;NULL;NULL;NULL;NULL;NULL;NULL;NULL;NULL;NULL;NULL;NULL;NULL;NULL;NULL;NULL;NULL;NULL;NULL;NULL;NULL;NULL;NULL;NULL;14;1;1;14;0.071428571;0.071428571;NULL;NULL;NULL;NULL;NULL;NULL;NULL;NULL;NULL;NULL;NULL;NULL;No
Female;Yes;No;7;2;2;0;2;1;0;4;3;1;4;0.75;0.25;2;2;0;2;1;0;1;1;0;1;1;0;3;3;0;3;1;0;1;1;0;1;1;0;1;1;0;1;1;0;3;3;0;3;1;0;1;1;0;1;1;0;3;3;0;3;1;0;3;3;0;3;1;0;1;0;1;1;0;1;NULL;NULL;NULL;NULL;NULL;NULL;5;4;1;5;0.8;0.2;1;1;0;1;1;0;3;3;0;3;1;0;3;3;0;3;1;0;NULL;NULL;NULL;NULL;NULL;NULL;NULL;NULL;NULL;NULL;NULL;NULL;NULL;NULL;NULL;NULL;NULL;NULL;NULL;NULL;NULL;NULL;NULL;NULL;3;2;1;3;0.666666667;0.333333333;4;4;0;4;1;0;NULL;NULL;NULL;NULL;NULL;NULL;NULL;NULL;NULL;NULL;NULL;NULL;NULL;NULL;NULL;NULL;NULL;NULL;NULL;NULL;NULL;NULL;NULL;NULL;NULL;NULL;NULL;NULL;NULL;NULL;NULL;NULL;NULL;NULL;NULL;NULL;10;0;1;10;0;0.1;NULL;NULL;NULL;NULL;NULL;NULL;NULL;NULL;NULL;NULL;NULL;NULL;No
Male;Yes;No;7;3;3;0;3;1;0;4;4;0;4;1;0;3;2;1;3;0.666666667;0.333333333;3;1;2;3;0.333333333;0.666666667;3;3;0;3;1;0;3;2;1;3;0.666666667;0.333333333;4;4;0;4;1;0;3;3;0;3;1;0;1;1;0;1;1;0;4;3;1;4;0.75;0.25;2;1;1;2;0.5;0.5;3;3;0;3;1;0;NULL;NULL;NULL;NULL;NULL;NULL;3;3;0;3;1;0;2;2;0;2;1;0;4;4;0;4;1;0;4;4;0;4;1;0;NULL;NULL;NULL;NULL;NULL;NULL;NULL;NULL;NULL;NULL;NULL;NULL;NULL;NULL;NULL;NULL;NULL;NULL;NULL;NULL;NULL;NULL;NULL;NULL;4;1;3;4;0.25;0.75;5;5;0;5;1;0;NULL;NULL;NULL;NULL;NULL;NULL;NULL;NULL;NULL;NULL;NULL;NULL;NULL;NULL;NULL;NULL;NULL;NULL;NULL;NULL;NULL;NULL;NULL;NULL;NULL;NULL;NULL;NULL;NULL;NULL;NULL;NULL;NULL;NULL;NULL;NULL;21;0;4;21;0;0.19047619;NULL;NULL;NULL;NULL;NULL;NULL;NULL;NULL;NULL;NULL;NULL;NULL;No
Female;Yes;No;7;5;5;0;5;1;0;6;6;0;6;1;0;4;4;0;4;1;0;1;0;1;1;0;1;3;3;0;3;1;0;2;2;0;2;1;0;1;1;0;1;1;0;3;3;0;3;1;0;4;3;1;4;0.75;0.25;4;4;0;4;1;0;1;1;0;1;1;0;3;3;0;3;1;0;NULL;NULL;NULL;NULL;NULL;NULL;4;4;0;4;1;0;2;2;0;2;1;0;4;4;0;4;1;0;3;3;0;3;1;0;NULL;NULL;NULL;NULL;NULL;NULL;NULL;NULL;NULL;NULL;NULL;NULL;NULL;NULL;NULL;NULL;NULL;NULL;NULL;NULL;NULL;NULL;NULL;NULL;3;1;2;3;0.333333333;0.666666667;3;2;1;3;0.666666667;0.333333333;NULL;NULL;NULL;NULL;NULL;NULL;NULL;NULL;NULL;NULL;NULL;NULL;NULL;NULL;NULL;NULL;NULL;NULL;NULL;NULL;NULL;NULL;NULL;NULL;NULL;NULL;NULL;NULL;NULL;NULL;NULL;NULL;NULL;NULL;NULL;NULL;14;1;1;14;0.071428571;0.071428571;NULL;NULL;NULL;NULL;NULL;NULL;NULL;NULL;NULL;NULL;NULL;NULL;No
Female;Yes;No;7;4;4;0;4;1;0;5;5;0;5;1;0;4;4;0;4;1;0;3;3;0;3;1;0;3;3;0;3;1;0;2;2;0;2;1;0;4;4;0;4;1;0;4;4;0;4;1;0;1;1;0;1;1;0;5;5;0;5;1;0;2;2;0;2;1;0;5;4;1;5;0.8;0.2;NULL;NULL;NULL;NULL;NULL;NULL;4;4;0;4;1;0;2;2;0;2;1;0;3;3;0;3;1;0;4;4;0;4;1;0;NULL;NULL;NULL;NULL;NULL;NULL;NULL;NULL;NULL;NULL;NULL;NULL;NULL;NULL;NULL;NULL;NULL;NULL;NULL;NULL;NULL;NULL;NULL;NULL;2;2;0;2;1;0;4;3;1;4;0.75;0.25;NULL;NULL;NULL;NULL;NULL;NULL;NULL;NULL;NULL;NULL;NULL;NULL;NULL;NULL;NULL;NULL;NULL;NULL;NULL;NULL;NULL;NULL;NULL;NULL;NULL;NULL;NULL;NULL;NULL;NULL;NULL;NULL;NULL;NULL;NULL;NULL;21;1;3;21;0.047619048;0.142857143;NULL;NULL;NULL;NULL;NULL;NULL;NULL;NULL;NULL;NULL;NULL;NULL;No
Female;Yes;No;7;3;3;0;3;1;0;1;1;0;1;1;0;1;0;1;1;0;1;2;0;2;2;0;1;2;2;0;2;1;0;1;1;0;1;1;0;2;2;0;2;1;0;2;2;0;2;1;0;1;1;0;1;1;0;1;1;0;1;1;0;1;1;0;1;1;0;1;1;0;1;1;0;NULL;NULL;NULL;NULL;NULL;NULL;3;3;0;3;1;0;1;1;0;1;1;0;3;3;0;3;1;0;2;2;0;2;1;0;NULL;NULL;NULL;NULL;NULL;NULL;NULL;NULL;NULL;NULL;NULL;NULL;NULL;NULL;NULL;NULL;NULL;NULL;NULL;NULL;NULL;NULL;NULL;NULL;1;1;0;1;1;0;2;2;0;2;1;0;NULL;NULL;NULL;NULL;NULL;NULL;NULL;NULL;NULL;NULL;NULL;NULL;NULL;NULL;NULL;NULL;NULL;NULL;NULL;NULL;NULL;NULL;NULL;NULL;NULL;NULL;NULL;NULL;NULL;NULL;NULL;NULL;NULL;NULL;NULL;NULL;8;1;0;8;125;0;NULL;NULL;NULL;NULL;NULL;NULL;NULL;NULL;NULL;NULL;NULL;NULL;No
Female;Yes;No;7;2;2;0;2;1;0;4;4;0;4;1;0;4;0;4;4;0;1;3;3;0;3;1;0;3;0;3;3;0;1;1;0;1;1;0;1;1;0;1;1;0;1;4;4;0;4;1;0;2;0;2;2;0;1;3;3;0;3;1;0;5;3;2;5;0.6;0.4;4;3;1;4;0.75;0.25;NULL;NULL;NULL;NULL;NULL;NULL;4;3;1;4;0.75;0.25;2;2;0;2;1;0;3;3;0;3;1;0;3;3;0;3;1;0;NULL;NULL;NULL;NULL;NULL;NULL;NULL;NULL;NULL;NULL;NULL;NULL;NULL;NULL;NULL;NULL;NULL;NULL;NULL;NULL;NULL;NULL;NULL;NULL;4;4;0;4;1;0;4;3;1;4;0.75;0.25;NULL;NULL;NULL;NULL;NULL;NULL;NULL;NULL;NULL;NULL;NULL;NULL;NULL;NULL;NULL;NULL;NULL;NULL;NULL;NULL;NULL;NULL;NULL;NULL;NULL;NULL;NULL;NULL;NULL;NULL;NULL;NULL;NULL;NULL;NULL;NULL;14;1;0;14;0.071428571;0;NULL;NULL;NULL;NULL;NULL;NULL;NULL;NULL;NULL;NULL;NULL;NULL;No
Female;Yes;No;7;2;2;0;2;1;0;4;4;0;4;1;0;2;2;0;2;1;0;3;3;0;3;1;0;2;2;0;2;1;0;2;1;1;2;0.5;0.5;4;4;0;4;1;0;3;1;2;3;0.333333333;0.666666667;1;0;1;1;0;1;5;3;2;5;0.6;0.4;4;4;0;4;1;0;3;3;0;3;1;0;NULL;NULL;NULL;NULL;NULL;NULL;3;3;0;3;1;0;2;2;0;2;1;0;4;4;0;4;1;0;4;4;0;4;1;0;NULL;NULL;NULL;NULL;NULL;NULL;NULL;NULL;NULL;NULL;NULL;NULL;NULL;NULL;NULL;NULL;NULL;NULL;NULL;NULL;NULL;NULL;NULL;NULL;3;3;0;3;1;0;3;3;0;3;1;0;NULL;NULL;NULL;NULL;NULL;NULL;NULL;NULL;NULL;NULL;NULL;NULL;NULL;NULL;NULL;NULL;NULL;NULL;NULL;NULL;NULL;NULL;NULL;NULL;NULL;NULL;NULL;NULL;NULL;NULL;NULL;NULL;NULL;NULL;NULL;NULL;21;1;3;21;0.047619048;0.142857143;NULL;NULL;NULL;NULL;NULL;NULL;NULL;NULL;NULL;NULL;NULL;NULL;No
Female;Yes;No;7;5;5;0;5;1;0;4;3;1;4;0.75;0.25;5;5;0;5;1;0;2;2;0;2;1;0;2;1;1;2;0.5;0.5;4;3;1;4;0.75;0.25;3;3;0;3;1;0;3;3;0;3;1;0;3;0;3;3;0;1;4;4;0;4;1;0;3;3;0;3;1;0;4;4;0;4;1;0;NULL;NULL;NULL;NULL;NULL;NULL;6;6;0;6;1;0;1;1;0;1;1;0;4;4;0;4;1;0;2;2;0;2;1;0;NULL;NULL;NULL;NULL;NULL;NULL;NULL;NULL;NULL;NULL;NULL;NULL;NULL;NULL;NULL;NULL;NULL;NULL;NULL;NULL;NULL;NULL;NULL;NULL;3;1;2;3;0.333333333;0.666666667;3;2;1;3;0.666666667;0.333333333;NULL;NULL;NULL;NULL;NULL;NULL;NULL;NULL;NULL;NULL;NULL;NULL;NULL;NULL;NULL;NULL;NULL;NULL;NULL;NULL;NULL;NULL;NULL;NULL;NULL;NULL;NULL;NULL;NULL;NULL;NULL;NULL;NULL;NULL;NULL;NULL;16;1;1;16;0.0625;0.0625;NULL;NULL;NULL;NULL;NULL;NULL;NULL;NULL;NULL;NULL;NULL;NULL;No
Female;Yes;No;7;2;2;0;2;1;0;3;3;0;3;1;0;2;2;0;2;1;0;3;0;3;3;0;1;3;3;0;3;1;0;1;0;1;1;0;1;4;4;0;4;1;0;3;3;0;3;1;0;2;0;2;2;0;1;5;4;1;5;0.8;0.2;4;4;0;4;1;0;2;1;1;2;0.5;0.5;NULL;NULL;NULL;NULL;NULL;NULL;4;4;0;4;1;0;3;3;0;3;1;0;4;4;0;4;1;0;2;2;0;2;1;0;NULL;NULL;NULL;NULL;NULL;NULL;NULL;NULL;NULL;NULL;NULL;NULL;NULL;NULL;NULL;NULL;NULL;NULL;NULL;NULL;NULL;NULL;NULL;NULL;2;1;1;2;0.5;0.5;5;5;0;5;1;0;NULL;NULL;NULL;NULL;NULL;NULL;NULL;NULL;NULL;NULL;NULL;NULL;NULL;NULL;NULL;NULL;NULL;NULL;NULL;NULL;NULL;NULL;NULL;NULL;NULL;NULL;NULL;NULL;NULL;NULL;NULL;NULL;NULL;NULL;NULL;NULL;19;0;3;19;0;0.157894737;NULL;NULL;NULL;NULL;NULL;NULL;NULL;NULL;NULL;NULL;NULL;NULL;No
Female;Yes;No;7;2;2;0;2;1;0;4;4;0;4;1;0;3;3;0;3;1;0;3;2;1;3;0.666666667;0.333333333;2;0;2;2;0;1;2;0;2;2;0;1;4;4;0;4;1;0;2;2;0;2;1;0;2;2;0;2;1;0;1;0;1;1;0;1;2;2;0;2;1;0;2;2;0;2;1;0;NULL;NULL;NULL;NULL;NULL;NULL;3;3;0;3;1;0;1;1;0;1;1;0;3;3;0;3;1;0;2;2;0;2;1;0;NULL;NULL;NULL;NULL;NULL;NULL;NULL;NULL;NULL;NULL;NULL;NULL;NULL;NULL;NULL;NULL;NULL;NULL;NULL;NULL;NULL;NULL;NULL;NULL;3;1;2;3;0.333333333;0.666666667;3;0;3;3;0;1;NULL;NULL;NULL;NULL;NULL;NULL;NULL;NULL;NULL;NULL;NULL;NULL;NULL;NULL;NULL;NULL;NULL;NULL;NULL;NULL;NULL;NULL;NULL;NULL;NULL;NULL;NULL;NULL;NULL;NULL;NULL;NULL;NULL;NULL;NULL;NULL;12;0;2;12;0;0.166666667;NULL;NULL;NULL;NULL;NULL;NULL;NULL;NULL;NULL;NULL;NULL;NULL;No
Male;Yes;No;7;3;3;0;3;1;0;6;6;0;6;1;0;6;6;0;6;1;0;5;5;0;5;1;0;4;4;0;4;1;0;2;2;0;2;1;0;4;4;0;4;1;0;5;4;1;5;0.8;0.2;1;0;1;1;0;1;6;6;0;6;1;0;1;1;0;1;1;0;2;2;0;2;1;0;NULL;NULL;NULL;NULL;NULL;NULL;7;7;0;7;1;0;3;3;0;3;1;0;3;3;0;3;1;0;1;1;0;1;1;0;NULL;NULL;NULL;NULL;NULL;NULL;NULL;NULL;NULL;NULL;NULL;NULL;NULL;NULL;NULL;NULL;NULL;NULL;NULL;NULL;NULL;NULL;NULL;NULL;4;4;0;4;1;0;4;4;0;4;1;0;NULL;NULL;NULL;NULL;NULL;NULL;NULL;NULL;NULL;NULL;NULL;NULL;NULL;NULL;NULL;NULL;NULL;NULL;NULL;NULL;NULL;NULL;NULL;NULL;NULL;NULL;NULL;NULL;NULL;NULL;NULL;NULL;NULL;NULL;NULL;NULL;21;2;2;21;0.095238095;0.095238095;NULL;NULL;NULL;NULL;NULL;NULL;NULL;NULL;NULL;NULL;NULL;NULL;No
Male;Yes;No;7;4;4;0;4;1;0;5;5;0;5;1;0;5;5;0;5;1;0;2;2;0;2;1;0;5;5;0;5;1;0;4;4;0;4;1;0;1;1;0;1;1;0;3;3;0;3;1;0;1;1;0;1;1;0;4;4;0;4;1;0;3;3;0;3;1;0;2;2;0;2;1;0;NULL;NULL;NULL;NULL;NULL;NULL;5;5;0;5;1;0;3;3;0;3;1;0;3;3;0;3;1;0;3;3;0;3;1;0;NULL;NULL;NULL;NULL;NULL;NULL;NULL;NULL;NULL;NULL;NULL;NULL;NULL;NULL;NULL;NULL;NULL;NULL;NULL;NULL;NULL;NULL;NULL;NULL;3;3;0;3;1;0;3;3;0;3;1;0;NULL;NULL;NULL;NULL;NULL;NULL;NULL;NULL;NULL;NULL;NULL;NULL;NULL;NULL;NULL;NULL;NULL;NULL;NULL;NULL;NULL;NULL;NULL;NULL;NULL;NULL;NULL;NULL;NULL;NULL;NULL;NULL;NULL;NULL;NULL;NULL;15;0;2;15;0;0.133333333;NULL;NULL;NULL;NULL;NULL;NULL;NULL;NULL;NULL;NULL;NULL;NULL;No
Female;Yes;No;7;3;3;0;3;1;0;4;4;0;4;1;0;4;4;0;4;1;0;2;2;0;2;1;0;2;2;0;2;1;0;2;1;1;2;0.5;0.5;2;2;0;2;1;0;3;2;1;3;0.666666667;0.333333333;1;1;0;1;1;0;3;3;0;3;1;0;5;4;1;5;0.8;0.2;3;2;1;3;0.666666667;0.333333333;NULL;NULL;NULL;NULL;NULL;NULL;4;4;0;4;1;0;3;3;0;3;1;0;3;3;0;3;1;0;2;2;0;2;1;0;NULL;NULL;NULL;NULL;NULL;NULL;NULL;NULL;NULL;NULL;NULL;NULL;NULL;NULL;NULL;NULL;NULL;NULL;NULL;NULL;NULL;NULL;NULL;NULL;4;3;1;4;0.75;0.25;3;2;1;3;0.666666667;0.333333333;NULL;NULL;NULL;NULL;NULL;NULL;NULL;NULL;NULL;NULL;NULL;NULL;NULL;NULL;NULL;NULL;NULL;NULL;NULL;NULL;NULL;NULL;NULL;NULL;NULL;NULL;NULL;NULL;NULL;NULL;NULL;NULL;NULL;NULL;NULL;NULL;19;2;1;19;0.105263158;0.052631579;NULL;NULL;NULL;NULL;NULL;NULL;NULL;NULL;NULL;NULL;NULL;NULL;No
Male;Yes;No;7;2;2;0;2;1;0;4;4;0;4;1;0;4;4;0;4;1;0;2;2;0;2;1;0;4;4;0;4;1;0;2;2;0;2;1;0;4;4;0;4;1;0;4;4;0;4;1;0;1;1;0;1;1;0;4;4;0;4;1;0;3;3;0;3;1;0;3;3;0;3;1;0;NULL;NULL;NULL;NULL;NULL;NULL;6;6;0;6;1;0;4;4;0;4;1;0;3;3;0;3;1;0;3;3;0;3;1;0;NULL;NULL;NULL;NULL;NULL;NULL;NULL;NULL;NULL;NULL;NULL;NULL;NULL;NULL;NULL;NULL;NULL;NULL;NULL;NULL;NULL;NULL;NULL;NULL;5;5;0;5;1;0;4;2;2;4;0.5;0.5;NULL;NULL;NULL;NULL;NULL;NULL;NULL;NULL;NULL;NULL;NULL;NULL;NULL;NULL;NULL;NULL;NULL;NULL;NULL;NULL;NULL;NULL;NULL;NULL;NULL;NULL;NULL;NULL;NULL;NULL;NULL;NULL;NULL;NULL;NULL;NULL;15;1;1;15;0.066666667;0.066666667;NULL;NULL;NULL;NULL;NULL;NULL;NULL;NULL;NULL;NULL;NULL;NULL;No
Male;Yes;No;7;1;1;0;1;1;0;1;0;1;1;0;1;3;0;3;3;0;1;1;0;1;1;0;1;1;1;0;1;1;0;0;0;0;0;0;0;0;0;0;0;0;0;1;1;0;1;1;0;1;1;0;1;1;0;1;1;0;1;1;0;2;0;2;2;0;1;1;0;1;1;0;1;NULL;NULL;NULL;NULL;NULL;NULL;2;2;0;2;1;0;1;1;0;1;1;0;2;2;0;2;1;0;1;1;0;1;1;0;NULL;NULL;NULL;NULL;NULL;NULL;NULL;NULL;NULL;NULL;NULL;NULL;NULL;NULL;NULL;NULL;NULL;NULL;NULL;NULL;NULL;NULL;NULL;NULL;2;1;1;2;0.5;0.5;4;1;3;4;0.25;0.75;NULL;NULL;NULL;NULL;NULL;NULL;NULL;NULL;NULL;NULL;NULL;NULL;NULL;NULL;NULL;NULL;NULL;NULL;NULL;NULL;NULL;NULL;NULL;NULL;NULL;NULL;NULL;NULL;NULL;NULL;NULL;NULL;NULL;NULL;NULL;NULL;8;0;1;8;0;125;NULL;NULL;NULL;NULL;NULL;NULL;NULL;NULL;NULL;NULL;NULL;NULL;No
Male;Yes;No;7;5;5;0;5;1;0;3;3;0;3;1;0;3;3;0;3;1;0;2;2;0;2;1;0;2;2;0;2;1;0;3;3;0;3;1;0;0;0;0;0;0;0;2;2;0;2;1;0;1;1;0;1;1;0;2;2;0;2;1;0;3;3;0;3;1;0;2;2;0;2;1;0;NULL;NULL;NULL;NULL;NULL;NULL;3;3;0;3;1;0;2;2;0;2;1;0;2;2;0;2;1;0;1;1;0;1;1;0;NULL;NULL;NULL;NULL;NULL;NULL;NULL;NULL;NULL;NULL;NULL;NULL;NULL;NULL;NULL;NULL;NULL;NULL;NULL;NULL;NULL;NULL;NULL;NULL;4;2;2;4;0.5;0.5;3;2;1;3;0.666666667;0.333333333;NULL;NULL;NULL;NULL;NULL;NULL;NULL;NULL;NULL;NULL;NULL;NULL;NULL;NULL;NULL;NULL;NULL;NULL;NULL;NULL;NULL;NULL;NULL;NULL;NULL;NULL;NULL;NULL;NULL;NULL;NULL;NULL;NULL;NULL;NULL;NULL;11;0;0;11;0;0;NULL;NULL;NULL;NULL;NULL;NULL;NULL;NULL;NULL;NULL;NULL;NULL;No
Female;Yes;No;7;2;2;0;2;1;0;2;2;0;2;1;0;4;4;0;4;1;0;1;1;0;1;1;0;3;3;0;3;1;0;0;0;0;0;0;0;3;3;0;3;1;0;3;3;0;3;1;0;0;0;0;0;0;0;4;4;0;4;1;0;2;2;0;2;1;0;2;2;0;2;1;0;NULL;NULL;NULL;NULL;NULL;NULL;4;2;2;4;0.5;0.5;3;1;2;3;0.333333333;0.666666667;2;1;1;2;0.5;0.5;2;2;0;2;1;0;NULL;NULL;NULL;NULL;NULL;NULL;NULL;NULL;NULL;NULL;NULL;NULL;NULL;NULL;NULL;NULL;NULL;NULL;NULL;NULL;NULL;NULL;NULL;NULL;2;1;1;2;0.5;0.5;4;3;1;4;0.75;0.25;NULL;NULL;NULL;NULL;NULL;NULL;NULL;NULL;NULL;NULL;NULL;NULL;NULL;NULL;NULL;NULL;NULL;NULL;NULL;NULL;NULL;NULL;NULL;NULL;NULL;NULL;NULL;NULL;NULL;NULL;NULL;NULL;NULL;NULL;NULL;NULL;17;1;1;17;0.058823529;0.058823529;NULL;NULL;NULL;NULL;NULL;NULL;NULL;NULL;NULL;NULL;NULL;NULL;No
Male;Yes;No;7;8;7;1;8;875;125;4;4;0;4;1;0;5;5;0;5;1;0;2;2;0;2;1;0;4;4;0;4;1;0;5;3;2;5;0.6;0.4;4;3;1;4;0.75;0.25;5;1;4;5;0.2;0.8;1;1;0;1;1;0;4;0;4;4;0;1;2;2;0;2;1;0;4;1;3;4;0.25;0.75;NULL;NULL;NULL;NULL;NULL;NULL;6;6;0;6;1;0;3;3;0;3;1;0;5;5;0;5;1;0;2;2;0;2;1;0;NULL;NULL;NULL;NULL;NULL;NULL;NULL;NULL;NULL;NULL;NULL;NULL;NULL;NULL;NULL;NULL;NULL;NULL;NULL;NULL;NULL;NULL;NULL;NULL;4;0;4;4;0;1;12;4;8;12;0.333333333;0.666666667;NULL;NULL;NULL;NULL;NULL;NULL;NULL;NULL;NULL;NULL;NULL;NULL;NULL;NULL;NULL;NULL;NULL;NULL;NULL;NULL;NULL;NULL;NULL;NULL;NULL;NULL;NULL;NULL;NULL;NULL;NULL;NULL;NULL;NULL;NULL;NULL;20;0;3;20;0;0.15;NULL;NULL;NULL;NULL;NULL;NULL;NULL;NULL;NULL;NULL;NULL;NULL;No
Female;Yes;No;7;1;1;0;1;1;0;2;2;0;2;1;0;2;2;0;2;1;0;3;3;0;3;1;0;2;0;2;2;0;1;3;2;1;3;0.666666667;0.333333333;2;2;0;2;1;0;3;3;0;3;1;0;1;0;1;1;0;1;2;0;2;2;0;1;1;0;1;1;0;1;2;2;0;2;1;0;NULL;NULL;NULL;NULL;NULL;NULL;5;4;1;5;0.8;0.2;3;3;0;3;1;0;3;3;0;3;1;0;2;2;0;2;1;0;NULL;NULL;NULL;NULL;NULL;NULL;NULL;NULL;NULL;NULL;NULL;NULL;NULL;NULL;NULL;NULL;NULL;NULL;NULL;NULL;NULL;NULL;NULL;NULL;5;2;3;5;0.4;0.6;3;3;0;3;1;0;NULL;NULL;NULL;NULL;NULL;NULL;NULL;NULL;NULL;NULL;NULL;NULL;NULL;NULL;NULL;NULL;NULL;NULL;NULL;NULL;NULL;NULL;NULL;NULL;NULL;NULL;NULL;NULL;NULL;NULL;NULL;NULL;NULL;NULL;NULL;NULL;18;0;3;18;0;0.166666667;NULL;NULL;NULL;NULL;NULL;NULL;NULL;NULL;NULL;NULL;NULL;NULL;No
Female;Yes;No;7;3;3;0;3;1;0;3;0;3;3;0;1;3;0;3;3;0;1;6;1;5;6;0.166666667;0.833333333;5;5;0;5;1;0;3;0;3;3;0;1;5;5;0;5;1;0;5;1;4;5;0.2;0.8;4;1;3;4;0.25;0.75;7;5;2;7;0.714285714;0.285714286;2;0;2;2;0;1;4;1;3;4;0.25;0.75;NULL;NULL;NULL;NULL;NULL;NULL;3;2;1;3;0.666666667;0.333333333;1;1;0;1;1;0;4;3;1;4;0.75;0.25;1;1;0;1;1;0;NULL;NULL;NULL;NULL;NULL;NULL;NULL;NULL;NULL;NULL;NULL;NULL;NULL;NULL;NULL;NULL;NULL;NULL;NULL;NULL;NULL;NULL;NULL;NULL;8;2;6;8;0.25;0.75;8;0;8;8;0;1;NULL;NULL;NULL;NULL;NULL;NULL;NULL;NULL;NULL;NULL;NULL;NULL;NULL;NULL;NULL;NULL;NULL;NULL;NULL;NULL;NULL;NULL;NULL;NULL;NULL;NULL;NULL;NULL;NULL;NULL;NULL;NULL;NULL;NULL;NULL;NULL;17;0;3;17;0;0.176470588;NULL;NULL;NULL;NULL;NULL;NULL;NULL;NULL;NULL;NULL;NULL;NULL;No
Female;Yes;No;7;1;1;0;1;1;0;3;0;3;3;0;1;4;1;3;4;0.25;0.75;4;1;3;4;0.25;0.75;2;2;0;2;1;0;2;2;0;2;1;0;2;2;0;2;1;0;3;2;1;3;0.666666667;0.333333333;2;2;0;2;1;0;1;1;0;1;1;0;3;2;1;3;0.666666667;0.333333333;3;2;1;3;0.666666667;0.333333333;NULL;NULL;NULL;NULL;NULL;NULL;2;2;0;2;1;0;1;1;0;1;1;0;3;2;1;3;0.666666667;0.333333333;1;0;1;1;0;1;NULL;NULL;NULL;NULL;NULL;NULL;NULL;NULL;NULL;NULL;NULL;NULL;NULL;NULL;NULL;NULL;NULL;NULL;NULL;NULL;NULL;NULL;NULL;NULL;4;3;1;4;0.75;0.25;4;3;1;4;0.75;0.25;NULL;NULL;NULL;NULL;NULL;NULL;NULL;NULL;NULL;NULL;NULL;NULL;NULL;NULL;NULL;NULL;NULL;NULL;NULL;NULL;NULL;NULL;NULL;NULL;NULL;NULL;NULL;NULL;NULL;NULL;NULL;NULL;NULL;NULL;NULL;NULL;13;0;1;13;0;0.076923077;NULL;NULL;NULL;NULL;NULL;NULL;NULL;NULL;NULL;NULL;NULL;NULL;No
Female;Yes;No;7;1;1;0;1;1;0;1;1;0;1;1;0;1;1;0;1;1;0;1;0;1;1;0;1;1;1;0;1;1;0;1;0;1;1;0;1;1;1;0;1;1;0;1;1;0;1;1;0;1;0;1;1;0;1;1;1;0;1;1;0;1;1;0;1;1;0;1;1;0;1;1;0;NULL;NULL;NULL;NULL;NULL;NULL;2;1;1;2;0.5;0.5;1;0;1;1;0;1;2;0;2;2;0;1;2;1;1;2;0.5;0.5;NULL;NULL;NULL;NULL;NULL;NULL;NULL;NULL;NULL;NULL;NULL;NULL;NULL;NULL;NULL;NULL;NULL;NULL;NULL;NULL;NULL;NULL;NULL;NULL;1;1;0;1;1;0;2;2;0;2;1;0;NULL;NULL;NULL;NULL;NULL;NULL;NULL;NULL;NULL;NULL;NULL;NULL;NULL;NULL;NULL;NULL;NULL;NULL;NULL;NULL;NULL;NULL;NULL;NULL;NULL;NULL;NULL;NULL;NULL;NULL;NULL;NULL;NULL;NULL;NULL;NULL;12;1;0;12;0.083333333;0;NULL;NULL;NULL;NULL;NULL;NULL;NULL;NULL;NULL;NULL;NULL;NULL;No
Female;Yes;No;7;1;1;0;1;1;0;7;5;2;7;0.714285714;0.285714286;3;0;3;3;0;1;3;0;3;3;0;1;5;5;0;5;1;0;6;6;0;6;1;0;2;2;0;2;1;0;2;2;0;2;1;0;2;2;0;2;1;0;2;2;0;2;1;0;1;1;0;1;1;0;2;2;0;2;1;0;NULL;NULL;NULL;NULL;NULL;NULL;3;3;0;3;1;0;3;3;0;3;1;0;3;3;0;3;1;0;2;2;0;2;1;0;NULL;NULL;NULL;NULL;NULL;NULL;NULL;NULL;NULL;NULL;NULL;NULL;NULL;NULL;NULL;NULL;NULL;NULL;NULL;NULL;NULL;NULL;NULL;NULL;4;3;1;4;0.75;0.25;4;4;0;4;1;0;NULL;NULL;NULL;NULL;NULL;NULL;NULL;NULL;NULL;NULL;NULL;NULL;NULL;NULL;NULL;NULL;NULL;NULL;NULL;NULL;NULL;NULL;NULL;NULL;NULL;NULL;NULL;NULL;NULL;NULL;NULL;NULL;NULL;NULL;NULL;NULL;14;2;0;14;0.142857143;0;NULL;NULL;NULL;NULL;NULL;NULL;NULL;NULL;NULL;NULL;NULL;NULL;No
Female;Yes;No;7;6;5;1;6;0.833333333;0.166666667;4;4;0;4;1;0;3;3;0;3;1;0;2;2;0;2;1;0;2;0;2;2;0;1;4;3;1;4;0.75;0.25;1;1;0;1;1;0;3;3;0;3;1;0;2;2;0;2;1;0;5;5;0;5;1;0;3;3;0;3;1;0;6;2;4;6;0.333333333;0.666666667;NULL;NULL;NULL;NULL;NULL;NULL;7;7;0;7;1;0;6;6;0;6;1;0;5;5;0;5;1;0;1;1;0;1;1;0;NULL;NULL;NULL;NULL;NULL;NULL;NULL;NULL;NULL;NULL;NULL;NULL;NULL;NULL;NULL;NULL;NULL;NULL;NULL;NULL;NULL;NULL;NULL;NULL;4;3;1;4;0.75;0.25;5;4;1;5;0.8;0.2;NULL;NULL;NULL;NULL;NULL;NULL;NULL;NULL;NULL;NULL;NULL;NULL;NULL;NULL;NULL;NULL;NULL;NULL;NULL;NULL;NULL;NULL;NULL;NULL;NULL;NULL;NULL;NULL;NULL;NULL;NULL;NULL;NULL;NULL;NULL;NULL;19;2;1;19;0.105263158;0.052631579;NULL;NULL;NULL;NULL;NULL;NULL;NULL;NULL;NULL;NULL;NULL;NULL;No
Male;Yes;No;7;7;6;1;7;0.857142857;0.142857143;6;6;0;6;1;0;5;4;1;5;0.8;0.2;3;1;2;3;0.333333333;0.666666667;5;4;1;5;0.8;0.2;4;0;4;4;0;1;3;2;1;3;0.666666667;0.333333333;5;5;0;5;1;0;3;3;0;3;1;0;5;5;0;5;1;0;3;1;2;3;0.333333333;0.666666667;4;2;2;4;0.5;0.5;NULL;NULL;NULL;NULL;NULL;NULL;7;7;0;7;1;0;5;5;0;5;1;0;4;3;1;4;0.75;0.25;3;3;0;3;1;0;NULL;NULL;NULL;NULL;NULL;NULL;NULL;NULL;NULL;NULL;NULL;NULL;NULL;NULL;NULL;NULL;NULL;NULL;NULL;NULL;NULL;NULL;NULL;NULL;5;3;2;5;0.6;0.4;5;5;0;5;1;0;NULL;NULL;NULL;NULL;NULL;NULL;NULL;NULL;NULL;NULL;NULL;NULL;NULL;NULL;NULL;NULL;NULL;NULL;NULL;NULL;NULL;NULL;NULL;NULL;NULL;NULL;NULL;NULL;NULL;NULL;NULL;NULL;NULL;NULL;NULL;NULL;21;0;4;21;0;0.19047619;NULL;NULL;NULL;NULL;NULL;NULL;NULL;NULL;NULL;NULL;NULL;NULL;No
Male;Yes;No;7;2;0;2;2;0;1;4;4;0;4;1;0;2;2;0;2;1;0;5;0;5;5;0;1;3;3;0;3;1;0;3;2;1;3;0.666666667;0.333333333;6;6;0;6;1;0;8;6;2;8;0.75;0.25;3;0;3;3;0;1;6;6;0;6;1;0;7;4;3;7;0.571428571;0.428571429;3;3;0;3;1;0;NULL;NULL;NULL;NULL;NULL;NULL;4;3;1;4;0.75;0.25;3;2;1;3;0.666666667;0.333333333;3;3;0;3;1;0;4;4;0;4;1;0;NULL;NULL;NULL;NULL;NULL;NULL;NULL;NULL;NULL;NULL;NULL;NULL;NULL;NULL;NULL;NULL;NULL;NULL;NULL;NULL;NULL;NULL;NULL;NULL;6;4;2;6;0.666666667;0.333333333;3;1;2;3;0.333333333;0.666666667;NULL;NULL;NULL;NULL;NULL;NULL;NULL;NULL;NULL;NULL;NULL;NULL;NULL;NULL;NULL;NULL;NULL;NULL;NULL;NULL;NULL;NULL;NULL;NULL;NULL;NULL;NULL;NULL;NULL;NULL;NULL;NULL;NULL;NULL;NULL;NULL;21;0;4;21;0;0.19047619;NULL;NULL;NULL;NULL;NULL;NULL;NULL;NULL;NULL;NULL;NULL;NULL;No
Male;Yes;No;7;8;8;0;8;1;0;7;6;1;7;0.857142857;0.142857143;5;5;0;5;1;0;10;2;8;10;0.2;0.8;11;3;8;11;0.272727273;0.727272727;5;2;3;5;0.4;0.6;4;0;4;4;0;1;3;2;1;3;0.666666667;0.333333333;3;0;3;3;0;1;6;3;3;6;0.5;0.5;6;5;1;6;0.833333333;0.166666667;5;2;3;5;0.4;0.6;NULL;NULL;NULL;NULL;NULL;NULL;6;5;1;6;0.833333333;0.166666667;3;2;1;3;0.666666667;0.333333333;4;3;1;4;0.75;0.25;5;1;4;5;0.2;0.8;NULL;NULL;NULL;NULL;NULL;NULL;NULL;NULL;NULL;NULL;NULL;NULL;NULL;NULL;NULL;NULL;NULL;NULL;NULL;NULL;NULL;NULL;NULL;NULL;7;1;6;7;0.142857143;0.857142857;7;4;3;7;0.571428571;0.428571429;NULL;NULL;NULL;NULL;NULL;NULL;NULL;NULL;NULL;NULL;NULL;NULL;NULL;NULL;NULL;NULL;NULL;NULL;NULL;NULL;NULL;NULL;NULL;NULL;NULL;NULL;NULL;NULL;NULL;NULL;NULL;NULL;NULL;NULL;NULL;NULL;21;0;4;21;0;0.19047619;NULL;NULL;NULL;NULL;NULL;NULL;NULL;NULL;NULL;NULL;NULL;NULL;No
Female;Yes;No;7;9;9;0;9;1;0;7;7;0;7;1;0;8;8;0;8;1;0;3;3;0;3;1;0;6;6;0;6;1;0;4;4;0;4;1;0;4;4;0;4;1;0;7;5;2;7;0.714285714;0.285714286;5;4;1;5;0.8;0.2;7;7;0;7;1;0;3;3;0;3;1;0;5;5;0;5;1;0;NULL;NULL;NULL;NULL;NULL;NULL;7;7;0;7;1;0;3;3;0;3;1;0;3;3;0;3;1;0;5;5;0;5;1;0;NULL;NULL;NULL;NULL;NULL;NULL;NULL;NULL;NULL;NULL;NULL;NULL;NULL;NULL;NULL;NULL;NULL;NULL;NULL;NULL;NULL;NULL;NULL;NULL;6;6;0;6;1;0;5;5;0;5;1;0;NULL;NULL;NULL;NULL;NULL;NULL;NULL;NULL;NULL;NULL;NULL;NULL;NULL;NULL;NULL;NULL;NULL;NULL;NULL;NULL;NULL;NULL;NULL;NULL;NULL;NULL;NULL;NULL;NULL;NULL;NULL;NULL;NULL;NULL;NULL;NULL;21;0;4;21;0;0.19047619;NULL;NULL;NULL;NULL;NULL;NULL;NULL;NULL;NULL;NULL;NULL;NULL;No
Female;Yes;No;7;7;7;0;7;1;0;6;6;0;6;1;0;5;5;0;5;1;0;3;3;0;3;1;0;4;4;0;4;1;0;4;4;0;4;1;0;1;1;0;1;1;0;2;2;0;2;1;0;2;2;0;2;1;0;6;6;0;6;1;0;6;6;0;6;1;0;3;3;0;3;1;0;NULL;NULL;NULL;NULL;NULL;NULL;6;6;0;6;1;0;4;4;0;4;1;0;3;3;0;3;1;0;3;3;0;3;1;0;NULL;NULL;NULL;NULL;NULL;NULL;NULL;NULL;NULL;NULL;NULL;NULL;NULL;NULL;NULL;NULL;NULL;NULL;NULL;NULL;NULL;NULL;NULL;NULL;3;3;0;3;1;0;5;5;0;5;1;0;NULL;NULL;NULL;NULL;NULL;NULL;NULL;NULL;NULL;NULL;NULL;NULL;NULL;NULL;NULL;NULL;NULL;NULL;NULL;NULL;NULL;NULL;NULL;NULL;NULL;NULL;NULL;NULL;NULL;NULL;NULL;NULL;NULL;NULL;NULL;NULL;17;3;0;17;0.176470588;0;NULL;NULL;NULL;NULL;NULL;NULL;NULL;NULL;NULL;NULL;NULL;NULL;No
Female;Yes;No;7;6;6;0;6;1;0;8;8;0;8;1;0;3;3;0;3;1;0;1;1;0;1;1;0;1;0;1;1;0;1;4;0;4;4;0;1;1;0;1;1;0;1;2;2;0;2;1;0;2;0;2;2;0;1;6;6;0;6;1;0;3;1;2;3;0.333333333;0.666666667;27;7;20;27;0.259259259;0.740740741;NULL;NULL;NULL;NULL;NULL;NULL;4;4;0;4;1;0;28;0;28;28;0;1;48;1;47;48;0.020833333;0.979166667;44;3;41;44;0.068181818;0.931818182;NULL;NULL;NULL;NULL;NULL;NULL;NULL;NULL;NULL;NULL;NULL;NULL;NULL;NULL;NULL;NULL;NULL;NULL;NULL;NULL;NULL;NULL;NULL;NULL;71;17;54;71;0.23943662;0.76056338;75;12;63;75;0.16;0.84;NULL;NULL;NULL;NULL;NULL;NULL;NULL;NULL;NULL;NULL;NULL;NULL;NULL;NULL;NULL;NULL;NULL;NULL;NULL;NULL;NULL;NULL;NULL;NULL;NULL;NULL;NULL;NULL;NULL;NULL;NULL;NULL;NULL;NULL;NULL;NULL;15;0;2;15;0;0.133333333;NULL;NULL;NULL;NULL;NULL;NULL;NULL;NULL;NULL;NULL;NULL;NULL;No
Male;Yes;No;7;7;7;0;7;1;0;4;0;4;4;0;1;4;4;0;4;1;0;6;0;6;6;0;1;5;4;1;5;0.8;0.2;2;1;1;2;0.5;0.5;4;4;0;4;1;0;5;5;0;5;1;0;3;3;0;3;1;0;4;0;4;4;0;1;6;4;2;6;0.666666667;0.333333333;1;0;1;1;0;1;NULL;NULL;NULL;NULL;NULL;NULL;7;7;0;7;1;0;4;4;0;4;1;0;3;3;0;3;1;0;2;2;0;2;1;0;NULL;NULL;NULL;NULL;NULL;NULL;NULL;NULL;NULL;NULL;NULL;NULL;NULL;NULL;NULL;NULL;NULL;NULL;NULL;NULL;NULL;NULL;NULL;NULL;5;2;3;5;0.4;0.6;5;4;1;5;0.8;0.2;NULL;NULL;NULL;NULL;NULL;NULL;NULL;NULL;NULL;NULL;NULL;NULL;NULL;NULL;NULL;NULL;NULL;NULL;NULL;NULL;NULL;NULL;NULL;NULL;NULL;NULL;NULL;NULL;NULL;NULL;NULL;NULL;NULL;NULL;NULL;NULL;18;1;2;18;0.055555556;0.111111111;NULL;NULL;NULL;NULL;NULL;NULL;NULL;NULL;NULL;NULL;NULL;NULL;No
Female;Yes;No;7;3;3;0;3;1;0;8;8;0;8;1;0;5;5;0;5;1;0;2;2;0;2;1;0;6;1;5;6;0.166666667;0.833333333;4;3;1;4;0.75;0.25;5;5;0;5;1;0;2;2;0;2;1;0;3;0;3;3;0;1;4;3;1;4;0.75;0.25;4;4;0;4;1;0;3;3;0;3;1;0;NULL;NULL;NULL;NULL;NULL;NULL;8;8;0;8;1;0;5;5;0;5;1;0;4;4;0;4;1;0;6;6;0;6;1;0;NULL;NULL;NULL;NULL;NULL;NULL;NULL;NULL;NULL;NULL;NULL;NULL;NULL;NULL;NULL;NULL;NULL;NULL;NULL;NULL;NULL;NULL;NULL;NULL;6;4;2;6;0.666666667;0.333333333;18;3;15;18;0.166666667;0.833333333;NULL;NULL;NULL;NULL;NULL;NULL;NULL;NULL;NULL;NULL;NULL;NULL;NULL;NULL;NULL;NULL;NULL;NULL;NULL;NULL;NULL;NULL;NULL;NULL;NULL;NULL;NULL;NULL;NULL;NULL;NULL;NULL;NULL;NULL;NULL;NULL;21;0;4;21;0;0.19047619;NULL;NULL;NULL;NULL;NULL;NULL;NULL;NULL;NULL;NULL;NULL;NULL;No
Female;Yes;No;7;5;5;0;5;1;0;6;6;0;6;1;0;2;2;0;2;1;0;4;3;1;4;0.75;0.25;1;0;1;1;0;1;4;2;2;4;0.5;0.5;4;4;0;4;1;0;5;4;1;5;0.8;0.2;5;1;4;5;0.2;0.8;5;1;4;5;0.2;0.8;6;0;6;6;0;1;3;2;1;3;0.666666667;0.333333333;NULL;NULL;NULL;NULL;NULL;NULL;6;5;1;6;0.833333333;0.166666667;1;1;0;1;1;0;2;2;0;2;1;0;3;3;0;3;1;0;NULL;NULL;NULL;NULL;NULL;NULL;NULL;NULL;NULL;NULL;NULL;NULL;NULL;NULL;NULL;NULL;NULL;NULL;NULL;NULL;NULL;NULL;NULL;NULL;5;4;1;5;0.8;0.2;5;5;0;5;1;0;NULL;NULL;NULL;NULL;NULL;NULL;NULL;NULL;NULL;NULL;NULL;NULL;NULL;NULL;NULL;NULL;NULL;NULL;NULL;NULL;NULL;NULL;NULL;NULL;NULL;NULL;NULL;NULL;NULL;NULL;NULL;NULL;NULL;NULL;NULL;NULL;21;0;4;21;0;0.19047619;NULL;NULL;NULL;NULL;NULL;NULL;NULL;NULL;NULL;NULL;NULL;NULL;No
Male;Yes;No;7;6;6;0;6;1;0;4;0;4;4;0;1;4;4;0;4;1;0;8;0;8;8;0;1;4;4;0;4;1;0;2;0;2;2;0;1;5;5;0;5;1;0;4;4;0;4;1;0;3;3;0;3;1;0;5;4;1;5;0.8;0.2;2;0;2;2;0;1;2;2;0;2;1;0;NULL;NULL;NULL;NULL;NULL;NULL;5;4;1;5;0.8;0.2;2;2;0;2;1;0;4;4;0;4;1;0;2;2;0;2;1;0;NULL;NULL;NULL;NULL;NULL;NULL;NULL;NULL;NULL;NULL;NULL;NULL;NULL;NULL;NULL;NULL;NULL;NULL;NULL;NULL;NULL;NULL;NULL;NULL;5;3;2;5;0.6;0.4;6;2;4;6;0.333333333;0.666666667;NULL;NULL;NULL;NULL;NULL;NULL;NULL;NULL;NULL;NULL;NULL;NULL;NULL;NULL;NULL;NULL;NULL;NULL;NULL;NULL;NULL;NULL;NULL;NULL;NULL;NULL;NULL;NULL;NULL;NULL;NULL;NULL;NULL;NULL;NULL;NULL;19;0;3;19;0;0.157894737;NULL;NULL;NULL;NULL;NULL;NULL;NULL;NULL;NULL;NULL;NULL;NULL;No
Female;Yes;No;7;8;8;0;8;1;0;7;7;0;7;1;0;5;5;0;5;1;0;6;0;6;6;0;1;1;0;1;1;0;1;4;0;4;4;0;1;1;0;1;1;0;1;2;2;0;2;1;0;2;1;1;2;0.5;0.5;3;0;3;3;0;1;5;0;5;5;0;1;2;2;0;2;1;0;NULL;NULL;NULL;NULL;NULL;NULL;4;4;0;4;1;0;3;3;0;3;1;0;4;4;0;4;1;0;4;4;0;4;1;0;NULL;NULL;NULL;NULL;NULL;NULL;NULL;NULL;NULL;NULL;NULL;NULL;NULL;NULL;NULL;NULL;NULL;NULL;NULL;NULL;NULL;NULL;NULL;NULL;3;3;0;3;1;0;3;3;0;3;1;0;NULL;NULL;NULL;NULL;NULL;NULL;NULL;NULL;NULL;NULL;NULL;NULL;NULL;NULL;NULL;NULL;NULL;NULL;NULL;NULL;NULL;NULL;NULL;NULL;NULL;NULL;NULL;NULL;NULL;NULL;NULL;NULL;NULL;NULL;NULL;NULL;21;1;3;21;0.047619048;0.142857143;NULL;NULL;NULL;NULL;NULL;NULL;NULL;NULL;NULL;NULL;NULL;NULL;No
Male;Yes;No;7;7;6;1;7;0.857142857;0.142857143;6;5;1;6;0.833333333;0.166666667;4;2;2;4;0.5;0.5;5;1;4;5;0.2;0.8;3;3;0;3;1;0;3;2;1;3;0.666666667;0.333333333;2;2;0;2;1;0;2;2;0;2;1;0;2;1;1;2;0.5;0.5;4;4;0;4;1;0;4;4;0;4;1;0;3;3;0;3;1;0;NULL;NULL;NULL;NULL;NULL;NULL;5;5;0;5;1;0;3;3;0;3;1;0;3;3;0;3;1;0;2;2;0;2;1;0;NULL;NULL;NULL;NULL;NULL;NULL;NULL;NULL;NULL;NULL;NULL;NULL;NULL;NULL;NULL;NULL;NULL;NULL;NULL;NULL;NULL;NULL;NULL;NULL;1;1;0;1;1;0;1;1;0;1;1;0;NULL;NULL;NULL;NULL;NULL;NULL;NULL;NULL;NULL;NULL;NULL;NULL;NULL;NULL;NULL;NULL;NULL;NULL;NULL;NULL;NULL;NULL;NULL;NULL;NULL;NULL;NULL;NULL;NULL;NULL;NULL;NULL;NULL;NULL;NULL;NULL;8;0;1;8;0;125;NULL;NULL;NULL;NULL;NULL;NULL;NULL;NULL;NULL;NULL;NULL;NULL;No
Male;Yes;No;7;7;7;0;7;1;0;7;7;0;7;1;0;7;7;0;7;1;0;5;1;4;5;0.2;0.8;1;0;1;1;0;1;1;0;1;1;0;1;1;1;0;1;1;0;2;1;1;2;0.5;0.5;5;1;4;5;0.2;0.8;4;4;0;4;1;0;2;1;1;2;0.5;0.5;1;1;0;1;1;0;NULL;NULL;NULL;NULL;NULL;NULL;7;7;0;7;1;0;3;3;0;3;1;0;2;2;0;2;1;0;3;3;0;3;1;0;NULL;NULL;NULL;NULL;NULL;NULL;NULL;NULL;NULL;NULL;NULL;NULL;NULL;NULL;NULL;NULL;NULL;NULL;NULL;NULL;NULL;NULL;NULL;NULL;4;4;0;4;1;0;4;0;4;4;0;1;NULL;NULL;NULL;NULL;NULL;NULL;NULL;NULL;NULL;NULL;NULL;NULL;NULL;NULL;NULL;NULL;NULL;NULL;NULL;NULL;NULL;NULL;NULL;NULL;NULL;NULL;NULL;NULL;NULL;NULL;NULL;NULL;NULL;NULL;NULL;NULL;10;0;1;10;0;0.1;NULL;NULL;NULL;NULL;NULL;NULL;NULL;NULL;NULL;NULL;NULL;NULL;No
Male;Yes;No;7;9;9;0;9;1;0;8;8;0;8;1;0;5;5;0;5;1;0;1;1;0;1;1;0;5;4;1;5;0.8;0.2;5;3;2;5;0.6;0.4;1;0;1;1;0;1;2;1;1;2;0.5;0.5;1;1;0;1;1;0;5;4;1;5;0.8;0.2;2;1;1;2;0.5;0.5;4;4;0;4;1;0;NULL;NULL;NULL;NULL;NULL;NULL;7;7;0;7;1;0;4;4;0;4;1;0;3;2;1;3;0.666666667;0.333333333;4;4;0;4;1;0;NULL;NULL;NULL;NULL;NULL;NULL;NULL;NULL;NULL;NULL;NULL;NULL;NULL;NULL;NULL;NULL;NULL;NULL;NULL;NULL;NULL;NULL;NULL;NULL;6;4;2;6;0.666666667;0.333333333;7;3;4;7;0.428571429;0.571428571;NULL;NULL;NULL;NULL;NULL;NULL;NULL;NULL;NULL;NULL;NULL;NULL;NULL;NULL;NULL;NULL;NULL;NULL;NULL;NULL;NULL;NULL;NULL;NULL;NULL;NULL;NULL;NULL;NULL;NULL;NULL;NULL;NULL;NULL;NULL;NULL;19;2;1;19;0.105263158;0.052631579;NULL;NULL;NULL;NULL;NULL;NULL;NULL;NULL;NULL;NULL;NULL;NULL;No
Male;Yes;No;7;10;10;0;10;1;0;7;7;0;7;1;0;8;8;0;8;1;0;3;3;0;3;1;0;8;8;0;8;1;0;5;4;1;5;0.8;0.2;2;2;0;2;1;0;4;3;1;4;0.75;0.25;4;1;3;4;0.25;0.75;7;7;0;7;1;0;5;4;1;5;0.8;0.2;4;4;0;4;1;0;NULL;NULL;NULL;NULL;NULL;NULL;7;7;0;7;1;0;4;4;0;4;1;0;5;5;0;5;1;0;4;4;0;4;1;0;NULL;NULL;NULL;NULL;NULL;NULL;NULL;NULL;NULL;NULL;NULL;NULL;NULL;NULL;NULL;NULL;NULL;NULL;NULL;NULL;NULL;NULL;NULL;NULL;5;5;0;5;1;0;5;3;2;5;0.6;0.4;NULL;NULL;NULL;NULL;NULL;NULL;NULL;NULL;NULL;NULL;NULL;NULL;NULL;NULL;NULL;NULL;NULL;NULL;NULL;NULL;NULL;NULL;NULL;NULL;NULL;NULL;NULL;NULL;NULL;NULL;NULL;NULL;NULL;NULL;NULL;NULL;22;2;2;22;0.090909091;0.090909091;NULL;NULL;NULL;NULL;NULL;NULL;NULL;NULL;NULL;NULL;NULL;NULL;No
Female;Yes;No;7;11;11;0;11;1;0;7;7;0;7;1;0;4;4;0;4;1;0;3;3;0;3;1;0;4;4;0;4;1;0;4;4;0;4;1;0;4;4;0;4;1;0;4;4;0;4;1;0;2;1;1;2;0.5;0.5;7;7;0;7;1;0;4;3;1;4;0.75;0.25;4;3;1;4;0.75;0.25;NULL;NULL;NULL;NULL;NULL;NULL;8;8;0;8;1;0;1;1;0;1;1;0;3;3;0;3;1;0;4;4;0;4;1;0;NULL;NULL;NULL;NULL;NULL;NULL;NULL;NULL;NULL;NULL;NULL;NULL;NULL;NULL;NULL;NULL;NULL;NULL;NULL;NULL;NULL;NULL;NULL;NULL;5;4;1;5;0.8;0.2;4;2;2;4;0.5;0.5;NULL;NULL;NULL;NULL;NULL;NULL;NULL;NULL;NULL;NULL;NULL;NULL;NULL;NULL;NULL;NULL;NULL;NULL;NULL;NULL;NULL;NULL;NULL;NULL;NULL;NULL;NULL;NULL;NULL;NULL;NULL;NULL;NULL;NULL;NULL;NULL;18;2;1;18;0.111111111;0.055555556;NULL;NULL;NULL;NULL;NULL;NULL;NULL;NULL;NULL;NULL;NULL;NULL;No
Female;Yes;No;7;7;7;0;7;1;0;4;4;0;4;1;0;3;3;0;3;1;0;1;1;0;1;1;0;4;4;0;4;1;0;4;4;0;4;1;0;0;0;0;0;0;0;3;3;0;3;1;0;1;0;1;1;0;1;4;4;0;4;1;0;2;0;2;2;0;1;1;0;1;1;0;1;NULL;NULL;NULL;NULL;NULL;NULL;5;5;0;5;1;0;1;1;0;1;1;0;3;3;0;3;1;0;4;4;0;4;1;0;NULL;NULL;NULL;NULL;NULL;NULL;NULL;NULL;NULL;NULL;NULL;NULL;NULL;NULL;NULL;NULL;NULL;NULL;NULL;NULL;NULL;NULL;NULL;NULL;5;3;2;5;0.6;0.4;7;3;4;7;0.428571429;0.571428571;NULL;NULL;NULL;NULL;NULL;NULL;NULL;NULL;NULL;NULL;NULL;NULL;NULL;NULL;NULL;NULL;NULL;NULL;NULL;NULL;NULL;NULL;NULL;NULL;NULL;NULL;NULL;NULL;NULL;NULL;NULL;NULL;NULL;NULL;NULL;NULL;21;1;3;21;0.047619048;0.142857143;NULL;NULL;NULL;NULL;NULL;NULL;NULL;NULL;NULL;NULL;NULL;NULL;No
Male;Yes;No;7;5;5;0;5;1;0;6;6;0;6;1;0;3;3;0;3;1;0;3;3;0;3;1;0;4;4;0;4;1;0;4;4;0;4;1;0;4;4;0;4;1;0;2;2;0;2;1;0;2;0;2;2;0;1;5;5;0;5;1;0;1;0;1;1;0;1;4;3;1;4;0.75;0.25;NULL;NULL;NULL;NULL;NULL;NULL;5;5;0;5;1;0;1;1;0;1;1;0;4;4;0;4;1;0;2;2;0;2;1;0;NULL;NULL;NULL;NULL;NULL;NULL;NULL;NULL;NULL;NULL;NULL;NULL;NULL;NULL;NULL;NULL;NULL;NULL;NULL;NULL;NULL;NULL;NULL;NULL;2;0;2;2;0;1;3;1;2;3;0.333333333;0.666666667;NULL;NULL;NULL;NULL;NULL;NULL;NULL;NULL;NULL;NULL;NULL;NULL;NULL;NULL;NULL;NULL;NULL;NULL;NULL;NULL;NULL;NULL;NULL;NULL;NULL;NULL;NULL;NULL;NULL;NULL;NULL;NULL;NULL;NULL;NULL;NULL;19;0;3;19;0;0.157894737;NULL;NULL;NULL;NULL;NULL;NULL;NULL;NULL;NULL;NULL;NULL;NULL;No
Male;Yes;No;7;1;0;1;1;0;1;3;0;3;3;0;1;4;0;4;4;0;1;3;1;2;3;0.333333333;0.666666667;3;3;0;3;1;0;7;1;6;7;0.142857143;0.857142857;1;0;1;1;0;1;3;3;0;3;1;0;4;1;3;4;0.25;0.75;23;7;16;23;0.304347826;0.695652174;7;1;6;7;0.142857143;0.857142857;4;0;4;4;0;1;NULL;NULL;NULL;NULL;NULL;NULL;5;3;2;5;0.6;0.4;19;0;19;19;0;1;5;4;1;5;0.8;0.2;5;5;0;5;1;0;NULL;NULL;NULL;NULL;NULL;NULL;NULL;NULL;NULL;NULL;NULL;NULL;NULL;NULL;NULL;NULL;NULL;NULL;NULL;NULL;NULL;NULL;NULL;NULL;4;1;3;4;0.25;0.75;59;24;35;59;0.406779661;0.593220339;NULL;NULL;NULL;NULL;NULL;NULL;NULL;NULL;NULL;NULL;NULL;NULL;NULL;NULL;NULL;NULL;NULL;NULL;NULL;NULL;NULL;NULL;NULL;NULL;NULL;NULL;NULL;NULL;NULL;NULL;NULL;NULL;NULL;NULL;NULL;NULL;17;1;1;17;0.058823529;0.058823529;NULL;NULL;NULL;NULL;NULL;NULL;NULL;NULL;NULL;NULL;NULL;NULL;No
Male;Yes;No;7;3;3;0;3;1;0;6;6;0;6;1;0;4;4;0;4;1;0;2;2;0;2;1;0;3;0;3;3;0;1;3;3;0;3;1;0;2;2;0;2;1;0;4;4;0;4;1;0;3;3;0;3;1;0;3;3;0;3;1;0;3;1;2;3;0.333333333;0.666666667;1;0;1;1;0;1;NULL;NULL;NULL;NULL;NULL;NULL;3;3;0;3;1;0;1;1;0;1;1;0;3;3;0;3;1;0;4;3;1;4;0.75;0.25;NULL;NULL;NULL;NULL;NULL;NULL;NULL;NULL;NULL;NULL;NULL;NULL;NULL;NULL;NULL;NULL;NULL;NULL;NULL;NULL;NULL;NULL;NULL;NULL;3;2;1;3;0.666666667;0.333333333;3;1;2;3;0.333333333;0.666666667;NULL;NULL;NULL;NULL;NULL;NULL;NULL;NULL;NULL;NULL;NULL;NULL;NULL;NULL;NULL;NULL;NULL;NULL;NULL;NULL;NULL;NULL;NULL;NULL;NULL;NULL;NULL;NULL;NULL;NULL;NULL;NULL;NULL;NULL;NULL;NULL;21;2;2;21;0.095238095;0.095238095;NULL;NULL;NULL;NULL;NULL;NULL;NULL;NULL;NULL;NULL;NULL;NULL;No
Male;Yes;No;7;6;6;0;6;1;0;7;7;0;7;1;0;6;6;0;6;1;0;2;2;0;2;1;0;6;5;1;6;0.833333333;0.166666667;2;2;0;2;1;0;4;2;2;4;0.5;0.5;2;2;0;2;1;0;3;0;3;3;0;1;5;4;1;5;0.8;0.2;4;4;0;4;1;0;1;0;1;1;0;1;NULL;NULL;NULL;NULL;NULL;NULL;7;7;0;7;1;0;6;6;0;6;1;0;5;5;0;5;1;0;3;3;0;3;1;0;NULL;NULL;NULL;NULL;NULL;NULL;NULL;NULL;NULL;NULL;NULL;NULL;NULL;NULL;NULL;NULL;NULL;NULL;NULL;NULL;NULL;NULL;NULL;NULL;4;2;2;4;0.5;0.5;7;7;0;7;1;0;NULL;NULL;NULL;NULL;NULL;NULL;NULL;NULL;NULL;NULL;NULL;NULL;NULL;NULL;NULL;NULL;NULL;NULL;NULL;NULL;NULL;NULL;NULL;NULL;NULL;NULL;NULL;NULL;NULL;NULL;NULL;NULL;NULL;NULL;NULL;NULL;21;2;2;21;0.095238095;0.095238095;NULL;NULL;NULL;NULL;NULL;NULL;NULL;NULL;NULL;NULL;NULL;NULL;No
Female;Yes;No;7;3;3;0;3;1;0;5;5;0;5;1;0;3;3;0;3;1;0;1;1;0;1;1;0;4;4;0;4;1;0;3;3;0;3;1;0;3;3;0;3;1;0;4;4;0;4;1;0;2;1;1;2;0.5;0.5;6;6;0;6;1;0;3;2;1;3;0.666666667;0.333333333;1;1;0;1;1;0;NULL;NULL;NULL;NULL;NULL;NULL;6;6;0;6;1;0;4;4;0;4;1;0;4;4;0;4;1;0;3;3;0;3;1;0;NULL;NULL;NULL;NULL;NULL;NULL;NULL;NULL;NULL;NULL;NULL;NULL;NULL;NULL;NULL;NULL;NULL;NULL;NULL;NULL;NULL;NULL;NULL;NULL;3;1;2;3;0.333333333;0.666666667;3;2;1;3;0.666666667;0.333333333;NULL;NULL;NULL;NULL;NULL;NULL;NULL;NULL;NULL;NULL;NULL;NULL;NULL;NULL;NULL;NULL;NULL;NULL;NULL;NULL;NULL;NULL;NULL;NULL;NULL;NULL;NULL;NULL;NULL;NULL;NULL;NULL;NULL;NULL;NULL;NULL;21;1;3;21;0.047619048;0.142857143;NULL;NULL;NULL;NULL;NULL;NULL;NULL;NULL;NULL;NULL;NULL;NULL;No
Male;Yes;No;7;6;6;0;6;1;0;2;1;1;2;0.5;0.5;5;5;0;5;1;0;2;2;0;2;1;0;3;3;0;3;1;0;5;4;1;5;0.8;0.2;4;4;0;4;1;0;5;2;3;5;0.4;0.6;3;3;0;3;1;0;6;6;0;6;1;0;3;1;2;3;0.333333333;0.666666667;2;1;1;2;0.5;0.5;NULL;NULL;NULL;NULL;NULL;NULL;6;6;0;6;1;0;1;1;0;1;1;0;4;4;0;4;1;0;2;2;0;2;1;0;NULL;NULL;NULL;NULL;NULL;NULL;NULL;NULL;NULL;NULL;NULL;NULL;NULL;NULL;NULL;NULL;NULL;NULL;NULL;NULL;NULL;NULL;NULL;NULL;4;3;1;4;0.75;0.25;3;1;2;3;0.333333333;0.666666667;NULL;NULL;NULL;NULL;NULL;NULL;NULL;NULL;NULL;NULL;NULL;NULL;NULL;NULL;NULL;NULL;NULL;NULL;NULL;NULL;NULL;NULL;NULL;NULL;NULL;NULL;NULL;NULL;NULL;NULL;NULL;NULL;NULL;NULL;NULL;NULL;21;0;4;21;0;0.19047619;NULL;NULL;NULL;NULL;NULL;NULL;NULL;NULL;NULL;NULL;NULL;NULL;No
Male;Yes;Yes;7;8;8;0;8;1;0;7;7;0;7;1;0;2;2;0;2;1;0;5;0;5;5;0;1;3;3;0;3;1;0;5;2;3;5;0.4;0.6;6;5;1;6;0.833333333;0.166666667;3;1;2;3;0.333333333;0.666666667;3;2;1;3;0.666666667;0.333333333;6;6;0;6;1;0;3;1;2;3;0.333333333;0.666666667;5;3;2;5;0.6;0.4;NULL;NULL;NULL;NULL;NULL;NULL;6;5;1;6;0.833333333;0.166666667;5;5;0;5;1;0;2;2;0;2;1;0;2;2;0;2;1;0;NULL;NULL;NULL;NULL;NULL;NULL;NULL;NULL;NULL;NULL;NULL;NULL;NULL;NULL;NULL;NULL;NULL;NULL;NULL;NULL;NULL;NULL;NULL;NULL;5;3;2;5;0.6;0.4;3;2;1;3;0.666666667;0.333333333;NULL;NULL;NULL;NULL;NULL;NULL;NULL;NULL;NULL;NULL;NULL;NULL;NULL;NULL;NULL;NULL;NULL;NULL;NULL;NULL;NULL;NULL;NULL;NULL;NULL;NULL;NULL;NULL;NULL;NULL;NULL;NULL;NULL;NULL;NULL;NULL;21;0;4;21;0;0.19047619;NULL;NULL;NULL;NULL;NULL;NULL;NULL;NULL;NULL;NULL;NULL;NULL;Yes
Male;Yes;No;7;6;6;0;6;1;0;5;5;0;5;1;0;6;4;2;6;0.666666667;0.333333333;2;0;2;2;0;1;5;4;1;5;0.8;0.2;5;5;0;5;1;0;3;3;0;3;1;0;4;0;4;4;0;1;2;1;1;2;0.5;0.5;3;3;0;3;1;0;1;1;0;1;1;0;2;1;1;2;0.5;0.5;NULL;NULL;NULL;NULL;NULL;NULL;6;6;0;6;1;0;3;2;1;3;0.666666667;0.333333333;3;3;0;3;1;0;1;0;1;1;0;1;NULL;NULL;NULL;NULL;NULL;NULL;NULL;NULL;NULL;NULL;NULL;NULL;NULL;NULL;NULL;NULL;NULL;NULL;NULL;NULL;NULL;NULL;NULL;NULL;5;1;4;5;0.2;0.8;4;0;4;4;0;1;NULL;NULL;NULL;NULL;NULL;NULL;NULL;NULL;NULL;NULL;NULL;NULL;NULL;NULL;NULL;NULL;NULL;NULL;NULL;NULL;NULL;NULL;NULL;NULL;NULL;NULL;NULL;NULL;NULL;NULL;NULL;NULL;NULL;NULL;NULL;NULL;19;0;3;19;0;0.157894737;NULL;NULL;NULL;NULL;NULL;NULL;NULL;NULL;NULL;NULL;NULL;NULL;Yes
Female;Yes;No;7;1;1;0;1;1;0;1;1;0;1;1;0;4;4;0;4;1;0;1;1;0;1;1;0;3;2;1;3;0.666666667;0.333333333;3;3;0;3;1;0;4;4;0;4;1;0;2;2;0;2;1;0;2;0;2;2;0;1;3;2;1;3;0.666666667;0.333333333;1;0;1;1;0;1;2;0;2;2;0;1;NULL;NULL;NULL;NULL;NULL;NULL;5;5;0;5;1;0;5;5;0;5;1;0;4;4;0;4;1;0;4;4;0;4;1;0;NULL;NULL;NULL;NULL;NULL;NULL;NULL;NULL;NULL;NULL;NULL;NULL;NULL;NULL;NULL;NULL;NULL;NULL;NULL;NULL;NULL;NULL;NULL;NULL;1;0;1;1;0;1;3;1;2;3;0.333333333;0.666666667;NULL;NULL;NULL;NULL;NULL;NULL;NULL;NULL;NULL;NULL;NULL;NULL;NULL;NULL;NULL;NULL;NULL;NULL;NULL;NULL;NULL;NULL;NULL;NULL;NULL;NULL;NULL;NULL;NULL;NULL;NULL;NULL;NULL;NULL;NULL;NULL;9;0;0;9;0;0;NULL;NULL;NULL;NULL;NULL;NULL;NULL;NULL;NULL;NULL;NULL;NULL;Yes
Female;Yes;No;7;6;6;0;6;1;0;5;5;0;5;1;0;3;3;0;3;1;0;2;2;0;2;1;0;3;3;0;3;1;0;2;1;1;2;0.5;0.5;4;4;0;4;1;0;3;2;1;3;0.666666667;0.333333333;4;2;2;4;0.5;0.5;4;3;1;4;0.75;0.25;1;1;0;1;1;0;1;1;0;1;1;0;NULL;NULL;NULL;NULL;NULL;NULL;5;5;0;5;1;0;3;3;0;3;1;0;4;4;0;4;1;0;3;2;1;3;0.666666667;0.333333333;NULL;NULL;NULL;NULL;NULL;NULL;NULL;NULL;NULL;NULL;NULL;NULL;NULL;NULL;NULL;NULL;NULL;NULL;NULL;NULL;NULL;NULL;NULL;NULL;2;0;2;2;0;1;4;0;4;4;0;1;NULL;NULL;NULL;NULL;NULL;NULL;NULL;NULL;NULL;NULL;NULL;NULL;NULL;NULL;NULL;NULL;NULL;NULL;NULL;NULL;NULL;NULL;NULL;NULL;NULL;NULL;NULL;NULL;NULL;NULL;NULL;NULL;NULL;NULL;NULL;NULL;13;0;2;13;0;0.153846154;NULL;NULL;NULL;NULL;NULL;NULL;NULL;NULL;NULL;NULL;NULL;NULL;Yes
Male;Yes;No;7;6;6;0;6;1;0;5;5;0;5;1;0;4;4;0;4;1;0;2;2;0;2;1;0;2;2;0;2;1;0;3;1;2;3;0.333333333;0.666666667;3;3;0;3;1;0;4;3;1;4;0.75;0.25;1;1;0;1;1;0;3;3;0;3;1;0;3;2;1;3;0.666666667;0.333333333;3;1;2;3;0.333333333;0.666666667;NULL;NULL;NULL;NULL;NULL;NULL;4;4;0;4;1;0;1;1;0;1;1;0;3;3;0;3;1;0;3;3;0;3;1;0;NULL;NULL;NULL;NULL;NULL;NULL;NULL;NULL;NULL;NULL;NULL;NULL;NULL;NULL;NULL;NULL;NULL;NULL;NULL;NULL;NULL;NULL;NULL;NULL;2;2;0;2;1;0;1;0;1;1;0;1;NULL;NULL;NULL;NULL;NULL;NULL;NULL;NULL;NULL;NULL;NULL;NULL;NULL;NULL;NULL;NULL;NULL;NULL;NULL;NULL;NULL;NULL;NULL;NULL;NULL;NULL;NULL;NULL;NULL;NULL;NULL;NULL;NULL;NULL;NULL;NULL;21;0;4;21;0;0.19047619;NULL;NULL;NULL;NULL;NULL;NULL;NULL;NULL;NULL;NULL;NULL;NULL;Yes
Female;Yes;Yes;7;6;6;0;6;1;0;2;2;0;2;1;0;5;4;1;5;0.8;0.2;4;0;4;4;0;1;4;4;0;4;1;0;2;2;0;2;1;0;1;1;0;1;1;0;2;1;1;2;0.5;0.5;1;0;1;1;0;1;2;1;1;2;0.5;0.5;2;2;0;2;1;0;3;1;2;3;0.333333333;0.666666667;NULL;NULL;NULL;NULL;NULL;NULL;5;4;1;5;0.8;0.2;1;1;0;1;1;0;3;3;0;3;1;0;2;2;0;2;1;0;NULL;NULL;NULL;NULL;NULL;NULL;NULL;NULL;NULL;NULL;NULL;NULL;NULL;NULL;NULL;NULL;NULL;NULL;NULL;NULL;NULL;NULL;NULL;NULL;5;0;5;5;0;1;3;0;3;3;0;1;NULL;NULL;NULL;NULL;NULL;NULL;NULL;NULL;NULL;NULL;NULL;NULL;NULL;NULL;NULL;NULL;NULL;NULL;NULL;NULL;NULL;NULL;NULL;NULL;NULL;NULL;NULL;NULL;NULL;NULL;NULL;NULL;NULL;NULL;NULL;NULL;19;1;2;19;0.052631579;0.105263158;NULL;NULL;NULL;NULL;NULL;NULL;NULL;NULL;NULL;NULL;NULL;NULL;Yes
Female;Yes;No;7;0;0;0;0;0;0;1;1;0;1;1;0;2;2;0;2;1;0;1;0;1;1;0;1;2;1;1;2;0.5;0.5;1;0;1;1;0;1;2;2;0;2;1;0;2;1;1;2;0.5;0.5;3;1;2;3;0.333333333;0.666666667;2;2;0;2;1;0;2;2;0;2;1;0;1;1;0;1;1;0;NULL;NULL;NULL;NULL;NULL;NULL;3;3;0;3;1;0;1;1;0;1;1;0;3;3;0;3;1;0;2;2;0;2;1;0;NULL;NULL;NULL;NULL;NULL;NULL;NULL;NULL;NULL;NULL;NULL;NULL;NULL;NULL;NULL;NULL;NULL;NULL;NULL;NULL;NULL;NULL;NULL;NULL;3;1;2;3;0.333333333;0.666666667;3;2;1;3;0.666666667;0.333333333;NULL;NULL;NULL;NULL;NULL;NULL;NULL;NULL;NULL;NULL;NULL;NULL;NULL;NULL;NULL;NULL;NULL;NULL;NULL;NULL;NULL;NULL;NULL;NULL;NULL;NULL;NULL;NULL;NULL;NULL;NULL;NULL;NULL;NULL;NULL;NULL;14;0;1;14;0;0.071428571;NULL;NULL;NULL;NULL;NULL;NULL;NULL;NULL;NULL;NULL;NULL;NULL;Yes
Female;Yes;No;7;3;2;1;3;0.666666667;0.333333333;4;4;0;4;1;0;4;4;0;4;1;0;3;1;2;3;0.333333333;0.666666667;4;4;0;4;1;0;2;2;0;2;1;0;3;3;0;3;1;0;4;4;0;4;1;0;3;3;0;3;1;0;3;2;1;3;0.666666667;0.333333333;3;2;1;3;0.666666667;0.333333333;3;3;0;3;1;0;NULL;NULL;NULL;NULL;NULL;NULL;5;5;0;5;1;0;3;3;0;3;1;0;4;4;0;4;1;0;4;4;0;4;1;0;NULL;NULL;NULL;NULL;NULL;NULL;NULL;NULL;NULL;NULL;NULL;NULL;NULL;NULL;NULL;NULL;NULL;NULL;NULL;NULL;NULL;NULL;NULL;NULL;4;4;0;4;1;0;8;6;2;8;0.75;0.25;NULL;NULL;NULL;NULL;NULL;NULL;NULL;NULL;NULL;NULL;NULL;NULL;NULL;NULL;NULL;NULL;NULL;NULL;NULL;NULL;NULL;NULL;NULL;NULL;NULL;NULL;NULL;NULL;NULL;NULL;NULL;NULL;NULL;NULL;NULL;NULL;17;1;1;17;0.058823529;0.058823529;NULL;NULL;NULL;NULL;NULL;NULL;NULL;NULL;NULL;NULL;NULL;NULL;Yes
Female;Yes;No;7;3;3;0;3;1;0;4;4;0;4;1;0;4;4;0;4;1;0;2;2;0;2;1;0;3;3;0;3;1;0;1;1;0;1;1;0;4;4;0;4;1;0;2;2;0;2;1;0;1;0;1;1;0;1;4;4;0;4;1;0;2;2;0;2;1;0;1;1;0;1;1;0;NULL;NULL;NULL;NULL;NULL;NULL;3;3;0;3;1;0;2;2;0;2;1;0;2;2;0;2;1;0;2;1;1;2;0.5;0.5;NULL;NULL;NULL;NULL;NULL;NULL;NULL;NULL;NULL;NULL;NULL;NULL;NULL;NULL;NULL;NULL;NULL;NULL;NULL;NULL;NULL;NULL;NULL;NULL;3;2;1;3;0.666666667;0.333333333;4;1;3;4;0.25;0.75;NULL;NULL;NULL;NULL;NULL;NULL;NULL;NULL;NULL;NULL;NULL;NULL;NULL;NULL;NULL;NULL;NULL;NULL;NULL;NULL;NULL;NULL;NULL;NULL;NULL;NULL;NULL;NULL;NULL;NULL;NULL;NULL;NULL;NULL;NULL;NULL;10;0;0;10;0;0;NULL;NULL;NULL;NULL;NULL;NULL;NULL;NULL;NULL;NULL;NULL;NULL;Yes
Female;Yes;No;7;5;5;0;5;1;0;3;3;0;3;1;0;4;4;0;4;1;0;2;2;0;2;1;0;3;2;1;3;0.666666667;0.333333333;3;2;1;3;0.666666667;0.333333333;4;4;0;4;1;0;2;2;0;2;1;0;3;0;3;3;0;1;5;5;0;5;1;0;2;2;0;2;1;0;3;1;2;3;0.333333333;0.666666667;NULL;NULL;NULL;NULL;NULL;NULL;6;6;0;6;1;0;1;1;0;1;1;0;3;3;0;3;1;0;1;1;0;1;1;0;NULL;NULL;NULL;NULL;NULL;NULL;NULL;NULL;NULL;NULL;NULL;NULL;NULL;NULL;NULL;NULL;NULL;NULL;NULL;NULL;NULL;NULL;NULL;NULL;4;1;3;4;0.25;0.75;5;4;1;5;0.8;0.2;NULL;NULL;NULL;NULL;NULL;NULL;NULL;NULL;NULL;NULL;NULL;NULL;NULL;NULL;NULL;NULL;NULL;NULL;NULL;NULL;NULL;NULL;NULL;NULL;NULL;NULL;NULL;NULL;NULL;NULL;NULL;NULL;NULL;NULL;NULL;NULL;15;0;1;15;0;0.066666667;NULL;NULL;NULL;NULL;NULL;NULL;NULL;NULL;NULL;NULL;NULL;NULL;Yes
Female;Yes;No;7;4;4;0;4;1;0;4;4;0;4;1;0;3;3;0;3;1;0;4;0;4;4;0;1;4;4;0;4;1;0;3;3;0;3;1;0;4;4;0;4;1;0;5;5;0;5;1;0;2;0;2;2;0;1;6;6;0;6;1;0;1;1;0;1;1;0;2;2;0;2;1;0;NULL;NULL;NULL;NULL;NULL;NULL;6;6;0;6;1;0;4;4;0;4;1;0;2;2;0;2;1;0;3;3;0;3;1;0;NULL;NULL;NULL;NULL;NULL;NULL;NULL;NULL;NULL;NULL;NULL;NULL;NULL;NULL;NULL;NULL;NULL;NULL;NULL;NULL;NULL;NULL;NULL;NULL;3;3;0;3;1;0;4;4;0;4;1;0;NULL;NULL;NULL;NULL;NULL;NULL;NULL;NULL;NULL;NULL;NULL;NULL;NULL;NULL;NULL;NULL;NULL;NULL;NULL;NULL;NULL;NULL;NULL;NULL;NULL;NULL;NULL;NULL;NULL;NULL;NULL;NULL;NULL;NULL;NULL;NULL;21;2;2;21;0.095238095;0.095238095;NULL;NULL;NULL;NULL;NULL;NULL;NULL;NULL;NULL;NULL;NULL;NULL;Yes
Female;Yes;No;7;4;4;0;4;1;0;3;2;1;3;0.666666667;0.333333333;3;3;0;3;1;0;2;1;1;2;0.5;0.5;3;2;1;3;0.666666667;0.333333333;4;4;0;4;1;0;2;2;0;2;1;0;2;2;0;2;1;0;2;0;2;2;0;1;3;3;0;3;1;0;2;1;1;2;0.5;0.5;3;3;0;3;1;0;NULL;NULL;NULL;NULL;NULL;NULL;5;5;0;5;1;0;2;2;0;2;1;0;3;3;0;3;1;0;2;2;0;2;1;0;NULL;NULL;NULL;NULL;NULL;NULL;NULL;NULL;NULL;NULL;NULL;NULL;NULL;NULL;NULL;NULL;NULL;NULL;NULL;NULL;NULL;NULL;NULL;NULL;5;4;1;5;0.8;0.2;4;4;0;4;1;0;NULL;NULL;NULL;NULL;NULL;NULL;NULL;NULL;NULL;NULL;NULL;NULL;NULL;NULL;NULL;NULL;NULL;NULL;NULL;NULL;NULL;NULL;NULL;NULL;NULL;NULL;NULL;NULL;NULL;NULL;NULL;NULL;NULL;NULL;NULL;NULL;9;1;0;9;0.111111111;0;NULL;NULL;NULL;NULL;NULL;NULL;NULL;NULL;NULL;NULL;NULL;NULL;Yes
Female;Yes;No;7;6;6;0;6;1;0;6;6;0;6;1;0;4;4;0;4;1;0;4;4;0;4;1;0;4;2;2;4;0.5;0.5;2;1;1;2;0.5;0.5;3;3;0;3;1;0;4;2;2;4;0.5;0.5;1;1;0;1;1;0;2;2;0;2;1;0;2;1;1;2;0.5;0.5;1;0;1;1;0;1;NULL;NULL;NULL;NULL;NULL;NULL;5;5;0;5;1;0;3;3;0;3;1;0;3;3;0;3;1;0;3;3;0;3;1;0;NULL;NULL;NULL;NULL;NULL;NULL;NULL;NULL;NULL;NULL;NULL;NULL;NULL;NULL;NULL;NULL;NULL;NULL;NULL;NULL;NULL;NULL;NULL;NULL;8;0;8;8;0;1;2;1;1;2;0.5;0.5;NULL;NULL;NULL;NULL;NULL;NULL;NULL;NULL;NULL;NULL;NULL;NULL;NULL;NULL;NULL;NULL;NULL;NULL;NULL;NULL;NULL;NULL;NULL;NULL;NULL;NULL;NULL;NULL;NULL;NULL;NULL;NULL;NULL;NULL;NULL;NULL;18;0;3;18;0;0.166666667;NULL;NULL;NULL;NULL;NULL;NULL;NULL;NULL;NULL;NULL;NULL;NULL;Yes
Female;Yes;No;7;7;7;0;7;1;0;7;6;1;7;0.857142857;0.142857143;4;2;2;4;0.5;0.5;5;2;3;5;0.4;0.6;5;1;4;5;0.2;0.8;2;0;2;2;0;1;5;3;2;5;0.6;0.4;2;0;2;2;0;1;5;0;5;5;0;1;2;2;0;2;1;0;1;0;1;1;0;1;4;4;0;4;1;0;NULL;NULL;NULL;NULL;NULL;NULL;6;6;0;6;1;0;4;4;0;4;1;0;4;4;0;4;1;0;2;2;0;2;1;0;NULL;NULL;NULL;NULL;NULL;NULL;NULL;NULL;NULL;NULL;NULL;NULL;NULL;NULL;NULL;NULL;NULL;NULL;NULL;NULL;NULL;NULL;NULL;NULL;5;1;4;5;0.2;0.8;6;1;5;6;0.166666667;0.833333333;NULL;NULL;NULL;NULL;NULL;NULL;NULL;NULL;NULL;NULL;NULL;NULL;NULL;NULL;NULL;NULL;NULL;NULL;NULL;NULL;NULL;NULL;NULL;NULL;NULL;NULL;NULL;NULL;NULL;NULL;NULL;NULL;NULL;NULL;NULL;NULL;15;0;2;15;0;0.133333333;NULL;NULL;NULL;NULL;NULL;NULL;NULL;NULL;NULL;NULL;NULL;NULL;Yes
Male;Yes;No;7;8;8;0;8;1;0;6;6;0;6;1;0;6;6;0;6;1;0;5;2;3;5;0.4;0.6;3;3;0;3;1;0;3;2;1;3;0.666666667;0.333333333;2;2;0;2;1;0;4;4;0;4;1;0;2;2;0;2;1;0;2;2;0;2;1;0;2;2;0;2;1;0;2;1;1;2;0.5;0.5;NULL;NULL;NULL;NULL;NULL;NULL;5;5;0;5;1;0;1;1;0;1;1;0;3;3;0;3;1;0;2;2;0;2;1;0;NULL;NULL;NULL;NULL;NULL;NULL;NULL;NULL;NULL;NULL;NULL;NULL;NULL;NULL;NULL;NULL;NULL;NULL;NULL;NULL;NULL;NULL;NULL;NULL;3;3;0;3;1;0;1;1;0;1;1;0;NULL;NULL;NULL;NULL;NULL;NULL;NULL;NULL;NULL;NULL;NULL;NULL;NULL;NULL;NULL;NULL;NULL;NULL;NULL;NULL;NULL;NULL;NULL;NULL;NULL;NULL;NULL;NULL;NULL;NULL;NULL;NULL;NULL;NULL;NULL;NULL;21;1;3;21;0.047619048;0.142857143;NULL;NULL;NULL;NULL;NULL;NULL;NULL;NULL;NULL;NULL;NULL;NULL;Yes
Male;Yes;No;7;7;7;0;7;1;0;1;1;0;1;1;0;1;0;1;1;0;1;4;0;4;4;0;1;4;1;3;4;0.25;0.75;13;3;10;13;0.230769231;0.769230769;9;2;7;9;0.222222222;0.777777778;15;2;13;15;0.133333333;0.866666667;21;2;19;21;0.095238095;0.904761905;10;1;9;10;0.1;0.9;1;1;0;1;1;0;17;1;16;17;0.058823529;0.941176471;NULL;NULL;NULL;NULL;NULL;NULL;5;2;3;5;0.4;0.6;2;0;2;2;0;1;2;2;0;2;1;0;3;3;0;3;1;0;NULL;NULL;NULL;NULL;NULL;NULL;NULL;NULL;NULL;NULL;NULL;NULL;NULL;NULL;NULL;NULL;NULL;NULL;NULL;NULL;NULL;NULL;NULL;NULL;5;3;2;5;0.6;0.4;6;0;6;6;0;1;NULL;NULL;NULL;NULL;NULL;NULL;NULL;NULL;NULL;NULL;NULL;NULL;NULL;NULL;NULL;NULL;NULL;NULL;NULL;NULL;NULL;NULL;NULL;NULL;NULL;NULL;NULL;NULL;NULL;NULL;NULL;NULL;NULL;NULL;NULL;NULL;10;0;2;10;0;0.2;NULL;NULL;NULL;NULL;NULL;NULL;NULL;NULL;NULL;NULL;NULL;NULL;Yes
Male;Yes;No;7;1;1;0;1;1;0;6;5;1;6;0.833333333;0.166666667;4;4;0;4;1;0;6;0;6;6;0;1;3;3;0;3;1;0;4;3;1;4;0.75;0.25;1;1;0;1;1;0;2;0;2;2;0;1;4;1;3;4;0.25;0.75;2;2;0;2;1;0;1;1;0;1;1;0;2;2;0;2;1;0;NULL;NULL;NULL;NULL;NULL;NULL;8;7;1;8;875;125;6;6;0;6;1;0;6;6;0;6;1;0;4;3;1;4;0.75;0.25;NULL;NULL;NULL;NULL;NULL;NULL;NULL;NULL;NULL;NULL;NULL;NULL;NULL;NULL;NULL;NULL;NULL;NULL;NULL;NULL;NULL;NULL;NULL;NULL;5;2;3;5;0.4;0.6;6;3;3;6;0.5;0.5;NULL;NULL;NULL;NULL;NULL;NULL;NULL;NULL;NULL;NULL;NULL;NULL;NULL;NULL;NULL;NULL;NULL;NULL;NULL;NULL;NULL;NULL;NULL;NULL;NULL;NULL;NULL;NULL;NULL;NULL;NULL;NULL;NULL;NULL;NULL;NULL;10;0;2;10;0;0.2;NULL;NULL;NULL;NULL;NULL;NULL;NULL;NULL;NULL;NULL;NULL;NULL;Yes
Female;Yes;No;7;2;0;2;2;0;1;5;0;5;5;0;1;3;0;3;3;0;1;2;2;0;2;1;0;4;3;1;4;0.75;0.25;1;0;1;1;0;1;4;3;1;4;0.75;0.25;4;3;1;4;0.75;0.25;1;1;0;1;1;0;10;2;8;10;0.2;0.8;1;1;0;1;1;0;17;2;15;17;0.117647059;0.882352941;NULL;NULL;NULL;NULL;NULL;NULL;5;5;0;5;1;0;3;2;1;3;0.666666667;0.333333333;2;2;0;2;1;0;4;2;2;4;0.5;0.5;NULL;NULL;NULL;NULL;NULL;NULL;NULL;NULL;NULL;NULL;NULL;NULL;NULL;NULL;NULL;NULL;NULL;NULL;NULL;NULL;NULL;NULL;NULL;NULL;3;1;2;3;0.333333333;0.666666667;10;5;5;10;0.5;0.5;NULL;NULL;NULL;NULL;NULL;NULL;NULL;NULL;NULL;NULL;NULL;NULL;NULL;NULL;NULL;NULL;NULL;NULL;NULL;NULL;NULL;NULL;NULL;NULL;NULL;NULL;NULL;NULL;NULL;NULL;NULL;NULL;NULL;NULL;NULL;NULL;18;0;3;18;0;0.166666667;NULL;NULL;NULL;NULL;NULL;NULL;NULL;NULL;NULL;NULL;NULL;NULL;Yes
Female;No;No;7;7;7;0;7;1;0;6;6;0;6;1;0;6;6;0;6;1;0;4;0;4;4;0;1;2;1;1;2;0.5;0.5;2;0;2;2;0;1;2;2;0;2;1;0;6;6;0;6;1;0;2;2;0;2;1;0;1;0;1;1;0;1;2;0;2;2;0;1;3;3;0;3;1;0;NULL;NULL;NULL;NULL;NULL;NULL;8;8;0;8;1;0;3;3;0;3;1;0;4;4;0;4;1;0;3;3;0;3;1;0;NULL;NULL;NULL;NULL;NULL;NULL;NULL;NULL;NULL;NULL;NULL;NULL;NULL;NULL;NULL;NULL;NULL;NULL;NULL;NULL;NULL;NULL;NULL;NULL;4;1;3;4;0.25;0.75;3;2;1;3;0.666666667;0.333333333;NULL;NULL;NULL;NULL;NULL;NULL;NULL;NULL;NULL;NULL;NULL;NULL;NULL;NULL;NULL;NULL;NULL;NULL;NULL;NULL;NULL;NULL;NULL;NULL;NULL;NULL;NULL;NULL;NULL;NULL;NULL;NULL;NULL;NULL;NULL;NULL;16;1;1;16;0.0625;0.0625;NULL;NULL;NULL;NULL;NULL;NULL;NULL;NULL;NULL;NULL;NULL;NULL;Yes
Female;Yes;No;7;9;9;0;9;1;0;5;5;0;5;1;0;5;5;0;5;1;0;3;3;0;3;1;0;2;2;0;2;1;0;4;3;1;4;0.75;0.25;7;6;1;7;0.857142857;0.142857143;3;2;1;3;0.666666667;0.333333333;1;1;0;1;1;0;1;0;1;1;0;1;6;3;3;6;0.5;0.5;2;2;0;2;1;0;NULL;NULL;NULL;NULL;NULL;NULL;6;6;0;6;1;0;4;4;0;4;1;0;4;3;1;4;0.75;0.25;4;4;0;4;1;0;NULL;NULL;NULL;NULL;NULL;NULL;NULL;NULL;NULL;NULL;NULL;NULL;NULL;NULL;NULL;NULL;NULL;NULL;NULL;NULL;NULL;NULL;NULL;NULL;1;1;0;1;1;0;5;4;1;5;0.8;0.2;NULL;NULL;NULL;NULL;NULL;NULL;NULL;NULL;NULL;NULL;NULL;NULL;NULL;NULL;NULL;NULL;NULL;NULL;NULL;NULL;NULL;NULL;NULL;NULL;NULL;NULL;NULL;NULL;NULL;NULL;NULL;NULL;NULL;NULL;NULL;NULL;21;1;3;21;0.047619048;0.142857143;NULL;NULL;NULL;NULL;NULL;NULL;NULL;NULL;NULL;NULL;NULL;NULL;Yes
Female;Yes;No;7;6;6;0;6;1;0;4;4;0;4;1;0;5;5;0;5;1;0;2;2;0;2;1;0;3;0;3;3;0;1;2;0;2;2;0;1;4;4;0;4;1;0;2;2;0;2;1;0;2;0;2;2;0;1;6;6;0;6;1;0;1;1;0;1;1;0;2;2;0;2;1;0;NULL;NULL;NULL;NULL;NULL;NULL;7;7;0;7;1;0;4;4;0;4;1;0;3;3;0;3;1;0;3;2;1;3;0.666666667;0.333333333;NULL;NULL;NULL;NULL;NULL;NULL;NULL;NULL;NULL;NULL;NULL;NULL;NULL;NULL;NULL;NULL;NULL;NULL;NULL;NULL;NULL;NULL;NULL;NULL;4;3;1;4;0.75;0.25;4;0;4;4;0;1;NULL;NULL;NULL;NULL;NULL;NULL;NULL;NULL;NULL;NULL;NULL;NULL;NULL;NULL;NULL;NULL;NULL;NULL;NULL;NULL;NULL;NULL;NULL;NULL;NULL;NULL;NULL;NULL;NULL;NULL;NULL;NULL;NULL;NULL;NULL;NULL;21;0;4;21;0;0.19047619;NULL;NULL;NULL;NULL;NULL;NULL;NULL;NULL;NULL;NULL;NULL;NULL;Yes
Female;Yes;No;7;6;6;0;6;1;0;5;5;0;5;1;0;7;7;0;7;1;0;5;0;5;5;0;1;4;4;0;4;1;0;1;1;0;1;1;0;4;4;0;4;1;0;3;2;1;3;0.666666667;0.333333333;4;2;2;4;0.5;0.5;12;4;8;12;0.333333333;0.666666667;1;0;1;1;0;1;2;1;1;2;0.5;0.5;NULL;NULL;NULL;NULL;NULL;NULL;3;3;0;3;1;0;3;3;0;3;1;0;3;3;0;3;1;0;4;4;0;4;1;0;NULL;NULL;NULL;NULL;NULL;NULL;NULL;NULL;NULL;NULL;NULL;NULL;NULL;NULL;NULL;NULL;NULL;NULL;NULL;NULL;NULL;NULL;NULL;NULL;7;2;5;7;0.285714286;0.714285714;12;4;8;12;0.333333333;0.666666667;NULL;NULL;NULL;NULL;NULL;NULL;NULL;NULL;NULL;NULL;NULL;NULL;NULL;NULL;NULL;NULL;NULL;NULL;NULL;NULL;NULL;NULL;NULL;NULL;NULL;NULL;NULL;NULL;NULL;NULL;NULL;NULL;NULL;NULL;NULL;NULL;19;1;2;19;0.052631579;0.105263158;NULL;NULL;NULL;NULL;NULL;NULL;NULL;NULL;NULL;NULL;NULL;NULL;Yes
Female;Yes;No;7;8;5;3;8;625;375;3;3;0;3;1;0;6;5;1;6;0.833333333;0.166666667;3;0;3;3;0;1;3;3;0;3;1;0;2;0;2;2;0;1;2;2;0;2;1;0;3;0;3;3;0;1;0;0;0;0;0;0;2;0;2;2;0;1;1;1;0;1;1;0;1;1;0;1;1;0;NULL;NULL;NULL;NULL;NULL;NULL;3;3;0;3;1;0;3;3;0;3;1;0;3;3;0;3;1;0;1;1;0;1;1;0;NULL;NULL;NULL;NULL;NULL;NULL;NULL;NULL;NULL;NULL;NULL;NULL;NULL;NULL;NULL;NULL;NULL;NULL;NULL;NULL;NULL;NULL;NULL;NULL;5;2;3;5;0.4;0.6;5;2;3;5;0.4;0.6;NULL;NULL;NULL;NULL;NULL;NULL;NULL;NULL;NULL;NULL;NULL;NULL;NULL;NULL;NULL;NULL;NULL;NULL;NULL;NULL;NULL;NULL;NULL;NULL;NULL;NULL;NULL;NULL;NULL;NULL;NULL;NULL;NULL;NULL;NULL;NULL;17;0;2;17;0;0.117647059;NULL;NULL;NULL;NULL;NULL;NULL;NULL;NULL;NULL;NULL;NULL;NULL;Yes
Male;Yes;No;7;7;7;0;7;1;0;4;3;1;4;0.75;0.25;3;3;0;3;1;0;2;2;0;2;1;0;1;0;1;1;0;1;1;0;1;1;0;1;1;0;1;1;0;1;2;0;2;2;0;1;1;0;1;1;0;1;3;3;0;3;1;0;1;0;1;1;0;1;1;0;1;1;0;1;NULL;NULL;NULL;NULL;NULL;NULL;4;4;0;4;1;0;1;1;0;1;1;0;2;2;0;2;1;0;3;3;0;3;1;0;NULL;NULL;NULL;NULL;NULL;NULL;NULL;NULL;NULL;NULL;NULL;NULL;NULL;NULL;NULL;NULL;NULL;NULL;NULL;NULL;NULL;NULL;NULL;NULL;2;1;1;2;0.5;0.5;2;0;2;2;0;1;NULL;NULL;NULL;NULL;NULL;NULL;NULL;NULL;NULL;NULL;NULL;NULL;NULL;NULL;NULL;NULL;NULL;NULL;NULL;NULL;NULL;NULL;NULL;NULL;NULL;NULL;NULL;NULL;NULL;NULL;NULL;NULL;NULL;NULL;NULL;NULL;11;1;1;11;0.090909091;0.090909091;NULL;NULL;NULL;NULL;NULL;NULL;NULL;NULL;NULL;NULL;NULL;NULL;Yes
Male;Yes;No;7;5;5;0;5;1;0;6;6;0;6;1;0;4;4;0;4;1;0;3;3;0;3;1;0;3;3;0;3;1;0;2;2;0;2;1;0;3;3;0;3;1;0;4;4;0;4;1;0;1;1;0;1;1;0;5;5;0;5;1;0;4;0;4;4;0;1;3;1;2;3;0.333333333;0.666666667;NULL;NULL;NULL;NULL;NULL;NULL;6;6;0;6;1;0;2;2;0;2;1;0;4;4;0;4;1;0;3;3;0;3;1;0;NULL;NULL;NULL;NULL;NULL;NULL;NULL;NULL;NULL;NULL;NULL;NULL;NULL;NULL;NULL;NULL;NULL;NULL;NULL;NULL;NULL;NULL;NULL;NULL;3;2;1;3;0.666666667;0.333333333;2;2;0;2;1;0;NULL;NULL;NULL;NULL;NULL;NULL;NULL;NULL;NULL;NULL;NULL;NULL;NULL;NULL;NULL;NULL;NULL;NULL;NULL;NULL;NULL;NULL;NULL;NULL;NULL;NULL;NULL;NULL;NULL;NULL;NULL;NULL;NULL;NULL;NULL;NULL;19;1;2;19;0.052631579;0.105263158;NULL;NULL;NULL;NULL;NULL;NULL;NULL;NULL;NULL;NULL;NULL;NULL;Yes
Male;Yes;No;7;1;0;1;1;0;1;2;1;1;2;0.5;0.5;5;5;0;5;1;0;1;1;0;1;1;0;2;2;0;2;1;0;1;0;1;1;0;1;3;2;1;3;0.666666667;0.333333333;3;3;0;3;1;0;2;1;1;2;0.5;0.5;3;3;0;3;1;0;6;4;2;6;0.666666667;0.333333333;5;5;0;5;1;0;NULL;NULL;NULL;NULL;NULL;NULL;6;6;0;6;1;0;1;1;0;1;1;0;4;3;1;4;0.75;0.25;4;2;2;4;0.5;0.5;NULL;NULL;NULL;NULL;NULL;NULL;NULL;NULL;NULL;NULL;NULL;NULL;NULL;NULL;NULL;NULL;NULL;NULL;NULL;NULL;NULL;NULL;NULL;NULL;4;4;0;4;1;0;4;3;1;4;0.75;0.25;NULL;NULL;NULL;NULL;NULL;NULL;NULL;NULL;NULL;NULL;NULL;NULL;NULL;NULL;NULL;NULL;NULL;NULL;NULL;NULL;NULL;NULL;NULL;NULL;NULL;NULL;NULL;NULL;NULL;NULL;NULL;NULL;NULL;NULL;NULL;NULL;21;0;4;21;0;0.19047619;NULL;NULL;NULL;NULL;NULL;NULL;NULL;NULL;NULL;NULL;NULL;NULL;Yes
Female;Yes;No;7;9;9;0;9;1;0;4;3;1;4;0.75;0.25;6;6;0;6;1;0;3;0;3;3;0;1;4;4;0;4;1;0;2;2;0;2;1;0;3;3;0;3;1;0;3;3;0;3;1;0;4;0;4;4;0;1;8;7;1;8;875;125;3;3;0;3;1;0;2;2;0;2;1;0;NULL;NULL;NULL;NULL;NULL;NULL;4;4;0;4;1;0;2;2;0;2;1;0;4;4;0;4;1;0;1;0;1;1;0;1;NULL;NULL;NULL;NULL;NULL;NULL;NULL;NULL;NULL;NULL;NULL;NULL;NULL;NULL;NULL;NULL;NULL;NULL;NULL;NULL;NULL;NULL;NULL;NULL;5;3;2;5;0.6;0.4;5;5;0;5;1;0;NULL;NULL;NULL;NULL;NULL;NULL;NULL;NULL;NULL;NULL;NULL;NULL;NULL;NULL;NULL;NULL;NULL;NULL;NULL;NULL;NULL;NULL;NULL;NULL;NULL;NULL;NULL;NULL;NULL;NULL;NULL;NULL;NULL;NULL;NULL;NULL;21;1;3;21;0.047619048;0.142857143;NULL;NULL;NULL;NULL;NULL;NULL;NULL;NULL;NULL;NULL;NULL;NULL;Yes
Female;Yes;No;7;13;11;2;13;0.846153846;0.153846154;11;10;1;11;0.909090909;0.090909091;7;6;1;7;0.857142857;0.142857143;2;2;0;2;1;0;4;4;0;4;1;0;16;4;12;16;0.25;0.75;18;1;17;18;0.055555556;0.944444444;3;3;0;3;1;0;1;0;1;1;0;1;4;4;0;4;1;0;4;2;2;4;0.5;0.5;5;5;0;5;1;0;NULL;NULL;NULL;NULL;NULL;NULL;8;0;8;8;0;1;13;0;13;13;0;1;2;2;0;2;1;0;1;1;0;1;1;0;NULL;NULL;NULL;NULL;NULL;NULL;NULL;NULL;NULL;NULL;NULL;NULL;NULL;NULL;NULL;NULL;NULL;NULL;NULL;NULL;NULL;NULL;NULL;NULL;4;1;3;4;0.25;0.75;6;0;6;6;0;1;NULL;NULL;NULL;NULL;NULL;NULL;NULL;NULL;NULL;NULL;NULL;NULL;NULL;NULL;NULL;NULL;NULL;NULL;NULL;NULL;NULL;NULL;NULL;NULL;NULL;NULL;NULL;NULL;NULL;NULL;NULL;NULL;NULL;NULL;NULL;NULL;21;1;3;21;0.047619048;0.142857143;NULL;NULL;NULL;NULL;NULL;NULL;NULL;NULL;NULL;NULL;NULL;NULL;Yes
Female;Yes;No;8;6;6;0;6;1;0;7;7;0;7;1;0;6;5;1;6;0.833333333;0.166666667;6;0;6;6;0;1;3;3;0;3;1;0;2;0;2;2;0;1;5;5;0;5;1;0;4;4;0;4;1;0;1;1;0;1;1;0;6;6;0;6;1;0;4;4;0;4;1;0;2;2;0;2;1;0;NULL;NULL;NULL;NULL;NULL;NULL;6;6;0;6;1;0;4;4;0;4;1;0;4;3;1;4;0.75;0.25;4;4;0;4;1;0;NULL;NULL;NULL;NULL;NULL;NULL;NULL;NULL;NULL;NULL;NULL;NULL;NULL;NULL;NULL;NULL;NULL;NULL;NULL;NULL;NULL;NULL;NULL;NULL;3;0;3;3;0;1;5;4;1;5;0.8;0.2;NULL;NULL;NULL;NULL;NULL;NULL;NULL;NULL;NULL;NULL;NULL;NULL;NULL;NULL;NULL;NULL;NULL;NULL;NULL;NULL;NULL;NULL;NULL;NULL;NULL;NULL;NULL;NULL;NULL;NULL;NULL;NULL;NULL;NULL;NULL;NULL;21;1;3;21;0.047619048;0.142857143;NULL;NULL;NULL;NULL;NULL;NULL;NULL;NULL;NULL;NULL;NULL;NULL;No
Male;Yes;No;8;7;6;1;7;0.857142857;0.142857143;5;5;0;5;1;0;5;5;0;5;1;0;4;2;2;4;0.5;0.5;2;2;0;2;1;0;3;3;0;3;1;0;5;5;0;5;1;0;4;4;0;4;1;0;2;0;2;2;0;1;7;7;0;7;1;0;1;0;1;1;0;1;3;2;1;3;0.666666667;0.333333333;NULL;NULL;NULL;NULL;NULL;NULL;4;4;0;4;1;0;3;3;0;3;1;0;3;3;0;3;1;0;3;2;1;3;0.666666667;0.333333333;NULL;NULL;NULL;NULL;NULL;NULL;NULL;NULL;NULL;NULL;NULL;NULL;NULL;NULL;NULL;NULL;NULL;NULL;NULL;NULL;NULL;NULL;NULL;NULL;3;1;2;3;0.333333333;0.666666667;7;2;5;7;0.285714286;0.714285714;NULL;NULL;NULL;NULL;NULL;NULL;NULL;NULL;NULL;NULL;NULL;NULL;NULL;NULL;NULL;NULL;NULL;NULL;NULL;NULL;NULL;NULL;NULL;NULL;NULL;NULL;NULL;NULL;NULL;NULL;NULL;NULL;NULL;NULL;NULL;NULL;21;1;3;21;0.047619048;0.142857143;NULL;NULL;NULL;NULL;NULL;NULL;NULL;NULL;NULL;NULL;NULL;NULL;No
Female;Yes;No;8;6;6;0;6;1;0;7;7;0;7;1;0;6;6;0;6;1;0;3;3;0;3;1;0;2;2;0;2;1;0;3;3;0;3;1;0;3;3;0;3;1;0;5;5;0;5;1;0;3;3;0;3;1;0;4;4;0;4;1;0;3;3;0;3;1;0;3;3;0;3;1;0;NULL;NULL;NULL;NULL;NULL;NULL;5;5;0;5;1;0;5;5;0;5;1;0;5;5;0;5;1;0;4;4;0;4;1;0;NULL;NULL;NULL;NULL;NULL;NULL;NULL;NULL;NULL;NULL;NULL;NULL;NULL;NULL;NULL;NULL;NULL;NULL;NULL;NULL;NULL;NULL;NULL;NULL;3;1;2;3;0.333333333;0.666666667;4;4;0;4;1;0;NULL;NULL;NULL;NULL;NULL;NULL;NULL;NULL;NULL;NULL;NULL;NULL;NULL;NULL;NULL;NULL;NULL;NULL;NULL;NULL;NULL;NULL;NULL;NULL;NULL;NULL;NULL;NULL;NULL;NULL;NULL;NULL;NULL;NULL;NULL;NULL;8;1;0;8;125;0;NULL;NULL;NULL;NULL;NULL;NULL;NULL;NULL;NULL;NULL;NULL;NULL;No
Female;Yes;No;8;8;8;0;8;1;0;8;8;0;8;1;0;6;6;0;6;1;0;2;1;1;2;0.5;0.5;4;3;1;4;0.75;0.25;5;5;0;5;1;0;3;3;0;3;1;0;4;1;3;4;0.25;0.75;3;2;1;3;0.666666667;0.333333333;6;5;1;6;0.833333333;0.166666667;5;4;1;5;0.8;0.2;6;6;0;6;1;0;NULL;NULL;NULL;NULL;NULL;NULL;8;8;0;8;1;0;6;6;0;6;1;0;5;5;0;5;1;0;5;5;0;5;1;0;NULL;NULL;NULL;NULL;NULL;NULL;NULL;NULL;NULL;NULL;NULL;NULL;NULL;NULL;NULL;NULL;NULL;NULL;NULL;NULL;NULL;NULL;NULL;NULL;4;2;2;4;0.5;0.5;5;3;2;5;0.6;0.4;NULL;NULL;NULL;NULL;NULL;NULL;NULL;NULL;NULL;NULL;NULL;NULL;NULL;NULL;NULL;NULL;NULL;NULL;NULL;NULL;NULL;NULL;NULL;NULL;NULL;NULL;NULL;NULL;NULL;NULL;NULL;NULL;NULL;NULL;NULL;NULL;21;2;2;21;0.095238095;0.095238095;NULL;NULL;NULL;NULL;NULL;NULL;NULL;NULL;NULL;NULL;NULL;NULL;No
Female;Yes;No;8;3;3;0;3;1;0;9;9;0;9;1;0;5;5;0;5;1;0;2;2;0;2;1;0;3;3;0;3;1;0;1;1;0;1;1;0;2;2;0;2;1;0;1;1;0;1;1;0;2;2;0;2;1;0;5;5;0;5;1;0;2;2;0;2;1;0;4;4;0;4;1;0;NULL;NULL;NULL;NULL;NULL;NULL;8;8;0;8;1;0;6;6;0;6;1;0;3;3;0;3;1;0;6;6;0;6;1;0;NULL;NULL;NULL;NULL;NULL;NULL;NULL;NULL;NULL;NULL;NULL;NULL;NULL;NULL;NULL;NULL;NULL;NULL;NULL;NULL;NULL;NULL;NULL;NULL;3;2;1;3;0.666666667;0.333333333;6;5;1;6;0.833333333;0.166666667;NULL;NULL;NULL;NULL;NULL;NULL;NULL;NULL;NULL;NULL;NULL;NULL;NULL;NULL;NULL;NULL;NULL;NULL;NULL;NULL;NULL;NULL;NULL;NULL;NULL;NULL;NULL;NULL;NULL;NULL;NULL;NULL;NULL;NULL;NULL;NULL;21;2;2;21;0.095238095;0.095238095;NULL;NULL;NULL;NULL;NULL;NULL;NULL;NULL;NULL;NULL;NULL;NULL;No
Male;Yes;No;8;6;6;0;6;1;0;8;8;0;8;1;0;2;0;2;2;0;1;3;3;0;3;1;0;3;3;0;3;1;0;3;1;2;3;0.333333333;0.666666667;6;6;0;6;1;0;4;4;0;4;1;0;3;2;1;3;0.666666667;0.333333333;1;0;1;1;0;1;5;4;1;5;0.8;0.2;5;5;0;5;1;0;NULL;NULL;NULL;NULL;NULL;NULL;7;7;0;7;1;0;5;5;0;5;1;0;5;5;0;5;1;0;6;6;0;6;1;0;NULL;NULL;NULL;NULL;NULL;NULL;NULL;NULL;NULL;NULL;NULL;NULL;NULL;NULL;NULL;NULL;NULL;NULL;NULL;NULL;NULL;NULL;NULL;NULL;7;7;0;7;1;0;4;3;1;4;0.75;0.25;NULL;NULL;NULL;NULL;NULL;NULL;NULL;NULL;NULL;NULL;NULL;NULL;NULL;NULL;NULL;NULL;NULL;NULL;NULL;NULL;NULL;NULL;NULL;NULL;NULL;NULL;NULL;NULL;NULL;NULL;NULL;NULL;NULL;NULL;NULL;NULL;21;3;1;21;0.142857143;0.047619048;NULL;NULL;NULL;NULL;NULL;NULL;NULL;NULL;NULL;NULL;NULL;NULL;No
Male;Yes;No;8;4;4;0;4;1;0;5;5;0;5;1;0;5;5;0;5;1;0;3;3;0;3;1;0;5;5;0;5;1;0;4;4;0;4;1;0;1;0;1;1;0;1;4;4;0;4;1;0;3;1;2;3;0.333333333;0.666666667;4;4;0;4;1;0;2;2;0;2;1;0;2;1;1;2;0.5;0.5;NULL;NULL;NULL;NULL;NULL;NULL;7;7;0;7;1;0;5;5;0;5;1;0;5;5;0;5;1;0;3;3;0;3;1;0;NULL;NULL;NULL;NULL;NULL;NULL;NULL;NULL;NULL;NULL;NULL;NULL;NULL;NULL;NULL;NULL;NULL;NULL;NULL;NULL;NULL;NULL;NULL;NULL;2;2;0;2;1;0;3;3;0;3;1;0;NULL;NULL;NULL;NULL;NULL;NULL;NULL;NULL;NULL;NULL;NULL;NULL;NULL;NULL;NULL;NULL;NULL;NULL;NULL;NULL;NULL;NULL;NULL;NULL;NULL;NULL;NULL;NULL;NULL;NULL;NULL;NULL;NULL;NULL;NULL;NULL;21;2;2;21;0.095238095;0.095238095;NULL;NULL;NULL;NULL;NULL;NULL;NULL;NULL;NULL;NULL;NULL;NULL;No
Male;Yes;No;8;9;0;9;9;0;1;19;4;15;19;0.210526316;0.789473684;36;2;34;36;0.055555556;0.944444444;5;0;5;5;0;1;4;4;0;4;1;0;7;0;7;7;0;1;3;0;3;3;0;1;24;5;19;24;0.208333333;0.791666667;6;2;4;6;0.333333333;0.666666667;5;1;4;5;0.2;0.8;5;0;5;5;0;1;5;5;0;5;1;0;NULL;NULL;NULL;NULL;NULL;NULL;7;7;0;7;1;0;3;2;1;3;0.666666667;0.333333333;4;3;1;4;0.75;0.25;4;4;0;4;1;0;NULL;NULL;NULL;NULL;NULL;NULL;NULL;NULL;NULL;NULL;NULL;NULL;NULL;NULL;NULL;NULL;NULL;NULL;NULL;NULL;NULL;NULL;NULL;NULL;5;1;4;5;0.2;0.8;18;3;15;18;0.166666667;0.833333333;NULL;NULL;NULL;NULL;NULL;NULL;NULL;NULL;NULL;NULL;NULL;NULL;NULL;NULL;NULL;NULL;NULL;NULL;NULL;NULL;NULL;NULL;NULL;NULL;NULL;NULL;NULL;NULL;NULL;NULL;NULL;NULL;NULL;NULL;NULL;NULL;21;0;4;21;0;0.19047619;NULL;NULL;NULL;NULL;NULL;NULL;NULL;NULL;NULL;NULL;NULL;NULL;No
Male;Yes;No;8;8;8;0;8;1;0;7;7;0;7;1;0;6;5;1;6;0.833333333;0.166666667;3;3;0;3;1;0;5;5;0;5;1;0;3;2;1;3;0.666666667;0.333333333;5;5;0;5;1;0;4;4;0;4;1;0;3;1;2;3;0.333333333;0.666666667;5;5;0;5;1;0;2;2;0;2;1;0;3;1;2;3;0.333333333;0.666666667;NULL;NULL;NULL;NULL;NULL;NULL;5;5;0;5;1;0;5;5;0;5;1;0;4;4;0;4;1;0;2;2;0;2;1;0;NULL;NULL;NULL;NULL;NULL;NULL;NULL;NULL;NULL;NULL;NULL;NULL;NULL;NULL;NULL;NULL;NULL;NULL;NULL;NULL;NULL;NULL;NULL;NULL;4;3;1;4;0.75;0.25;3;3;0;3;1;0;NULL;NULL;NULL;NULL;NULL;NULL;NULL;NULL;NULL;NULL;NULL;NULL;NULL;NULL;NULL;NULL;NULL;NULL;NULL;NULL;NULL;NULL;NULL;NULL;NULL;NULL;NULL;NULL;NULL;NULL;NULL;NULL;NULL;NULL;NULL;NULL;21;1;3;21;0.047619048;0.142857143;NULL;NULL;NULL;NULL;NULL;NULL;NULL;NULL;NULL;NULL;NULL;NULL;No
Female;Yes;No;8;9;9;0;9;1;0;10;10;0;10;1;0;5;5;0;5;1;0;4;4;0;4;1;0;5;4;1;5;0.8;0.2;4;4;0;4;1;0;5;5;0;5;1;0;5;5;0;5;1;0;1;1;0;1;1;0;9;9;0;9;1;0;3;3;0;3;1;0;3;2;1;3;0.666666667;0.333333333;NULL;NULL;NULL;NULL;NULL;NULL;7;7;0;7;1;0;4;4;0;4;1;0;6;6;0;6;1;0;5;5;0;5;1;0;NULL;NULL;NULL;NULL;NULL;NULL;NULL;NULL;NULL;NULL;NULL;NULL;NULL;NULL;NULL;NULL;NULL;NULL;NULL;NULL;NULL;NULL;NULL;NULL;3;3;0;3;1;0;6;6;0;6;1;0;NULL;NULL;NULL;NULL;NULL;NULL;NULL;NULL;NULL;NULL;NULL;NULL;NULL;NULL;NULL;NULL;NULL;NULL;NULL;NULL;NULL;NULL;NULL;NULL;NULL;NULL;NULL;NULL;NULL;NULL;NULL;NULL;NULL;NULL;NULL;NULL;21;3;1;21;0.142857143;0.047619048;NULL;NULL;NULL;NULL;NULL;NULL;NULL;NULL;NULL;NULL;NULL;NULL;No
Female;Yes;No;8;8;8;0;8;1;0;9;9;0;9;1;0;7;7;0;7;1;0;4;4;0;4;1;0;7;7;0;7;1;0;6;6;0;6;1;0;7;7;0;7;1;0;6;5;1;6;0.833333333;0.166666667;4;4;0;4;1;0;8;8;0;8;1;0;2;2;0;2;1;0;6;5;1;6;0.833333333;0.166666667;NULL;NULL;NULL;NULL;NULL;NULL;6;6;0;6;1;0;6;5;1;6;0.833333333;0.166666667;5;5;0;5;1;0;5;5;0;5;1;0;NULL;NULL;NULL;NULL;NULL;NULL;NULL;NULL;NULL;NULL;NULL;NULL;NULL;NULL;NULL;NULL;NULL;NULL;NULL;NULL;NULL;NULL;NULL;NULL;5;4;1;5;0.8;0.2;6;5;1;6;0.833333333;0.166666667;NULL;NULL;NULL;NULL;NULL;NULL;NULL;NULL;NULL;NULL;NULL;NULL;NULL;NULL;NULL;NULL;NULL;NULL;NULL;NULL;NULL;NULL;NULL;NULL;NULL;NULL;NULL;NULL;NULL;NULL;NULL;NULL;NULL;NULL;NULL;NULL;21;2;2;21;0.095238095;0.095238095;NULL;NULL;NULL;NULL;NULL;NULL;NULL;NULL;NULL;NULL;NULL;NULL;No
Female;Yes;No;8;8;8;0;8;1;0;10;9;1;10;0.9;0.1;8;6;2;8;0.75;0.25;1;0;1;1;0;1;5;2;3;5;0.4;0.6;4;1;3;4;0.25;0.75;6;3;3;6;0.5;0.5;4;2;2;4;0.5;0.5;3;2;1;3;0.666666667;0.333333333;6;4;2;6;0.666666667;0.333333333;2;1;1;2;0.5;0.5;7;4;3;7;0.571428571;0.428571429;NULL;NULL;NULL;NULL;NULL;NULL;8;8;0;8;1;0;4;4;0;4;1;0;6;6;0;6;1;0;4;4;0;4;1;0;NULL;NULL;NULL;NULL;NULL;NULL;NULL;NULL;NULL;NULL;NULL;NULL;NULL;NULL;NULL;NULL;NULL;NULL;NULL;NULL;NULL;NULL;NULL;NULL;4;2;2;4;0.5;0.5;3;1;2;3;0.333333333;0.666666667;NULL;NULL;NULL;NULL;NULL;NULL;NULL;NULL;NULL;NULL;NULL;NULL;NULL;NULL;NULL;NULL;NULL;NULL;NULL;NULL;NULL;NULL;NULL;NULL;NULL;NULL;NULL;NULL;NULL;NULL;NULL;NULL;NULL;NULL;NULL;NULL;21;0;4;21;0;0.19047619;NULL;NULL;NULL;NULL;NULL;NULL;NULL;NULL;NULL;NULL;NULL;NULL;No
Male;Yes;No;8;1;1;0;1;1;0;3;3;0;3;1;0;6;6;0;6;1;0;5;4;1;5;0.8;0.2;3;3;0;3;1;0;4;4;0;4;1;0;5;5;0;5;1;0;3;2;1;3;0.666666667;0.333333333;3;3;0;3;1;0;4;3;1;4;0.75;0.25;1;0;1;1;0;1;2;1;1;2;0.5;0.5;NULL;NULL;NULL;NULL;NULL;NULL;8;7;1;8;875;125;3;3;0;3;1;0;2;2;0;2;1;0;3;3;0;3;1;0;NULL;NULL;NULL;NULL;NULL;NULL;NULL;NULL;NULL;NULL;NULL;NULL;NULL;NULL;NULL;NULL;NULL;NULL;NULL;NULL;NULL;NULL;NULL;NULL;4;4;0;4;1;0;3;1;2;3;0.333333333;0.666666667;NULL;NULL;NULL;NULL;NULL;NULL;NULL;NULL;NULL;NULL;NULL;NULL;NULL;NULL;NULL;NULL;NULL;NULL;NULL;NULL;NULL;NULL;NULL;NULL;NULL;NULL;NULL;NULL;NULL;NULL;NULL;NULL;NULL;NULL;NULL;NULL;21;0;4;21;0;0.19047619;NULL;NULL;NULL;NULL;NULL;NULL;NULL;NULL;NULL;NULL;NULL;NULL;No
Female;Yes;No;8;6;6;0;6;1;0;8;8;0;8;1;0;6;6;0;6;1;0;4;4;0;4;1;0;4;4;0;4;1;0;1;1;0;1;1;0;5;5;0;5;1;0;6;6;0;6;1;0;3;1;2;3;0.333333333;0.666666667;5;5;0;5;1;0;3;2;1;3;0.666666667;0.333333333;3;3;0;3;1;0;NULL;NULL;NULL;NULL;NULL;NULL;8;8;0;8;1;0;4;4;0;4;1;0;5;5;0;5;1;0;4;4;0;4;1;0;NULL;NULL;NULL;NULL;NULL;NULL;NULL;NULL;NULL;NULL;NULL;NULL;NULL;NULL;NULL;NULL;NULL;NULL;NULL;NULL;NULL;NULL;NULL;NULL;3;2;1;3;0.666666667;0.333333333;1;1;0;1;1;0;NULL;NULL;NULL;NULL;NULL;NULL;NULL;NULL;NULL;NULL;NULL;NULL;NULL;NULL;NULL;NULL;NULL;NULL;NULL;NULL;NULL;NULL;NULL;NULL;NULL;NULL;NULL;NULL;NULL;NULL;NULL;NULL;NULL;NULL;NULL;NULL;21;1;3;21;0.047619048;0.142857143;NULL;NULL;NULL;NULL;NULL;NULL;NULL;NULL;NULL;NULL;NULL;NULL;No
Female;Yes;No;8;8;8;0;8;1;0;7;7;0;7;1;0;6;6;0;6;1;0;2;2;0;2;1;0;5;5;0;5;1;0;2;2;0;2;1;0;4;4;0;4;1;0;4;3;1;4;0.75;0.25;1;0;1;1;0;1;6;6;0;6;1;0;5;3;2;5;0.6;0.4;2;2;0;2;1;0;NULL;NULL;NULL;NULL;NULL;NULL;6;6;0;6;1;0;2;1;1;2;0.5;0.5;5;5;0;5;1;0;4;3;1;4;0.75;0.25;NULL;NULL;NULL;NULL;NULL;NULL;NULL;NULL;NULL;NULL;NULL;NULL;NULL;NULL;NULL;NULL;NULL;NULL;NULL;NULL;NULL;NULL;NULL;NULL;3;3;0;3;1;0;4;4;0;4;1;0;NULL;NULL;NULL;NULL;NULL;NULL;NULL;NULL;NULL;NULL;NULL;NULL;NULL;NULL;NULL;NULL;NULL;NULL;NULL;NULL;NULL;NULL;NULL;NULL;NULL;NULL;NULL;NULL;NULL;NULL;NULL;NULL;NULL;NULL;NULL;NULL;19;0;3;19;0;0.157894737;NULL;NULL;NULL;NULL;NULL;NULL;NULL;NULL;NULL;NULL;NULL;NULL;No
Female;Yes;No;8;5;5;0;5;1;0;5;5;0;5;1;0;3;3;0;3;1;0;2;2;0;2;1;0;2;2;0;2;1;0;2;2;0;2;1;0;5;5;0;5;1;0;3;3;0;3;1;0;3;3;0;3;1;0;4;4;0;4;1;0;2;2;0;2;1;0;5;4;1;5;0.8;0.2;NULL;NULL;NULL;NULL;NULL;NULL;3;3;0;3;1;0;3;3;0;3;1;0;3;3;0;3;1;0;2;2;0;2;1;0;NULL;NULL;NULL;NULL;NULL;NULL;NULL;NULL;NULL;NULL;NULL;NULL;NULL;NULL;NULL;NULL;NULL;NULL;NULL;NULL;NULL;NULL;NULL;NULL;3;3;0;3;1;0;3;3;0;3;1;0;NULL;NULL;NULL;NULL;NULL;NULL;NULL;NULL;NULL;NULL;NULL;NULL;NULL;NULL;NULL;NULL;NULL;NULL;NULL;NULL;NULL;NULL;NULL;NULL;NULL;NULL;NULL;NULL;NULL;NULL;NULL;NULL;NULL;NULL;NULL;NULL;21;1;3;21;0.047619048;0.142857143;NULL;NULL;NULL;NULL;NULL;NULL;NULL;NULL;NULL;NULL;NULL;NULL;No
Female;Yes;No;8;4;4;0;4;1;0;5;5;0;5;1;0;5;5;0;5;1;0;3;3;0;3;1;0;6;6;0;6;1;0;3;3;0;3;1;0;6;6;0;6;1;0;3;2;1;3;0.666666667;0.333333333;3;3;0;3;1;0;6;6;0;6;1;0;5;5;0;5;1;0;5;4;1;5;0.8;0.2;NULL;NULL;NULL;NULL;NULL;NULL;5;5;0;5;1;0;3;3;0;3;1;0;5;5;0;5;1;0;4;4;0;4;1;0;NULL;NULL;NULL;NULL;NULL;NULL;NULL;NULL;NULL;NULL;NULL;NULL;NULL;NULL;NULL;NULL;NULL;NULL;NULL;NULL;NULL;NULL;NULL;NULL;3;3;0;3;1;0;3;3;0;3;1;0;NULL;NULL;NULL;NULL;NULL;NULL;NULL;NULL;NULL;NULL;NULL;NULL;NULL;NULL;NULL;NULL;NULL;NULL;NULL;NULL;NULL;NULL;NULL;NULL;NULL;NULL;NULL;NULL;NULL;NULL;NULL;NULL;NULL;NULL;NULL;NULL;21;1;3;21;0.047619048;0.142857143;NULL;NULL;NULL;NULL;NULL;NULL;NULL;NULL;NULL;NULL;NULL;NULL;No
Female;Yes;No;8;5;5;0;5;1;0;7;7;0;7;1;0;6;6;0;6;1;0;4;4;0;4;1;0;3;1;2;3;0.333333333;0.666666667;4;2;2;4;0.5;0.5;5;4;1;5;0.8;0.2;4;3;1;4;0.75;0.25;3;2;1;3;0.666666667;0.333333333;4;0;4;4;0;1;4;4;0;4;1;0;4;4;0;4;1;0;NULL;NULL;NULL;NULL;NULL;NULL;6;5;1;6;0.833333333;0.166666667;3;3;0;3;1;0;5;5;0;5;1;0;4;4;0;4;1;0;NULL;NULL;NULL;NULL;NULL;NULL;NULL;NULL;NULL;NULL;NULL;NULL;NULL;NULL;NULL;NULL;NULL;NULL;NULL;NULL;NULL;NULL;NULL;NULL;5;3;2;5;0.6;0.4;4;4;0;4;1;0;NULL;NULL;NULL;NULL;NULL;NULL;NULL;NULL;NULL;NULL;NULL;NULL;NULL;NULL;NULL;NULL;NULL;NULL;NULL;NULL;NULL;NULL;NULL;NULL;NULL;NULL;NULL;NULL;NULL;NULL;NULL;NULL;NULL;NULL;NULL;NULL;21;1;3;21;0.047619048;0.142857143;NULL;NULL;NULL;NULL;NULL;NULL;NULL;NULL;NULL;NULL;NULL;NULL;No
Male;Yes;No;8;3;3;0;3;1;0;9;9;0;9;1;0;5;5;0;5;1;0;3;3;0;3;1;0;6;6;0;6;1;0;6;5;1;6;0.833333333;0.166666667;4;4;0;4;1;0;9;8;1;9;0.888888889;0.111111111;3;2;1;3;0.666666667;0.333333333;8;8;0;8;1;0;5;5;0;5;1;0;3;3;0;3;1;0;NULL;NULL;NULL;NULL;NULL;NULL;7;7;0;7;1;0;6;6;0;6;1;0;6;5;1;6;0.833333333;0.166666667;4;3;1;4;0.75;0.25;NULL;NULL;NULL;NULL;NULL;NULL;NULL;NULL;NULL;NULL;NULL;NULL;NULL;NULL;NULL;NULL;NULL;NULL;NULL;NULL;NULL;NULL;NULL;NULL;5;5;0;5;1;0;5;4;1;5;0.8;0.2;NULL;NULL;NULL;NULL;NULL;NULL;NULL;NULL;NULL;NULL;NULL;NULL;NULL;NULL;NULL;NULL;NULL;NULL;NULL;NULL;NULL;NULL;NULL;NULL;NULL;NULL;NULL;NULL;NULL;NULL;NULL;NULL;NULL;NULL;NULL;NULL;21;3;1;21;0.142857143;0.047619048;NULL;NULL;NULL;NULL;NULL;NULL;NULL;NULL;NULL;NULL;NULL;NULL;No
Female;Yes;No;8;6;6;0;6;1;0;8;8;0;8;1;0;4;4;0;4;1;0;7;0;7;7;0;1;4;4;0;4;1;0;2;0;2;2;0;1;3;3;0;3;1;0;4;4;0;4;1;0;3;3;0;3;1;0;5;5;0;5;1;0;3;3;0;3;1;0;3;3;0;3;1;0;NULL;NULL;NULL;NULL;NULL;NULL;7;7;0;7;1;0;4;4;0;4;1;0;6;6;0;6;1;0;2;2;0;2;1;0;NULL;NULL;NULL;NULL;NULL;NULL;NULL;NULL;NULL;NULL;NULL;NULL;NULL;NULL;NULL;NULL;NULL;NULL;NULL;NULL;NULL;NULL;NULL;NULL;3;2;1;3;0.666666667;0.333333333;5;5;0;5;1;0;NULL;NULL;NULL;NULL;NULL;NULL;NULL;NULL;NULL;NULL;NULL;NULL;NULL;NULL;NULL;NULL;NULL;NULL;NULL;NULL;NULL;NULL;NULL;NULL;NULL;NULL;NULL;NULL;NULL;NULL;NULL;NULL;NULL;NULL;NULL;NULL;19;2;1;19;0.105263158;0.052631579;NULL;NULL;NULL;NULL;NULL;NULL;NULL;NULL;NULL;NULL;NULL;NULL;No
Female;Yes;No;8;4;4;0;4;1;0;5;5;0;5;1;0;4;4;0;4;1;0;3;3;0;3;1;0;2;2;0;2;1;0;1;1;0;1;1;0;2;2;0;2;1;0;2;2;0;2;1;0;4;4;0;4;1;0;3;1;2;3;0.333333333;0.666666667;4;4;0;4;1;0;4;3;1;4;0.75;0.25;NULL;NULL;NULL;NULL;NULL;NULL;5;5;0;5;1;0;4;4;0;4;1;0;4;4;0;4;1;0;3;3;0;3;1;0;NULL;NULL;NULL;NULL;NULL;NULL;NULL;NULL;NULL;NULL;NULL;NULL;NULL;NULL;NULL;NULL;NULL;NULL;NULL;NULL;NULL;NULL;NULL;NULL;7;4;3;7;0.571428571;0.428571429;3;3;0;3;1;0;NULL;NULL;NULL;NULL;NULL;NULL;NULL;NULL;NULL;NULL;NULL;NULL;NULL;NULL;NULL;NULL;NULL;NULL;NULL;NULL;NULL;NULL;NULL;NULL;NULL;NULL;NULL;NULL;NULL;NULL;NULL;NULL;NULL;NULL;NULL;NULL;19;0;3;19;0;0.157894737;NULL;NULL;NULL;NULL;NULL;NULL;NULL;NULL;NULL;NULL;NULL;NULL;No
Female;Yes;No;8;8;8;0;8;1;0;9;9;0;9;1;0;5;5;0;5;1;0;4;4;0;4;1;0;5;5;0;5;1;0;3;3;0;3;1;0;4;4;0;4;1;0;5;5;0;5;1;0;2;2;0;2;1;0;7;6;1;7;0.857142857;0.142857143;6;6;0;6;1;0;2;2;0;2;1;0;NULL;NULL;NULL;NULL;NULL;NULL;8;8;0;8;1;0;5;5;0;5;1;0;3;3;0;3;1;0;4;4;0;4;1;0;NULL;NULL;NULL;NULL;NULL;NULL;NULL;NULL;NULL;NULL;NULL;NULL;NULL;NULL;NULL;NULL;NULL;NULL;NULL;NULL;NULL;NULL;NULL;NULL;3;2;1;3;0.666666667;0.333333333;2;1;1;2;0.5;0.5;NULL;NULL;NULL;NULL;NULL;NULL;NULL;NULL;NULL;NULL;NULL;NULL;NULL;NULL;NULL;NULL;NULL;NULL;NULL;NULL;NULL;NULL;NULL;NULL;NULL;NULL;NULL;NULL;NULL;NULL;NULL;NULL;NULL;NULL;NULL;NULL;9;0;0;9;0;0;NULL;NULL;NULL;NULL;NULL;NULL;NULL;NULL;NULL;NULL;NULL;NULL;No
Female;Yes;No;8;7;7;0;7;1;0;8;7;1;8;875;125;8;7;1;8;875;125;5;5;0;5;1;0;4;4;0;4;1;0;4;4;0;4;1;0;6;6;0;6;1;0;4;4;0;4;1;0;1;1;0;1;1;0;7;7;0;7;1;0;3;2;1;3;0.666666667;0.333333333;3;3;0;3;1;0;NULL;NULL;NULL;NULL;NULL;NULL;8;8;0;8;1;0;5;5;0;5;1;0;5;5;0;5;1;0;5;5;0;5;1;0;NULL;NULL;NULL;NULL;NULL;NULL;NULL;NULL;NULL;NULL;NULL;NULL;NULL;NULL;NULL;NULL;NULL;NULL;NULL;NULL;NULL;NULL;NULL;NULL;5;5;0;5;1;0;3;3;0;3;1;0;NULL;NULL;NULL;NULL;NULL;NULL;NULL;NULL;NULL;NULL;NULL;NULL;NULL;NULL;NULL;NULL;NULL;NULL;NULL;NULL;NULL;NULL;NULL;NULL;NULL;NULL;NULL;NULL;NULL;NULL;NULL;NULL;NULL;NULL;NULL;NULL;21;0;4;21;0;0.19047619;NULL;NULL;NULL;NULL;NULL;NULL;NULL;NULL;NULL;NULL;NULL;NULL;No
Male;Yes;No;8;9;9;0;9;1;0;10;10;0;10;1;0;6;6;0;6;1;0;4;4;0;4;1;0;1;0;1;1;0;1;3;2;1;3;0.666666667;0.333333333;3;3;0;3;1;0;4;4;0;4;1;0;3;1;2;3;0.333333333;0.666666667;7;6;1;7;0.857142857;0.142857143;5;5;0;5;1;0;5;5;0;5;1;0;NULL;NULL;NULL;NULL;NULL;NULL;7;7;0;7;1;0;6;6;0;6;1;0;3;3;0;3;1;0;6;5;1;6;0.833333333;0.166666667;NULL;NULL;NULL;NULL;NULL;NULL;NULL;NULL;NULL;NULL;NULL;NULL;NULL;NULL;NULL;NULL;NULL;NULL;NULL;NULL;NULL;NULL;NULL;NULL;5;3;2;5;0.6;0.4;5;4;1;5;0.8;0.2;NULL;NULL;NULL;NULL;NULL;NULL;NULL;NULL;NULL;NULL;NULL;NULL;NULL;NULL;NULL;NULL;NULL;NULL;NULL;NULL;NULL;NULL;NULL;NULL;NULL;NULL;NULL;NULL;NULL;NULL;NULL;NULL;NULL;NULL;NULL;NULL;15;1;2;15;0.066666667;0.133333333;NULL;NULL;NULL;NULL;NULL;NULL;NULL;NULL;NULL;NULL;NULL;NULL;No
Female;Yes;No;8;9;9;0;9;1;0;9;9;0;9;1;0;6;6;0;6;1;0;4;4;0;4;1;0;6;6;0;6;1;0;2;2;0;2;1;0;6;6;0;6;1;0;3;2;1;3;0.666666667;0.333333333;1;1;0;1;1;0;7;7;0;7;1;0;4;4;0;4;1;0;2;2;0;2;1;0;NULL;NULL;NULL;NULL;NULL;NULL;8;8;0;8;1;0;5;5;0;5;1;0;6;6;0;6;1;0;4;4;0;4;1;0;NULL;NULL;NULL;NULL;NULL;NULL;NULL;NULL;NULL;NULL;NULL;NULL;NULL;NULL;NULL;NULL;NULL;NULL;NULL;NULL;NULL;NULL;NULL;NULL;6;5;1;6;0.833333333;0.166666667;5;5;0;5;1;0;NULL;NULL;NULL;NULL;NULL;NULL;NULL;NULL;NULL;NULL;NULL;NULL;NULL;NULL;NULL;NULL;NULL;NULL;NULL;NULL;NULL;NULL;NULL;NULL;NULL;NULL;NULL;NULL;NULL;NULL;NULL;NULL;NULL;NULL;NULL;NULL;21;2;2;21;0.095238095;0.095238095;NULL;NULL;NULL;NULL;NULL;NULL;NULL;NULL;NULL;NULL;NULL;NULL;No
Female;Yes;No;8;11;11;0;11;1;0;8;8;0;8;1;0;5;5;0;5;1;0;4;4;0;4;1;0;3;3;0;3;1;0;3;3;0;3;1;0;6;6;0;6;1;0;2;2;0;2;1;0;2;1;1;2;0.5;0.5;6;5;1;6;0.833333333;0.166666667;1;1;0;1;1;0;4;4;0;4;1;0;NULL;NULL;NULL;NULL;NULL;NULL;9;9;0;9;1;0;5;5;0;5;1;0;3;2;1;3;0.666666667;0.333333333;4;2;2;4;0.5;0.5;NULL;NULL;NULL;NULL;NULL;NULL;NULL;NULL;NULL;NULL;NULL;NULL;NULL;NULL;NULL;NULL;NULL;NULL;NULL;NULL;NULL;NULL;NULL;NULL;10;4;6;10;0.4;0.6;9;3;6;9;0.333333333;0.666666667;NULL;NULL;NULL;NULL;NULL;NULL;NULL;NULL;NULL;NULL;NULL;NULL;NULL;NULL;NULL;NULL;NULL;NULL;NULL;NULL;NULL;NULL;NULL;NULL;NULL;NULL;NULL;NULL;NULL;NULL;NULL;NULL;NULL;NULL;NULL;NULL;19;1;2;19;0.052631579;0.105263158;NULL;NULL;NULL;NULL;NULL;NULL;NULL;NULL;NULL;NULL;NULL;NULL;No
Male;Yes;No;8;8;8;0;8;1;0;9;9;0;9;1;0;7;7;0;7;1;0;3;3;0;3;1;0;6;2;4;6;0.333333333;0.666666667;6;2;4;6;0.333333333;0.666666667;13;1;12;13;0.076923077;0.923076923;4;1;3;4;0.25;0.75;28;3;25;28;0.107142857;0.892857143;7;7;0;7;1;0;4;4;0;4;1;0;5;3;2;5;0.6;0.4;NULL;NULL;NULL;NULL;NULL;NULL;8;8;0;8;1;0;6;6;0;6;1;0;6;5;1;6;0.833333333;0.166666667;7;7;0;7;1;0;NULL;NULL;NULL;NULL;NULL;NULL;NULL;NULL;NULL;NULL;NULL;NULL;NULL;NULL;NULL;NULL;NULL;NULL;NULL;NULL;NULL;NULL;NULL;NULL;4;2;2;4;0.5;0.5;7;1;6;7;0.142857143;0.857142857;NULL;NULL;NULL;NULL;NULL;NULL;NULL;NULL;NULL;NULL;NULL;NULL;NULL;NULL;NULL;NULL;NULL;NULL;NULL;NULL;NULL;NULL;NULL;NULL;NULL;NULL;NULL;NULL;NULL;NULL;NULL;NULL;NULL;NULL;NULL;NULL;21;1;3;21;0.047619048;0.142857143;NULL;NULL;NULL;NULL;NULL;NULL;NULL;NULL;NULL;NULL;NULL;NULL;No
Male;Yes;No;8;1;1;0;1;1;0;4;4;0;4;1;0;3;3;0;3;1;0;8;0;8;8;0;1;5;4;1;5;0.8;0.2;22;2;20;22;0.090909091;0.909090909;14;3;11;14;0.214285714;0.785714286;43;6;37;43;0.139534884;0.860465116;46;4;42;46;0.086956522;0.913043478;36;16;20;36;0.444444444;0.555555556;45;8;37;45;0.177777778;0.822222222;44;3;41;44;0.068181818;0.931818182;NULL;NULL;NULL;NULL;NULL;NULL;37;0;37;37;0;1;35;3;32;35;0.085714286;0.914285714;5;5;0;5;1;0;4;3;1;4;0.75;0.25;NULL;NULL;NULL;NULL;NULL;NULL;NULL;NULL;NULL;NULL;NULL;NULL;NULL;NULL;NULL;NULL;NULL;NULL;NULL;NULL;NULL;NULL;NULL;NULL;13;6;7;13;0.461538462;0.538461538;10;6;4;10;0.6;0.4;NULL;NULL;NULL;NULL;NULL;NULL;NULL;NULL;NULL;NULL;NULL;NULL;NULL;NULL;NULL;NULL;NULL;NULL;NULL;NULL;NULL;NULL;NULL;NULL;NULL;NULL;NULL;NULL;NULL;NULL;NULL;NULL;NULL;NULL;NULL;NULL;21;1;3;21;0.047619048;0.142857143;NULL;NULL;NULL;NULL;NULL;NULL;NULL;NULL;NULL;NULL;NULL;NULL;No
Female;Yes;No;8;6;5;1;6;0.833333333;0.166666667;6;5;1;6;0.833333333;0.166666667;9;7;2;9;0.777777778;0.222222222;3;1;2;3;0.333333333;0.666666667;4;4;0;4;1;0;1;0;1;1;0;1;4;4;0;4;1;0;2;1;1;2;0.5;0.5;0;0;0;0;0;0;7;5;2;7;0.714285714;0.285714286;3;3;0;3;1;0;4;3;1;4;0.75;0.25;NULL;NULL;NULL;NULL;NULL;NULL;5;3;2;5;0.6;0.4;4;4;0;4;1;0;2;2;0;2;1;0;4;3;1;4;0.75;0.25;NULL;NULL;NULL;NULL;NULL;NULL;NULL;NULL;NULL;NULL;NULL;NULL;NULL;NULL;NULL;NULL;NULL;NULL;NULL;NULL;NULL;NULL;NULL;NULL;5;4;1;5;0.8;0.2;3;3;0;3;1;0;NULL;NULL;NULL;NULL;NULL;NULL;NULL;NULL;NULL;NULL;NULL;NULL;NULL;NULL;NULL;NULL;NULL;NULL;NULL;NULL;NULL;NULL;NULL;NULL;NULL;NULL;NULL;NULL;NULL;NULL;NULL;NULL;NULL;NULL;NULL;NULL;21;2;2;21;0.095238095;0.095238095;NULL;NULL;NULL;NULL;NULL;NULL;NULL;NULL;NULL;NULL;NULL;NULL;No
Male;Yes;No;8;0;0;0;0;0;0;10;10;0;10;1;0;6;6;0;6;1;0;2;2;0;2;1;0;4;3;1;4;0.75;0.25;5;4;1;5;0.8;0.2;6;5;1;6;0.833333333;0.166666667;5;5;0;5;1;0;3;3;0;3;1;0;8;6;2;8;0.75;0.25;3;2;1;3;0.666666667;0.333333333;5;4;1;5;0.8;0.2;NULL;NULL;NULL;NULL;NULL;NULL;9;9;0;9;1;0;6;6;0;6;1;0;6;5;1;6;0.833333333;0.166666667;6;4;2;6;0.666666667;0.333333333;NULL;NULL;NULL;NULL;NULL;NULL;NULL;NULL;NULL;NULL;NULL;NULL;NULL;NULL;NULL;NULL;NULL;NULL;NULL;NULL;NULL;NULL;NULL;NULL;5;5;0;5;1;0;7;5;2;7;0.714285714;0.285714286;NULL;NULL;NULL;NULL;NULL;NULL;NULL;NULL;NULL;NULL;NULL;NULL;NULL;NULL;NULL;NULL;NULL;NULL;NULL;NULL;NULL;NULL;NULL;NULL;NULL;NULL;NULL;NULL;NULL;NULL;NULL;NULL;NULL;NULL;NULL;NULL;21;1;3;21;0.047619048;0.142857143;NULL;NULL;NULL;NULL;NULL;NULL;NULL;NULL;NULL;NULL;NULL;NULL;No
Female;Yes;No;8;0;0;0;0;0;0;0;0;0;0;0;0;5;5;0;5;1;0;5;5;0;5;1;0;6;5;1;6;0.833333333;0.166666667;3;3;0;3;1;0;7;7;0;7;1;0;7;7;0;7;1;0;2;2;0;2;1;0;7;7;0;7;1;0;5;4;1;5;0.8;0.2;3;3;0;3;1;0;NULL;NULL;NULL;NULL;NULL;NULL;8;8;0;8;1;0;2;2;0;2;1;0;4;4;0;4;1;0;3;3;0;3;1;0;NULL;NULL;NULL;NULL;NULL;NULL;NULL;NULL;NULL;NULL;NULL;NULL;NULL;NULL;NULL;NULL;NULL;NULL;NULL;NULL;NULL;NULL;NULL;NULL;5;3;2;5;0.6;0.4;6;6;0;6;1;0;NULL;NULL;NULL;NULL;NULL;NULL;NULL;NULL;NULL;NULL;NULL;NULL;NULL;NULL;NULL;NULL;NULL;NULL;NULL;NULL;NULL;NULL;NULL;NULL;NULL;NULL;NULL;NULL;NULL;NULL;NULL;NULL;NULL;NULL;NULL;NULL;18;3;0;18;0.166666667;0;NULL;NULL;NULL;NULL;NULL;NULL;NULL;NULL;NULL;NULL;NULL;NULL;No
Male;Yes;No;8;9;9;0;9;1;0;8;8;0;8;1;0;5;3;2;5;0.6;0.4;4;4;0;4;1;0;7;7;0;7;1;0;4;4;0;4;1;0;5;5;0;5;1;0;17;3;14;17;0.176470588;0.823529412;4;1;3;4;0.25;0.75;7;7;0;7;1;0;5;5;0;5;1;0;24;5;19;24;0.208333333;0.791666667;NULL;NULL;NULL;NULL;NULL;NULL;7;7;0;7;1;0;4;4;0;4;1;0;4;4;0;4;1;0;4;3;1;4;0.75;0.25;NULL;NULL;NULL;NULL;NULL;NULL;NULL;NULL;NULL;NULL;NULL;NULL;NULL;NULL;NULL;NULL;NULL;NULL;NULL;NULL;NULL;NULL;NULL;NULL;4;4;0;4;1;0;4;4;0;4;1;0;NULL;NULL;NULL;NULL;NULL;NULL;NULL;NULL;NULL;NULL;NULL;NULL;NULL;NULL;NULL;NULL;NULL;NULL;NULL;NULL;NULL;NULL;NULL;NULL;NULL;NULL;NULL;NULL;NULL;NULL;NULL;NULL;NULL;NULL;NULL;NULL;21;2;2;21;0.095238095;0.095238095;NULL;NULL;NULL;NULL;NULL;NULL;NULL;NULL;NULL;NULL;NULL;NULL;No
Female;Yes;No;8;7;7;0;7;1;0;9;9;0;9;1;0;7;7;0;7;1;0;2;2;0;2;1;0;3;3;0;3;1;0;3;3;0;3;1;0;4;4;0;4;1;0;3;3;0;3;1;0;3;3;0;3;1;0;6;5;1;6;0.833333333;0.166666667;3;3;0;3;1;0;6;2;4;6;0.333333333;0.666666667;NULL;NULL;NULL;NULL;NULL;NULL;7;6;1;7;0.857142857;0.142857143;3;2;1;3;0.666666667;0.333333333;3;2;1;3;0.666666667;0.333333333;2;1;1;2;0.5;0.5;NULL;NULL;NULL;NULL;NULL;NULL;NULL;NULL;NULL;NULL;NULL;NULL;NULL;NULL;NULL;NULL;NULL;NULL;NULL;NULL;NULL;NULL;NULL;NULL;6;4;2;6;0.666666667;0.333333333;6;4;2;6;0.666666667;0.333333333;NULL;NULL;NULL;NULL;NULL;NULL;NULL;NULL;NULL;NULL;NULL;NULL;NULL;NULL;NULL;NULL;NULL;NULL;NULL;NULL;NULL;NULL;NULL;NULL;NULL;NULL;NULL;NULL;NULL;NULL;NULL;NULL;NULL;NULL;NULL;NULL;21;1;3;21;0.047619048;0.142857143;NULL;NULL;NULL;NULL;NULL;NULL;NULL;NULL;NULL;NULL;NULL;NULL;No
Female;Yes;No;8;7;7;0;7;1;0;6;6;0;6;1;0;5;5;0;5;1;0;2;2;0;2;1;0;7;6;1;7;0.857142857;0.142857143;3;1;2;3;0.333333333;0.666666667;4;2;2;4;0.5;0.5;7;5;2;7;0.714285714;0.285714286;2;0;2;2;0;1;7;6;1;7;0.857142857;0.142857143;3;2;1;3;0.666666667;0.333333333;5;4;1;5;0.8;0.2;NULL;NULL;NULL;NULL;NULL;NULL;4;4;0;4;1;0;2;2;0;2;1;0;4;4;0;4;1;0;2;2;0;2;1;0;NULL;NULL;NULL;NULL;NULL;NULL;NULL;NULL;NULL;NULL;NULL;NULL;NULL;NULL;NULL;NULL;NULL;NULL;NULL;NULL;NULL;NULL;NULL;NULL;3;1;2;3;0.333333333;0.666666667;3;2;1;3;0.666666667;0.333333333;NULL;NULL;NULL;NULL;NULL;NULL;NULL;NULL;NULL;NULL;NULL;NULL;NULL;NULL;NULL;NULL;NULL;NULL;NULL;NULL;NULL;NULL;NULL;NULL;NULL;NULL;NULL;NULL;NULL;NULL;NULL;NULL;NULL;NULL;NULL;NULL;21;1;3;21;0.047619048;0.142857143;NULL;NULL;NULL;NULL;NULL;NULL;NULL;NULL;NULL;NULL;NULL;NULL;No
Female;Yes;Yes;8;6;6;0;6;1;0;5;5;0;5;1;0;4;4;0;4;1;0;1;0;1;1;0;1;4;4;0;4;1;0;4;3;1;4;0.75;0.25;2;2;0;2;1;0;4;2;2;4;0.5;0.5;4;1;3;4;0.25;0.75;4;4;0;4;1;0;4;2;2;4;0.5;0.5;4;3;1;4;0.75;0.25;4;2;2;4;0.5;0.5;1;1;0;1;1;0;3;3;0;3;1;0;3;3;0;3;1;0;3;2;1;3;0.666666667;0.333333333;4;3;1;4;0.75;0.25;12;0;1;12;0;0.083333333;NULL;NULL;NULL;NULL;0;0;NULL;NULL;NULL;NULL;NULL;NULL;NULL;NULL;NULL;NULL;0;0;NULL;NULL;NULL;NULL;0;0;NULL;NULL;NULL;NULL;0;0;NULL;NULL;NULL;NULL;NULL;NULL;NULL;NULL;NULL;NULL;0;0;NULL;NULL;NULL;NULL;0;0;NULL;NULL;NULL;NULL;0;0;NULL;NULL;NULL;NULL;NULL;NULL;NULL;NULL;NULL;NULL;0;0;NULL;NULL;NULL;NULL;NULL;NULL;NULL;NULL;NULL;NULL;NULL;NULL;No
Female;Yes;No;8;5;5;0;5;1;0;6;6;0;6;1;0;5;5;0;5;1;0;2;2;0;2;1;0;3;3;0;3;1;0;3;1;2;3;0.333333333;0.666666667;3;3;0;3;1;0;3;3;0;3;1;0;2;1;1;2;0.5;0.5;3;3;0;3;1;0;5;5;0;5;1;0;1;1;0;1;1;0;NULL;NULL;NULL;NULL;NULL;NULL;5;5;0;5;1;0;2;2;0;2;1;0;3;3;0;3;1;0;2;2;0;2;1;0;NULL;NULL;NULL;NULL;NULL;NULL;NULL;NULL;NULL;NULL;NULL;NULL;NULL;NULL;NULL;NULL;NULL;NULL;NULL;NULL;NULL;NULL;NULL;NULL;3;3;0;3;1;0;4;2;2;4;0.5;0.5;NULL;NULL;NULL;NULL;NULL;NULL;NULL;NULL;NULL;NULL;NULL;NULL;NULL;NULL;NULL;NULL;NULL;NULL;NULL;NULL;NULL;NULL;NULL;NULL;NULL;NULL;NULL;NULL;NULL;NULL;NULL;NULL;NULL;NULL;NULL;NULL;12;0;1;12;0;0.083333333;NULL;NULL;NULL;NULL;NULL;NULL;NULL;NULL;NULL;NULL;NULL;NULL;No
Female;Yes;Yes;8;4;4;0;4;1;0;3;3;0;3;1;0;5;5;0;5;1;0;1;1;0;1;1;0;3;3;0;3;1;0;4;3;1;4;0.75;0.25;1;0;1;1;0;1;4;3;1;4;0.75;0.25;3;2;1;3;0.666666667;0.333333333;4;4;0;4;1;0;4;2;2;4;0.5;0.5;6;5;1;6;0.833333333;0.166666667;NULL;NULL;NULL;NULL;NULL;NULL;4;4;0;4;1;0;3;2;1;3;0.666666667;0.333333333;3;3;0;3;1;0;1;0;1;1;0;1;NULL;NULL;NULL;NULL;NULL;NULL;NULL;NULL;NULL;NULL;NULL;NULL;NULL;NULL;NULL;NULL;NULL;NULL;NULL;NULL;NULL;NULL;NULL;NULL;3;2;1;3;0.666666667;0.333333333;4;1;3;4;0.25;0.75;NULL;NULL;NULL;NULL;NULL;NULL;NULL;NULL;NULL;NULL;NULL;NULL;NULL;NULL;NULL;NULL;NULL;NULL;NULL;NULL;NULL;NULL;NULL;NULL;NULL;NULL;NULL;NULL;NULL;NULL;NULL;NULL;NULL;NULL;NULL;NULL;16;0;2;16;0;125;NULL;NULL;NULL;NULL;NULL;NULL;NULL;NULL;NULL;NULL;NULL;NULL;No
Male;Yes;No;8;9;9;0;9;1;0;7;7;0;7;1;0;5;5;0;5;1;0;3;3;0;3;1;0;3;3;0;3;1;0;2;2;0;2;1;0;1;0;1;1;0;1;2;2;0;2;1;0;3;1;2;3;0.333333333;0.666666667;6;6;0;6;1;0;4;3;1;4;0.75;0.25;5;5;0;5;1;0;NULL;NULL;NULL;NULL;NULL;NULL;6;6;0;6;1;0;3;3;0;3;1;0;5;4;1;5;0.8;0.2;4;4;0;4;1;0;NULL;NULL;NULL;NULL;NULL;NULL;NULL;NULL;NULL;NULL;NULL;NULL;NULL;NULL;NULL;NULL;NULL;NULL;NULL;NULL;NULL;NULL;NULL;NULL;5;2;3;5;0.4;0.6;5;5;0;5;1;0;NULL;NULL;NULL;NULL;NULL;NULL;NULL;NULL;NULL;NULL;NULL;NULL;NULL;NULL;NULL;NULL;NULL;NULL;NULL;NULL;NULL;NULL;NULL;NULL;NULL;NULL;NULL;NULL;NULL;NULL;NULL;NULL;NULL;NULL;NULL;NULL;21;1;3;21;0.047619048;0.142857143;NULL;NULL;NULL;NULL;NULL;NULL;NULL;NULL;NULL;NULL;NULL;NULL;No
Female;Yes;Yes;8;6;5;1;6;0.833333333;0.166666667;2;1;1;2;0.5;0.5;2;0;2;2;0;1;3;0;3;3;0;1;2;0;2;2;0;1;4;1;3;4;0.25;0.75;4;4;0;4;1;0;3;3;0;3;1;0;2;0;2;2;0;1;3;3;0;3;1;0;2;2;0;2;1;0;2;1;1;2;0.5;0.5;NULL;NULL;NULL;NULL;NULL;NULL;3;3;0;3;1;0;2;2;0;2;1;0;3;3;0;3;1;0;3;3;0;3;1;0;NULL;NULL;NULL;NULL;NULL;NULL;NULL;NULL;NULL;NULL;NULL;NULL;NULL;NULL;NULL;NULL;NULL;NULL;NULL;NULL;NULL;NULL;NULL;NULL;1;1;0;1;1;0;6;1;5;6;0.166666667;0.833333333;NULL;NULL;NULL;NULL;NULL;NULL;NULL;NULL;NULL;NULL;NULL;NULL;NULL;NULL;NULL;NULL;NULL;NULL;NULL;NULL;NULL;NULL;NULL;NULL;NULL;NULL;NULL;NULL;NULL;NULL;NULL;NULL;NULL;NULL;NULL;NULL;16;1;1;16;0.0625;0.0625;NULL;NULL;NULL;NULL;NULL;NULL;NULL;NULL;NULL;NULL;NULL;NULL;No
Male;Yes;No;8;7;7;0;7;1;0;8;8;0;8;1;0;5;5;0;5;1;0;2;2;0;2;1;0;4;4;0;4;1;0;2;2;0;2;1;0;7;7;0;7;1;0;5;4;1;5;0.8;0.2;3;1;2;3;0.333333333;0.666666667;1;0;1;1;0;1;3;3;0;3;1;0;3;2;1;3;0.666666667;0.333333333;NULL;NULL;NULL;NULL;NULL;NULL;8;8;0;8;1;0;5;5;0;5;1;0;4;4;0;4;1;0;5;5;0;5;1;0;NULL;NULL;NULL;NULL;NULL;NULL;NULL;NULL;NULL;NULL;NULL;NULL;NULL;NULL;NULL;NULL;NULL;NULL;NULL;NULL;NULL;NULL;NULL;NULL;6;5;1;6;0.833333333;0.166666667;5;2;3;5;0.4;0.6;NULL;NULL;NULL;NULL;NULL;NULL;NULL;NULL;NULL;NULL;NULL;NULL;NULL;NULL;NULL;NULL;NULL;NULL;NULL;NULL;NULL;NULL;NULL;NULL;NULL;NULL;NULL;NULL;NULL;NULL;NULL;NULL;NULL;NULL;NULL;NULL;14;0;2;14;0;0.142857143;NULL;NULL;NULL;NULL;NULL;NULL;NULL;NULL;NULL;NULL;NULL;NULL;No
Female;No;No;8;3;3;0;3;1;0;4;3;1;4;0.75;0.25;4;4;0;4;1;0;4;3;1;4;0.75;0.25;4;4;0;4;1;0;1;1;0;1;1;0;1;0;1;1;0;1;5;2;3;5;0.4;0.6;4;1;3;4;0.25;0.75;6;3;3;6;0.5;0.5;1;1;0;1;1;0;2;1;1;2;0.5;0.5;NULL;NULL;NULL;NULL;NULL;NULL;2;2;0;2;1;0;3;2;1;3;0.666666667;0.333333333;3;3;0;3;1;0;1;1;0;1;1;0;NULL;NULL;NULL;NULL;NULL;NULL;NULL;NULL;NULL;NULL;NULL;NULL;NULL;NULL;NULL;NULL;NULL;NULL;NULL;NULL;NULL;NULL;NULL;NULL;5;2;3;5;0.4;0.6;1;1;0;1;1;0;NULL;NULL;NULL;NULL;NULL;NULL;NULL;NULL;NULL;NULL;NULL;NULL;NULL;NULL;NULL;NULL;NULL;NULL;NULL;NULL;NULL;NULL;NULL;NULL;NULL;NULL;NULL;NULL;NULL;NULL;NULL;NULL;NULL;NULL;NULL;NULL;17;0;2;17;0;0.117647059;NULL;NULL;NULL;NULL;NULL;NULL;NULL;NULL;NULL;NULL;NULL;NULL;No
Female;No;No;8;2;2;0;2;1;0;6;6;0;6;1;0;5;5;0;5;1;0;3;3;0;3;1;0;4;4;0;4;1;0;4;4;0;4;1;0;5;5;0;5;1;0;5;5;0;5;1;0;2;2;0;2;1;0;4;4;0;4;1;0;4;4;0;4;1;0;3;3;0;3;1;0;NULL;NULL;NULL;NULL;NULL;NULL;6;6;0;6;1;0;6;6;0;6;1;0;4;4;0;4;1;0;4;4;0;4;1;0;NULL;NULL;NULL;NULL;NULL;NULL;NULL;NULL;NULL;NULL;NULL;NULL;NULL;NULL;NULL;NULL;NULL;NULL;NULL;NULL;NULL;NULL;NULL;NULL;4;3;1;4;0.75;0.25;2;1;1;2;0.5;0.5;NULL;NULL;NULL;NULL;NULL;NULL;NULL;NULL;NULL;NULL;NULL;NULL;NULL;NULL;NULL;NULL;NULL;NULL;NULL;NULL;NULL;NULL;NULL;NULL;NULL;NULL;NULL;NULL;NULL;NULL;NULL;NULL;NULL;NULL;NULL;NULL;19;0;3;19;0;0.157894737;NULL;NULL;NULL;NULL;NULL;NULL;NULL;NULL;NULL;NULL;NULL;NULL;No
Male;Yes;No;8;4;4;0;4;1;0;4;4;0;4;1;0;5;4;1;5;0.8;0.2;1;1;0;1;1;0;5;5;0;5;1;0;1;0;1;1;0;1;3;3;0;3;1;0;4;4;0;4;1;0;3;1;2;3;0.333333333;0.666666667;5;5;0;5;1;0;2;1;1;2;0.5;0.5;3;2;1;3;0.666666667;0.333333333;NULL;NULL;NULL;NULL;NULL;NULL;5;2;3;5;0.4;0.6;3;2;1;3;0.666666667;0.333333333;5;3;2;5;0.6;0.4;5;5;0;5;1;0;NULL;NULL;NULL;NULL;NULL;NULL;NULL;NULL;NULL;NULL;NULL;NULL;NULL;NULL;NULL;NULL;NULL;NULL;NULL;NULL;NULL;NULL;NULL;NULL;5;1;4;5;0.2;0.8;7;4;3;7;0.571428571;0.428571429;NULL;NULL;NULL;NULL;NULL;NULL;NULL;NULL;NULL;NULL;NULL;NULL;NULL;NULL;NULL;NULL;NULL;NULL;NULL;NULL;NULL;NULL;NULL;NULL;NULL;NULL;NULL;NULL;NULL;NULL;NULL;NULL;NULL;NULL;NULL;NULL;21;0;4;21;0;0.19047619;NULL;NULL;NULL;NULL;NULL;NULL;NULL;NULL;NULL;NULL;NULL;NULL;No
Male;Yes;No;8;8;8;0;8;1;0;4;4;0;4;1;0;6;4;2;6;0.666666667;0.333333333;7;0;7;7;0;1;4;3;1;4;0.75;0.25;4;3;1;4;0.75;0.25;4;4;0;4;1;0;3;3;0;3;1;0;3;0;3;3;0;1;5;5;0;5;1;0;2;0;2;2;0;1;2;2;0;2;1;0;NULL;NULL;NULL;NULL;NULL;NULL;6;6;0;6;1;0;2;2;0;2;1;0;5;5;0;5;1;0;4;4;0;4;1;0;NULL;NULL;NULL;NULL;NULL;NULL;NULL;NULL;NULL;NULL;NULL;NULL;NULL;NULL;NULL;NULL;NULL;NULL;NULL;NULL;NULL;NULL;NULL;NULL;5;5;0;5;1;0;7;5;2;7;0.714285714;0.285714286;NULL;NULL;NULL;NULL;NULL;NULL;NULL;NULL;NULL;NULL;NULL;NULL;NULL;NULL;NULL;NULL;NULL;NULL;NULL;NULL;NULL;NULL;NULL;NULL;NULL;NULL;NULL;NULL;NULL;NULL;NULL;NULL;NULL;NULL;NULL;NULL;21;1;3;21;0.047619048;0.142857143;NULL;NULL;NULL;NULL;NULL;NULL;NULL;NULL;NULL;NULL;NULL;NULL;No
Female;No;No;8;2;2;0;2;1;0;3;2;1;3;0.666666667;0.333333333;2;2;0;2;1;0;1;0;1;1;0;1;3;3;0;3;1;0;2;2;0;2;1;0;4;4;0;4;1;0;2;2;0;2;1;0;4;2;2;4;0.5;0.5;3;3;0;3;1;0;1;1;0;1;1;0;3;3;0;3;1;0;NULL;NULL;NULL;NULL;NULL;NULL;3;3;0;3;1;0;3;2;1;3;0.666666667;0.333333333;3;3;0;3;1;0;1;1;0;1;1;0;NULL;NULL;NULL;NULL;NULL;NULL;NULL;NULL;NULL;NULL;NULL;NULL;NULL;NULL;NULL;NULL;NULL;NULL;NULL;NULL;NULL;NULL;NULL;NULL;2;2;0;2;1;0;2;0;2;2;0;1;NULL;NULL;NULL;NULL;NULL;NULL;NULL;NULL;NULL;NULL;NULL;NULL;NULL;NULL;NULL;NULL;NULL;NULL;NULL;NULL;NULL;NULL;NULL;NULL;NULL;NULL;NULL;NULL;NULL;NULL;NULL;NULL;NULL;NULL;NULL;NULL;11;0;1;11;0;0.090909091;NULL;NULL;NULL;NULL;NULL;NULL;NULL;NULL;NULL;NULL;NULL;NULL;No
Male;No;No;8;4;4;0;4;1;0;5;5;0;5;1;0;3;3;0;3;1;0;3;3;0;3;1;0;4;4;0;4;1;0;1;1;0;1;1;0;3;3;0;3;1;0;4;4;0;4;1;0;1;0;1;1;0;1;4;4;0;4;1;0;5;3;2;5;0.6;0.4;3;3;0;3;1;0;NULL;NULL;NULL;NULL;NULL;NULL;4;4;0;4;1;0;3;0;3;3;0;1;3;3;0;3;1;0;2;1;1;2;0.5;0.5;NULL;NULL;NULL;NULL;NULL;NULL;NULL;NULL;NULL;NULL;NULL;NULL;NULL;NULL;NULL;NULL;NULL;NULL;NULL;NULL;NULL;NULL;NULL;NULL;4;4;0;4;1;0;5;4;1;5;0.8;0.2;NULL;NULL;NULL;NULL;NULL;NULL;NULL;NULL;NULL;NULL;NULL;NULL;NULL;NULL;NULL;NULL;NULL;NULL;NULL;NULL;NULL;NULL;NULL;NULL;NULL;NULL;NULL;NULL;NULL;NULL;NULL;NULL;NULL;NULL;NULL;NULL;21;0;4;21;0;0.19047619;NULL;NULL;NULL;NULL;NULL;NULL;NULL;NULL;NULL;NULL;NULL;NULL;No
Male;Yes;No;8;6;6;0;6;1;0;5;5;0;5;1;0;5;5;0;5;1;0;3;2;1;3;0.666666667;0.333333333;4;4;0;4;1;0;3;2;1;3;0.666666667;0.333333333;3;3;0;3;1;0;2;2;0;2;1;0;2;1;1;2;0.5;0.5;3;3;0;3;1;0;4;3;1;4;0.75;0.25;3;3;0;3;1;0;NULL;NULL;NULL;NULL;NULL;NULL;7;7;0;7;1;0;1;1;0;1;1;0;4;4;0;4;1;0;3;3;0;3;1;0;NULL;NULL;NULL;NULL;NULL;NULL;NULL;NULL;NULL;NULL;NULL;NULL;NULL;NULL;NULL;NULL;NULL;NULL;NULL;NULL;NULL;NULL;NULL;NULL;5;4;1;5;0.8;0.2;4;4;0;4;1;0;NULL;NULL;NULL;NULL;NULL;NULL;NULL;NULL;NULL;NULL;NULL;NULL;NULL;NULL;NULL;NULL;NULL;NULL;NULL;NULL;NULL;NULL;NULL;NULL;NULL;NULL;NULL;NULL;NULL;NULL;NULL;NULL;NULL;NULL;NULL;NULL;18;1;2;18;0.055555556;0.111111111;NULL;NULL;NULL;NULL;NULL;NULL;NULL;NULL;NULL;NULL;NULL;NULL;No
Male;No;No;8;8;8;0;8;1;0;6;6;0;6;1;0;6;6;0;6;1;0;2;2;0;2;1;0;4;4;0;4;1;0;3;1;2;3;0.333333333;0.666666667;3;3;0;3;1;0;4;3;1;4;0.75;0.25;3;1;2;3;0.333333333;0.666666667;5;5;0;5;1;0;3;3;0;3;1;0;2;2;0;2;1;0;NULL;NULL;NULL;NULL;NULL;NULL;7;7;0;7;1;0;1;1;0;1;1;0;3;3;0;3;1;0;4;4;0;4;1;0;NULL;NULL;NULL;NULL;NULL;NULL;NULL;NULL;NULL;NULL;NULL;NULL;NULL;NULL;NULL;NULL;NULL;NULL;NULL;NULL;NULL;NULL;NULL;NULL;4;0;4;4;0;1;5;3;2;5;0.6;0.4;NULL;NULL;NULL;NULL;NULL;NULL;NULL;NULL;NULL;NULL;NULL;NULL;NULL;NULL;NULL;NULL;NULL;NULL;NULL;NULL;NULL;NULL;NULL;NULL;NULL;NULL;NULL;NULL;NULL;NULL;NULL;NULL;NULL;NULL;NULL;NULL;18;2;1;18;0.111111111;0.055555556;NULL;NULL;NULL;NULL;NULL;NULL;NULL;NULL;NULL;NULL;NULL;NULL;No
Female;No;No;8;3;3;0;3;1;0;5;5;0;5;1;0;5;5;0;5;1;0;3;3;0;3;1;0;3;3;0;3;1;0;3;3;0;3;1;0;4;4;0;4;1;0;1;0;1;1;0;1;2;2;0;2;1;0;3;0;3;3;0;1;1;0;1;1;0;1;4;4;0;4;1;0;NULL;NULL;NULL;NULL;NULL;NULL;6;6;0;6;1;0;3;3;0;3;1;0;4;4;0;4;1;0;4;4;0;4;1;0;NULL;NULL;NULL;NULL;NULL;NULL;NULL;NULL;NULL;NULL;NULL;NULL;NULL;NULL;NULL;NULL;NULL;NULL;NULL;NULL;NULL;NULL;NULL;NULL;3;3;0;3;1;0;3;3;0;3;1;0;NULL;NULL;NULL;NULL;NULL;NULL;NULL;NULL;NULL;NULL;NULL;NULL;NULL;NULL;NULL;NULL;NULL;NULL;NULL;NULL;NULL;NULL;NULL;NULL;NULL;NULL;NULL;NULL;NULL;NULL;NULL;NULL;NULL;NULL;NULL;NULL;14;0;1;14;0;0.071428571;NULL;NULL;NULL;NULL;NULL;NULL;NULL;NULL;NULL;NULL;NULL;NULL;No
Female;Yes;No;8;7;7;0;7;1;0;6;6;0;6;1;0;6;6;0;6;1;0;1;1;0;1;1;0;3;3;0;3;1;0;3;3;0;3;1;0;1;0;1;1;0;1;3;3;0;3;1;0;3;3;0;3;1;0;5;5;0;5;1;0;3;2;1;3;0.666666667;0.333333333;4;3;1;4;0.75;0.25;NULL;NULL;NULL;NULL;NULL;NULL;6;6;0;6;1;0;5;4;1;5;0.8;0.2;5;5;0;5;1;0;6;5;1;6;0.833333333;0.166666667;NULL;NULL;NULL;NULL;NULL;NULL;NULL;NULL;NULL;NULL;NULL;NULL;NULL;NULL;NULL;NULL;NULL;NULL;NULL;NULL;NULL;NULL;NULL;NULL;5;4;1;5;0.8;0.2;6;0;6;6;0;1;NULL;NULL;NULL;NULL;NULL;NULL;NULL;NULL;NULL;NULL;NULL;NULL;NULL;NULL;NULL;NULL;NULL;NULL;NULL;NULL;NULL;NULL;NULL;NULL;NULL;NULL;NULL;NULL;NULL;NULL;NULL;NULL;NULL;NULL;NULL;NULL;21;1;3;21;0.047619048;0.142857143;NULL;NULL;NULL;NULL;NULL;NULL;NULL;NULL;NULL;NULL;NULL;NULL;No
Female;Yes;No;8;5;5;0;5;1;0;5;5;0;5;1;0;4;4;0;4;1;0;2;1;1;2;0.5;0.5;4;4;0;4;1;0;2;0;2;2;0;1;1;0;1;1;0;1;3;3;0;3;1;0;3;3;0;3;1;0;4;4;0;4;1;0;3;2;1;3;0.666666667;0.333333333;3;2;1;3;0.666666667;0.333333333;NULL;NULL;NULL;NULL;NULL;NULL;4;4;0;4;1;0;3;3;0;3;1;0;4;4;0;4;1;0;3;3;0;3;1;0;NULL;NULL;NULL;NULL;NULL;NULL;NULL;NULL;NULL;NULL;NULL;NULL;NULL;NULL;NULL;NULL;NULL;NULL;NULL;NULL;NULL;NULL;NULL;NULL;5;5;0;5;1;0;4;2;2;4;0.5;0.5;NULL;NULL;NULL;NULL;NULL;NULL;NULL;NULL;NULL;NULL;NULL;NULL;NULL;NULL;NULL;NULL;NULL;NULL;NULL;NULL;NULL;NULL;NULL;NULL;NULL;NULL;NULL;NULL;NULL;NULL;NULL;NULL;NULL;NULL;NULL;NULL;21;1;3;21;0.047619048;0.142857143;NULL;NULL;NULL;NULL;NULL;NULL;NULL;NULL;NULL;NULL;NULL;NULL;No
Female;No;Yes;8;5;5;0;5;1;0;5;0;5;5;0;1;1;0;1;1;0;1;3;0;3;3;0;1;3;3;0;3;1;0;6;5;1;6;0.833333333;0.166666667;4;4;0;4;1;0;2;2;0;2;1;0;3;1;2;3;0.333333333;0.666666667;5;5;0;5;1;0;2;1;1;2;0.5;0.5;5;5;0;5;1;0;NULL;NULL;NULL;NULL;NULL;NULL;5;5;0;5;1;0;2;1;1;2;0.5;0.5;4;4;0;4;1;0;28;2;26;28;0.071428571;0.928571429;NULL;NULL;NULL;NULL;NULL;NULL;NULL;NULL;NULL;NULL;NULL;NULL;NULL;NULL;NULL;NULL;NULL;NULL;NULL;NULL;NULL;NULL;NULL;NULL;4;3;1;4;0.75;0.25;9;5;4;9;0.555555556;0.444444444;NULL;NULL;NULL;NULL;NULL;NULL;NULL;NULL;NULL;NULL;NULL;NULL;NULL;NULL;NULL;NULL;NULL;NULL;NULL;NULL;NULL;NULL;NULL;NULL;NULL;NULL;NULL;NULL;NULL;NULL;NULL;NULL;NULL;NULL;NULL;NULL;21;1;3;21;0.047619048;0.142857143;NULL;NULL;NULL;NULL;NULL;NULL;NULL;NULL;NULL;NULL;NULL;NULL;No
Male;Yes;No;8;6;5;1;6;0.833333333;0.166666667;5;5;0;5;1;0;4;4;0;4;1;0;3;3;0;3;1;0;4;4;0;4;1;0;1;1;0;1;1;0;5;4;1;5;0.8;0.2;3;2;1;3;0.666666667;0.333333333;2;0;2;2;0;1;5;5;0;5;1;0;3;3;0;3;1;0;3;2;1;3;0.666666667;0.333333333;NULL;NULL;NULL;NULL;NULL;NULL;5;5;0;5;1;0;0;0;0;0;0;0;3;3;0;3;1;0;4;3;1;4;0.75;0.25;NULL;NULL;NULL;NULL;NULL;NULL;NULL;NULL;NULL;NULL;NULL;NULL;NULL;NULL;NULL;NULL;NULL;NULL;NULL;NULL;NULL;NULL;NULL;NULL;3;2;1;3;0.666666667;0.333333333;3;3;0;3;1;0;NULL;NULL;NULL;NULL;NULL;NULL;NULL;NULL;NULL;NULL;NULL;NULL;NULL;NULL;NULL;NULL;NULL;NULL;NULL;NULL;NULL;NULL;NULL;NULL;NULL;NULL;NULL;NULL;NULL;NULL;NULL;NULL;NULL;NULL;NULL;NULL;21;1;3;21;0.047619048;0.142857143;NULL;NULL;NULL;NULL;NULL;NULL;NULL;NULL;NULL;NULL;NULL;NULL;No
Female;Yes;No;8;13;11;2;13;0.846153846;0.153846154;7;5;2;7;0.714285714;0.285714286;6;5;1;6;0.833333333;0.166666667;4;2;2;4;0.5;0.5;7;6;1;7;0.857142857;0.142857143;11;1;10;11;0.090909091;0.909090909;19;1;18;19;0.052631579;0.947368421;15;1;14;15;0.066666667;0.933333333;19;0;19;19;0;1;24;6;18;24;0.25;0.75;36;3;33;36;0.083333333;0.916666667;35;2;33;35;0.057142857;0.942857143;NULL;NULL;NULL;NULL;NULL;NULL;8;8;0;8;1;0;5;3;2;5;0.6;0.4;6;6;0;6;1;0;3;2;1;3;0.666666667;0.333333333;NULL;NULL;NULL;NULL;NULL;NULL;NULL;NULL;NULL;NULL;NULL;NULL;NULL;NULL;NULL;NULL;NULL;NULL;NULL;NULL;NULL;NULL;NULL;NULL;6;3;3;6;0.5;0.5;6;5;1;6;0.833333333;0.166666667;NULL;NULL;NULL;NULL;NULL;NULL;NULL;NULL;NULL;NULL;NULL;NULL;NULL;NULL;NULL;NULL;NULL;NULL;NULL;NULL;NULL;NULL;NULL;NULL;NULL;NULL;NULL;NULL;NULL;NULL;NULL;NULL;NULL;NULL;NULL;NULL;21;2;2;21;0.095238095;0.095238095;NULL;NULL;NULL;NULL;NULL;NULL;NULL;NULL;NULL;NULL;NULL;NULL;No
Female;Yes;No;8;8;8;0;8;1;0;7;7;0;7;1;0;7;7;0;7;1;0;4;4;0;4;1;0;5;3;2;5;0.6;0.4;3;1;2;3;0.333333333;0.666666667;5;4;1;5;0.8;0.2;2;1;1;2;0.5;0.5;2;0;2;2;0;1;4;4;0;4;1;0;5;2;3;5;0.4;0.6;25;4;21;25;0.16;0.84;NULL;NULL;NULL;NULL;NULL;NULL;10;10;0;10;1;0;4;4;0;4;1;0;3;3;0;3;1;0;6;5;1;6;0.833333333;0.166666667;NULL;NULL;NULL;NULL;NULL;NULL;NULL;NULL;NULL;NULL;NULL;NULL;NULL;NULL;NULL;NULL;NULL;NULL;NULL;NULL;NULL;NULL;NULL;NULL;5;2;3;5;0.4;0.6;7;5;2;7;0.714285714;0.285714286;NULL;NULL;NULL;NULL;NULL;NULL;NULL;NULL;NULL;NULL;NULL;NULL;NULL;NULL;NULL;NULL;NULL;NULL;NULL;NULL;NULL;NULL;NULL;NULL;NULL;NULL;NULL;NULL;NULL;NULL;NULL;NULL;NULL;NULL;NULL;NULL;21;1;3;21;0.047619048;0.142857143;NULL;NULL;NULL;NULL;NULL;NULL;NULL;NULL;NULL;NULL;NULL;NULL;No
Female;Yes;No;8;9;8;1;9;0.888888889;0.111111111;5;5;0;5;1;0;4;4;0;4;1;0;3;2;1;3;0.666666667;0.333333333;3;3;0;3;1;0;3;3;0;3;1;0;0;0;0;0;0;0;6;4;2;6;0.666666667;0.333333333;4;3;1;4;0.75;0.25;0;0;0;0;0;0;4;4;0;4;1;0;4;4;0;4;1;0;NULL;NULL;NULL;NULL;NULL;NULL;10;10;0;10;1;0;7;7;0;7;1;0;5;4;1;5;0.8;0.2;6;6;0;6;1;0;NULL;NULL;NULL;NULL;NULL;NULL;NULL;NULL;NULL;NULL;NULL;NULL;NULL;NULL;NULL;NULL;NULL;NULL;NULL;NULL;NULL;NULL;NULL;NULL;5;2;3;5;0.4;0.6;6;5;1;6;0.833333333;0.166666667;NULL;NULL;NULL;NULL;NULL;NULL;NULL;NULL;NULL;NULL;NULL;NULL;NULL;NULL;NULL;NULL;NULL;NULL;NULL;NULL;NULL;NULL;NULL;NULL;NULL;NULL;NULL;NULL;NULL;NULL;NULL;NULL;NULL;NULL;NULL;NULL;21;2;2;21;0.095238095;0.095238095;NULL;NULL;NULL;NULL;NULL;NULL;NULL;NULL;NULL;NULL;NULL;NULL;No
Female;Yes;No;8;4;4;0;4;1;0;3;3;0;3;1;0;4;4;0;4;1;0;2;2;0;2;1;0;2;2;0;2;1;0;2;2;0;2;1;0;5;5;0;5;1;0;4;4;0;4;1;0;1;1;0;1;1;0;4;4;0;4;1;0;2;2;0;2;1;0;2;2;0;2;1;0;NULL;NULL;NULL;NULL;NULL;NULL;6;6;0;6;1;0;3;3;0;3;1;0;3;3;0;3;1;0;3;3;0;3;1;0;NULL;NULL;NULL;NULL;NULL;NULL;NULL;NULL;NULL;NULL;NULL;NULL;NULL;NULL;NULL;NULL;NULL;NULL;NULL;NULL;NULL;NULL;NULL;NULL;5;4;1;5;0.8;0.2;3;3;0;3;1;0;NULL;NULL;NULL;NULL;NULL;NULL;NULL;NULL;NULL;NULL;NULL;NULL;NULL;NULL;NULL;NULL;NULL;NULL;NULL;NULL;NULL;NULL;NULL;NULL;NULL;NULL;NULL;NULL;NULL;NULL;NULL;NULL;NULL;NULL;NULL;NULL;16;2;0;16;125;0;NULL;NULL;NULL;NULL;NULL;NULL;NULL;NULL;NULL;NULL;NULL;NULL;No
Female;Yes;No;8;10;9;1;10;0.9;0.1;8;8;0;8;1;0;7;7;0;7;1;0;4;4;0;4;1;0;3;3;0;3;1;0;6;4;2;6;0.666666667;0.333333333;4;3;1;4;0.75;0.25;6;2;4;6;0.333333333;0.666666667;4;2;2;4;0.5;0.5;6;6;0;6;1;0;4;1;3;4;0.25;0.75;3;3;0;3;1;0;NULL;NULL;NULL;NULL;NULL;NULL;9;9;0;9;1;0;6;6;0;6;1;0;6;6;0;6;1;0;7;6;1;7;0.857142857;0.142857143;NULL;NULL;NULL;NULL;NULL;NULL;NULL;NULL;NULL;NULL;NULL;NULL;NULL;NULL;NULL;NULL;NULL;NULL;NULL;NULL;NULL;NULL;NULL;NULL;7;5;2;7;0.714285714;0.285714286;8;5;3;8;625;375;NULL;NULL;NULL;NULL;NULL;NULL;NULL;NULL;NULL;NULL;NULL;NULL;NULL;NULL;NULL;NULL;NULL;NULL;NULL;NULL;NULL;NULL;NULL;NULL;NULL;NULL;NULL;NULL;NULL;NULL;NULL;NULL;NULL;NULL;NULL;NULL;21;1;3;21;0.047619048;0.142857143;NULL;NULL;NULL;NULL;NULL;NULL;NULL;NULL;NULL;NULL;NULL;NULL;No
Male;Yes;No;8;0;0;0;0;0;0;0;0;0;0;0;0;8;2;6;8;0.25;0.75;4;0;4;4;0;1;16;4;12;16;0.25;0.75;3;2;1;3;0.666666667;0.333333333;3;2;1;3;0.666666667;0.333333333;4;3;1;4;0.75;0.25;19;3;16;19;0.157894737;0.842105263;6;5;1;6;0.833333333;0.166666667;26;1;25;26;0.038461538;0.961538462;3;3;0;3;1;0;NULL;NULL;NULL;NULL;NULL;NULL;8;7;1;8;875;125;4;4;0;4;1;0;8;6;2;8;0.75;0.25;3;3;0;3;1;0;NULL;NULL;NULL;NULL;NULL;NULL;NULL;NULL;NULL;NULL;NULL;NULL;NULL;NULL;NULL;NULL;NULL;NULL;NULL;NULL;NULL;NULL;NULL;NULL;7;6;1;7;0.857142857;0.142857143;4;3;1;4;0.75;0.25;NULL;NULL;NULL;NULL;NULL;NULL;NULL;NULL;NULL;NULL;NULL;NULL;NULL;NULL;NULL;NULL;NULL;NULL;NULL;NULL;NULL;NULL;NULL;NULL;NULL;NULL;NULL;NULL;NULL;NULL;NULL;NULL;NULL;NULL;NULL;NULL;21;2;2;21;0.095238095;0.095238095;NULL;NULL;NULL;NULL;NULL;NULL;NULL;NULL;NULL;NULL;NULL;NULL;No
Female;Yes;No;8;3;3;0;3;1;0;5;5;0;5;1;0;5;5;0;5;1;0;4;0;4;4;0;1;4;4;0;4;1;0;1;0;1;1;0;1;4;3;1;4;0.75;0.25;2;2;0;2;1;0;3;3;0;3;1;0;2;0;2;2;0;1;1;1;0;1;1;0;3;3;0;3;1;0;NULL;NULL;NULL;NULL;NULL;NULL;4;4;0;4;1;0;1;1;0;1;1;0;3;3;0;3;1;0;2;2;0;2;1;0;NULL;NULL;NULL;NULL;NULL;NULL;NULL;NULL;NULL;NULL;NULL;NULL;NULL;NULL;NULL;NULL;NULL;NULL;NULL;NULL;NULL;NULL;NULL;NULL;2;2;0;2;1;0;4;2;2;4;0.5;0.5;NULL;NULL;NULL;NULL;NULL;NULL;NULL;NULL;NULL;NULL;NULL;NULL;NULL;NULL;NULL;NULL;NULL;NULL;NULL;NULL;NULL;NULL;NULL;NULL;NULL;NULL;NULL;NULL;NULL;NULL;NULL;NULL;NULL;NULL;NULL;NULL;12;1;1;12;0.083333333;0.083333333;NULL;NULL;NULL;NULL;NULL;NULL;NULL;NULL;NULL;NULL;NULL;NULL;No
Female;Yes;No;8;4;4;0;4;1;0;4;4;0;4;1;0;5;5;0;5;1;0;2;0;2;2;0;1;2;2;0;2;1;0;2;2;0;2;1;0;4;4;0;4;1;0;2;2;0;2;1;0;1;1;0;1;1;0;3;3;0;3;1;0;1;1;0;1;1;0;3;3;0;3;1;0;NULL;NULL;NULL;NULL;NULL;NULL;1;1;0;1;1;0;3;3;0;3;1;0;3;2;1;3;0.666666667;0.333333333;2;2;0;2;1;0;NULL;NULL;NULL;NULL;NULL;NULL;NULL;NULL;NULL;NULL;NULL;NULL;NULL;NULL;NULL;NULL;NULL;NULL;NULL;NULL;NULL;NULL;NULL;NULL;2;2;0;2;1;0;1;1;0;1;1;0;NULL;NULL;NULL;NULL;NULL;NULL;NULL;NULL;NULL;NULL;NULL;NULL;NULL;NULL;NULL;NULL;NULL;NULL;NULL;NULL;NULL;NULL;NULL;NULL;NULL;NULL;NULL;NULL;NULL;NULL;NULL;NULL;NULL;NULL;NULL;NULL;13;1;0;13;0.076923077;0;NULL;NULL;NULL;NULL;NULL;NULL;NULL;NULL;NULL;NULL;NULL;NULL;No
Male;Yes;No;8;1;1;0;1;1;0;1;1;0;1;1;0;2;2;0;2;1;0;2;1;1;2;0.5;0.5;2;2;0;2;1;0;2;2;0;2;1;0;1;1;0;1;1;0;3;2;1;3;0.666666667;0.333333333;1;0;1;1;0;1;3;3;0;3;1;0;1;1;0;1;1;0;2;2;0;2;1;0;NULL;NULL;NULL;NULL;NULL;NULL;4;4;0;4;1;0;3;3;0;3;1;0;4;4;0;4;1;0;3;3;0;3;1;0;NULL;NULL;NULL;NULL;NULL;NULL;NULL;NULL;NULL;NULL;NULL;NULL;NULL;NULL;NULL;NULL;NULL;NULL;NULL;NULL;NULL;NULL;NULL;NULL;3;3;0;3;1;0;3;3;0;3;1;0;NULL;NULL;NULL;NULL;NULL;NULL;NULL;NULL;NULL;NULL;NULL;NULL;NULL;NULL;NULL;NULL;NULL;NULL;NULL;NULL;NULL;NULL;NULL;NULL;NULL;NULL;NULL;NULL;NULL;NULL;NULL;NULL;NULL;NULL;NULL;NULL;14;0;1;14;0;0.071428571;NULL;NULL;NULL;NULL;NULL;NULL;NULL;NULL;NULL;NULL;NULL;NULL;No
Male;Yes;No;8;2;2;0;2;1;0;2;2;0;2;1;0;3;2;1;3;0.666666667;0.333333333;5;0;5;5;0;1;2;2;0;2;1;0;3;2;1;3;0.666666667;0.333333333;2;2;0;2;1;0;2;2;0;2;1;0;3;2;1;3;0.666666667;0.333333333;2;2;0;2;1;0;2;2;0;2;1;0;4;2;2;4;0.5;0.5;NULL;NULL;NULL;NULL;NULL;NULL;3;3;0;3;1;0;3;3;0;3;1;0;3;3;0;3;1;0;3;3;0;3;1;0;NULL;NULL;NULL;NULL;NULL;NULL;NULL;NULL;NULL;NULL;NULL;NULL;NULL;NULL;NULL;NULL;NULL;NULL;NULL;NULL;NULL;NULL;NULL;NULL;3;3;0;3;1;0;3;2;1;3;0.666666667;0.333333333;NULL;NULL;NULL;NULL;NULL;NULL;NULL;NULL;NULL;NULL;NULL;NULL;NULL;NULL;NULL;NULL;NULL;NULL;NULL;NULL;NULL;NULL;NULL;NULL;NULL;NULL;NULL;NULL;NULL;NULL;NULL;NULL;NULL;NULL;NULL;NULL;21;0;4;21;0;0.19047619;NULL;NULL;NULL;NULL;NULL;NULL;NULL;NULL;NULL;NULL;NULL;NULL;No
Male;Yes;No;8;3;3;0;3;1;0;4;4;0;4;1;0;1;1;0;1;1;0;2;2;0;2;1;0;3;3;0;3;1;0;1;0;1;1;0;1;0;0;0;0;0;0;2;2;0;2;1;0;1;1;0;1;1;0;3;0;3;3;0;1;3;3;0;3;1;0;2;2;0;2;1;0;NULL;NULL;NULL;NULL;NULL;NULL;4;4;0;4;1;0;3;3;0;3;1;0;2;2;0;2;1;0;3;3;0;3;1;0;NULL;NULL;NULL;NULL;NULL;NULL;NULL;NULL;NULL;NULL;NULL;NULL;NULL;NULL;NULL;NULL;NULL;NULL;NULL;NULL;NULL;NULL;NULL;NULL;5;2;3;5;0.4;0.6;5;4;1;5;0.8;0.2;NULL;NULL;NULL;NULL;NULL;NULL;NULL;NULL;NULL;NULL;NULL;NULL;NULL;NULL;NULL;NULL;NULL;NULL;NULL;NULL;NULL;NULL;NULL;NULL;NULL;NULL;NULL;NULL;NULL;NULL;NULL;NULL;NULL;NULL;NULL;NULL;19;3;0;19;0.157894737;0;NULL;NULL;NULL;NULL;NULL;NULL;NULL;NULL;NULL;NULL;NULL;NULL;No
Male;Yes;No;8;4;1;3;4;0.25;0.75;5;0;5;5;0;1;5;4;1;5;0.8;0.2;3;2;1;3;0.666666667;0.333333333;3;0;3;3;0;1;3;0;3;3;0;1;4;4;0;4;1;0;3;2;1;3;0.666666667;0.333333333;2;1;1;2;0.5;0.5;5;5;0;5;1;0;5;3;2;5;0.6;0.4;3;0;3;3;0;1;NULL;NULL;NULL;NULL;NULL;NULL;8;8;0;8;1;0;5;5;0;5;1;0;6;6;0;6;1;0;5;5;0;5;1;0;NULL;NULL;NULL;NULL;NULL;NULL;NULL;NULL;NULL;NULL;NULL;NULL;NULL;NULL;NULL;NULL;NULL;NULL;NULL;NULL;NULL;NULL;NULL;NULL;6;4;2;6;0.666666667;0.333333333;9;0;9;9;0;1;NULL;NULL;NULL;NULL;NULL;NULL;NULL;NULL;NULL;NULL;NULL;NULL;NULL;NULL;NULL;NULL;NULL;NULL;NULL;NULL;NULL;NULL;NULL;NULL;NULL;NULL;NULL;NULL;NULL;NULL;NULL;NULL;NULL;NULL;NULL;NULL;19;1;2;19;0.052631579;0.105263158;NULL;NULL;NULL;NULL;NULL;NULL;NULL;NULL;NULL;NULL;NULL;NULL;No
Female;Yes;No;8;4;4;0;4;1;0;4;4;0;4;1;0;2;2;0;2;1;0;1;1;0;1;1;0;4;4;0;4;1;0;3;2;1;3;0.666666667;0.333333333;1;1;0;1;1;0;2;2;0;2;1;0;1;1;0;1;1;0;4;4;0;4;1;0;1;1;0;1;1;0;2;2;0;2;1;0;NULL;NULL;NULL;NULL;NULL;NULL;5;5;0;5;1;0;1;1;0;1;1;0;3;3;0;3;1;0;0;0;0;0;0;0;NULL;NULL;NULL;NULL;NULL;NULL;NULL;NULL;NULL;NULL;NULL;NULL;NULL;NULL;NULL;NULL;NULL;NULL;NULL;NULL;NULL;NULL;NULL;NULL;4;3;1;4;0.75;0.25;3;2;1;3;0.666666667;0.333333333;NULL;NULL;NULL;NULL;NULL;NULL;NULL;NULL;NULL;NULL;NULL;NULL;NULL;NULL;NULL;NULL;NULL;NULL;NULL;NULL;NULL;NULL;NULL;NULL;NULL;NULL;NULL;NULL;NULL;NULL;NULL;NULL;NULL;NULL;NULL;NULL;11;1;0;11;0.090909091;0;NULL;NULL;NULL;NULL;NULL;NULL;NULL;NULL;NULL;NULL;NULL;NULL;No
Male;Yes;No;8;3;3;0;3;1;0;4;4;0;4;1;0;4;4;0;4;1;0;3;3;0;3;1;0;3;3;0;3;1;0;2;0;2;2;0;1;0;0;0;0;0;0;3;3;0;3;1;0;0;0;0;0;0;0;5;4;1;5;0.8;0.2;4;3;1;4;0.75;0.25;2;1;1;2;0.5;0.5;NULL;NULL;NULL;NULL;NULL;NULL;4;3;1;4;0.75;0.25;3;3;0;3;1;0;2;2;0;2;1;0;4;4;0;4;1;0;NULL;NULL;NULL;NULL;NULL;NULL;NULL;NULL;NULL;NULL;NULL;NULL;NULL;NULL;NULL;NULL;NULL;NULL;NULL;NULL;NULL;NULL;NULL;NULL;5;2;3;5;0.4;0.6;4;2;2;4;0.5;0.5;NULL;NULL;NULL;NULL;NULL;NULL;NULL;NULL;NULL;NULL;NULL;NULL;NULL;NULL;NULL;NULL;NULL;NULL;NULL;NULL;NULL;NULL;NULL;NULL;NULL;NULL;NULL;NULL;NULL;NULL;NULL;NULL;NULL;NULL;NULL;NULL;21;0;4;21;0;0.19047619;NULL;NULL;NULL;NULL;NULL;NULL;NULL;NULL;NULL;NULL;NULL;NULL;No
Male;Yes;No;8;4;4;0;4;1;0;5;5;0;5;1;0;3;3;0;3;1;0;4;4;0;4;1;0;4;4;0;4;1;0;2;0;2;2;0;1;3;3;0;3;1;0;3;0;3;3;0;1;1;0;1;1;0;1;5;5;0;5;1;0;6;0;6;6;0;1;5;0;5;5;0;1;NULL;NULL;NULL;NULL;NULL;NULL;5;1;4;5;0.2;0.8;3;2;1;3;0.666666667;0.333333333;3;2;1;3;0.666666667;0.333333333;4;3;1;4;0.75;0.25;NULL;NULL;NULL;NULL;NULL;NULL;NULL;NULL;NULL;NULL;NULL;NULL;NULL;NULL;NULL;NULL;NULL;NULL;NULL;NULL;NULL;NULL;NULL;NULL;4;4;0;4;1;0;6;3;3;6;0.5;0.5;NULL;NULL;NULL;NULL;NULL;NULL;NULL;NULL;NULL;NULL;NULL;NULL;NULL;NULL;NULL;NULL;NULL;NULL;NULL;NULL;NULL;NULL;NULL;NULL;NULL;NULL;NULL;NULL;NULL;NULL;NULL;NULL;NULL;NULL;NULL;NULL;18;0;3;18;0;0.166666667;NULL;NULL;NULL;NULL;NULL;NULL;NULL;NULL;NULL;NULL;NULL;NULL;No
Male;Yes;No;8;6;6;0;6;1;0;7;7;0;7;1;0;7;7;0;7;1;0;4;3;1;4;0.75;0.25;6;6;0;6;1;0;3;0;3;3;0;1;6;6;0;6;1;0;5;5;0;5;1;0;3;1;2;3;0.333333333;0.666666667;4;4;0;4;1;0;3;2;1;3;0.666666667;0.333333333;3;3;0;3;1;0;NULL;NULL;NULL;NULL;NULL;NULL;8;8;0;8;1;0;1;1;0;1;1;0;5;5;0;5;1;0;5;5;0;5;1;0;NULL;NULL;NULL;NULL;NULL;NULL;NULL;NULL;NULL;NULL;NULL;NULL;NULL;NULL;NULL;NULL;NULL;NULL;NULL;NULL;NULL;NULL;NULL;NULL;5;3;2;5;0.6;0.4;6;6;0;6;1;0;NULL;NULL;NULL;NULL;NULL;NULL;NULL;NULL;NULL;NULL;NULL;NULL;NULL;NULL;NULL;NULL;NULL;NULL;NULL;NULL;NULL;NULL;NULL;NULL;NULL;NULL;NULL;NULL;NULL;NULL;NULL;NULL;NULL;NULL;NULL;NULL;21;2;2;21;0.095238095;0.095238095;NULL;NULL;NULL;NULL;NULL;NULL;NULL;NULL;NULL;NULL;NULL;NULL;No
Male;Yes;No;8;9;9;0;9;1;0;5;5;0;5;1;0;6;5;1;6;0.833333333;0.166666667;7;0;7;7;0;1;5;5;0;5;1;0;3;2;1;3;0.666666667;0.333333333;5;5;0;5;1;0;2;2;0;2;1;0;2;0;2;2;0;1;3;3;0;3;1;0;3;3;0;3;1;0;4;3;1;4;0.75;0.25;NULL;NULL;NULL;NULL;NULL;NULL;7;7;0;7;1;0;4;4;0;4;1;0;5;5;0;5;1;0;6;6;0;6;1;0;NULL;NULL;NULL;NULL;NULL;NULL;NULL;NULL;NULL;NULL;NULL;NULL;NULL;NULL;NULL;NULL;NULL;NULL;NULL;NULL;NULL;NULL;NULL;NULL;8;3;5;8;375;625;5;3;2;5;0.6;0.4;NULL;NULL;NULL;NULL;NULL;NULL;NULL;NULL;NULL;NULL;NULL;NULL;NULL;NULL;NULL;NULL;NULL;NULL;NULL;NULL;NULL;NULL;NULL;NULL;NULL;NULL;NULL;NULL;NULL;NULL;NULL;NULL;NULL;NULL;NULL;NULL;21;1;3;21;0.047619048;0.142857143;NULL;NULL;NULL;NULL;NULL;NULL;NULL;NULL;NULL;NULL;NULL;NULL;No
Male;Yes;No;8;1;1;0;1;1;0;1;1;0;1;1;0;3;0;3;3;0;1;2;2;0;2;1;0;1;0;1;1;0;1;2;1;1;2;0.5;0.5;2;1;1;2;0.5;0.5;5;4;1;5;0.8;0.2;6;1;5;6;0.166666667;0.833333333;2;0;2;2;0;1;1;0;1;1;0;1;1;1;0;1;1;0;NULL;NULL;NULL;NULL;NULL;NULL;5;5;0;5;1;0;4;4;0;4;1;0;3;3;0;3;1;0;6;5;1;6;0.833333333;0.166666667;NULL;NULL;NULL;NULL;NULL;NULL;NULL;NULL;NULL;NULL;NULL;NULL;NULL;NULL;NULL;NULL;NULL;NULL;NULL;NULL;NULL;NULL;NULL;NULL;6;4;2;6;0.666666667;0.333333333;6;4;2;6;0.666666667;0.333333333;NULL;NULL;NULL;NULL;NULL;NULL;NULL;NULL;NULL;NULL;NULL;NULL;NULL;NULL;NULL;NULL;NULL;NULL;NULL;NULL;NULL;NULL;NULL;NULL;NULL;NULL;NULL;NULL;NULL;NULL;NULL;NULL;NULL;NULL;NULL;NULL;15;0;3;15;0;0.2;NULL;NULL;NULL;NULL;NULL;NULL;NULL;NULL;NULL;NULL;NULL;NULL;No
Female;Yes;No;8;3;3;0;3;1;0;3;3;0;3;1;0;2;1;1;2;0.5;0.5;1;1;0;1;1;0;3;3;0;3;1;0;1;1;0;1;1;0;3;3;0;3;1;0;2;1;1;2;0.5;0.5;2;1;1;2;0.5;0.5;5;5;0;5;1;0;3;3;0;3;1;0;2;2;0;2;1;0;NULL;NULL;NULL;NULL;NULL;NULL;5;5;0;5;1;0;3;3;0;3;1;0;3;3;0;3;1;0;3;3;0;3;1;0;NULL;NULL;NULL;NULL;NULL;NULL;NULL;NULL;NULL;NULL;NULL;NULL;NULL;NULL;NULL;NULL;NULL;NULL;NULL;NULL;NULL;NULL;NULL;NULL;3;2;1;3;0.666666667;0.333333333;3;2;1;3;0.666666667;0.333333333;NULL;NULL;NULL;NULL;NULL;NULL;NULL;NULL;NULL;NULL;NULL;NULL;NULL;NULL;NULL;NULL;NULL;NULL;NULL;NULL;NULL;NULL;NULL;NULL;NULL;NULL;NULL;NULL;NULL;NULL;NULL;NULL;NULL;NULL;NULL;NULL;17;2;0;17;0.117647059;0;NULL;NULL;NULL;NULL;NULL;NULL;NULL;NULL;NULL;NULL;NULL;NULL;No
Female;Yes;No;8;5;5;0;5;1;0;5;5;0;5;1;0;3;2;1;3;0.666666667;0.333333333;3;0;3;3;0;1;2;2;0;2;1;0;2;0;2;2;0;1;2;1;1;2;0.5;0.5;3;0;3;3;0;1;4;1;3;4;0.25;0.75;4;3;1;4;0.75;0.25;3;1;2;3;0.333333333;0.666666667;4;4;0;4;1;0;NULL;NULL;NULL;NULL;NULL;NULL;3;3;0;3;1;0;2;2;0;2;1;0;3;3;0;3;1;0;2;2;0;2;1;0;NULL;NULL;NULL;NULL;NULL;NULL;NULL;NULL;NULL;NULL;NULL;NULL;NULL;NULL;NULL;NULL;NULL;NULL;NULL;NULL;NULL;NULL;NULL;NULL;5;3;2;5;0.6;0.4;5;3;2;5;0.6;0.4;NULL;NULL;NULL;NULL;NULL;NULL;NULL;NULL;NULL;NULL;NULL;NULL;NULL;NULL;NULL;NULL;NULL;NULL;NULL;NULL;NULL;NULL;NULL;NULL;NULL;NULL;NULL;NULL;NULL;NULL;NULL;NULL;NULL;NULL;NULL;NULL;17;1;1;17;0.058823529;0.058823529;NULL;NULL;NULL;NULL;NULL;NULL;NULL;NULL;NULL;NULL;NULL;NULL;No
Female;Yes;No;8;5;5;0;5;1;0;5;5;0;5;1;0;4;4;0;4;1;0;7;6;1;7;0.857142857;0.142857143;4;0;4;4;0;1;4;3;1;4;0.75;0.25;2;2;0;2;1;0;4;4;0;4;1;0;3;1;2;3;0.333333333;0.666666667;4;4;0;4;1;0;4;3;1;4;0.75;0.25;3;2;1;3;0.666666667;0.333333333;NULL;NULL;NULL;NULL;NULL;NULL;6;6;0;6;1;0;2;2;0;2;1;0;3;1;2;3;0.333333333;0.666666667;1;0;1;1;0;1;NULL;NULL;NULL;NULL;NULL;NULL;NULL;NULL;NULL;NULL;NULL;NULL;NULL;NULL;NULL;NULL;NULL;NULL;NULL;NULL;NULL;NULL;NULL;NULL;3;3;0;3;1;0;5;4;1;5;0.8;0.2;NULL;NULL;NULL;NULL;NULL;NULL;NULL;NULL;NULL;NULL;NULL;NULL;NULL;NULL;NULL;NULL;NULL;NULL;NULL;NULL;NULL;NULL;NULL;NULL;NULL;NULL;NULL;NULL;NULL;NULL;NULL;NULL;NULL;NULL;NULL;NULL;16;1;1;16;0.0625;0.0625;NULL;NULL;NULL;NULL;NULL;NULL;NULL;NULL;NULL;NULL;NULL;NULL;No
Female;Yes;No;8;1;1;0;1;1;0;3;3;0;3;1;0;3;3;0;3;1;0;1;0;1;1;0;1;2;2;0;2;1;0;5;4;1;5;0.8;0.2;1;0;1;1;0;1;3;3;0;3;1;0;2;1;1;2;0.5;0.5;5;5;0;5;1;0;5;4;1;5;0.8;0.2;2;2;0;2;1;0;NULL;NULL;NULL;NULL;NULL;NULL;5;5;0;5;1;0;1;1;0;1;1;0;4;4;0;4;1;0;3;3;0;3;1;0;NULL;NULL;NULL;NULL;NULL;NULL;NULL;NULL;NULL;NULL;NULL;NULL;NULL;NULL;NULL;NULL;NULL;NULL;NULL;NULL;NULL;NULL;NULL;NULL;5;4;1;5;0.8;0.2;4;3;1;4;0.75;0.25;NULL;NULL;NULL;NULL;NULL;NULL;NULL;NULL;NULL;NULL;NULL;NULL;NULL;NULL;NULL;NULL;NULL;NULL;NULL;NULL;NULL;NULL;NULL;NULL;NULL;NULL;NULL;NULL;NULL;NULL;NULL;NULL;NULL;NULL;NULL;NULL;17;1;1;17;0.058823529;0.058823529;NULL;NULL;NULL;NULL;NULL;NULL;NULL;NULL;NULL;NULL;NULL;NULL;No
Male;Yes;No;8;1;1;0;1;1;0;2;0;2;2;0;1;4;4;0;4;1;0;5;0;5;5;0;1;4;4;0;4;1;0;2;1;1;2;0.5;0.5;4;3;1;4;0.75;0.25;4;4;0;4;1;0;1;1;0;1;1;0;2;0;2;2;0;1;2;0;2;2;0;1;1;1;0;1;1;0;NULL;NULL;NULL;NULL;NULL;NULL;4;4;0;4;1;0;3;1;2;3;0.333333333;0.666666667;3;2;1;3;0.666666667;0.333333333;2;2;0;2;1;0;NULL;NULL;NULL;NULL;NULL;NULL;NULL;NULL;NULL;NULL;NULL;NULL;NULL;NULL;NULL;NULL;NULL;NULL;NULL;NULL;NULL;NULL;NULL;NULL;3;2;1;3;0.666666667;0.333333333;4;2;2;4;0.5;0.5;NULL;NULL;NULL;NULL;NULL;NULL;NULL;NULL;NULL;NULL;NULL;NULL;NULL;NULL;NULL;NULL;NULL;NULL;NULL;NULL;NULL;NULL;NULL;NULL;NULL;NULL;NULL;NULL;NULL;NULL;NULL;NULL;NULL;NULL;NULL;NULL;16;0;3;16;0;0.1875;NULL;NULL;NULL;NULL;NULL;NULL;NULL;NULL;NULL;NULL;NULL;NULL;No
Female;Yes;No;8;8;8;0;8;1;0;8;8;0;8;1;0;5;5;0;5;1;0;3;3;0;3;1;0;7;7;0;7;1;0;6;4;2;6;0.666666667;0.333333333;6;6;0;6;1;0;5;5;0;5;1;0;5;3;2;5;0.6;0.4;10;4;6;10;0.4;0.6;4;4;0;4;1;0;2;1;1;2;0.5;0.5;NULL;NULL;NULL;NULL;NULL;NULL;7;7;0;7;1;0;5;5;0;5;1;0;3;3;0;3;1;0;4;4;0;4;1;0;NULL;NULL;NULL;NULL;NULL;NULL;NULL;NULL;NULL;NULL;NULL;NULL;NULL;NULL;NULL;NULL;NULL;NULL;NULL;NULL;NULL;NULL;NULL;NULL;5;3;2;5;0.6;0.4;4;3;1;4;0.75;0.25;NULL;NULL;NULL;NULL;NULL;NULL;NULL;NULL;NULL;NULL;NULL;NULL;NULL;NULL;NULL;NULL;NULL;NULL;NULL;NULL;NULL;NULL;NULL;NULL;NULL;NULL;NULL;NULL;NULL;NULL;NULL;NULL;NULL;NULL;NULL;NULL;21;1;3;21;0.047619048;0.142857143;NULL;NULL;NULL;NULL;NULL;NULL;NULL;NULL;NULL;NULL;NULL;NULL;No
Male;Yes;No;8;6;6;0;6;1;0;3;3;0;3;1;0;4;4;0;4;1;0;1;0;1;1;0;1;4;4;0;4;1;0;1;1;0;1;1;0;1;1;0;1;1;0;2;0;2;2;0;1;2;0;2;2;0;1;4;4;0;4;1;0;1;0;1;1;0;1;3;3;0;3;1;0;NULL;NULL;NULL;NULL;NULL;NULL;4;4;0;4;1;0;1;1;0;1;1;0;1;1;0;1;1;0;3;2;1;3;0.666666667;0.333333333;NULL;NULL;NULL;NULL;NULL;NULL;NULL;NULL;NULL;NULL;NULL;NULL;NULL;NULL;NULL;NULL;NULL;NULL;NULL;NULL;NULL;NULL;NULL;NULL;4;4;0;4;1;0;3;2;1;3;0.666666667;0.333333333;NULL;NULL;NULL;NULL;NULL;NULL;NULL;NULL;NULL;NULL;NULL;NULL;NULL;NULL;NULL;NULL;NULL;NULL;NULL;NULL;NULL;NULL;NULL;NULL;NULL;NULL;NULL;NULL;NULL;NULL;NULL;NULL;NULL;NULL;NULL;NULL;21;1;3;21;0.047619048;0.142857143;NULL;NULL;NULL;NULL;NULL;NULL;NULL;NULL;NULL;NULL;NULL;NULL;No
Male;Yes;No;8;5;5;0;5;1;0;6;6;0;6;1;0;7;6;1;7;0.857142857;0.142857143;2;1;1;2;0.5;0.5;5;4;1;5;0.8;0.2;4;3;1;4;0.75;0.25;2;2;0;2;1;0;4;4;0;4;1;0;1;1;0;1;1;0;3;3;0;3;1;0;4;4;0;4;1;0;4;1;3;4;0.25;0.75;NULL;NULL;NULL;NULL;NULL;NULL;3;3;0;3;1;0;1;1;0;1;1;0;3;3;0;3;1;0;2;2;0;2;1;0;NULL;NULL;NULL;NULL;NULL;NULL;NULL;NULL;NULL;NULL;NULL;NULL;NULL;NULL;NULL;NULL;NULL;NULL;NULL;NULL;NULL;NULL;NULL;NULL;5;4;1;5;0.8;0.2;7;5;2;7;0.714285714;0.285714286;NULL;NULL;NULL;NULL;NULL;NULL;NULL;NULL;NULL;NULL;NULL;NULL;NULL;NULL;NULL;NULL;NULL;NULL;NULL;NULL;NULL;NULL;NULL;NULL;NULL;NULL;NULL;NULL;NULL;NULL;NULL;NULL;NULL;NULL;NULL;NULL;21;1;3;21;0.047619048;0.142857143;NULL;NULL;NULL;NULL;NULL;NULL;NULL;NULL;NULL;NULL;NULL;NULL;No
Male;Yes;No;8;5;5;0;5;1;0;4;0;4;4;0;1;3;2;1;3;0.666666667;0.333333333;8;0;8;8;0;1;2;2;0;2;1;0;5;1;4;5;0.2;0.8;2;2;0;2;1;0;4;4;0;4;1;0;2;1;1;2;0.5;0.5;6;6;0;6;1;0;4;3;1;4;0.75;0.25;6;5;1;6;0.833333333;0.166666667;NULL;NULL;NULL;NULL;NULL;NULL;4;4;0;4;1;0;1;1;0;1;1;0;4;4;0;4;1;0;5;2;3;5;0.4;0.6;NULL;NULL;NULL;NULL;NULL;NULL;NULL;NULL;NULL;NULL;NULL;NULL;NULL;NULL;NULL;NULL;NULL;NULL;NULL;NULL;NULL;NULL;NULL;NULL;3;1;2;3;0.333333333;0.666666667;5;1;4;5;0.2;0.8;NULL;NULL;NULL;NULL;NULL;NULL;NULL;NULL;NULL;NULL;NULL;NULL;NULL;NULL;NULL;NULL;NULL;NULL;NULL;NULL;NULL;NULL;NULL;NULL;NULL;NULL;NULL;NULL;NULL;NULL;NULL;NULL;NULL;NULL;NULL;NULL;18;1;2;18;0.055555556;0.111111111;NULL;NULL;NULL;NULL;NULL;NULL;NULL;NULL;NULL;NULL;NULL;NULL;No
Male;Yes;No;8;1;1;0;1;1;0;2;2;0;2;1;0;3;0;3;3;0;1;3;0;3;3;0;1;2;2;0;2;1;0;1;0;1;1;0;1;2;2;0;2;1;0;4;3;1;4;0.75;0.25;2;0;2;2;0;1;4;3;1;4;0.75;0.25;1;0;1;1;0;1;3;3;0;3;1;0;NULL;NULL;NULL;NULL;NULL;NULL;3;3;0;3;1;0;3;3;0;3;1;0;4;4;0;4;1;0;4;3;1;4;0.75;0.25;NULL;NULL;NULL;NULL;NULL;NULL;NULL;NULL;NULL;NULL;NULL;NULL;NULL;NULL;NULL;NULL;NULL;NULL;NULL;NULL;NULL;NULL;NULL;NULL;4;3;1;4;0.75;0.25;5;3;2;5;0.6;0.4;NULL;NULL;NULL;NULL;NULL;NULL;NULL;NULL;NULL;NULL;NULL;NULL;NULL;NULL;NULL;NULL;NULL;NULL;NULL;NULL;NULL;NULL;NULL;NULL;NULL;NULL;NULL;NULL;NULL;NULL;NULL;NULL;NULL;NULL;NULL;NULL;19;2;1;19;0.105263158;0.052631579;NULL;NULL;NULL;NULL;NULL;NULL;NULL;NULL;NULL;NULL;NULL;NULL;No
Male;Yes;No;8;6;6;0;6;1;0;3;3;0;3;1;0;2;2;0;2;1;0;3;3;0;3;1;0;4;4;0;4;1;0;4;4;0;4;1;0;4;4;0;4;1;0;3;3;0;3;1;0;2;1;1;2;0.5;0.5;5;5;0;5;1;0;4;4;0;4;1;0;3;3;0;3;1;0;NULL;NULL;NULL;NULL;NULL;NULL;5;5;0;5;1;0;4;4;0;4;1;0;2;2;0;2;1;0;2;2;0;2;1;0;NULL;NULL;NULL;NULL;NULL;NULL;NULL;NULL;NULL;NULL;NULL;NULL;NULL;NULL;NULL;NULL;NULL;NULL;NULL;NULL;NULL;NULL;NULL;NULL;5;5;0;5;1;0;5;5;0;5;1;0;NULL;NULL;NULL;NULL;NULL;NULL;NULL;NULL;NULL;NULL;NULL;NULL;NULL;NULL;NULL;NULL;NULL;NULL;NULL;NULL;NULL;NULL;NULL;NULL;NULL;NULL;NULL;NULL;NULL;NULL;NULL;NULL;NULL;NULL;NULL;NULL;15;1;1;15;0.066666667;0.066666667;NULL;NULL;NULL;NULL;NULL;NULL;NULL;NULL;NULL;NULL;NULL;NULL;No
Male;Yes;No;8;5;5;0;5;1;0;7;7;0;7;1;0;7;7;0;7;1;0;3;3;0;3;1;0;5;4;1;5;0.8;0.2;17;5;12;17;0.294117647;0.705882353;4;3;1;4;0.75;0.25;4;4;0;4;1;0;4;4;0;4;1;0;5;4;1;5;0.8;0.2;4;2;2;4;0.5;0.5;4;3;1;4;0.75;0.25;NULL;NULL;NULL;NULL;NULL;NULL;12;1;11;12;0.083333333;0.916666667;6;3;3;6;0.5;0.5;4;4;0;4;1;0;4;3;1;4;0.75;0.25;NULL;NULL;NULL;NULL;NULL;NULL;NULL;NULL;NULL;NULL;NULL;NULL;NULL;NULL;NULL;NULL;NULL;NULL;NULL;NULL;NULL;NULL;NULL;NULL;9;6;3;9;0.666666667;0.333333333;65;13;52;65;0.2;0.8;NULL;NULL;NULL;NULL;NULL;NULL;NULL;NULL;NULL;NULL;NULL;NULL;NULL;NULL;NULL;NULL;NULL;NULL;NULL;NULL;NULL;NULL;NULL;NULL;NULL;NULL;NULL;NULL;NULL;NULL;NULL;NULL;NULL;NULL;NULL;NULL;21;1;3;21;0.047619048;0.142857143;NULL;NULL;NULL;NULL;NULL;NULL;NULL;NULL;NULL;NULL;NULL;NULL;No
Female;Yes;No;8;5;5;0;5;1;0;6;6;0;6;1;0;4;3;1;4;0.75;0.25;5;1;4;5;0.2;0.8;3;3;0;3;1;0;4;3;1;4;0.75;0.25;2;0;2;2;0;1;5;4;1;5;0.8;0.2;2;0;2;2;0;1;3;3;0;3;1;0;2;0;2;2;0;1;1;0;1;1;0;1;NULL;NULL;NULL;NULL;NULL;NULL;3;3;0;3;1;0;2;2;0;2;1;0;2;2;0;2;1;0;1;0;1;1;0;1;NULL;NULL;NULL;NULL;NULL;NULL;NULL;NULL;NULL;NULL;NULL;NULL;NULL;NULL;NULL;NULL;NULL;NULL;NULL;NULL;NULL;NULL;NULL;NULL;2;2;0;2;1;0;7;2;5;7;0.285714286;0.714285714;NULL;NULL;NULL;NULL;NULL;NULL;NULL;NULL;NULL;NULL;NULL;NULL;NULL;NULL;NULL;NULL;NULL;NULL;NULL;NULL;NULL;NULL;NULL;NULL;NULL;NULL;NULL;NULL;NULL;NULL;NULL;NULL;NULL;NULL;NULL;NULL;5;0;0;5;0;0;NULL;NULL;NULL;NULL;NULL;NULL;NULL;NULL;NULL;NULL;NULL;NULL;No
Male;Yes;No;8;5;5;0;5;1;0;4;4;0;4;1;0;5;5;0;5;1;0;0;0;0;0;0;0;3;3;0;3;1;0;5;2;3;5;0.4;0.6;4;4;0;4;1;0;2;2;0;2;1;0;3;3;0;3;1;0;4;4;0;4;1;0;3;3;0;3;1;0;5;4;1;5;0.8;0.2;NULL;NULL;NULL;NULL;NULL;NULL;4;4;0;4;1;0;4;4;0;4;1;0;3;3;0;3;1;0;2;2;0;2;1;0;NULL;NULL;NULL;NULL;NULL;NULL;NULL;NULL;NULL;NULL;NULL;NULL;NULL;NULL;NULL;NULL;NULL;NULL;NULL;NULL;NULL;NULL;NULL;NULL;5;3;2;5;0.6;0.4;3;2;1;3;0.666666667;0.333333333;NULL;NULL;NULL;NULL;NULL;NULL;NULL;NULL;NULL;NULL;NULL;NULL;NULL;NULL;NULL;NULL;NULL;NULL;NULL;NULL;NULL;NULL;NULL;NULL;NULL;NULL;NULL;NULL;NULL;NULL;NULL;NULL;NULL;NULL;NULL;NULL;21;0;4;21;0;0.19047619;NULL;NULL;NULL;NULL;NULL;NULL;NULL;NULL;NULL;NULL;NULL;NULL;No
Male;Yes;No;8;0;0;0;0;0;0;21;3;18;21;0.142857143;0.857142857;32;4;28;32;125;875;39;2;37;39;0.051282051;0.948717949;39;8;31;39;0.205128205;0.794871795;4;2;2;4;0.5;0.5;4;1;3;4;0.25;0.75;2;2;0;2;1;0;2;1;1;2;0.5;0.5;7;5;2;7;0.714285714;0.285714286;2;2;0;2;1;0;4;4;0;4;1;0;NULL;NULL;NULL;NULL;NULL;NULL;6;6;0;6;1;0;5;5;0;5;1;0;4;4;0;4;1;0;4;4;0;4;1;0;NULL;NULL;NULL;NULL;NULL;NULL;NULL;NULL;NULL;NULL;NULL;NULL;NULL;NULL;NULL;NULL;NULL;NULL;NULL;NULL;NULL;NULL;NULL;NULL;4;2;2;4;0.5;0.5;5;2;3;5;0.4;0.6;NULL;NULL;NULL;NULL;NULL;NULL;NULL;NULL;NULL;NULL;NULL;NULL;NULL;NULL;NULL;NULL;NULL;NULL;NULL;NULL;NULL;NULL;NULL;NULL;NULL;NULL;NULL;NULL;NULL;NULL;NULL;NULL;NULL;NULL;NULL;NULL;21;1;3;21;0.047619048;0.142857143;NULL;NULL;NULL;NULL;NULL;NULL;NULL;NULL;NULL;NULL;NULL;NULL;No
Male;Yes;No;8;1;0;1;1;0;1;7;7;0;7;1;0;5;5;0;5;1;0;7;0;7;7;0;1;3;0;3;3;0;1;2;0;2;2;0;1;4;4;0;4;1;0;1;1;0;1;1;0;4;3;1;4;0.75;0.25;4;0;4;4;0;1;0;0;0;0;0;0;2;1;1;2;0.5;0.5;NULL;NULL;NULL;NULL;NULL;NULL;5;5;0;5;1;0;5;5;0;5;1;0;4;3;1;4;0.75;0.25;2;2;0;2;1;0;NULL;NULL;NULL;NULL;NULL;NULL;NULL;NULL;NULL;NULL;NULL;NULL;NULL;NULL;NULL;NULL;NULL;NULL;NULL;NULL;NULL;NULL;NULL;NULL;3;2;1;3;0.666666667;0.333333333;7;5;2;7;0.714285714;0.285714286;NULL;NULL;NULL;NULL;NULL;NULL;NULL;NULL;NULL;NULL;NULL;NULL;NULL;NULL;NULL;NULL;NULL;NULL;NULL;NULL;NULL;NULL;NULL;NULL;NULL;NULL;NULL;NULL;NULL;NULL;NULL;NULL;NULL;NULL;NULL;NULL;21;3;1;21;0.142857143;0.047619048;NULL;NULL;NULL;NULL;NULL;NULL;NULL;NULL;NULL;NULL;NULL;NULL;No
Male;Yes;No;8;3;3;0;3;1;0;6;6;0;6;1;0;5;4;1;5;0.8;0.2;5;4;1;5;0.8;0.2;6;6;0;6;1;0;2;0;2;2;0;1;3;3;0;3;1;0;4;4;0;4;1;0;3;0;3;3;0;1;1;0;1;1;0;1;3;0;3;3;0;1;1;1;0;1;1;0;NULL;NULL;NULL;NULL;NULL;NULL;6;6;0;6;1;0;5;5;0;5;1;0;5;4;1;5;0.8;0.2;2;2;0;2;1;0;NULL;NULL;NULL;NULL;NULL;NULL;NULL;NULL;NULL;NULL;NULL;NULL;NULL;NULL;NULL;NULL;NULL;NULL;NULL;NULL;NULL;NULL;NULL;NULL;5;4;1;5;0.8;0.2;5;5;0;5;1;0;NULL;NULL;NULL;NULL;NULL;NULL;NULL;NULL;NULL;NULL;NULL;NULL;NULL;NULL;NULL;NULL;NULL;NULL;NULL;NULL;NULL;NULL;NULL;NULL;NULL;NULL;NULL;NULL;NULL;NULL;NULL;NULL;NULL;NULL;NULL;NULL;21;0;4;21;0;0.19047619;NULL;NULL;NULL;NULL;NULL;NULL;NULL;NULL;NULL;NULL;NULL;NULL;No
Female;Yes;No;8;13;13;0;13;1;0;11;11;0;11;1;0;9;9;0;9;1;0;4;0;4;4;0;1;4;3;1;4;0.75;0.25;5;5;0;5;1;0;2;2;0;2;1;0;3;3;0;3;1;0;4;1;3;4;0.25;0.75;6;5;1;6;0.833333333;0.166666667;4;0;4;4;0;1;1;1;0;1;1;0;NULL;NULL;NULL;NULL;NULL;NULL;10;8;2;10;0.8;0.2;5;4;1;5;0.8;0.2;2;2;0;2;1;0;2;2;0;2;1;0;NULL;NULL;NULL;NULL;NULL;NULL;NULL;NULL;NULL;NULL;NULL;NULL;NULL;NULL;NULL;NULL;NULL;NULL;NULL;NULL;NULL;NULL;NULL;NULL;5;3;2;5;0.6;0.4;5;4;1;5;0.8;0.2;NULL;NULL;NULL;NULL;NULL;NULL;NULL;NULL;NULL;NULL;NULL;NULL;NULL;NULL;NULL;NULL;NULL;NULL;NULL;NULL;NULL;NULL;NULL;NULL;NULL;NULL;NULL;NULL;NULL;NULL;NULL;NULL;NULL;NULL;NULL;NULL;21;2;2;21;0.095238095;0.095238095;NULL;NULL;NULL;NULL;NULL;NULL;NULL;NULL;NULL;NULL;NULL;NULL;No
Male;Yes;No;8;11;11;0;11;1;0;8;8;0;8;1;0;6;5;1;6;0.833333333;0.166666667;3;3;0;3;1;0;3;2;1;3;0.666666667;0.333333333;4;2;2;4;0.5;0.5;5;5;0;5;1;0;4;3;1;4;0.75;0.25;5;3;2;5;0.6;0.4;5;5;0;5;1;0;4;4;0;4;1;0;1;1;0;1;1;0;NULL;NULL;NULL;NULL;NULL;NULL;8;8;0;8;1;0;5;5;0;5;1;0;4;4;0;4;1;0;1;1;0;1;1;0;NULL;NULL;NULL;NULL;NULL;NULL;NULL;NULL;NULL;NULL;NULL;NULL;NULL;NULL;NULL;NULL;NULL;NULL;NULL;NULL;NULL;NULL;NULL;NULL;3;3;0;3;1;0;3;2;1;3;0.666666667;0.333333333;NULL;NULL;NULL;NULL;NULL;NULL;NULL;NULL;NULL;NULL;NULL;NULL;NULL;NULL;NULL;NULL;NULL;NULL;NULL;NULL;NULL;NULL;NULL;NULL;NULL;NULL;NULL;NULL;NULL;NULL;NULL;NULL;NULL;NULL;NULL;NULL;21;2;2;21;0.095238095;0.095238095;NULL;NULL;NULL;NULL;NULL;NULL;NULL;NULL;NULL;NULL;NULL;NULL;No
Male;Yes;No;8;1;1;0;1;1;0;4;0;4;4;0;1;3;0;3;3;0;1;7;0;7;7;0;1;6;6;0;6;1;0;3;0;3;3;0;1;5;5;0;5;1;0;2;2;0;2;1;0;3;1;2;3;0.333333333;0.666666667;4;0;4;4;0;1;3;0;3;3;0;1;4;0;4;4;0;1;NULL;NULL;NULL;NULL;NULL;NULL;7;7;0;7;1;0;4;4;0;4;1;0;6;6;0;6;1;0;3;2;1;3;0.666666667;0.333333333;NULL;NULL;NULL;NULL;NULL;NULL;NULL;NULL;NULL;NULL;NULL;NULL;NULL;NULL;NULL;NULL;NULL;NULL;NULL;NULL;NULL;NULL;NULL;NULL;5;3;2;5;0.6;0.4;5;3;2;5;0.6;0.4;NULL;NULL;NULL;NULL;NULL;NULL;NULL;NULL;NULL;NULL;NULL;NULL;NULL;NULL;NULL;NULL;NULL;NULL;NULL;NULL;NULL;NULL;NULL;NULL;NULL;NULL;NULL;NULL;NULL;NULL;NULL;NULL;NULL;NULL;NULL;NULL;18;1;2;18;0.055555556;0.111111111;NULL;NULL;NULL;NULL;NULL;NULL;NULL;NULL;NULL;NULL;NULL;NULL;No
Female;Yes;No;8;7;7;0;7;1;0;9;8;1;9;0.888888889;0.111111111;7;7;0;7;1;0;2;2;0;2;1;0;4;4;0;4;1;0;5;3;2;5;0.6;0.4;1;1;0;1;1;0;3;3;0;3;1;0;2;0;2;2;0;1;8;8;0;8;1;0;2;2;0;2;1;0;2;2;0;2;1;0;NULL;NULL;NULL;NULL;NULL;NULL;6;6;0;6;1;0;3;3;0;3;1;0;3;3;0;3;1;0;2;2;0;2;1;0;NULL;NULL;NULL;NULL;NULL;NULL;NULL;NULL;NULL;NULL;NULL;NULL;NULL;NULL;NULL;NULL;NULL;NULL;NULL;NULL;NULL;NULL;NULL;NULL;3;3;0;3;1;0;7;7;0;7;1;0;NULL;NULL;NULL;NULL;NULL;NULL;NULL;NULL;NULL;NULL;NULL;NULL;NULL;NULL;NULL;NULL;NULL;NULL;NULL;NULL;NULL;NULL;NULL;NULL;NULL;NULL;NULL;NULL;NULL;NULL;NULL;NULL;NULL;NULL;NULL;NULL;21;0;4;21;0;0.19047619;NULL;NULL;NULL;NULL;NULL;NULL;NULL;NULL;NULL;NULL;NULL;NULL;No
Female;Yes;No;8;8;7;1;8;875;125;7;7;0;7;1;0;6;6;0;6;1;0;6;5;1;6;0.833333333;0.166666667;3;3;0;3;1;0;5;5;0;5;1;0;2;1;1;2;0.5;0.5;7;6;1;7;0.857142857;0.142857143;3;1;2;3;0.333333333;0.666666667;8;8;0;8;1;0;4;4;0;4;1;0;2;2;0;2;1;0;NULL;NULL;NULL;NULL;NULL;NULL;9;9;0;9;1;0;1;1;0;1;1;0;6;6;0;6;1;0;8;8;0;8;1;0;NULL;NULL;NULL;NULL;NULL;NULL;NULL;NULL;NULL;NULL;NULL;NULL;NULL;NULL;NULL;NULL;NULL;NULL;NULL;NULL;NULL;NULL;NULL;NULL;5;2;3;5;0.4;0.6;7;5;2;7;0.714285714;0.285714286;NULL;NULL;NULL;NULL;NULL;NULL;NULL;NULL;NULL;NULL;NULL;NULL;NULL;NULL;NULL;NULL;NULL;NULL;NULL;NULL;NULL;NULL;NULL;NULL;NULL;NULL;NULL;NULL;NULL;NULL;NULL;NULL;NULL;NULL;NULL;NULL;21;2;2;21;0.095238095;0.095238095;NULL;NULL;NULL;NULL;NULL;NULL;NULL;NULL;NULL;NULL;NULL;NULL;No
Female;Yes;No;8;7;7;0;7;1;0;7;6;1;7;0.857142857;0.142857143;3;3;0;3;1;0;1;1;0;1;1;0;4;4;0;4;1;0;3;2;1;3;0.666666667;0.333333333;3;3;0;3;1;0;4;4;0;4;1;0;4;0;4;4;0;1;5;5;0;5;1;0;3;3;0;3;1;0;3;3;0;3;1;0;NULL;NULL;NULL;NULL;NULL;NULL;8;8;0;8;1;0;6;6;0;6;1;0;4;4;0;4;1;0;4;4;0;4;1;0;NULL;NULL;NULL;NULL;NULL;NULL;NULL;NULL;NULL;NULL;NULL;NULL;NULL;NULL;NULL;NULL;NULL;NULL;NULL;NULL;NULL;NULL;NULL;NULL;1;1;0;1;1;0;6;6;0;6;1;0;NULL;NULL;NULL;NULL;NULL;NULL;NULL;NULL;NULL;NULL;NULL;NULL;NULL;NULL;NULL;NULL;NULL;NULL;NULL;NULL;NULL;NULL;NULL;NULL;NULL;NULL;NULL;NULL;NULL;NULL;NULL;NULL;NULL;NULL;NULL;NULL;13;1;1;13;0.076923077;0.076923077;NULL;NULL;NULL;NULL;NULL;NULL;NULL;NULL;NULL;NULL;NULL;NULL;No
Male;Yes;No;8;7;7;0;7;1;0;9;9;0;9;1;0;5;4;1;5;0.8;0.2;9;1;8;9;0.111111111;0.888888889;4;4;0;4;1;0;4;3;1;4;0.75;0.25;4;3;1;4;0.75;0.25;3;3;0;3;1;0;1;1;0;1;1;0;6;5;1;6;0.833333333;0.166666667;2;1;1;2;0.5;0.5;1;1;0;1;1;0;NULL;NULL;NULL;NULL;NULL;NULL;8;8;0;8;1;0;4;4;0;4;1;0;5;5;0;5;1;0;2;2;0;2;1;0;NULL;NULL;NULL;NULL;NULL;NULL;NULL;NULL;NULL;NULL;NULL;NULL;NULL;NULL;NULL;NULL;NULL;NULL;NULL;NULL;NULL;NULL;NULL;NULL;3;3;0;3;1;0;5;3;2;5;0.6;0.4;NULL;NULL;NULL;NULL;NULL;NULL;NULL;NULL;NULL;NULL;NULL;NULL;NULL;NULL;NULL;NULL;NULL;NULL;NULL;NULL;NULL;NULL;NULL;NULL;NULL;NULL;NULL;NULL;NULL;NULL;NULL;NULL;NULL;NULL;NULL;NULL;18;0;3;18;0;0.166666667;NULL;NULL;NULL;NULL;NULL;NULL;NULL;NULL;NULL;NULL;NULL;NULL;No
Male;Yes;No;8;8;8;0;8;1;0;6;6;0;6;1;0;5;5;0;5;1;0;6;6;0;6;1;0;5;5;0;5;1;0;3;2;1;3;0.666666667;0.333333333;1;0;1;1;0;1;5;3;2;5;0.6;0.4;4;2;2;4;0.5;0.5;6;6;0;6;1;0;6;4;2;6;0.666666667;0.333333333;5;4;1;5;0.8;0.2;NULL;NULL;NULL;NULL;NULL;NULL;7;7;0;7;1;0;4;4;0;4;1;0;5;4;1;5;0.8;0.2;5;5;0;5;1;0;NULL;NULL;NULL;NULL;NULL;NULL;NULL;NULL;NULL;NULL;NULL;NULL;NULL;NULL;NULL;NULL;NULL;NULL;NULL;NULL;NULL;NULL;NULL;NULL;5;2;3;5;0.4;0.6;2;1;1;2;0.5;0.5;NULL;NULL;NULL;NULL;NULL;NULL;NULL;NULL;NULL;NULL;NULL;NULL;NULL;NULL;NULL;NULL;NULL;NULL;NULL;NULL;NULL;NULL;NULL;NULL;NULL;NULL;NULL;NULL;NULL;NULL;NULL;NULL;NULL;NULL;NULL;NULL;21;1;3;21;0.047619048;0.142857143;NULL;NULL;NULL;NULL;NULL;NULL;NULL;NULL;NULL;NULL;NULL;NULL;No
Female;Yes;No;8;9;8;1;9;0.888888889;0.111111111;6;6;0;6;1;0;6;6;0;6;1;0;3;2;1;3;0.666666667;0.333333333;4;4;0;4;1;0;4;0;4;4;0;1;6;5;1;6;0.833333333;0.166666667;5;3;2;5;0.6;0.4;2;0;2;2;0;1;6;6;0;6;1;0;2;2;0;2;1;0;2;2;0;2;1;0;NULL;NULL;NULL;NULL;NULL;NULL;7;7;0;7;1;0;3;3;0;3;1;0;2;2;0;2;1;0;2;2;0;2;1;0;NULL;NULL;NULL;NULL;NULL;NULL;NULL;NULL;NULL;NULL;NULL;NULL;NULL;NULL;NULL;NULL;NULL;NULL;NULL;NULL;NULL;NULL;NULL;NULL;7;3;4;7;0.428571429;0.571428571;5;4;1;5;0.8;0.2;NULL;NULL;NULL;NULL;NULL;NULL;NULL;NULL;NULL;NULL;NULL;NULL;NULL;NULL;NULL;NULL;NULL;NULL;NULL;NULL;NULL;NULL;NULL;NULL;NULL;NULL;NULL;NULL;NULL;NULL;NULL;NULL;NULL;NULL;NULL;NULL;21;0;4;21;0;0.19047619;NULL;NULL;NULL;NULL;NULL;NULL;NULL;NULL;NULL;NULL;NULL;NULL;No
Male;Yes;No;8;5;5;0;5;1;0;5;5;0;5;1;0;2;0;2;2;0;1;2;2;0;2;1;0;3;3;0;3;1;0;4;2;2;4;0.5;0.5;6;5;1;6;0.833333333;0.166666667;4;3;1;4;0.75;0.25;1;1;0;1;1;0;3;3;0;3;1;0;3;3;0;3;1;0;2;2;0;2;1;0;NULL;NULL;NULL;NULL;NULL;NULL;6;6;0;6;1;0;3;3;0;3;1;0;4;4;0;4;1;0;4;4;0;4;1;0;NULL;NULL;NULL;NULL;NULL;NULL;NULL;NULL;NULL;NULL;NULL;NULL;NULL;NULL;NULL;NULL;NULL;NULL;NULL;NULL;NULL;NULL;NULL;NULL;3;3;0;3;1;0;4;3;1;4;0.75;0.25;NULL;NULL;NULL;NULL;NULL;NULL;NULL;NULL;NULL;NULL;NULL;NULL;NULL;NULL;NULL;NULL;NULL;NULL;NULL;NULL;NULL;NULL;NULL;NULL;NULL;NULL;NULL;NULL;NULL;NULL;NULL;NULL;NULL;NULL;NULL;NULL;10;0;1;10;0;0.1;NULL;NULL;NULL;NULL;NULL;NULL;NULL;NULL;NULL;NULL;NULL;NULL;No
Male;Yes;No;8;10;10;0;10;1;0;3;1;2;3;0.333333333;0.666666667;5;4;1;5;0.8;0.2;5;3;2;5;0.6;0.4;5;5;0;5;1;0;9;3;6;9;0.333333333;0.666666667;2;0;2;2;0;1;3;3;0;3;1;0;5;2;3;5;0.4;0.6;6;6;0;6;1;0;7;4;3;7;0.571428571;0.428571429;2;2;0;2;1;0;NULL;NULL;NULL;NULL;NULL;NULL;7;7;0;7;1;0;4;4;0;4;1;0;3;3;0;3;1;0;3;3;0;3;1;0;NULL;NULL;NULL;NULL;NULL;NULL;NULL;NULL;NULL;NULL;NULL;NULL;NULL;NULL;NULL;NULL;NULL;NULL;NULL;NULL;NULL;NULL;NULL;NULL;7;3;4;7;0.428571429;0.571428571;7;4;3;7;0.571428571;0.428571429;NULL;NULL;NULL;NULL;NULL;NULL;NULL;NULL;NULL;NULL;NULL;NULL;NULL;NULL;NULL;NULL;NULL;NULL;NULL;NULL;NULL;NULL;NULL;NULL;NULL;NULL;NULL;NULL;NULL;NULL;NULL;NULL;NULL;NULL;NULL;NULL;21;1;3;21;0.047619048;0.142857143;NULL;NULL;NULL;NULL;NULL;NULL;NULL;NULL;NULL;NULL;NULL;NULL;No
Male;Yes;No;8;13;13;0;13;1;0;10;10;0;10;1;0;7;7;0;7;1;0;3;3;0;3;1;0;3;0;3;3;0;1;4;0;4;4;0;1;4;0;4;4;0;1;7;1;6;7;0.142857143;0.857142857;14;2;12;14;0.142857143;0.857142857;19;6;13;19;0.315789474;0.684210526;18;4;14;18;0.222222222;0.777777778;22;2;20;22;0.090909091;0.909090909;NULL;NULL;NULL;NULL;NULL;NULL;17;2;15;17;0.117647059;0.882352941;12;1;11;12;0.083333333;0.916666667;11;3;8;11;0.272727273;0.727272727;15;0;15;15;0;1;NULL;NULL;NULL;NULL;NULL;NULL;NULL;NULL;NULL;NULL;NULL;NULL;NULL;NULL;NULL;NULL;NULL;NULL;NULL;NULL;NULL;NULL;NULL;NULL;13;7;6;13;0.538461538;0.461538462;10;7;3;10;0.7;0.3;NULL;NULL;NULL;NULL;NULL;NULL;NULL;NULL;NULL;NULL;NULL;NULL;NULL;NULL;NULL;NULL;NULL;NULL;NULL;NULL;NULL;NULL;NULL;NULL;NULL;NULL;NULL;NULL;NULL;NULL;NULL;NULL;NULL;NULL;NULL;NULL;21;0;4;21;0;0.19047619;NULL;NULL;NULL;NULL;NULL;NULL;NULL;NULL;NULL;NULL;NULL;NULL;No
Female;Yes;No;8;14;14;0;14;1;0;8;7;1;8;875;125;11;11;0;11;1;0;4;4;0;4;1;0;7;7;0;7;1;0;4;3;1;4;0.75;0.25;1;1;0;1;1;0;5;4;1;5;0.8;0.2;5;2;3;5;0.4;0.6;10;9;1;10;0.9;0.1;4;3;1;4;0.75;0.25;5;3;2;5;0.6;0.4;NULL;NULL;NULL;NULL;NULL;NULL;12;11;1;12;0.916666667;0.083333333;3;2;1;3;0.666666667;0.333333333;6;6;0;6;1;0;7;5;2;7;0.714285714;0.285714286;NULL;NULL;NULL;NULL;NULL;NULL;NULL;NULL;NULL;NULL;NULL;NULL;NULL;NULL;NULL;NULL;NULL;NULL;NULL;NULL;NULL;NULL;NULL;NULL;5;3;2;5;0.6;0.4;9;9;0;9;1;0;NULL;NULL;NULL;NULL;NULL;NULL;NULL;NULL;NULL;NULL;NULL;NULL;NULL;NULL;NULL;NULL;NULL;NULL;NULL;NULL;NULL;NULL;NULL;NULL;NULL;NULL;NULL;NULL;NULL;NULL;NULL;NULL;NULL;NULL;NULL;NULL;21;1;3;21;0.047619048;0.142857143;NULL;NULL;NULL;NULL;NULL;NULL;NULL;NULL;NULL;NULL;NULL;NULL;No
Female;Yes;No;8;9;9;0;9;1;0;8;8;0;8;1;0;6;6;0;6;1;0;6;0;6;6;0;1;3;3;0;3;1;0;3;1;2;3;0.333333333;0.666666667;5;5;0;5;1;0;5;5;0;5;1;0;1;1;0;1;1;0;6;5;1;6;0.833333333;0.166666667;3;3;0;3;1;0;5;4;1;5;0.8;0.2;NULL;NULL;NULL;NULL;NULL;NULL;8;8;0;8;1;0;4;3;1;4;0.75;0.25;5;5;0;5;1;0;5;4;1;5;0.8;0.2;NULL;NULL;NULL;NULL;NULL;NULL;NULL;NULL;NULL;NULL;NULL;NULL;NULL;NULL;NULL;NULL;NULL;NULL;NULL;NULL;NULL;NULL;NULL;NULL;4;2;2;4;0.5;0.5;6;5;1;6;0.833333333;0.166666667;NULL;NULL;NULL;NULL;NULL;NULL;NULL;NULL;NULL;NULL;NULL;NULL;NULL;NULL;NULL;NULL;NULL;NULL;NULL;NULL;NULL;NULL;NULL;NULL;NULL;NULL;NULL;NULL;NULL;NULL;NULL;NULL;NULL;NULL;NULL;NULL;17;1;2;17;0.058823529;0.117647059;NULL;NULL;NULL;NULL;NULL;NULL;NULL;NULL;NULL;NULL;NULL;NULL;No
Female;Yes;No;8;4;4;0;4;1;0;5;5;0;5;1;0;6;6;0;6;1;0;3;3;0;3;1;0;6;6;0;6;1;0;3;0;3;3;0;1;7;7;0;7;1;0;3;3;0;3;1;0;2;2;0;2;1;0;3;2;1;3;0.666666667;0.333333333;4;4;0;4;1;0;2;2;0;2;1;0;NULL;NULL;NULL;NULL;NULL;NULL;5;0;5;5;0;1;2;2;0;2;1;0;4;4;0;4;1;0;4;3;1;4;0.75;0.25;NULL;NULL;NULL;NULL;NULL;NULL;NULL;NULL;NULL;NULL;NULL;NULL;NULL;NULL;NULL;NULL;NULL;NULL;NULL;NULL;NULL;NULL;NULL;NULL;5;3;2;5;0.6;0.4;5;4;1;5;0.8;0.2;NULL;NULL;NULL;NULL;NULL;NULL;NULL;NULL;NULL;NULL;NULL;NULL;NULL;NULL;NULL;NULL;NULL;NULL;NULL;NULL;NULL;NULL;NULL;NULL;NULL;NULL;NULL;NULL;NULL;NULL;NULL;NULL;NULL;NULL;NULL;NULL;18;0;3;18;0;0.166666667;NULL;NULL;NULL;NULL;NULL;NULL;NULL;NULL;NULL;NULL;NULL;NULL;No
Male;Yes;No;8;7;7;0;7;1;0;8;8;0;8;1;0;6;6;0;6;1;0;3;3;0;3;1;0;4;3;1;4;0.75;0.25;5;4;1;5;0.8;0.2;3;3;0;3;1;0;5;5;0;5;1;0;2;2;0;2;1;0;2;1;1;2;0.5;0.5;4;4;0;4;1;0;2;2;0;2;1;0;NULL;NULL;NULL;NULL;NULL;NULL;8;8;0;8;1;0;5;5;0;5;1;0;4;4;0;4;1;0;5;5;0;5;1;0;NULL;NULL;NULL;NULL;NULL;NULL;NULL;NULL;NULL;NULL;NULL;NULL;NULL;NULL;NULL;NULL;NULL;NULL;NULL;NULL;NULL;NULL;NULL;NULL;5;3;2;5;0.6;0.4;3;3;0;3;1;0;NULL;NULL;NULL;NULL;NULL;NULL;NULL;NULL;NULL;NULL;NULL;NULL;NULL;NULL;NULL;NULL;NULL;NULL;NULL;NULL;NULL;NULL;NULL;NULL;NULL;NULL;NULL;NULL;NULL;NULL;NULL;NULL;NULL;NULL;NULL;NULL;21;0;4;21;0;0.19047619;NULL;NULL;NULL;NULL;NULL;NULL;NULL;NULL;NULL;NULL;NULL;NULL;No
Female;Yes;No;8;11;11;0;11;1;0;10;10;0;10;1;0;7;7;0;7;1;0;6;6;0;6;1;0;9;9;0;9;1;0;5;5;0;5;1;0;6;6;0;6;1;0;4;4;0;4;1;0;4;4;0;4;1;0;7;7;0;7;1;0;3;3;0;3;1;0;3;3;0;3;1;0;NULL;NULL;NULL;NULL;NULL;NULL;10;10;0;10;1;0;8;8;0;8;1;0;4;3;1;4;0.75;0.25;6;6;0;6;1;0;NULL;NULL;NULL;NULL;NULL;NULL;NULL;NULL;NULL;NULL;NULL;NULL;NULL;NULL;NULL;NULL;NULL;NULL;NULL;NULL;NULL;NULL;NULL;NULL;5;3;2;5;0.6;0.4;6;5;1;6;0.833333333;0.166666667;NULL;NULL;NULL;NULL;NULL;NULL;NULL;NULL;NULL;NULL;NULL;NULL;NULL;NULL;NULL;NULL;NULL;NULL;NULL;NULL;NULL;NULL;NULL;NULL;NULL;NULL;NULL;NULL;NULL;NULL;NULL;NULL;NULL;NULL;NULL;NULL;21;2;2;21;0.095238095;0.095238095;NULL;NULL;NULL;NULL;NULL;NULL;NULL;NULL;NULL;NULL;NULL;NULL;No
Male;Yes;No;8;9;9;0;9;1;0;7;7;0;7;1;0;7;7;0;7;1;0;4;4;0;4;1;0;7;5;2;7;0.714285714;0.285714286;4;3;1;4;0.75;0.25;3;3;0;3;1;0;1;1;0;1;1;0;3;0;3;3;0;1;6;1;5;6;0.166666667;0.833333333;4;3;1;4;0.75;0.25;3;1;2;3;0.333333333;0.666666667;NULL;NULL;NULL;NULL;NULL;NULL;7;7;0;7;1;0;4;4;0;4;1;0;3;3;0;3;1;0;2;2;0;2;1;0;NULL;NULL;NULL;NULL;NULL;NULL;NULL;NULL;NULL;NULL;NULL;NULL;NULL;NULL;NULL;NULL;NULL;NULL;NULL;NULL;NULL;NULL;NULL;NULL;5;4;1;5;0.8;0.2;3;3;0;3;1;0;NULL;NULL;NULL;NULL;NULL;NULL;NULL;NULL;NULL;NULL;NULL;NULL;NULL;NULL;NULL;NULL;NULL;NULL;NULL;NULL;NULL;NULL;NULL;NULL;NULL;NULL;NULL;NULL;NULL;NULL;NULL;NULL;NULL;NULL;NULL;NULL;21;0;4;21;0;0.19047619;NULL;NULL;NULL;NULL;NULL;NULL;NULL;NULL;NULL;NULL;NULL;NULL;No
Male;Yes;No;8;5;5;0;5;1;0;5;4;1;5;0.8;0.2;6;6;0;6;1;0;3;3;0;3;1;0;3;3;0;3;1;0;3;0;3;3;0;1;3;3;0;3;1;0;4;4;0;4;1;0;2;1;1;2;0.5;0.5;3;0;3;3;0;1;4;2;2;4;0.5;0.5;3;3;0;3;1;0;NULL;NULL;NULL;NULL;NULL;NULL;7;7;0;7;1;0;4;4;0;4;1;0;5;4;1;5;0.8;0.2;3;2;1;3;0.666666667;0.333333333;NULL;NULL;NULL;NULL;NULL;NULL;NULL;NULL;NULL;NULL;NULL;NULL;NULL;NULL;NULL;NULL;NULL;NULL;NULL;NULL;NULL;NULL;NULL;NULL;23;3;20;23;0.130434783;0.869565217;6;1;5;6;0.166666667;0.833333333;NULL;NULL;NULL;NULL;NULL;NULL;NULL;NULL;NULL;NULL;NULL;NULL;NULL;NULL;NULL;NULL;NULL;NULL;NULL;NULL;NULL;NULL;NULL;NULL;NULL;NULL;NULL;NULL;NULL;NULL;NULL;NULL;NULL;NULL;NULL;NULL;21;0;4;21;0;0.19047619;NULL;NULL;NULL;NULL;NULL;NULL;NULL;NULL;NULL;NULL;NULL;NULL;No
Female;Yes;No;8;3;3;0;3;1;0;8;8;0;8;1;0;4;4;0;4;1;0;3;2;1;3;0.666666667;0.333333333;6;6;0;6;1;0;3;3;0;3;1;0;6;6;0;6;1;0;4;4;0;4;1;0;2;0;2;2;0;1;7;7;0;7;1;0;3;1;2;3;0.333333333;0.666666667;6;5;1;6;0.833333333;0.166666667;NULL;NULL;NULL;NULL;NULL;NULL;5;5;0;5;1;0;5;5;0;5;1;0;5;5;0;5;1;0;4;4;0;4;1;0;NULL;NULL;NULL;NULL;NULL;NULL;NULL;NULL;NULL;NULL;NULL;NULL;NULL;NULL;NULL;NULL;NULL;NULL;NULL;NULL;NULL;NULL;NULL;NULL;2;1;1;2;0.5;0.5;3;2;1;3;0.666666667;0.333333333;NULL;NULL;NULL;NULL;NULL;NULL;NULL;NULL;NULL;NULL;NULL;NULL;NULL;NULL;NULL;NULL;NULL;NULL;NULL;NULL;NULL;NULL;NULL;NULL;NULL;NULL;NULL;NULL;NULL;NULL;NULL;NULL;NULL;NULL;NULL;NULL;17;0;3;17;0;0.176470588;NULL;NULL;NULL;NULL;NULL;NULL;NULL;NULL;NULL;NULL;NULL;NULL;No
Female;Yes;No;8;11;11;0;11;1;0;8;7;1;8;875;125;5;5;0;5;1;0;8;7;1;8;875;125;2;2;0;2;1;0;3;3;0;3;1;0;8;7;1;8;875;125;4;3;1;4;0.75;0.25;5;2;3;5;0.4;0.6;9;8;1;9;0.888888889;0.111111111;3;3;0;3;1;0;2;2;0;2;1;0;NULL;NULL;NULL;NULL;NULL;NULL;9;9;0;9;1;0;4;4;0;4;1;0;3;3;0;3;1;0;4;3;1;4;0.75;0.25;NULL;NULL;NULL;NULL;NULL;NULL;NULL;NULL;NULL;NULL;NULL;NULL;NULL;NULL;NULL;NULL;NULL;NULL;NULL;NULL;NULL;NULL;NULL;NULL;5;5;0;5;1;0;7;6;1;7;0.857142857;0.142857143;NULL;NULL;NULL;NULL;NULL;NULL;NULL;NULL;NULL;NULL;NULL;NULL;NULL;NULL;NULL;NULL;NULL;NULL;NULL;NULL;NULL;NULL;NULL;NULL;NULL;NULL;NULL;NULL;NULL;NULL;NULL;NULL;NULL;NULL;NULL;NULL;21;2;2;21;0.095238095;0.095238095;NULL;NULL;NULL;NULL;NULL;NULL;NULL;NULL;NULL;NULL;NULL;NULL;No
Female;Yes;No;8;5;5;0;5;1;0;1;0;1;1;0;1;3;3;0;3;1;0;7;0;7;7;0;1;4;4;0;4;1;0;3;0;3;3;0;1;5;5;0;5;1;0;4;4;0;4;1;0;2;2;0;2;1;0;8;8;0;8;1;0;3;3;0;3;1;0;1;1;0;1;1;0;NULL;NULL;NULL;NULL;NULL;NULL;8;8;0;8;1;0;6;6;0;6;1;0;5;5;0;5;1;0;2;2;0;2;1;0;NULL;NULL;NULL;NULL;NULL;NULL;NULL;NULL;NULL;NULL;NULL;NULL;NULL;NULL;NULL;NULL;NULL;NULL;NULL;NULL;NULL;NULL;NULL;NULL;3;2;1;3;0.666666667;0.333333333;5;5;0;5;1;0;NULL;NULL;NULL;NULL;NULL;NULL;NULL;NULL;NULL;NULL;NULL;NULL;NULL;NULL;NULL;NULL;NULL;NULL;NULL;NULL;NULL;NULL;NULL;NULL;NULL;NULL;NULL;NULL;NULL;NULL;NULL;NULL;NULL;NULL;NULL;NULL;15;0;1;15;0;0.066666667;NULL;NULL;NULL;NULL;NULL;NULL;NULL;NULL;NULL;NULL;NULL;NULL;No
Male;Yes;No;8;8;8;0;8;1;0;8;8;0;8;1;0;4;4;0;4;1;0;2;2;0;2;1;0;5;5;0;5;1;0;3;3;0;3;1;0;5;5;0;5;1;0;2;2;0;2;1;0;3;3;0;3;1;0;5;5;0;5;1;0;5;5;0;5;1;0;3;3;0;3;1;0;NULL;NULL;NULL;NULL;NULL;NULL;7;7;0;7;1;0;2;2;0;2;1;0;5;5;0;5;1;0;3;3;0;3;1;0;NULL;NULL;NULL;NULL;NULL;NULL;NULL;NULL;NULL;NULL;NULL;NULL;NULL;NULL;NULL;NULL;NULL;NULL;NULL;NULL;NULL;NULL;NULL;NULL;5;3;2;5;0.6;0.4;3;2;1;3;0.666666667;0.333333333;NULL;NULL;NULL;NULL;NULL;NULL;NULL;NULL;NULL;NULL;NULL;NULL;NULL;NULL;NULL;NULL;NULL;NULL;NULL;NULL;NULL;NULL;NULL;NULL;NULL;NULL;NULL;NULL;NULL;NULL;NULL;NULL;NULL;NULL;NULL;NULL;21;0;4;21;0;0.19047619;NULL;NULL;NULL;NULL;NULL;NULL;NULL;NULL;NULL;NULL;NULL;NULL;No
Female;Yes;No;8;8;8;0;8;1;0;9;9;0;9;1;0;4;4;0;4;1;0;5;5;0;5;1;0;5;4;1;5;0.8;0.2;4;3;1;4;0.75;0.25;4;4;0;4;1;0;4;4;0;4;1;0;2;2;0;2;1;0;7;7;0;7;1;0;6;6;0;6;1;0;4;4;0;4;1;0;NULL;NULL;NULL;NULL;NULL;NULL;7;7;0;7;1;0;3;3;0;3;1;0;6;5;1;6;0.833333333;0.166666667;4;4;0;4;1;0;NULL;NULL;NULL;NULL;NULL;NULL;NULL;NULL;NULL;NULL;NULL;NULL;NULL;NULL;NULL;NULL;NULL;NULL;NULL;NULL;NULL;NULL;NULL;NULL;5;4;1;5;0.8;0.2;7;5;2;7;0.714285714;0.285714286;NULL;NULL;NULL;NULL;NULL;NULL;NULL;NULL;NULL;NULL;NULL;NULL;NULL;NULL;NULL;NULL;NULL;NULL;NULL;NULL;NULL;NULL;NULL;NULL;NULL;NULL;NULL;NULL;NULL;NULL;NULL;NULL;NULL;NULL;NULL;NULL;21;1;3;21;0.047619048;0.142857143;NULL;NULL;NULL;NULL;NULL;NULL;NULL;NULL;NULL;NULL;NULL;NULL;No
Female;Yes;No;8;6;6;0;6;1;0;9;9;0;9;1;0;8;8;0;8;1;0;4;4;0;4;1;0;5;5;0;5;1;0;3;3;0;3;1;0;4;4;0;4;1;0;4;4;0;4;1;0;2;0;2;2;0;1;6;6;0;6;1;0;3;3;0;3;1;0;3;3;0;3;1;0;NULL;NULL;NULL;NULL;NULL;NULL;7;7;0;7;1;0;2;1;1;2;0.5;0.5;3;3;0;3;1;0;5;5;0;5;1;0;NULL;NULL;NULL;NULL;NULL;NULL;NULL;NULL;NULL;NULL;NULL;NULL;NULL;NULL;NULL;NULL;NULL;NULL;NULL;NULL;NULL;NULL;NULL;NULL;4;3;1;4;0.75;0.25;5;5;0;5;1;0;NULL;NULL;NULL;NULL;NULL;NULL;NULL;NULL;NULL;NULL;NULL;NULL;NULL;NULL;NULL;NULL;NULL;NULL;NULL;NULL;NULL;NULL;NULL;NULL;NULL;NULL;NULL;NULL;NULL;NULL;NULL;NULL;NULL;NULL;NULL;NULL;21;0;4;21;0;0.19047619;NULL;NULL;NULL;NULL;NULL;NULL;NULL;NULL;NULL;NULL;NULL;NULL;No
Male;Yes;No;8;11;11;0;11;1;0;7;7;0;7;1;0;6;6;0;6;1;0;4;4;0;4;1;0;3;3;0;3;1;0;2;1;1;2;0.5;0.5;5;5;0;5;1;0;6;6;0;6;1;0;3;3;0;3;1;0;6;6;0;6;1;0;5;5;0;5;1;0;4;3;1;4;0.75;0.25;NULL;NULL;NULL;NULL;NULL;NULL;9;9;0;9;1;0;7;6;1;7;0.857142857;0.142857143;5;3;2;5;0.6;0.4;5;5;0;5;1;0;NULL;NULL;NULL;NULL;NULL;NULL;NULL;NULL;NULL;NULL;NULL;NULL;NULL;NULL;NULL;NULL;NULL;NULL;NULL;NULL;NULL;NULL;NULL;NULL;6;4;2;6;0.666666667;0.333333333;9;9;0;9;1;0;NULL;NULL;NULL;NULL;NULL;NULL;NULL;NULL;NULL;NULL;NULL;NULL;NULL;NULL;NULL;NULL;NULL;NULL;NULL;NULL;NULL;NULL;NULL;NULL;NULL;NULL;NULL;NULL;NULL;NULL;NULL;NULL;NULL;NULL;NULL;NULL;21;1;3;21;0.047619048;0.142857143;NULL;NULL;NULL;NULL;NULL;NULL;NULL;NULL;NULL;NULL;NULL;NULL;No
Male;Yes;No;8;8;8;0;8;1;0;8;8;0;8;1;0;5;5;0;5;1;0;5;5;0;5;1;0;5;5;0;5;1;0;2;2;0;2;1;0;7;7;0;7;1;0;5;5;0;5;1;0;3;3;0;3;1;0;7;7;0;7;1;0;4;3;1;4;0.75;0.25;5;5;0;5;1;0;NULL;NULL;NULL;NULL;NULL;NULL;6;6;0;6;1;0;3;3;0;3;1;0;3;3;0;3;1;0;4;4;0;4;1;0;NULL;NULL;NULL;NULL;NULL;NULL;NULL;NULL;NULL;NULL;NULL;NULL;NULL;NULL;NULL;NULL;NULL;NULL;NULL;NULL;NULL;NULL;NULL;NULL;4;2;2;4;0.5;0.5;3;3;0;3;1;0;NULL;NULL;NULL;NULL;NULL;NULL;NULL;NULL;NULL;NULL;NULL;NULL;NULL;NULL;NULL;NULL;NULL;NULL;NULL;NULL;NULL;NULL;NULL;NULL;NULL;NULL;NULL;NULL;NULL;NULL;NULL;NULL;NULL;NULL;NULL;NULL;21;0;4;21;0;0.19047619;NULL;NULL;NULL;NULL;NULL;NULL;NULL;NULL;NULL;NULL;NULL;NULL;No
Male;Yes;No;8;8;8;0;8;1;0;8;8;0;8;1;0;6;6;0;6;1;0;4;0;4;4;0;1;3;3;0;3;1;0;2;2;0;2;1;0;4;4;0;4;1;0;2;1;1;2;0.5;0.5;2;2;0;2;1;0;2;0;2;2;0;1;5;4;1;5;0.8;0.2;4;1;3;4;0.25;0.75;NULL;NULL;NULL;NULL;NULL;NULL;6;6;0;6;1;0;2;2;0;2;1;0;5;5;0;5;1;0;3;3;0;3;1;0;NULL;NULL;NULL;NULL;NULL;NULL;NULL;NULL;NULL;NULL;NULL;NULL;NULL;NULL;NULL;NULL;NULL;NULL;NULL;NULL;NULL;NULL;NULL;NULL;4;3;1;4;0.75;0.25;4;3;1;4;0.75;0.25;NULL;NULL;NULL;NULL;NULL;NULL;NULL;NULL;NULL;NULL;NULL;NULL;NULL;NULL;NULL;NULL;NULL;NULL;NULL;NULL;NULL;NULL;NULL;NULL;NULL;NULL;NULL;NULL;NULL;NULL;NULL;NULL;NULL;NULL;NULL;NULL;21;2;2;21;0.095238095;0.095238095;NULL;NULL;NULL;NULL;NULL;NULL;NULL;NULL;NULL;NULL;NULL;NULL;No
Female;Yes;No;8;7;7;0;7;1;0;8;8;0;8;1;0;5;5;0;5;1;0;2;2;0;2;1;0;5;5;0;5;1;0;4;2;2;4;0.5;0.5;5;5;0;5;1;0;8;6;2;8;0.75;0.25;2;0;2;2;0;1;7;7;0;7;1;0;6;6;0;6;1;0;7;6;1;7;0.857142857;0.142857143;NULL;NULL;NULL;NULL;NULL;NULL;9;9;0;9;1;0;5;5;0;5;1;0;7;7;0;7;1;0;3;3;0;3;1;0;NULL;NULL;NULL;NULL;NULL;NULL;NULL;NULL;NULL;NULL;NULL;NULL;NULL;NULL;NULL;NULL;NULL;NULL;NULL;NULL;NULL;NULL;NULL;NULL;3;1;2;3;0.333333333;0.666666667;5;5;0;5;1;0;NULL;NULL;NULL;NULL;NULL;NULL;NULL;NULL;NULL;NULL;NULL;NULL;NULL;NULL;NULL;NULL;NULL;NULL;NULL;NULL;NULL;NULL;NULL;NULL;NULL;NULL;NULL;NULL;NULL;NULL;NULL;NULL;NULL;NULL;NULL;NULL;21;1;3;21;0.047619048;0.142857143;NULL;NULL;NULL;NULL;NULL;NULL;NULL;NULL;NULL;NULL;NULL;NULL;No
Female;Yes;No;8;9;9;0;9;1;0;9;8;1;9;0.888888889;0.111111111;7;7;0;7;1;0;5;5;0;5;1;0;5;5;0;5;1;0;4;2;2;4;0.5;0.5;5;5;0;5;1;0;6;6;0;6;1;0;6;4;2;6;0.666666667;0.333333333;7;7;0;7;1;0;6;5;1;6;0.833333333;0.166666667;2;2;0;2;1;0;NULL;NULL;NULL;NULL;NULL;NULL;9;9;0;9;1;0;6;6;0;6;1;0;6;6;0;6;1;0;4;4;0;4;1;0;NULL;NULL;NULL;NULL;NULL;NULL;NULL;NULL;NULL;NULL;NULL;NULL;NULL;NULL;NULL;NULL;NULL;NULL;NULL;NULL;NULL;NULL;NULL;NULL;5;4;1;5;0.8;0.2;8;6;2;8;0.75;0.25;NULL;NULL;NULL;NULL;NULL;NULL;NULL;NULL;NULL;NULL;NULL;NULL;NULL;NULL;NULL;NULL;NULL;NULL;NULL;NULL;NULL;NULL;NULL;NULL;NULL;NULL;NULL;NULL;NULL;NULL;NULL;NULL;NULL;NULL;NULL;NULL;21;2;2;21;0.095238095;0.095238095;NULL;NULL;NULL;NULL;NULL;NULL;NULL;NULL;NULL;NULL;NULL;NULL;No
Male;Yes;No;8;5;5;0;5;1;0;9;9;0;9;1;0;6;6;0;6;1;0;1;1;0;1;1;0;3;3;0;3;1;0;2;2;0;2;1;0;5;4;1;5;0.8;0.2;4;4;0;4;1;0;3;1;2;3;0.333333333;0.666666667;6;6;0;6;1;0;1;0;1;1;0;1;2;2;0;2;1;0;NULL;NULL;NULL;NULL;NULL;NULL;3;3;0;3;1;0;4;4;0;4;1;0;4;4;0;4;1;0;5;3;2;5;0.6;0.4;NULL;NULL;NULL;NULL;NULL;NULL;NULL;NULL;NULL;NULL;NULL;NULL;NULL;NULL;NULL;NULL;NULL;NULL;NULL;NULL;NULL;NULL;NULL;NULL;3;2;1;3;0.666666667;0.333333333;5;4;1;5;0.8;0.2;NULL;NULL;NULL;NULL;NULL;NULL;NULL;NULL;NULL;NULL;NULL;NULL;NULL;NULL;NULL;NULL;NULL;NULL;NULL;NULL;NULL;NULL;NULL;NULL;NULL;NULL;NULL;NULL;NULL;NULL;NULL;NULL;NULL;NULL;NULL;NULL;21;2;2;21;0.095238095;0.095238095;NULL;NULL;NULL;NULL;NULL;NULL;NULL;NULL;NULL;NULL;NULL;NULL;No
Male;Yes;No;8;7;7;0;7;1;0;8;8;0;8;1;0;6;6;0;6;1;0;4;4;0;4;1;0;3;3;0;3;1;0;4;3;1;4;0.75;0.25;5;5;0;5;1;0;4;4;0;4;1;0;2;2;0;2;1;0;5;5;0;5;1;0;3;2;1;3;0.666666667;0.333333333;3;3;0;3;1;0;NULL;NULL;NULL;NULL;NULL;NULL;5;5;0;5;1;0;4;4;0;4;1;0;3;3;0;3;1;0;4;4;0;4;1;0;NULL;NULL;NULL;NULL;NULL;NULL;NULL;NULL;NULL;NULL;NULL;NULL;NULL;NULL;NULL;NULL;NULL;NULL;NULL;NULL;NULL;NULL;NULL;NULL;4;4;0;4;1;0;1;1;0;1;1;0;NULL;NULL;NULL;NULL;NULL;NULL;NULL;NULL;NULL;NULL;NULL;NULL;NULL;NULL;NULL;NULL;NULL;NULL;NULL;NULL;NULL;NULL;NULL;NULL;NULL;NULL;NULL;NULL;NULL;NULL;NULL;NULL;NULL;NULL;NULL;NULL;21;3;1;21;0.142857143;0.047619048;NULL;NULL;NULL;NULL;NULL;NULL;NULL;NULL;NULL;NULL;NULL;NULL;No
Female;Yes;No;8;9;9;0;9;1;0;7;7;0;7;1;0;6;6;0;6;1;0;2;2;0;2;1;0;7;6;1;7;0.857142857;0.142857143;4;4;0;4;1;0;5;5;0;5;1;0;6;6;0;6;1;0;4;3;1;4;0.75;0.25;7;7;0;7;1;0;2;2;0;2;1;0;5;5;0;5;1;0;NULL;NULL;NULL;NULL;NULL;NULL;8;8;0;8;1;0;3;3;0;3;1;0;6;5;1;6;0.833333333;0.166666667;2;2;0;2;1;0;NULL;NULL;NULL;NULL;NULL;NULL;NULL;NULL;NULL;NULL;NULL;NULL;NULL;NULL;NULL;NULL;NULL;NULL;NULL;NULL;NULL;NULL;NULL;NULL;4;4;0;4;1;0;7;4;3;7;0.571428571;0.428571429;NULL;NULL;NULL;NULL;NULL;NULL;NULL;NULL;NULL;NULL;NULL;NULL;NULL;NULL;NULL;NULL;NULL;NULL;NULL;NULL;NULL;NULL;NULL;NULL;NULL;NULL;NULL;NULL;NULL;NULL;NULL;NULL;NULL;NULL;NULL;NULL;21;2;2;21;0.095238095;0.095238095;NULL;NULL;NULL;NULL;NULL;NULL;NULL;NULL;NULL;NULL;NULL;NULL;No
Male;Yes;No;8;2;2;0;2;1;0;7;6;1;7;0.857142857;0.142857143;5;5;0;5;1;0;2;0;2;2;0;1;3;0;3;3;0;1;2;2;0;2;1;0;4;4;0;4;1;0;2;2;0;2;1;0;2;2;0;2;1;0;8;8;0;8;1;0;2;2;0;2;1;0;1;1;0;1;1;0;NULL;NULL;NULL;NULL;NULL;NULL;4;4;0;4;1;0;2;2;0;2;1;0;4;4;0;4;1;0;2;2;0;2;1;0;NULL;NULL;NULL;NULL;NULL;NULL;NULL;NULL;NULL;NULL;NULL;NULL;NULL;NULL;NULL;NULL;NULL;NULL;NULL;NULL;NULL;NULL;NULL;NULL;5;4;1;5;0.8;0.2;5;4;1;5;0.8;0.2;NULL;NULL;NULL;NULL;NULL;NULL;NULL;NULL;NULL;NULL;NULL;NULL;NULL;NULL;NULL;NULL;NULL;NULL;NULL;NULL;NULL;NULL;NULL;NULL;NULL;NULL;NULL;NULL;NULL;NULL;NULL;NULL;NULL;NULL;NULL;NULL;19;0;3;19;0;0.157894737;NULL;NULL;NULL;NULL;NULL;NULL;NULL;NULL;NULL;NULL;NULL;NULL;No
Male;Yes;No;8;6;6;0;6;1;0;8;8;0;8;1;0;6;6;0;6;1;0;4;2;2;4;0.5;0.5;4;4;0;4;1;0;5;5;0;5;1;0;3;3;0;3;1;0;4;4;0;4;1;0;1;1;0;1;1;0;3;0;3;3;0;1;3;3;0;3;1;0;5;4;1;5;0.8;0.2;NULL;NULL;NULL;NULL;NULL;NULL;7;7;0;7;1;0;3;3;0;3;1;0;4;4;0;4;1;0;3;3;0;3;1;0;NULL;NULL;NULL;NULL;NULL;NULL;NULL;NULL;NULL;NULL;NULL;NULL;NULL;NULL;NULL;NULL;NULL;NULL;NULL;NULL;NULL;NULL;NULL;NULL;3;2;1;3;0.666666667;0.333333333;3;3;0;3;1;0;NULL;NULL;NULL;NULL;NULL;NULL;NULL;NULL;NULL;NULL;NULL;NULL;NULL;NULL;NULL;NULL;NULL;NULL;NULL;NULL;NULL;NULL;NULL;NULL;NULL;NULL;NULL;NULL;NULL;NULL;NULL;NULL;NULL;NULL;NULL;NULL;12;1;0;12;0.083333333;0;NULL;NULL;NULL;NULL;NULL;NULL;NULL;NULL;NULL;NULL;NULL;NULL;No
Female;Yes;No;8;1;1;0;1;1;0;6;6;0;6;1;0;5;5;0;5;1;0;1;1;0;1;1;0;2;2;0;2;1;0;4;4;0;4;1;0;3;3;0;3;1;0;3;3;0;3;1;0;2;2;0;2;1;0;4;4;0;4;1;0;2;2;0;2;1;0;2;2;0;2;1;0;NULL;NULL;NULL;NULL;NULL;NULL;6;6;0;6;1;0;4;4;0;4;1;0;3;3;0;3;1;0;2;2;0;2;1;0;NULL;NULL;NULL;NULL;NULL;NULL;NULL;NULL;NULL;NULL;NULL;NULL;NULL;NULL;NULL;NULL;NULL;NULL;NULL;NULL;NULL;NULL;NULL;NULL;1;0;1;1;0;1;2;0;2;2;0;1;NULL;NULL;NULL;NULL;NULL;NULL;NULL;NULL;NULL;NULL;NULL;NULL;NULL;NULL;NULL;NULL;NULL;NULL;NULL;NULL;NULL;NULL;NULL;NULL;NULL;NULL;NULL;NULL;NULL;NULL;NULL;NULL;NULL;NULL;NULL;NULL;17;0;2;17;0;0.117647059;NULL;NULL;NULL;NULL;NULL;NULL;NULL;NULL;NULL;NULL;NULL;NULL;No
Female;Yes;No;8;9;9;0;9;1;0;9;9;0;9;1;0;9;3;6;9;0.333333333;0.666666667;3;3;0;3;1;0;8;8;0;8;1;0;16;0;16;16;0;1;3;3;0;3;1;0;6;3;3;6;0.5;0.5;4;2;2;4;0.5;0.5;8;8;0;8;1;0;12;3;9;12;0.25;0.75;5;1;4;5;0.2;0.8;NULL;NULL;NULL;NULL;NULL;NULL;7;5;2;7;0.714285714;0.285714286;4;4;0;4;1;0;6;5;1;6;0.833333333;0.166666667;3;3;0;3;1;0;NULL;NULL;NULL;NULL;NULL;NULL;NULL;NULL;NULL;NULL;NULL;NULL;NULL;NULL;NULL;NULL;NULL;NULL;NULL;NULL;NULL;NULL;NULL;NULL;6;6;0;6;1;0;5;4;1;5;0.8;0.2;NULL;NULL;NULL;NULL;NULL;NULL;NULL;NULL;NULL;NULL;NULL;NULL;NULL;NULL;NULL;NULL;NULL;NULL;NULL;NULL;NULL;NULL;NULL;NULL;NULL;NULL;NULL;NULL;NULL;NULL;NULL;NULL;NULL;NULL;NULL;NULL;21;0;4;21;0;0.19047619;NULL;NULL;NULL;NULL;NULL;NULL;NULL;NULL;NULL;NULL;NULL;NULL;No
Female;Yes;No;8;10;10;0;10;1;0;7;7;0;7;1;0;6;6;0;6;1;0;2;2;0;2;1;0;6;5;1;6;0.833333333;0.166666667;3;3;0;3;1;0;4;4;0;4;1;0;5;5;0;5;1;0;1;1;0;1;1;0;5;3;2;5;0.6;0.4;4;4;0;4;1;0;5;5;0;5;1;0;NULL;NULL;NULL;NULL;NULL;NULL;8;8;0;8;1;0;4;1;3;4;0.25;0.75;6;4;2;6;0.666666667;0.333333333;5;4;1;5;0.8;0.2;NULL;NULL;NULL;NULL;NULL;NULL;NULL;NULL;NULL;NULL;NULL;NULL;NULL;NULL;NULL;NULL;NULL;NULL;NULL;NULL;NULL;NULL;NULL;NULL;5;5;0;5;1;0;5;4;1;5;0.8;0.2;NULL;NULL;NULL;NULL;NULL;NULL;NULL;NULL;NULL;NULL;NULL;NULL;NULL;NULL;NULL;NULL;NULL;NULL;NULL;NULL;NULL;NULL;NULL;NULL;NULL;NULL;NULL;NULL;NULL;NULL;NULL;NULL;NULL;NULL;NULL;NULL;19;0;3;19;0;0.157894737;NULL;NULL;NULL;NULL;NULL;NULL;NULL;NULL;NULL;NULL;NULL;NULL;No
Male;Yes;No;8;7;7;0;7;1;0;7;7;0;7;1;0;5;5;0;5;1;0;2;2;0;2;1;0;3;3;0;3;1;0;1;1;0;1;1;0;4;4;0;4;1;0;4;4;0;4;1;0;2;2;0;2;1;0;5;5;0;5;1;0;3;3;0;3;1;0;2;2;0;2;1;0;NULL;NULL;NULL;NULL;NULL;NULL;8;8;0;8;1;0;7;7;0;7;1;0;3;2;1;3;0.666666667;0.333333333;3;3;0;3;1;0;NULL;NULL;NULL;NULL;NULL;NULL;NULL;NULL;NULL;NULL;NULL;NULL;NULL;NULL;NULL;NULL;NULL;NULL;NULL;NULL;NULL;NULL;NULL;NULL;4;1;3;4;0.25;0.75;2;1;1;2;0.5;0.5;NULL;NULL;NULL;NULL;NULL;NULL;NULL;NULL;NULL;NULL;NULL;NULL;NULL;NULL;NULL;NULL;NULL;NULL;NULL;NULL;NULL;NULL;NULL;NULL;NULL;NULL;NULL;NULL;NULL;NULL;NULL;NULL;NULL;NULL;NULL;NULL;13;1;1;13;0.076923077;0.076923077;NULL;NULL;NULL;NULL;NULL;NULL;NULL;NULL;NULL;NULL;NULL;NULL;No
Female;Yes;No;8;7;7;0;7;1;0;8;7;1;8;875;125;4;4;0;4;1;0;2;2;0;2;1;0;5;5;0;5;1;0;2;2;0;2;1;0;4;4;0;4;1;0;4;4;0;4;1;0;3;2;1;3;0.666666667;0.333333333;6;6;0;6;1;0;4;4;0;4;1;0;4;4;0;4;1;0;NULL;NULL;NULL;NULL;NULL;NULL;8;8;0;8;1;0;4;4;0;4;1;0;4;4;0;4;1;0;2;2;0;2;1;0;NULL;NULL;NULL;NULL;NULL;NULL;NULL;NULL;NULL;NULL;NULL;NULL;NULL;NULL;NULL;NULL;NULL;NULL;NULL;NULL;NULL;NULL;NULL;NULL;3;1;2;3;0.333333333;0.666666667;5;5;0;5;1;0;NULL;NULL;NULL;NULL;NULL;NULL;NULL;NULL;NULL;NULL;NULL;NULL;NULL;NULL;NULL;NULL;NULL;NULL;NULL;NULL;NULL;NULL;NULL;NULL;NULL;NULL;NULL;NULL;NULL;NULL;NULL;NULL;NULL;NULL;NULL;NULL;21;2;2;21;0.095238095;0.095238095;NULL;NULL;NULL;NULL;NULL;NULL;NULL;NULL;NULL;NULL;NULL;NULL;No
Female;Yes;No;8;5;5;0;5;1;0;3;2;1;3;0.666666667;0.333333333;6;6;0;6;1;0;3;3;0;3;1;0;5;5;0;5;1;0;5;5;0;5;1;0;4;4;0;4;1;0;3;2;1;3;0.666666667;0.333333333;2;2;0;2;1;0;6;6;0;6;1;0;3;2;1;3;0.666666667;0.333333333;3;3;0;3;1;0;NULL;NULL;NULL;NULL;NULL;NULL;6;6;0;6;1;0;6;6;0;6;1;0;6;6;0;6;1;0;5;4;1;5;0.8;0.2;NULL;NULL;NULL;NULL;NULL;NULL;NULL;NULL;NULL;NULL;NULL;NULL;NULL;NULL;NULL;NULL;NULL;NULL;NULL;NULL;NULL;NULL;NULL;NULL;4;3;1;4;0.75;0.25;5;4;1;5;0.8;0.2;NULL;NULL;NULL;NULL;NULL;NULL;NULL;NULL;NULL;NULL;NULL;NULL;NULL;NULL;NULL;NULL;NULL;NULL;NULL;NULL;NULL;NULL;NULL;NULL;NULL;NULL;NULL;NULL;NULL;NULL;NULL;NULL;NULL;NULL;NULL;NULL;14;0;1;14;0;0.071428571;NULL;NULL;NULL;NULL;NULL;NULL;NULL;NULL;NULL;NULL;NULL;NULL;No
Female;Yes;No;8;6;6;0;6;1;0;8;8;0;8;1;0;6;6;0;6;1;0;6;0;6;6;0;1;8;8;0;8;1;0;4;4;0;4;1;0;1;1;0;1;1;0;2;2;0;2;1;0;2;2;0;2;1;0;4;4;0;4;1;0;3;0;3;3;0;1;3;3;0;3;1;0;NULL;NULL;NULL;NULL;NULL;NULL;6;6;0;6;1;0;4;4;0;4;1;0;2;2;0;2;1;0;4;4;0;4;1;0;NULL;NULL;NULL;NULL;NULL;NULL;NULL;NULL;NULL;NULL;NULL;NULL;NULL;NULL;NULL;NULL;NULL;NULL;NULL;NULL;NULL;NULL;NULL;NULL;3;3;0;3;1;0;4;4;0;4;1;0;NULL;NULL;NULL;NULL;NULL;NULL;NULL;NULL;NULL;NULL;NULL;NULL;NULL;NULL;NULL;NULL;NULL;NULL;NULL;NULL;NULL;NULL;NULL;NULL;NULL;NULL;NULL;NULL;NULL;NULL;NULL;NULL;NULL;NULL;NULL;NULL;19;0;3;19;0;0.157894737;NULL;NULL;NULL;NULL;NULL;NULL;NULL;NULL;NULL;NULL;NULL;NULL;No
Male;Yes;No;8;8;8;0;8;1;0;7;7;0;7;1;0;4;4;0;4;1;0;2;2;0;2;1;0;4;4;0;4;1;0;6;4;2;6;0.666666667;0.333333333;3;3;0;3;1;0;4;4;0;4;1;0;2;2;0;2;1;0;4;4;0;4;1;0;3;1;2;3;0.333333333;0.666666667;6;6;0;6;1;0;NULL;NULL;NULL;NULL;NULL;NULL;6;6;0;6;1;0;4;4;0;4;1;0;2;2;0;2;1;0;1;1;0;1;1;0;NULL;NULL;NULL;NULL;NULL;NULL;NULL;NULL;NULL;NULL;NULL;NULL;NULL;NULL;NULL;NULL;NULL;NULL;NULL;NULL;NULL;NULL;NULL;NULL;4;3;1;4;0.75;0.25;6;5;1;6;0.833333333;0.166666667;NULL;NULL;NULL;NULL;NULL;NULL;NULL;NULL;NULL;NULL;NULL;NULL;NULL;NULL;NULL;NULL;NULL;NULL;NULL;NULL;NULL;NULL;NULL;NULL;NULL;NULL;NULL;NULL;NULL;NULL;NULL;NULL;NULL;NULL;NULL;NULL;17;0;3;17;0;0.176470588;NULL;NULL;NULL;NULL;NULL;NULL;NULL;NULL;NULL;NULL;NULL;NULL;No
Male;Yes;No;8;7;7;0;7;1;0;8;8;0;8;1;0;4;4;0;4;1;0;2;2;0;2;1;0;4;4;0;4;1;0;4;2;2;4;0.5;0.5;4;4;0;4;1;0;3;3;0;3;1;0;10;2;8;10;0.2;0.8;5;4;1;5;0.8;0.2;3;1;2;3;0.333333333;0.666666667;2;2;0;2;1;0;NULL;NULL;NULL;NULL;NULL;NULL;6;6;0;6;1;0;1;1;0;1;1;0;2;2;0;2;1;0;3;2;1;3;0.666666667;0.333333333;NULL;NULL;NULL;NULL;NULL;NULL;NULL;NULL;NULL;NULL;NULL;NULL;NULL;NULL;NULL;NULL;NULL;NULL;NULL;NULL;NULL;NULL;NULL;NULL;4;1;3;4;0.25;0.75;2;1;1;2;0.5;0.5;NULL;NULL;NULL;NULL;NULL;NULL;NULL;NULL;NULL;NULL;NULL;NULL;NULL;NULL;NULL;NULL;NULL;NULL;NULL;NULL;NULL;NULL;NULL;NULL;NULL;NULL;NULL;NULL;NULL;NULL;NULL;NULL;NULL;NULL;NULL;NULL;21;3;1;21;0.142857143;0.047619048;NULL;NULL;NULL;NULL;NULL;NULL;NULL;NULL;NULL;NULL;NULL;NULL;No
Male;Yes;No;8;4;4;0;4;1;0;3;3;0;3;1;0;3;3;0;3;1;0;3;3;0;3;1;0;3;3;0;3;1;0;2;2;0;2;1;0;4;4;0;4;1;0;2;2;0;2;1;0;1;1;0;1;1;0;5;5;0;5;1;0;5;5;0;5;1;0;5;3;2;5;0.6;0.4;NULL;NULL;NULL;NULL;NULL;NULL;6;6;0;6;1;0;6;6;0;6;1;0;5;5;0;5;1;0;3;3;0;3;1;0;NULL;NULL;NULL;NULL;NULL;NULL;NULL;NULL;NULL;NULL;NULL;NULL;NULL;NULL;NULL;NULL;NULL;NULL;NULL;NULL;NULL;NULL;NULL;NULL;3;3;0;3;1;0;3;3;0;3;1;0;NULL;NULL;NULL;NULL;NULL;NULL;NULL;NULL;NULL;NULL;NULL;NULL;NULL;NULL;NULL;NULL;NULL;NULL;NULL;NULL;NULL;NULL;NULL;NULL;NULL;NULL;NULL;NULL;NULL;NULL;NULL;NULL;NULL;NULL;NULL;NULL;17;0;2;17;0;0.117647059;NULL;NULL;NULL;NULL;NULL;NULL;NULL;NULL;NULL;NULL;NULL;NULL;No
Male;Yes;No;8;8;8;0;8;1;0;3;0;3;3;0;1;6;4;2;6;0.666666667;0.333333333;1;1;0;1;1;0;5;5;0;5;1;0;3;3;0;3;1;0;3;3;0;3;1;0;3;3;0;3;1;0;4;3;1;4;0.75;0.25;5;5;0;5;1;0;4;4;0;4;1;0;3;2;1;3;0.666666667;0.333333333;NULL;NULL;NULL;NULL;NULL;NULL;7;7;0;7;1;0;5;5;0;5;1;0;5;5;0;5;1;0;2;2;0;2;1;0;NULL;NULL;NULL;NULL;NULL;NULL;NULL;NULL;NULL;NULL;NULL;NULL;NULL;NULL;NULL;NULL;NULL;NULL;NULL;NULL;NULL;NULL;NULL;NULL;6;3;3;6;0.5;0.5;5;4;1;5;0.8;0.2;NULL;NULL;NULL;NULL;NULL;NULL;NULL;NULL;NULL;NULL;NULL;NULL;NULL;NULL;NULL;NULL;NULL;NULL;NULL;NULL;NULL;NULL;NULL;NULL;NULL;NULL;NULL;NULL;NULL;NULL;NULL;NULL;NULL;NULL;NULL;NULL;21;1;3;21;0.047619048;0.142857143;NULL;NULL;NULL;NULL;NULL;NULL;NULL;NULL;NULL;NULL;NULL;NULL;No
Female;Yes;No;8;9;9;0;9;1;0;5;5;0;5;1;0;6;6;0;6;1;0;3;3;0;3;1;0;5;5;0;5;1;0;5;5;0;5;1;0;4;4;0;4;1;0;5;5;0;5;1;0;5;3;2;5;0.6;0.4;7;7;0;7;1;0;5;4;1;5;0.8;0.2;5;5;0;5;1;0;NULL;NULL;NULL;NULL;NULL;NULL;8;8;0;8;1;0;6;6;0;6;1;0;4;4;0;4;1;0;2;2;0;2;1;0;NULL;NULL;NULL;NULL;NULL;NULL;NULL;NULL;NULL;NULL;NULL;NULL;NULL;NULL;NULL;NULL;NULL;NULL;NULL;NULL;NULL;NULL;NULL;NULL;7;7;0;7;1;0;7;6;1;7;0.857142857;0.142857143;NULL;NULL;NULL;NULL;NULL;NULL;NULL;NULL;NULL;NULL;NULL;NULL;NULL;NULL;NULL;NULL;NULL;NULL;NULL;NULL;NULL;NULL;NULL;NULL;NULL;NULL;NULL;NULL;NULL;NULL;NULL;NULL;NULL;NULL;NULL;NULL;21;0;4;21;0;0.19047619;NULL;NULL;NULL;NULL;NULL;NULL;NULL;NULL;NULL;NULL;NULL;NULL;No
Male;Yes;No;8;8;8;0;8;1;0;7;7;0;7;1;0;5;5;0;5;1;0;1;1;0;1;1;0;6;6;0;6;1;0;5;4;1;5;0.8;0.2;4;4;0;4;1;0;3;3;0;3;1;0;1;1;0;1;1;0;6;6;0;6;1;0;3;3;0;3;1;0;5;4;1;5;0.8;0.2;NULL;NULL;NULL;NULL;NULL;NULL;4;4;0;4;1;0;5;5;0;5;1;0;3;3;0;3;1;0;4;4;0;4;1;0;NULL;NULL;NULL;NULL;NULL;NULL;NULL;NULL;NULL;NULL;NULL;NULL;NULL;NULL;NULL;NULL;NULL;NULL;NULL;NULL;NULL;NULL;NULL;NULL;5;5;0;5;1;0;5;5;0;5;1;0;NULL;NULL;NULL;NULL;NULL;NULL;NULL;NULL;NULL;NULL;NULL;NULL;NULL;NULL;NULL;NULL;NULL;NULL;NULL;NULL;NULL;NULL;NULL;NULL;NULL;NULL;NULL;NULL;NULL;NULL;NULL;NULL;NULL;NULL;NULL;NULL;21;0;4;21;0;0.19047619;NULL;NULL;NULL;NULL;NULL;NULL;NULL;NULL;NULL;NULL;NULL;NULL;No
Male;Yes;No;8;8;8;0;8;1;0;2;0;2;2;0;1;8;8;0;8;1;0;3;3;0;3;1;0;5;5;0;5;1;0;4;4;0;4;1;0;5;5;0;5;1;0;3;3;0;3;1;0;3;3;0;3;1;0;6;6;0;6;1;0;6;5;1;6;0.833333333;0.166666667;2;2;0;2;1;0;NULL;NULL;NULL;NULL;NULL;NULL;8;8;0;8;1;0;6;6;0;6;1;0;6;6;0;6;1;0;4;4;0;4;1;0;NULL;NULL;NULL;NULL;NULL;NULL;NULL;NULL;NULL;NULL;NULL;NULL;NULL;NULL;NULL;NULL;NULL;NULL;NULL;NULL;NULL;NULL;NULL;NULL;4;1;3;4;0.25;0.75;6;6;0;6;1;0;NULL;NULL;NULL;NULL;NULL;NULL;NULL;NULL;NULL;NULL;NULL;NULL;NULL;NULL;NULL;NULL;NULL;NULL;NULL;NULL;NULL;NULL;NULL;NULL;NULL;NULL;NULL;NULL;NULL;NULL;NULL;NULL;NULL;NULL;NULL;NULL;21;0;4;21;0;0.19047619;NULL;NULL;NULL;NULL;NULL;NULL;NULL;NULL;NULL;NULL;NULL;NULL;No
Male;Yes;No;8;4;4;0;4;1;0;5;5;0;5;1;0;6;6;0;6;1;0;3;3;0;3;1;0;4;0;4;4;0;1;3;3;0;3;1;0;2;2;0;2;1;0;4;3;1;4;0.75;0.25;2;2;0;2;1;0;6;6;0;6;1;0;2;1;1;2;0.5;0.5;2;2;0;2;1;0;NULL;NULL;NULL;NULL;NULL;NULL;5;5;0;5;1;0;3;2;1;3;0.666666667;0.333333333;5;5;0;5;1;0;3;3;0;3;1;0;NULL;NULL;NULL;NULL;NULL;NULL;NULL;NULL;NULL;NULL;NULL;NULL;NULL;NULL;NULL;NULL;NULL;NULL;NULL;NULL;NULL;NULL;NULL;NULL;2;1;1;2;0.5;0.5;3;3;0;3;1;0;NULL;NULL;NULL;NULL;NULL;NULL;NULL;NULL;NULL;NULL;NULL;NULL;NULL;NULL;NULL;NULL;NULL;NULL;NULL;NULL;NULL;NULL;NULL;NULL;NULL;NULL;NULL;NULL;NULL;NULL;NULL;NULL;NULL;NULL;NULL;NULL;19;1;2;19;0.052631579;0.105263158;NULL;NULL;NULL;NULL;NULL;NULL;NULL;NULL;NULL;NULL;NULL;NULL;No
Male;Yes;No;8;7;7;0;7;1;0;8;8;0;8;1;0;7;7;0;7;1;0;2;2;0;2;1;0;3;2;1;3;0.666666667;0.333333333;7;6;1;7;0.857142857;0.142857143;1;1;0;1;1;0;5;5;0;5;1;0;1;1;0;1;1;0;6;6;0;6;1;0;2;0;2;2;0;1;3;3;0;3;1;0;NULL;NULL;NULL;NULL;NULL;NULL;8;8;0;8;1;0;5;5;0;5;1;0;6;6;0;6;1;0;5;5;0;5;1;0;NULL;NULL;NULL;NULL;NULL;NULL;NULL;NULL;NULL;NULL;NULL;NULL;NULL;NULL;NULL;NULL;NULL;NULL;NULL;NULL;NULL;NULL;NULL;NULL;5;3;2;5;0.6;0.4;7;5;2;7;0.714285714;0.285714286;NULL;NULL;NULL;NULL;NULL;NULL;NULL;NULL;NULL;NULL;NULL;NULL;NULL;NULL;NULL;NULL;NULL;NULL;NULL;NULL;NULL;NULL;NULL;NULL;NULL;NULL;NULL;NULL;NULL;NULL;NULL;NULL;NULL;NULL;NULL;NULL;15;0;3;15;0;0.2;NULL;NULL;NULL;NULL;NULL;NULL;NULL;NULL;NULL;NULL;NULL;NULL;No
Male;Yes;No;8;8;8;0;8;1;0;5;4;1;5;0.8;0.2;7;7;0;7;1;0;2;2;0;2;1;0;4;4;0;4;1;0;3;3;0;3;1;0;4;4;0;4;1;0;4;3;1;4;0.75;0.25;2;2;0;2;1;0;7;7;0;7;1;0;4;4;0;4;1;0;4;4;0;4;1;0;NULL;NULL;NULL;NULL;NULL;NULL;6;6;0;6;1;0;6;6;0;6;1;0;6;6;0;6;1;0;3;3;0;3;1;0;NULL;NULL;NULL;NULL;NULL;NULL;NULL;NULL;NULL;NULL;NULL;NULL;NULL;NULL;NULL;NULL;NULL;NULL;NULL;NULL;NULL;NULL;NULL;NULL;3;2;1;3;0.666666667;0.333333333;5;4;1;5;0.8;0.2;NULL;NULL;NULL;NULL;NULL;NULL;NULL;NULL;NULL;NULL;NULL;NULL;NULL;NULL;NULL;NULL;NULL;NULL;NULL;NULL;NULL;NULL;NULL;NULL;NULL;NULL;NULL;NULL;NULL;NULL;NULL;NULL;NULL;NULL;NULL;NULL;16;2;1;16;125;0.0625;NULL;NULL;NULL;NULL;NULL;NULL;NULL;NULL;NULL;NULL;NULL;NULL;No
Female;Yes;No;8;10;10;0;10;1;0;8;8;0;8;1;0;5;4;1;5;0.8;0.2;4;4;0;4;1;0;7;7;0;7;1;0;22;2;20;22;0.090909091;0.909090909;4;4;0;4;1;0;3;3;0;3;1;0;3;0;3;3;0;1;6;6;0;6;1;0;5;3;2;5;0.6;0.4;5;3;2;5;0.6;0.4;NULL;NULL;NULL;NULL;NULL;NULL;9;9;0;9;1;0;2;2;0;2;1;0;5;5;0;5;1;0;4;4;0;4;1;0;NULL;NULL;NULL;NULL;NULL;NULL;NULL;NULL;NULL;NULL;NULL;NULL;NULL;NULL;NULL;NULL;NULL;NULL;NULL;NULL;NULL;NULL;NULL;NULL;3;2;1;3;0.666666667;0.333333333;5;5;0;5;1;0;NULL;NULL;NULL;NULL;NULL;NULL;NULL;NULL;NULL;NULL;NULL;NULL;NULL;NULL;NULL;NULL;NULL;NULL;NULL;NULL;NULL;NULL;NULL;NULL;NULL;NULL;NULL;NULL;NULL;NULL;NULL;NULL;NULL;NULL;NULL;NULL;16;0;3;16;0;0.1875;NULL;NULL;NULL;NULL;NULL;NULL;NULL;NULL;NULL;NULL;NULL;NULL;No
Male;Yes;No;8;8;8;0;8;1;0;8;8;0;8;1;0;5;5;0;5;1;0;5;5;0;5;1;0;5;5;0;5;1;0;6;2;4;6;0.333333333;0.666666667;4;4;0;4;1;0;3;3;0;3;1;0;4;3;1;4;0.75;0.25;4;4;0;4;1;0;2;2;0;2;1;0;5;5;0;5;1;0;NULL;NULL;NULL;NULL;NULL;NULL;8;8;0;8;1;0;5;5;0;5;1;0;5;5;0;5;1;0;6;6;0;6;1;0;NULL;NULL;NULL;NULL;NULL;NULL;NULL;NULL;NULL;NULL;NULL;NULL;NULL;NULL;NULL;NULL;NULL;NULL;NULL;NULL;NULL;NULL;NULL;NULL;6;4;2;6;0.666666667;0.333333333;5;4;1;5;0.8;0.2;NULL;NULL;NULL;NULL;NULL;NULL;NULL;NULL;NULL;NULL;NULL;NULL;NULL;NULL;NULL;NULL;NULL;NULL;NULL;NULL;NULL;NULL;NULL;NULL;NULL;NULL;NULL;NULL;NULL;NULL;NULL;NULL;NULL;NULL;NULL;NULL;21;3;1;21;0.142857143;0.047619048;NULL;NULL;NULL;NULL;NULL;NULL;NULL;NULL;NULL;NULL;NULL;NULL;No
Female;Yes;No;8;10;10;0;10;1;0;9;9;0;9;1;0;9;9;0;9;1;0;4;4;0;4;1;0;7;7;0;7;1;0;6;4;2;6;0.666666667;0.333333333;7;7;0;7;1;0;5;5;0;5;1;0;2;2;0;2;1;0;7;7;0;7;1;0;4;4;0;4;1;0;3;3;0;3;1;0;NULL;NULL;NULL;NULL;NULL;NULL;7;6;1;7;0.857142857;0.142857143;6;6;0;6;1;0;3;3;0;3;1;0;4;3;1;4;0.75;0.25;NULL;NULL;NULL;NULL;NULL;NULL;NULL;NULL;NULL;NULL;NULL;NULL;NULL;NULL;NULL;NULL;NULL;NULL;NULL;NULL;NULL;NULL;NULL;NULL;3;2;1;3;0.666666667;0.333333333;5;5;0;5;1;0;NULL;NULL;NULL;NULL;NULL;NULL;NULL;NULL;NULL;NULL;NULL;NULL;NULL;NULL;NULL;NULL;NULL;NULL;NULL;NULL;NULL;NULL;NULL;NULL;NULL;NULL;NULL;NULL;NULL;NULL;NULL;NULL;NULL;NULL;NULL;NULL;21;1;3;21;0.047619048;0.142857143;NULL;NULL;NULL;NULL;NULL;NULL;NULL;NULL;NULL;NULL;NULL;NULL;No
Female;Yes;No;8;8;8;0;8;1;0;9;9;0;9;1;0;8;8;0;8;1;0;2;2;0;2;1;0;7;7;0;7;1;0;5;4;1;5;0.8;0.2;5;5;0;5;1;0;6;6;0;6;1;0;1;1;0;1;1;0;8;8;0;8;1;0;4;4;0;4;1;0;2;2;0;2;1;0;NULL;NULL;NULL;NULL;NULL;NULL;6;6;0;6;1;0;6;6;0;6;1;0;4;4;0;4;1;0;1;1;0;1;1;0;NULL;NULL;NULL;NULL;NULL;NULL;NULL;NULL;NULL;NULL;NULL;NULL;NULL;NULL;NULL;NULL;NULL;NULL;NULL;NULL;NULL;NULL;NULL;NULL;3;3;0;3;1;0;4;3;1;4;0.75;0.25;NULL;NULL;NULL;NULL;NULL;NULL;NULL;NULL;NULL;NULL;NULL;NULL;NULL;NULL;NULL;NULL;NULL;NULL;NULL;NULL;NULL;NULL;NULL;NULL;NULL;NULL;NULL;NULL;NULL;NULL;NULL;NULL;NULL;NULL;NULL;NULL;21;2;2;21;0.095238095;0.095238095;NULL;NULL;NULL;NULL;NULL;NULL;NULL;NULL;NULL;NULL;NULL;NULL;No
Male;Yes;No;8;6;6;0;6;1;0;8;8;0;8;1;0;6;6;0;6;1;0;6;0;6;6;0;1;5;5;0;5;1;0;3;3;0;3;1;0;3;3;0;3;1;0;5;4;1;5;0.8;0.2;2;2;0;2;1;0;6;6;0;6;1;0;5;4;1;5;0.8;0.2;3;3;0;3;1;0;NULL;NULL;NULL;NULL;NULL;NULL;6;6;0;6;1;0;6;6;0;6;1;0;5;5;0;5;1;0;4;4;0;4;1;0;NULL;NULL;NULL;NULL;NULL;NULL;NULL;NULL;NULL;NULL;NULL;NULL;NULL;NULL;NULL;NULL;NULL;NULL;NULL;NULL;NULL;NULL;NULL;NULL;3;3;0;3;1;0;5;5;0;5;1;0;NULL;NULL;NULL;NULL;NULL;NULL;NULL;NULL;NULL;NULL;NULL;NULL;NULL;NULL;NULL;NULL;NULL;NULL;NULL;NULL;NULL;NULL;NULL;NULL;NULL;NULL;NULL;NULL;NULL;NULL;NULL;NULL;NULL;NULL;NULL;NULL;21;0;4;21;0;0.19047619;NULL;NULL;NULL;NULL;NULL;NULL;NULL;NULL;NULL;NULL;NULL;NULL;No
Female;Yes;No;8;8;8;0;8;1;0;8;8;0;8;1;0;8;8;0;8;1;0;5;5;0;5;1;0;4;4;0;4;1;0;4;2;2;4;0.5;0.5;4;4;0;4;1;0;2;2;0;2;1;0;3;2;1;3;0.666666667;0.333333333;6;6;0;6;1;0;3;3;0;3;1;0;2;2;0;2;1;0;NULL;NULL;NULL;NULL;NULL;NULL;7;7;0;7;1;0;4;4;0;4;1;0;4;3;1;4;0.75;0.25;4;4;0;4;1;0;NULL;NULL;NULL;NULL;NULL;NULL;NULL;NULL;NULL;NULL;NULL;NULL;NULL;NULL;NULL;NULL;NULL;NULL;NULL;NULL;NULL;NULL;NULL;NULL;3;3;0;3;1;0;3;3;0;3;1;0;NULL;NULL;NULL;NULL;NULL;NULL;NULL;NULL;NULL;NULL;NULL;NULL;NULL;NULL;NULL;NULL;NULL;NULL;NULL;NULL;NULL;NULL;NULL;NULL;NULL;NULL;NULL;NULL;NULL;NULL;NULL;NULL;NULL;NULL;NULL;NULL;17;0;2;17;0;0.117647059;NULL;NULL;NULL;NULL;NULL;NULL;NULL;NULL;NULL;NULL;NULL;NULL;No
Male;Yes;No;8;7;7;0;7;1;0;8;8;0;8;1;0;4;4;0;4;1;0;4;4;0;4;1;0;2;1;1;2;0.5;0.5;3;3;0;3;1;0;3;3;0;3;1;0;3;3;0;3;1;0;2;2;0;2;1;0;6;0;6;6;0;1;4;3;1;4;0.75;0.25;2;2;0;2;1;0;NULL;NULL;NULL;NULL;NULL;NULL;5;5;0;5;1;0;4;4;0;4;1;0;3;3;0;3;1;0;4;4;0;4;1;0;NULL;NULL;NULL;NULL;NULL;NULL;NULL;NULL;NULL;NULL;NULL;NULL;NULL;NULL;NULL;NULL;NULL;NULL;NULL;NULL;NULL;NULL;NULL;NULL;4;2;2;4;0.5;0.5;6;5;1;6;0.833333333;0.166666667;NULL;NULL;NULL;NULL;NULL;NULL;NULL;NULL;NULL;NULL;NULL;NULL;NULL;NULL;NULL;NULL;NULL;NULL;NULL;NULL;NULL;NULL;NULL;NULL;NULL;NULL;NULL;NULL;NULL;NULL;NULL;NULL;NULL;NULL;NULL;NULL;21;3;1;21;0.142857143;0.047619048;NULL;NULL;NULL;NULL;NULL;NULL;NULL;NULL;NULL;NULL;NULL;NULL;No
Female;Yes;No;8;7;7;0;7;1;0;8;8;0;8;1;0;6;6;0;6;1;0;3;3;0;3;1;0;6;6;0;6;1;0;1;1;0;1;1;0;5;5;0;5;1;0;3;3;0;3;1;0;2;0;2;2;0;1;5;5;0;5;1;0;3;3;0;3;1;0;5;3;2;5;0.6;0.4;NULL;NULL;NULL;NULL;NULL;NULL;5;5;0;5;1;0;4;4;0;4;1;0;2;2;0;2;1;0;2;1;1;2;0.5;0.5;NULL;NULL;NULL;NULL;NULL;NULL;NULL;NULL;NULL;NULL;NULL;NULL;NULL;NULL;NULL;NULL;NULL;NULL;NULL;NULL;NULL;NULL;NULL;NULL;4;3;1;4;0.75;0.25;5;5;0;5;1;0;NULL;NULL;NULL;NULL;NULL;NULL;NULL;NULL;NULL;NULL;NULL;NULL;NULL;NULL;NULL;NULL;NULL;NULL;NULL;NULL;NULL;NULL;NULL;NULL;NULL;NULL;NULL;NULL;NULL;NULL;NULL;NULL;NULL;NULL;NULL;NULL;21;0;4;21;0;0.19047619;NULL;NULL;NULL;NULL;NULL;NULL;NULL;NULL;NULL;NULL;NULL;NULL;No
Male;Yes;No;8;8;8;0;8;1;0;7;7;0;7;1;0;6;6;0;6;1;0;4;4;0;4;1;0;3;2;1;3;0.666666667;0.333333333;2;0;2;2;0;1;5;5;0;5;1;0;5;4;1;5;0.8;0.2;4;2;2;4;0.5;0.5;4;4;0;4;1;0;3;2;1;3;0.666666667;0.333333333;4;2;2;4;0.5;0.5;NULL;NULL;NULL;NULL;NULL;NULL;5;5;0;5;1;0;5;5;0;5;1;0;4;4;0;4;1;0;3;3;0;3;1;0;NULL;NULL;NULL;NULL;NULL;NULL;NULL;NULL;NULL;NULL;NULL;NULL;NULL;NULL;NULL;NULL;NULL;NULL;NULL;NULL;NULL;NULL;NULL;NULL;5;3;2;5;0.6;0.4;3;2;1;3;0.666666667;0.333333333;NULL;NULL;NULL;NULL;NULL;NULL;NULL;NULL;NULL;NULL;NULL;NULL;NULL;NULL;NULL;NULL;NULL;NULL;NULL;NULL;NULL;NULL;NULL;NULL;NULL;NULL;NULL;NULL;NULL;NULL;NULL;NULL;NULL;NULL;NULL;NULL;17;0;3;17;0;0.176470588;NULL;NULL;NULL;NULL;NULL;NULL;NULL;NULL;NULL;NULL;NULL;NULL;No
Female;Yes;No;8;8;8;0;8;1;0;6;6;0;6;1;0;6;6;0;6;1;0;2;2;0;2;1;0;5;5;0;5;1;0;1;1;0;1;1;0;3;3;0;3;1;0;4;4;0;4;1;0;1;0;1;1;0;1;6;6;0;6;1;0;4;3;1;4;0.75;0.25;2;2;0;2;1;0;NULL;NULL;NULL;NULL;NULL;NULL;8;8;0;8;1;0;4;4;0;4;1;0;4;4;0;4;1;0;4;4;0;4;1;0;NULL;NULL;NULL;NULL;NULL;NULL;NULL;NULL;NULL;NULL;NULL;NULL;NULL;NULL;NULL;NULL;NULL;NULL;NULL;NULL;NULL;NULL;NULL;NULL;3;3;0;3;1;0;4;4;0;4;1;0;NULL;NULL;NULL;NULL;NULL;NULL;NULL;NULL;NULL;NULL;NULL;NULL;NULL;NULL;NULL;NULL;NULL;NULL;NULL;NULL;NULL;NULL;NULL;NULL;NULL;NULL;NULL;NULL;NULL;NULL;NULL;NULL;NULL;NULL;NULL;NULL;21;1;3;21;0.047619048;0.142857143;NULL;NULL;NULL;NULL;NULL;NULL;NULL;NULL;NULL;NULL;NULL;NULL;No
Female;Yes;No;8;8;8;0;8;1;0;5;5;0;5;1;0;4;3;1;4;0.75;0.25;4;4;0;4;1;0;2;2;0;2;1;0;3;3;0;3;1;0;3;3;0;3;1;0;3;3;0;3;1;0;3;3;0;3;1;0;6;6;0;6;1;0;2;2;0;2;1;0;3;3;0;3;1;0;NULL;NULL;NULL;NULL;NULL;NULL;7;7;0;7;1;0;6;5;1;6;0.833333333;0.166666667;4;4;0;4;1;0;5;5;0;5;1;0;NULL;NULL;NULL;NULL;NULL;NULL;NULL;NULL;NULL;NULL;NULL;NULL;NULL;NULL;NULL;NULL;NULL;NULL;NULL;NULL;NULL;NULL;NULL;NULL;4;3;1;4;0.75;0.25;7;6;1;7;0.857142857;0.142857143;NULL;NULL;NULL;NULL;NULL;NULL;NULL;NULL;NULL;NULL;NULL;NULL;NULL;NULL;NULL;NULL;NULL;NULL;NULL;NULL;NULL;NULL;NULL;NULL;NULL;NULL;NULL;NULL;NULL;NULL;NULL;NULL;NULL;NULL;NULL;NULL;21;1;3;21;0.047619048;0.142857143;NULL;NULL;NULL;NULL;NULL;NULL;NULL;NULL;NULL;NULL;NULL;NULL;No
Female;Yes;No;8;10;10;0;10;1;0;8;8;0;8;1;0;6;6;0;6;1;0;1;1;0;1;1;0;6;6;0;6;1;0;4;4;0;4;1;0;5;5;0;5;1;0;8;8;0;8;1;0;1;1;0;1;1;0;7;7;0;7;1;0;3;2;1;3;0.666666667;0.333333333;4;4;0;4;1;0;NULL;NULL;NULL;NULL;NULL;NULL;8;8;0;8;1;0;4;4;0;4;1;0;6;6;0;6;1;0;7;6;1;7;0.857142857;0.142857143;NULL;NULL;NULL;NULL;NULL;NULL;NULL;NULL;NULL;NULL;NULL;NULL;NULL;NULL;NULL;NULL;NULL;NULL;NULL;NULL;NULL;NULL;NULL;NULL;3;1;2;3;0.333333333;0.666666667;5;4;1;5;0.8;0.2;NULL;NULL;NULL;NULL;NULL;NULL;NULL;NULL;NULL;NULL;NULL;NULL;NULL;NULL;NULL;NULL;NULL;NULL;NULL;NULL;NULL;NULL;NULL;NULL;NULL;NULL;NULL;NULL;NULL;NULL;NULL;NULL;NULL;NULL;NULL;NULL;21;2;2;21;0.095238095;0.095238095;NULL;NULL;NULL;NULL;NULL;NULL;NULL;NULL;NULL;NULL;NULL;NULL;No
Male;Yes;No;8;10;10;0;10;1;0;7;7;0;7;1;0;7;7;0;7;1;0;5;5;0;5;1;0;5;5;0;5;1;0;5;3;2;5;0.6;0.4;7;7;0;7;1;0;7;7;0;7;1;0;4;3;1;4;0.75;0.25;5;1;4;5;0.2;0.8;5;5;0;5;1;0;3;3;0;3;1;0;NULL;NULL;NULL;NULL;NULL;NULL;8;8;0;8;1;0;7;7;0;7;1;0;7;7;0;7;1;0;4;4;0;4;1;0;NULL;NULL;NULL;NULL;NULL;NULL;NULL;NULL;NULL;NULL;NULL;NULL;NULL;NULL;NULL;NULL;NULL;NULL;NULL;NULL;NULL;NULL;NULL;NULL;6;3;3;6;0.5;0.5;7;6;1;7;0.857142857;0.142857143;NULL;NULL;NULL;NULL;NULL;NULL;NULL;NULL;NULL;NULL;NULL;NULL;NULL;NULL;NULL;NULL;NULL;NULL;NULL;NULL;NULL;NULL;NULL;NULL;NULL;NULL;NULL;NULL;NULL;NULL;NULL;NULL;NULL;NULL;NULL;NULL;21;0;4;21;0;0.19047619;NULL;NULL;NULL;NULL;NULL;NULL;NULL;NULL;NULL;NULL;NULL;NULL;No
Female;Yes;No;8;1;1;0;1;1;0;0;0;0;0;0;0;1;1;0;1;1;0;1;0;1;1;0;1;1;1;0;1;1;0;4;0;4;4;0;1;3;0;3;3;0;1;8;0;8;8;0;1;4;0;4;4;0;1;8;1;7;8;125;875;3;0;3;3;0;1;24;2;22;24;0.083333333;0.916666667;NULL;NULL;NULL;NULL;NULL;NULL;1;1;0;1;1;0;2;2;0;2;1;0;3;3;0;3;1;0;1;1;0;1;1;0;NULL;NULL;NULL;NULL;NULL;NULL;NULL;NULL;NULL;NULL;NULL;NULL;NULL;NULL;NULL;NULL;NULL;NULL;NULL;NULL;NULL;NULL;NULL;NULL;11;2;9;11;0.181818182;0.818181818;16;1;15;16;0.0625;0.9375;NULL;NULL;NULL;NULL;NULL;NULL;NULL;NULL;NULL;NULL;NULL;NULL;NULL;NULL;NULL;NULL;NULL;NULL;NULL;NULL;NULL;NULL;NULL;NULL;NULL;NULL;NULL;NULL;NULL;NULL;NULL;NULL;NULL;NULL;NULL;NULL;21;0;4;21;0;0.19047619;NULL;NULL;NULL;NULL;NULL;NULL;NULL;NULL;NULL;NULL;NULL;NULL;Yes
Male;Yes;No;8;8;8;0;8;1;0;6;6;0;6;1;0;7;6;1;7;0.857142857;0.142857143;2;0;2;2;0;1;2;1;1;2;0.5;0.5;2;0;2;2;0;1;1;0;1;1;0;1;1;1;0;1;1;0;1;1;0;1;1;0;6;3;3;6;0.5;0.5;2;1;1;2;0.5;0.5;2;1;1;2;0.5;0.5;NULL;NULL;NULL;NULL;NULL;NULL;8;8;0;8;1;0;3;3;0;3;1;0;4;4;0;4;1;0;3;3;0;3;1;0;NULL;NULL;NULL;NULL;NULL;NULL;NULL;NULL;NULL;NULL;NULL;NULL;NULL;NULL;NULL;NULL;NULL;NULL;NULL;NULL;NULL;NULL;NULL;NULL;5;0;5;5;0;1;4;3;1;4;0.75;0.25;NULL;NULL;NULL;NULL;NULL;NULL;NULL;NULL;NULL;NULL;NULL;NULL;NULL;NULL;NULL;NULL;NULL;NULL;NULL;NULL;NULL;NULL;NULL;NULL;NULL;NULL;NULL;NULL;NULL;NULL;NULL;NULL;NULL;NULL;NULL;NULL;17;0;2;17;0;0.117647059;NULL;NULL;NULL;NULL;NULL;NULL;NULL;NULL;NULL;NULL;NULL;NULL;Yes
Male;Yes;No;8;6;6;0;6;1;0;7;7;0;7;1;0;5;5;0;5;1;0;5;0;5;5;0;1;5;5;0;5;1;0;4;4;0;4;1;0;6;6;0;6;1;0;2;2;0;2;1;0;1;1;0;1;1;0;5;4;1;5;0.8;0.2;4;3;1;4;0.75;0.25;1;1;0;1;1;0;NULL;NULL;NULL;NULL;NULL;NULL;7;7;0;7;1;0;4;4;0;4;1;0;5;5;0;5;1;0;4;4;0;4;1;0;NULL;NULL;NULL;NULL;NULL;NULL;NULL;NULL;NULL;NULL;NULL;NULL;NULL;NULL;NULL;NULL;NULL;NULL;NULL;NULL;NULL;NULL;NULL;NULL;4;1;3;4;0.25;0.75;3;1;2;3;0.333333333;0.666666667;NULL;NULL;NULL;NULL;NULL;NULL;NULL;NULL;NULL;NULL;NULL;NULL;NULL;NULL;NULL;NULL;NULL;NULL;NULL;NULL;NULL;NULL;NULL;NULL;NULL;NULL;NULL;NULL;NULL;NULL;NULL;NULL;NULL;NULL;NULL;NULL;18;1;2;18;0.055555556;0.111111111;NULL;NULL;NULL;NULL;NULL;NULL;NULL;NULL;NULL;NULL;NULL;NULL;Yes
Female;Yes;Yes;8;5;5;0;5;1;0;1;0;1;1;0;1;3;2;1;3;0.666666667;0.333333333;4;0;4;4;0;1;1;0;1;1;0;1;1;1;0;1;1;0;2;2;0;2;1;0;3;2;1;3;0.666666667;0.333333333;4;0;4;4;0;1;5;4;1;5;0.8;0.2;3;2;1;3;0.666666667;0.333333333;4;2;2;4;0.5;0.5;NULL;NULL;NULL;NULL;NULL;NULL;5;5;0;5;1;0;2;2;0;2;1;0;4;4;0;4;1;0;2;1;1;2;0.5;0.5;NULL;NULL;NULL;NULL;NULL;NULL;NULL;NULL;NULL;NULL;NULL;NULL;NULL;NULL;NULL;NULL;NULL;NULL;NULL;NULL;NULL;NULL;NULL;NULL;8;1;7;8;125;875;12;1;11;12;0.083333333;0.916666667;NULL;NULL;NULL;NULL;NULL;NULL;NULL;NULL;NULL;NULL;NULL;NULL;NULL;NULL;NULL;NULL;NULL;NULL;NULL;NULL;NULL;NULL;NULL;NULL;NULL;NULL;NULL;NULL;NULL;NULL;NULL;NULL;NULL;NULL;NULL;NULL;21;1;3;21;0.047619048;0.142857143;NULL;NULL;NULL;NULL;NULL;NULL;NULL;NULL;NULL;NULL;NULL;NULL;Yes
Female;Yes;No;8;6;6;0;6;1;0;5;5;0;5;1;0;3;3;0;3;1;0;2;2;0;2;1;0;2;2;0;2;1;0;1;0;1;1;0;1;3;3;0;3;1;0;2;2;0;2;1;0;1;1;0;1;1;0;5;5;0;5;1;0;3;2;1;3;0.666666667;0.333333333;4;3;1;4;0.75;0.25;NULL;NULL;NULL;NULL;NULL;NULL;4;3;1;4;0.75;0.25;2;2;0;2;1;0;4;4;0;4;1;0;3;3;0;3;1;0;NULL;NULL;NULL;NULL;NULL;NULL;NULL;NULL;NULL;NULL;NULL;NULL;NULL;NULL;NULL;NULL;NULL;NULL;NULL;NULL;NULL;NULL;NULL;NULL;2;1;1;2;0.5;0.5;3;3;0;3;1;0;NULL;NULL;NULL;NULL;NULL;NULL;NULL;NULL;NULL;NULL;NULL;NULL;NULL;NULL;NULL;NULL;NULL;NULL;NULL;NULL;NULL;NULL;NULL;NULL;NULL;NULL;NULL;NULL;NULL;NULL;NULL;NULL;NULL;NULL;NULL;NULL;8;0;0;8;0;0;NULL;NULL;NULL;NULL;NULL;NULL;NULL;NULL;NULL;NULL;NULL;NULL;Yes
Female;Yes;No;8;5;5;0;5;1;0;4;4;0;4;1;0;2;2;0;2;1;0;1;1;0;1;1;0;2;2;0;2;1;0;3;3;0;3;1;0;5;5;0;5;1;0;3;3;0;3;1;0;2;2;0;2;1;0;5;5;0;5;1;0;2;2;0;2;1;0;3;3;0;3;1;0;NULL;NULL;NULL;NULL;NULL;NULL;6;6;0;6;1;0;2;2;0;2;1;0;2;2;0;2;1;0;3;2;1;3;0.666666667;0.333333333;NULL;NULL;NULL;NULL;NULL;NULL;NULL;NULL;NULL;NULL;NULL;NULL;NULL;NULL;NULL;NULL;NULL;NULL;NULL;NULL;NULL;NULL;NULL;NULL;2;1;1;2;0.5;0.5;3;2;1;3;0.666666667;0.333333333;NULL;NULL;NULL;NULL;NULL;NULL;NULL;NULL;NULL;NULL;NULL;NULL;NULL;NULL;NULL;NULL;NULL;NULL;NULL;NULL;NULL;NULL;NULL;NULL;NULL;NULL;NULL;NULL;NULL;NULL;NULL;NULL;NULL;NULL;NULL;NULL;10;1;0;10;0.1;0;NULL;NULL;NULL;NULL;NULL;NULL;NULL;NULL;NULL;NULL;NULL;NULL;Yes
Male;Yes;No;8;5;5;0;5;1;0;5;4;1;5;0.8;0.2;4;4;0;4;1;0;2;2;0;2;1;0;1;0;1;1;0;1;4;4;0;4;1;0;4;4;0;4;1;0;5;5;0;5;1;0;2;2;0;2;1;0;3;3;0;3;1;0;2;2;0;2;1;0;2;2;0;2;1;0;NULL;NULL;NULL;NULL;NULL;NULL;4;4;0;4;1;0;1;1;0;1;1;0;3;2;1;3;0.666666667;0.333333333;1;1;0;1;1;0;NULL;NULL;NULL;NULL;NULL;NULL;NULL;NULL;NULL;NULL;NULL;NULL;NULL;NULL;NULL;NULL;NULL;NULL;NULL;NULL;NULL;NULL;NULL;NULL;4;4;0;4;1;0;4;3;1;4;0.75;0.25;NULL;NULL;NULL;NULL;NULL;NULL;NULL;NULL;NULL;NULL;NULL;NULL;NULL;NULL;NULL;NULL;NULL;NULL;NULL;NULL;NULL;NULL;NULL;NULL;NULL;NULL;NULL;NULL;NULL;NULL;NULL;NULL;NULL;NULL;NULL;NULL;21;1;3;21;0.047619048;0.142857143;NULL;NULL;NULL;NULL;NULL;NULL;NULL;NULL;NULL;NULL;NULL;NULL;Yes
Female;Yes;No;8;2;2;0;2;1;0;3;3;0;3;1;0;2;2;0;2;1;0;2;1;1;2;0.5;0.5;1;0;1;1;0;1;2;2;0;2;1;0;1;1;0;1;1;0;2;2;0;2;1;0;1;1;0;1;1;0;1;0;1;1;0;1;2;2;0;2;1;0;3;3;0;3;1;0;NULL;NULL;NULL;NULL;NULL;NULL;2;2;0;2;1;0;1;1;0;1;1;0;2;2;0;2;1;0;1;0;1;1;0;1;NULL;NULL;NULL;NULL;NULL;NULL;NULL;NULL;NULL;NULL;NULL;NULL;NULL;NULL;NULL;NULL;NULL;NULL;NULL;NULL;NULL;NULL;NULL;NULL;1;0;1;1;0;1;2;2;0;2;1;0;NULL;NULL;NULL;NULL;NULL;NULL;NULL;NULL;NULL;NULL;NULL;NULL;NULL;NULL;NULL;NULL;NULL;NULL;NULL;NULL;NULL;NULL;NULL;NULL;NULL;NULL;NULL;NULL;NULL;NULL;NULL;NULL;NULL;NULL;NULL;NULL;21;0;4;21;0;0.19047619;NULL;NULL;NULL;NULL;NULL;NULL;NULL;NULL;NULL;NULL;NULL;NULL;Yes
Male;Yes;No;8;1;1;0;1;1;0;3;3;0;3;1;0;2;0;2;2;0;1;1;1;0;1;1;0;1;1;0;1;1;0;2;0;2;2;0;1;1;0;1;1;0;1;2;2;0;2;1;0;1;1;0;1;1;0;2;0;2;2;0;1;1;0;1;1;0;1;1;1;0;1;1;0;NULL;NULL;NULL;NULL;NULL;NULL;4;3;1;4;0.75;0.25;1;1;0;1;1;0;2;2;0;2;1;0;1;1;0;1;1;0;NULL;NULL;NULL;NULL;NULL;NULL;NULL;NULL;NULL;NULL;NULL;NULL;NULL;NULL;NULL;NULL;NULL;NULL;NULL;NULL;NULL;NULL;NULL;NULL;1;0;1;1;0;1;3;2;1;3;0.666666667;0.333333333;NULL;NULL;NULL;NULL;NULL;NULL;NULL;NULL;NULL;NULL;NULL;NULL;NULL;NULL;NULL;NULL;NULL;NULL;NULL;NULL;NULL;NULL;NULL;NULL;NULL;NULL;NULL;NULL;NULL;NULL;NULL;NULL;NULL;NULL;NULL;NULL;9;0;0;9;0;0;NULL;NULL;NULL;NULL;NULL;NULL;NULL;NULL;NULL;NULL;NULL;NULL;Yes
Male;Yes;No;8;9;7;2;9;0.777777778;0.222222222;6;6;0;6;1;0;5;3;2;5;0.6;0.4;2;1;1;2;0.5;0.5;1;1;0;1;1;0;2;0;2;2;0;1;4;4;0;4;1;0;6;2;4;6;0.333333333;0.666666667;7;0;7;7;0;1;8;2;6;8;0.25;0.75;5;2;3;5;0.4;0.6;1;1;0;1;1;0;NULL;NULL;NULL;NULL;NULL;NULL;5;5;0;5;1;0;0;0;0;0;0;0;6;4;2;6;0.666666667;0.333333333;2;1;1;2;0.5;0.5;NULL;NULL;NULL;NULL;NULL;NULL;NULL;NULL;NULL;NULL;NULL;NULL;NULL;NULL;NULL;NULL;NULL;NULL;NULL;NULL;NULL;NULL;NULL;NULL;5;2;3;5;0.4;0.6;8;2;6;8;0.25;0.75;NULL;NULL;NULL;NULL;NULL;NULL;NULL;NULL;NULL;NULL;NULL;NULL;NULL;NULL;NULL;NULL;NULL;NULL;NULL;NULL;NULL;NULL;NULL;NULL;NULL;NULL;NULL;NULL;NULL;NULL;NULL;NULL;NULL;NULL;NULL;NULL;21;0;4;21;0;0.19047619;NULL;NULL;NULL;NULL;NULL;NULL;NULL;NULL;NULL;NULL;NULL;NULL;Yes
Male;Yes;No;8;8;5;3;8;625;375;4;4;0;4;1;0;4;3;1;4;0.75;0.25;4;1;3;4;0.25;0.75;4;1;3;4;0.25;0.75;6;2;4;6;0.333333333;0.666666667;4;4;0;4;1;0;2;1;1;2;0.5;0.5;4;1;3;4;0.25;0.75;4;3;1;4;0.75;0.25;2;1;1;2;0.5;0.5;3;0;3;3;0;1;NULL;NULL;NULL;NULL;NULL;NULL;3;3;0;3;1;0;1;0;1;1;0;1;2;2;0;2;1;0;1;1;0;1;1;0;NULL;NULL;NULL;NULL;NULL;NULL;NULL;NULL;NULL;NULL;NULL;NULL;NULL;NULL;NULL;NULL;NULL;NULL;NULL;NULL;NULL;NULL;NULL;NULL;3;1;2;3;0.333333333;0.666666667;2;0;2;2;0;1;NULL;NULL;NULL;NULL;NULL;NULL;NULL;NULL;NULL;NULL;NULL;NULL;NULL;NULL;NULL;NULL;NULL;NULL;NULL;NULL;NULL;NULL;NULL;NULL;NULL;NULL;NULL;NULL;NULL;NULL;NULL;NULL;NULL;NULL;NULL;NULL;17;0;3;17;0;0.176470588;NULL;NULL;NULL;NULL;NULL;NULL;NULL;NULL;NULL;NULL;NULL;NULL;Yes
Female;Yes;Yes;8;1;0;1;1;0;1;2;1;1;2;0.5;0.5;4;3;1;4;0.75;0.25;3;1;2;3;0.333333333;0.666666667;2;1;1;2;0.5;0.5;2;1;1;2;0.5;0.5;2;0;2;2;0;1;2;0;2;2;0;1;3;1;2;3;0.333333333;0.666666667;3;0;3;3;0;1;3;0;3;3;0;1;4;0;4;4;0;1;NULL;NULL;NULL;NULL;NULL;NULL;5;5;0;5;1;0;1;1;0;1;1;0;1;1;0;1;1;0;1;0;1;1;0;1;NULL;NULL;NULL;NULL;NULL;NULL;NULL;NULL;NULL;NULL;NULL;NULL;NULL;NULL;NULL;NULL;NULL;NULL;NULL;NULL;NULL;NULL;NULL;NULL;9;3;6;9;0.333333333;0.666666667;13;1;12;13;0.076923077;0.923076923;NULL;NULL;NULL;NULL;NULL;NULL;NULL;NULL;NULL;NULL;NULL;NULL;NULL;NULL;NULL;NULL;NULL;NULL;NULL;NULL;NULL;NULL;NULL;NULL;NULL;NULL;NULL;NULL;NULL;NULL;NULL;NULL;NULL;NULL;NULL;NULL;21;0;4;21;0;0.19047619;NULL;NULL;NULL;NULL;NULL;NULL;NULL;NULL;NULL;NULL;NULL;NULL;Yes
Male;Yes;No;8;9;8;1;9;0.888888889;0.111111111;6;6;0;6;1;0;4;4;0;4;1;0;6;0;6;6;0;1;4;3;1;4;0.75;0.25;4;1;3;4;0.25;0.75;4;4;0;4;1;0;2;2;0;2;1;0;3;2;1;3;0.666666667;0.333333333;5;5;0;5;1;0;2;1;1;2;0.5;0.5;3;3;0;3;1;0;NULL;NULL;NULL;NULL;NULL;NULL;6;6;0;6;1;0;6;6;0;6;1;0;4;4;0;4;1;0;5;5;0;5;1;0;NULL;NULL;NULL;NULL;NULL;NULL;NULL;NULL;NULL;NULL;NULL;NULL;NULL;NULL;NULL;NULL;NULL;NULL;NULL;NULL;NULL;NULL;NULL;NULL;6;3;3;6;0.5;0.5;6;3;3;6;0.5;0.5;NULL;NULL;NULL;NULL;NULL;NULL;NULL;NULL;NULL;NULL;NULL;NULL;NULL;NULL;NULL;NULL;NULL;NULL;NULL;NULL;NULL;NULL;NULL;NULL;NULL;NULL;NULL;NULL;NULL;NULL;NULL;NULL;NULL;NULL;NULL;NULL;21;1;3;21;0.047619048;0.142857143;NULL;NULL;NULL;NULL;NULL;NULL;NULL;NULL;NULL;NULL;NULL;NULL;Yes
Female;Yes;No;8;5;5;0;5;1;0;4;4;0;4;1;0;3;3;0;3;1;0;3;3;0;3;1;0;3;2;1;3;0.666666667;0.333333333;3;3;0;3;1;0;3;2;1;3;0.666666667;0.333333333;3;3;0;3;1;0;1;0;1;1;0;1;5;4;1;5;0.8;0.2;4;3;1;4;0.75;0.25;2;1;1;2;0.5;0.5;NULL;NULL;NULL;NULL;NULL;NULL;4;3;1;4;0.75;0.25;3;3;0;3;1;0;2;2;0;2;1;0;4;4;0;4;1;0;NULL;NULL;NULL;NULL;NULL;NULL;NULL;NULL;NULL;NULL;NULL;NULL;NULL;NULL;NULL;NULL;NULL;NULL;NULL;NULL;NULL;NULL;NULL;NULL;3;3;0;3;1;0;3;3;0;3;1;0;NULL;NULL;NULL;NULL;NULL;NULL;NULL;NULL;NULL;NULL;NULL;NULL;NULL;NULL;NULL;NULL;NULL;NULL;NULL;NULL;NULL;NULL;NULL;NULL;NULL;NULL;NULL;NULL;NULL;NULL;NULL;NULL;NULL;NULL;NULL;NULL;21;1;3;21;0.047619048;0.142857143;NULL;NULL;NULL;NULL;NULL;NULL;NULL;NULL;NULL;NULL;NULL;NULL;Yes
Female;Yes;No;8;6;6;0;6;1;0;2;1;1;2;0.5;0.5;2;2;0;2;1;0;5;5;0;5;1;0;3;0;3;3;0;1;2;0;2;2;0;1;4;4;0;4;1;0;4;4;0;4;1;0;4;0;4;4;0;1;6;6;0;6;1;0;2;2;0;2;1;0;5;5;0;5;1;0;NULL;NULL;NULL;NULL;NULL;NULL;10;10;0;10;1;0;4;3;1;4;0.75;0.25;5;5;0;5;1;0;3;3;0;3;1;0;NULL;NULL;NULL;NULL;NULL;NULL;NULL;NULL;NULL;NULL;NULL;NULL;NULL;NULL;NULL;NULL;NULL;NULL;NULL;NULL;NULL;NULL;NULL;NULL;2;1;1;2;0.5;0.5;7;6;1;7;0.857142857;0.142857143;NULL;NULL;NULL;NULL;NULL;NULL;NULL;NULL;NULL;NULL;NULL;NULL;NULL;NULL;NULL;NULL;NULL;NULL;NULL;NULL;NULL;NULL;NULL;NULL;NULL;NULL;NULL;NULL;NULL;NULL;NULL;NULL;NULL;NULL;NULL;NULL;18;1;2;18;0.055555556;0.111111111;NULL;NULL;NULL;NULL;NULL;NULL;NULL;NULL;NULL;NULL;NULL;NULL;Yes
Male;Yes;No;8;10;10;0;10;1;0;6;6;0;6;1;0;4;0;4;4;0;1;4;1;3;4;0.25;0.75;4;3;1;4;0.75;0.25;3;1;2;3;0.333333333;0.666666667;5;5;0;5;1;0;5;3;2;5;0.6;0.4;3;2;1;3;0.666666667;0.333333333;7;7;0;7;1;0;4;1;3;4;0.25;0.75;3;2;1;3;0.666666667;0.333333333;NULL;NULL;NULL;NULL;NULL;NULL;7;7;0;7;1;0;1;0;1;1;0;1;4;4;0;4;1;0;3;2;1;3;0.666666667;0.333333333;NULL;NULL;NULL;NULL;NULL;NULL;NULL;NULL;NULL;NULL;NULL;NULL;NULL;NULL;NULL;NULL;NULL;NULL;NULL;NULL;NULL;NULL;NULL;NULL;2;0;2;2;0;1;6;5;1;6;0.833333333;0.166666667;NULL;NULL;NULL;NULL;NULL;NULL;NULL;NULL;NULL;NULL;NULL;NULL;NULL;NULL;NULL;NULL;NULL;NULL;NULL;NULL;NULL;NULL;NULL;NULL;NULL;NULL;NULL;NULL;NULL;NULL;NULL;NULL;NULL;NULL;NULL;NULL;15;0;2;15;0;0.133333333;NULL;NULL;NULL;NULL;NULL;NULL;NULL;NULL;NULL;NULL;NULL;NULL;Yes
Male;Yes;No;8;5;5;0;5;1;0;4;4;0;4;1;0;5;5;0;5;1;0;4;1;3;4;0.25;0.75;2;2;0;2;1;0;2;0;2;2;0;1;1;1;0;1;1;0;3;3;0;3;1;0;2;2;0;2;1;0;5;5;0;5;1;0;5;3;2;5;0.6;0.4;4;3;1;4;0.75;0.25;NULL;NULL;NULL;NULL;NULL;NULL;5;2;3;5;0.4;0.6;3;3;0;3;1;0;2;1;1;2;0.5;0.5;2;2;0;2;1;0;NULL;NULL;NULL;NULL;NULL;NULL;NULL;NULL;NULL;NULL;NULL;NULL;NULL;NULL;NULL;NULL;NULL;NULL;NULL;NULL;NULL;NULL;NULL;NULL;4;3;1;4;0.75;0.25;7;4;3;7;0.571428571;0.428571429;NULL;NULL;NULL;NULL;NULL;NULL;NULL;NULL;NULL;NULL;NULL;NULL;NULL;NULL;NULL;NULL;NULL;NULL;NULL;NULL;NULL;NULL;NULL;NULL;NULL;NULL;NULL;NULL;NULL;NULL;NULL;NULL;NULL;NULL;NULL;NULL;21;1;3;21;0.047619048;0.142857143;NULL;NULL;NULL;NULL;NULL;NULL;NULL;NULL;NULL;NULL;NULL;NULL;Yes
Female;Yes;Yes;8;6;0;6;6;0;1;6;5;1;6;0.833333333;0.166666667;6;6;0;6;1;0;2;2;0;2;1;0;2;2;0;2;1;0;3;3;0;3;1;0;1;1;0;1;1;0;2;1;1;2;0.5;0.5;4;2;2;4;0.5;0.5;1;1;0;1;1;0;1;0;1;1;0;1;4;3;1;4;0.75;0.25;NULL;NULL;NULL;NULL;NULL;NULL;8;6;2;8;0.75;0.25;3;3;0;3;1;0;3;3;0;3;1;0;2;2;0;2;1;0;NULL;NULL;NULL;NULL;NULL;NULL;NULL;NULL;NULL;NULL;NULL;NULL;NULL;NULL;NULL;NULL;NULL;NULL;NULL;NULL;NULL;NULL;NULL;NULL;6;3;3;6;0.5;0.5;9;7;2;9;0.777777778;0.222222222;NULL;NULL;NULL;NULL;NULL;NULL;NULL;NULL;NULL;NULL;NULL;NULL;NULL;NULL;NULL;NULL;NULL;NULL;NULL;NULL;NULL;NULL;NULL;NULL;NULL;NULL;NULL;NULL;NULL;NULL;NULL;NULL;NULL;NULL;NULL;NULL;21;1;3;21;0.047619048;0.142857143;NULL;NULL;NULL;NULL;NULL;NULL;NULL;NULL;NULL;NULL;NULL;NULL;Yes
Female;Yes;No;8;2;0;2;2;0;1;3;0;3;3;0;1;7;7;0;7;1;0;1;1;0;1;1;0;6;6;0;6;1;0;3;1;2;3;0.333333333;0.666666667;5;5;0;5;1;0;1;1;0;1;1;0;3;3;0;3;1;0;4;4;0;4;1;0;1;0;1;1;0;1;2;2;0;2;1;0;NULL;NULL;NULL;NULL;NULL;NULL;6;6;0;6;1;0;2;1;1;2;0.5;0.5;5;5;0;5;1;0;2;1;1;2;0.5;0.5;NULL;NULL;NULL;NULL;NULL;NULL;NULL;NULL;NULL;NULL;NULL;NULL;NULL;NULL;NULL;NULL;NULL;NULL;NULL;NULL;NULL;NULL;NULL;NULL;2;1;1;2;0.5;0.5;5;5;0;5;1;0;NULL;NULL;NULL;NULL;NULL;NULL;NULL;NULL;NULL;NULL;NULL;NULL;NULL;NULL;NULL;NULL;NULL;NULL;NULL;NULL;NULL;NULL;NULL;NULL;NULL;NULL;NULL;NULL;NULL;NULL;NULL;NULL;NULL;NULL;NULL;NULL;21;2;2;21;0.095238095;0.095238095;NULL;NULL;NULL;NULL;NULL;NULL;NULL;NULL;NULL;NULL;NULL;NULL;Yes
Female;Yes;No;8;6;6;0;6;1;0;7;7;0;7;1;0;4;4;0;4;1;0;2;2;0;2;1;0;3;3;0;3;1;0;5;4;1;5;0.8;0.2;4;4;0;4;1;0;5;5;0;5;1;0;3;3;0;3;1;0;6;6;0;6;1;0;5;5;0;5;1;0;5;4;1;5;0.8;0.2;NULL;NULL;NULL;NULL;NULL;NULL;7;7;0;7;1;0;4;4;0;4;1;0;4;4;0;4;1;0;4;4;0;4;1;0;NULL;NULL;NULL;NULL;NULL;NULL;NULL;NULL;NULL;NULL;NULL;NULL;NULL;NULL;NULL;NULL;NULL;NULL;NULL;NULL;NULL;NULL;NULL;NULL;5;3;2;5;0.6;0.4;4;4;0;4;1;0;NULL;NULL;NULL;NULL;NULL;NULL;NULL;NULL;NULL;NULL;NULL;NULL;NULL;NULL;NULL;NULL;NULL;NULL;NULL;NULL;NULL;NULL;NULL;NULL;NULL;NULL;NULL;NULL;NULL;NULL;NULL;NULL;NULL;NULL;NULL;NULL;14;0;2;14;0;0.142857143;NULL;NULL;NULL;NULL;NULL;NULL;NULL;NULL;NULL;NULL;NULL;NULL;Yes
Male;Yes;Yes;8;6;5;1;6;0.833333333;0.166666667;9;4;5;9;0.444444444;0.555555556;2;1;1;2;0.5;0.5;7;4;3;7;0.571428571;0.428571429;1;1;0;1;1;0;2;1;1;2;0.5;0.5;3;3;0;3;1;0;2;2;0;2;1;0;2;2;0;2;1;0;4;0;4;4;0;1;1;1;0;1;1;0;1;1;0;1;1;0;NULL;NULL;NULL;NULL;NULL;NULL;4;4;0;4;1;0;4;4;0;4;1;0;4;3;1;4;0.75;0.25;3;3;0;3;1;0;NULL;NULL;NULL;NULL;NULL;NULL;NULL;NULL;NULL;NULL;NULL;NULL;NULL;NULL;NULL;NULL;NULL;NULL;NULL;NULL;NULL;NULL;NULL;NULL;1;0;1;1;0;1;3;2;1;3;0.666666667;0.333333333;NULL;NULL;NULL;NULL;NULL;NULL;NULL;NULL;NULL;NULL;NULL;NULL;NULL;NULL;NULL;NULL;NULL;NULL;NULL;NULL;NULL;NULL;NULL;NULL;NULL;NULL;NULL;NULL;NULL;NULL;NULL;NULL;NULL;NULL;NULL;NULL;16;1;1;16;0.0625;0.0625;NULL;NULL;NULL;NULL;NULL;NULL;NULL;NULL;NULL;NULL;NULL;NULL;Yes
Female;Yes;No;8;10;10;0;10;1;0;8;8;0;8;1;0;6;6;0;6;1;0;4;4;0;4;1;0;8;8;0;8;1;0;5;5;0;5;1;0;4;4;0;4;1;0;3;3;0;3;1;0;3;2;1;3;0.666666667;0.333333333;8;8;0;8;1;0;5;4;1;5;0.8;0.2;3;3;0;3;1;0;NULL;NULL;NULL;NULL;NULL;NULL;7;7;0;7;1;0;6;6;0;6;1;0;2;2;0;2;1;0;2;2;0;2;1;0;NULL;NULL;NULL;NULL;NULL;NULL;NULL;NULL;NULL;NULL;NULL;NULL;NULL;NULL;NULL;NULL;NULL;NULL;NULL;NULL;NULL;NULL;NULL;NULL;3;3;0;3;1;0;5;3;2;5;0.6;0.4;NULL;NULL;NULL;NULL;NULL;NULL;NULL;NULL;NULL;NULL;NULL;NULL;NULL;NULL;NULL;NULL;NULL;NULL;NULL;NULL;NULL;NULL;NULL;NULL;NULL;NULL;NULL;NULL;NULL;NULL;NULL;NULL;NULL;NULL;NULL;NULL;21;1;3;21;0.047619048;0.142857143;NULL;NULL;NULL;NULL;NULL;NULL;NULL;NULL;NULL;NULL;NULL;NULL;Yes
Male;Yes;No;8;9;9;0;9;1;0;9;9;0;9;1;0;8;8;0;8;1;0;1;1;0;1;1;0;6;6;0;6;1;0;5;5;0;5;1;0;5;5;0;5;1;0;5;5;0;5;1;0;3;0;3;3;0;1;5;5;0;5;1;0;3;3;0;3;1;0;3;3;0;3;1;0;NULL;NULL;NULL;NULL;NULL;NULL;9;9;0;9;1;0;4;4;0;4;1;0;6;6;0;6;1;0;6;6;0;6;1;0;NULL;NULL;NULL;NULL;NULL;NULL;NULL;NULL;NULL;NULL;NULL;NULL;NULL;NULL;NULL;NULL;NULL;NULL;NULL;NULL;NULL;NULL;NULL;NULL;4;3;1;4;0.75;0.25;6;5;1;6;0.833333333;0.166666667;NULL;NULL;NULL;NULL;NULL;NULL;NULL;NULL;NULL;NULL;NULL;NULL;NULL;NULL;NULL;NULL;NULL;NULL;NULL;NULL;NULL;NULL;NULL;NULL;NULL;NULL;NULL;NULL;NULL;NULL;NULL;NULL;NULL;NULL;NULL;NULL;18;0;3;18;0;0.166666667;NULL;NULL;NULL;NULL;NULL;NULL;NULL;NULL;NULL;NULL;NULL;NULL;Yes
Male;Yes;No;8;5;5;0;5;1;0;5;5;0;5;1;0;5;5;0;5;1;0;1;1;0;1;1;0;4;4;0;4;1;0;4;3;1;4;0.75;0.25;4;4;0;4;1;0;4;4;0;4;1;0;1;1;0;1;1;0;5;5;0;5;1;0;4;3;1;4;0.75;0.25;4;4;0;4;1;0;NULL;NULL;NULL;NULL;NULL;NULL;5;5;0;5;1;0;4;3;1;4;0.75;0.25;3;3;0;3;1;0;3;3;0;3;1;0;NULL;NULL;NULL;NULL;NULL;NULL;NULL;NULL;NULL;NULL;NULL;NULL;NULL;NULL;NULL;NULL;NULL;NULL;NULL;NULL;NULL;NULL;NULL;NULL;3;2;1;3;0.666666667;0.333333333;2;2;0;2;1;0;NULL;NULL;NULL;NULL;NULL;NULL;NULL;NULL;NULL;NULL;NULL;NULL;NULL;NULL;NULL;NULL;NULL;NULL;NULL;NULL;NULL;NULL;NULL;NULL;NULL;NULL;NULL;NULL;NULL;NULL;NULL;NULL;NULL;NULL;NULL;NULL;19;1;2;19;0.052631579;0.105263158;NULL;NULL;NULL;NULL;NULL;NULL;NULL;NULL;NULL;NULL;NULL;NULL;Yes
Female;Yes;Yes;8;3;3;0;3;1;0;2;2;0;2;1;0;5;3;2;5;0.6;0.4;6;0;6;6;0;1;5;3;2;5;0.6;0.4;4;4;0;4;1;0;4;3;1;4;0.75;0.25;1;1;0;1;1;0;2;0;2;2;0;1;5;5;0;5;1;0;2;1;1;2;0.5;0.5;3;2;1;3;0.666666667;0.333333333;NULL;NULL;NULL;NULL;NULL;NULL;4;3;1;4;0.75;0.25;3;2;1;3;0.666666667;0.333333333;3;3;0;3;1;0;1;1;0;1;1;0;NULL;NULL;NULL;NULL;NULL;NULL;NULL;NULL;NULL;NULL;NULL;NULL;NULL;NULL;NULL;NULL;NULL;NULL;NULL;NULL;NULL;NULL;NULL;NULL;1;1;0;1;1;0;5;3;2;5;0.6;0.4;NULL;NULL;NULL;NULL;NULL;NULL;NULL;NULL;NULL;NULL;NULL;NULL;NULL;NULL;NULL;NULL;NULL;NULL;NULL;NULL;NULL;NULL;NULL;NULL;NULL;NULL;NULL;NULL;NULL;NULL;NULL;NULL;NULL;NULL;NULL;NULL;21;0;4;21;0;0.19047619;NULL;NULL;NULL;NULL;NULL;NULL;NULL;NULL;NULL;NULL;NULL;NULL;Yes
Female;Yes;Yes;8;11;11;0;11;1;0;8;7;1;8;875;125;4;4;0;4;1;0;6;6;0;6;1;0;4;1;3;4;0.25;0.75;1;0;1;1;0;1;1;0;1;1;0;1;3;0;3;3;0;1;3;0;3;3;0;1;3;2;1;3;0.666666667;0.333333333;3;2;1;3;0.666666667;0.333333333;3;1;2;3;0.333333333;0.666666667;NULL;NULL;NULL;NULL;NULL;NULL;7;6;1;7;0.857142857;0.142857143;4;4;0;4;1;0;3;3;0;3;1;0;3;3;0;3;1;0;NULL;NULL;NULL;NULL;NULL;NULL;NULL;NULL;NULL;NULL;NULL;NULL;NULL;NULL;NULL;NULL;NULL;NULL;NULL;NULL;NULL;NULL;NULL;NULL;1;0;1;1;0;1;2;0;2;2;0;1;NULL;NULL;NULL;NULL;NULL;NULL;NULL;NULL;NULL;NULL;NULL;NULL;NULL;NULL;NULL;NULL;NULL;NULL;NULL;NULL;NULL;NULL;NULL;NULL;NULL;NULL;NULL;NULL;NULL;NULL;NULL;NULL;NULL;NULL;NULL;NULL;18;0;3;18;0;0.166666667;NULL;NULL;NULL;NULL;NULL;NULL;NULL;NULL;NULL;NULL;NULL;NULL;Yes
Male;Yes;No;9;6;6;0;6;1;0;8;8;0;8;1;0;5;5;0;5;1;0;3;3;0;3;1;0;27;6;21;27;0.222222222;0.777777778;3;1;2;3;0.333333333;0.666666667;4;4;0;4;1;0;4;1;3;4;0.25;0.75;3;2;1;3;0.666666667;0.333333333;32;9;23;32;0.28125;0.71875;36;9;27;36;0.25;0.75;4;4;0;4;1;0;45;3;42;45;0.066666667;0.933333333;8;8;0;8;1;0;6;6;0;6;1;0;5;5;0;5;1;0;2;1;1;2;0.5;0.5;36;2;34;36;0.055555556;0.944444444;18;2;16;18;0.111111111;0.888888889;37;4;33;37;0.108108108;0.891891892;NULL;NULL;NULL;NULL;NULL;NULL;5;3;2;5;0.6;0.4;43;8;35;43;0.186046512;0.813953488;5;5;0;5;1;0;NULL;NULL;NULL;NULL;NULL;NULL;6;2;4;6;0.333333333;0.666666667;18;1;1;18;0.055555556;0.055555556;187;0;24;187;0;0.128342246;NULL;NULL;NULL;NULL;NULL;NULL;21;1;3;21;0.047619048;0.142857143;NULL;NULL;NULL;NULL;NULL;NULL;NULL;NULL;NULL;NULL;NULL;NULL;No
Female;Yes;No;9;10;10;0;10;1;0;1;1;0;1;1;0;6;6;0;6;1;0;3;2;1;3;0.666666667;0.333333333;4;4;0;4;1;0;6;6;0;6;1;0;1;1;0;1;1;0;5;5;0;5;1;0;2;1;1;2;0.5;0.5;6;6;0;6;1;0;3;3;0;3;1;0;3;1;2;3;0.333333333;0.666666667;4;3;1;4;0.75;0.25;9;6;3;9;0.666666667;0.333333333;3;3;0;3;1;0;4;4;0;4;1;0;2;2;0;2;1;0;4;3;1;4;0.75;0.25;6;2;4;6;0.333333333;0.666666667;1;1;0;1;1;0;NULL;NULL;NULL;NULL;NULL;NULL;4;2;2;4;0.5;0.5;4;3;1;4;0.75;0.25;2;2;0;2;1;0;NULL;NULL;NULL;NULL;NULL;NULL;10;5;5;10;0.5;0.5;20;0;2;20;0;0.1;32;1;4;32;0.03125;125;NULL;NULL;NULL;NULL;NULL;NULL;21;1;3;21;0.047619048;0.142857143;NULL;NULL;NULL;NULL;NULL;NULL;NULL;NULL;NULL;NULL;NULL;NULL;No
Male;Yes;No;9;8;8;0;8;1;0;8;8;0;8;1;0;7;7;0;7;1;0;2;2;0;2;1;0;3;3;0;3;1;0;4;4;0;4;1;0;0;0;0;0;0;0;3;1;2;3;0.333333333;0.666666667;2;1;1;2;0.5;0.5;2;2;0;2;1;0;3;3;0;3;1;0;2;2;0;2;1;0;3;3;0;3;1;0;7;7;0;7;1;0;3;3;0;3;1;0;4;4;0;4;1;0;2;2;0;2;1;0;3;1;2;3;0.333333333;0.666666667;3;3;0;3;1;0;2;0;2;2;0;1;NULL;NULL;NULL;NULL;NULL;NULL;4;1;3;4;0.25;0.75;5;4;1;5;0.8;0.2;4;4;0;4;1;0;NULL;NULL;NULL;NULL;NULL;NULL;8;5;3;8;625;375;18;1;1;18;0.055555556;0.055555556;26;3;1;26;0.115384615;0.038461538;NULL;NULL;NULL;NULL;NULL;NULL;15;2;1;15;0.133333333;0.066666667;NULL;NULL;NULL;NULL;NULL;NULL;NULL;NULL;NULL;NULL;NULL;NULL;No
Male;Yes;No;9;9;9;0;9;1;0;8;8;0;8;1;0;7;6;1;7;0.857142857;0.142857143;2;2;0;2;1;0;2;2;0;2;1;0;2;1;1;2;0.5;0.5;3;3;0;3;1;0;8;7;1;8;875;125;4;1;3;4;0.25;0.75;6;5;1;6;0.833333333;0.166666667;6;4;2;6;0.666666667;0.333333333;5;4;1;5;0.8;0.2;2;2;0;2;1;0;7;7;0;7;1;0;4;4;0;4;1;0;5;3;2;5;0.6;0.4;6;4;2;6;0.666666667;0.333333333;3;2;1;3;0.666666667;0.333333333;6;6;0;6;1;0;6;4;2;6;0.666666667;0.333333333;NULL;NULL;NULL;NULL;NULL;NULL;5;4;1;5;0.8;0.2;3;3;0;3;1;0;2;2;0;2;1;0;NULL;NULL;NULL;NULL;NULL;NULL;8;7;1;8;875;125;28;2;0;28;0.071428571;0;32;5;0;32;0.15625;0;NULL;NULL;NULL;NULL;NULL;NULL;11;0;2;11;0;0.181818182;NULL;NULL;NULL;NULL;NULL;NULL;NULL;NULL;NULL;NULL;NULL;NULL;No
Female;Yes;No;9;8;8;0;8;1;0;7;7;0;7;1;0;4;4;0;4;1;0;2;2;0;2;1;0;4;4;0;4;1;0;4;4;0;4;1;0;1;1;0;1;1;0;3;2;1;3;0.666666667;0.333333333;2;1;1;2;0.5;0.5;6;6;0;6;1;0;5;4;1;5;0.8;0.2;7;6;1;7;0.857142857;0.142857143;5;4;1;5;0.8;0.2;9;7;2;9;0.777777778;0.222222222;3;3;0;3;1;0;7;7;0;7;1;0;4;4;0;4;1;0;3;3;0;3;1;0;5;5;0;5;1;0;1;0;1;1;0;1;NULL;NULL;NULL;NULL;NULL;NULL;3;3;0;3;1;0;3;3;0;3;1;0;2;2;0;2;1;0;NULL;NULL;NULL;NULL;NULL;NULL;8;7;1;8;875;125;30;2;1;30;0.066666667;0.033333333;18;3;0;18;0.166666667;0;NULL;NULL;NULL;NULL;NULL;NULL;21;0;4;21;0;0.19047619;NULL;NULL;NULL;NULL;NULL;NULL;NULL;NULL;NULL;NULL;NULL;NULL;No
Male;Yes;No;9;0;0;0;0;0;0;5;5;0;5;1;0;6;6;0;6;1;0;2;2;0;2;1;0;2;2;0;2;1;0;5;1;4;5;0.2;0.8;4;4;0;4;1;0;4;3;1;4;0.75;0.25;2;2;0;2;1;0;0;0;0;0;0;0;2;2;0;2;1;0;3;2;1;3;0.666666667;0.333333333;1;0;1;1;0;1;9;6;3;9;0.666666667;0.333333333;4;4;0;4;1;0;4;4;0;4;1;0;1;1;0;1;1;0;1;1;0;1;1;0;3;2;1;3;0.666666667;0.333333333;3;1;2;3;0.333333333;0.666666667;NULL;NULL;NULL;NULL;NULL;NULL;6;5;1;6;0.833333333;0.166666667;4;3;1;4;0.75;0.25;4;4;0;4;1;0;NULL;NULL;NULL;NULL;NULL;NULL;7;4;3;7;0.571428571;0.428571429;40;4;0;40;0.1;0;12;0;2;12;0;0.166666667;NULL;NULL;NULL;NULL;NULL;NULL;21;0;4;21;0;0.19047619;NULL;NULL;NULL;NULL;NULL;NULL;NULL;NULL;NULL;NULL;NULL;NULL;No
Female;Yes;No;9;5;5;0;5;1;0;4;4;0;4;1;0;5;5;0;5;1;0;6;0;6;6;0;1;5;5;0;5;1;0;5;3;2;5;0.6;0.4;5;5;0;5;1;0;5;5;0;5;1;0;1;0;1;1;0;1;7;7;0;7;1;0;6;6;0;6;1;0;2;1;1;2;0.5;0.5;4;3;1;4;0.75;0.25;8;8;0;8;1;0;6;6;0;6;1;0;5;5;0;5;1;0;4;3;1;4;0.75;0.25;2;2;0;2;1;0;4;2;2;4;0.5;0.5;3;2;1;3;0.666666667;0.333333333;NULL;NULL;NULL;NULL;NULL;NULL;3;3;0;3;1;0;5;5;0;5;1;0;4;4;0;4;1;0;NULL;NULL;NULL;NULL;NULL;NULL;11;6;5;11;0.545454545;0.454545455;34;2;1;34;0.058823529;0.029411765;18;2;1;18;0.111111111;0.055555556;NULL;NULL;NULL;NULL;NULL;NULL;21;1;3;21;0.047619048;0.142857143;NULL;NULL;NULL;NULL;NULL;NULL;NULL;NULL;NULL;NULL;NULL;NULL;No
Male;Yes;No;9;7;7;0;7;1;0;6;6;0;6;1;0;6;6;0;6;1;0;2;2;0;2;1;0;4;4;0;4;1;0;3;2;1;3;0.666666667;0.333333333;2;2;0;2;1;0;3;3;0;3;1;0;2;2;0;2;1;0;6;5;1;6;0.833333333;0.166666667;4;4;0;4;1;0;3;3;0;3;1;0;3;3;0;3;1;0;8;8;0;8;1;0;4;4;0;4;1;0;4;4;0;4;1;0;4;4;0;4;1;0;4;3;1;4;0.75;0.25;2;1;1;2;0.5;0.5;4;1;3;4;0.25;0.75;NULL;NULL;NULL;NULL;NULL;NULL;2;2;0;2;1;0;4;4;0;4;1;0;4;4;0;4;1;0;NULL;NULL;NULL;NULL;NULL;NULL;7;4;3;7;0.571428571;0.428571429;18;1;1;18;0.055555556;0.055555556;18;1;2;18;0.055555556;0.111111111;NULL;NULL;NULL;NULL;NULL;NULL;21;2;2;21;0.095238095;0.095238095;NULL;NULL;NULL;NULL;NULL;NULL;NULL;NULL;NULL;NULL;NULL;NULL;No
Male;Yes;No;9;11;11;0;11;1;0;6;6;0;6;1;0;6;6;0;6;1;0;4;4;0;4;1;0;4;4;0;4;1;0;7;7;0;7;1;0;5;5;0;5;1;0;4;3;1;4;0.75;0.25;3;3;0;3;1;0;9;9;0;9;1;0;2;2;0;2;1;0;2;2;0;2;1;0;3;3;0;3;1;0;8;8;0;8;1;0;4;4;0;4;1;0;4;3;1;4;0.75;0.25;6;6;0;6;1;0;4;3;1;4;0.75;0.25;3;1;2;3;0.333333333;0.666666667;4;2;2;4;0.5;0.5;NULL;NULL;NULL;NULL;NULL;NULL;5;5;0;5;1;0;5;4;1;5;0.8;0.2;4;4;0;4;1;0;NULL;NULL;NULL;NULL;NULL;NULL;5;2;3;5;0.4;0.6;36;1;2;36;0.027777778;0.055555556;18;1;2;18;0.055555556;0.111111111;NULL;NULL;NULL;NULL;NULL;NULL;21;3;1;21;0.142857143;0.047619048;NULL;NULL;NULL;NULL;NULL;NULL;NULL;NULL;NULL;NULL;NULL;NULL;No
Male;Yes;No;9;8;8;0;8;1;0;4;4;0;4;1;0;4;4;0;4;1;0;3;3;0;3;1;0;5;4;1;5;0.8;0.2;5;5;0;5;1;0;2;1;1;2;0.5;0.5;5;5;0;5;1;0;3;2;1;3;0.666666667;0.333333333;7;7;0;7;1;0;7;4;3;7;0.571428571;0.428571429;3;2;1;3;0.666666667;0.333333333;8;4;4;8;0.5;0.5;6;6;0;6;1;0;4;1;3;4;0.25;0.75;5;4;1;5;0.8;0.2;4;4;0;4;1;0;5;4;1;5;0.8;0.2;4;2;2;4;0.5;0.5;6;2;4;6;0.333333333;0.666666667;NULL;NULL;NULL;NULL;NULL;NULL;2;1;1;2;0.5;0.5;4;4;0;4;1;0;1;1;0;1;1;0;NULL;NULL;NULL;NULL;NULL;NULL;4;2;2;4;0.5;0.5;30;1;2;30;0.033333333;0.066666667;26;3;1;26;0.115384615;0.038461538;NULL;NULL;NULL;NULL;NULL;NULL;21;0;4;21;0;0.19047619;NULL;NULL;NULL;NULL;NULL;NULL;NULL;NULL;NULL;NULL;NULL;NULL;No
Male;Yes;No;9;3;3;0;3;1;0;6;6;0;6;1;0;5;5;0;5;1;0;5;0;5;5;0;1;3;3;0;3;1;0;2;1;1;2;0.5;0.5;5;5;0;5;1;0;5;4;1;5;0.8;0.2;2;2;0;2;1;0;6;6;0;6;1;0;3;2;1;3;0.666666667;0.333333333;2;2;0;2;1;0;4;2;2;4;0.5;0.5;6;6;0;6;1;0;4;4;0;4;1;0;3;3;0;3;1;0;2;2;0;2;1;0;1;0;1;1;0;1;3;2;1;3;0.666666667;0.333333333;2;1;1;2;0.5;0.5;NULL;NULL;NULL;NULL;NULL;NULL;3;2;1;3;0.666666667;0.333333333;3;2;1;3;0.666666667;0.333333333;2;2;0;2;1;0;NULL;NULL;NULL;NULL;NULL;NULL;3;3;0;3;1;0;18;1;1;18;0.055555556;0.055555556;18;3;0;18;0.166666667;0;NULL;NULL;NULL;NULL;NULL;NULL;19;0;3;19;0;0.157894737;NULL;NULL;NULL;NULL;NULL;NULL;NULL;NULL;NULL;NULL;NULL;NULL;No
Male;Yes;No;9;6;6;0;6;1;0;6;6;0;6;1;0;6;6;0;6;1;0;5;5;0;5;1;0;4;4;0;4;1;0;4;4;0;4;1;0;1;0;1;1;0;1;3;3;0;3;1;0;3;3;0;3;1;0;6;6;0;6;1;0;7;7;0;7;1;0;6;5;1;6;0.833333333;0.166666667;5;3;2;5;0.6;0.4;7;7;0;7;1;0;5;4;1;5;0.8;0.2;4;3;1;4;0.75;0.25;4;4;0;4;1;0;4;4;0;4;1;0;4;1;3;4;0.25;0.75;2;0;2;2;0;1;NULL;NULL;NULL;NULL;NULL;NULL;4;3;1;4;0.75;0.25;6;5;1;6;0.833333333;0.166666667;3;3;0;3;1;0;NULL;NULL;NULL;NULL;NULL;NULL;7;4;3;7;0.571428571;0.428571429;18;2;0;18;0.111111111;0;6;1;0;6;0.166666667;0;NULL;NULL;NULL;NULL;NULL;NULL;17;0;2;17;0;0.117647059;NULL;NULL;NULL;NULL;NULL;NULL;NULL;NULL;NULL;NULL;NULL;NULL;No
Female;Yes;No;9;5;5;0;5;1;0;4;4;0;4;1;0;6;6;0;6;1;0;4;4;0;4;1;0;3;3;0;3;1;0;5;5;0;5;1;0;3;3;0;3;1;0;5;5;0;5;1;0;3;3;0;3;1;0;5;4;1;5;0.8;0.2;5;5;0;5;1;0;5;5;0;5;1;0;5;3;2;5;0.6;0.4;6;6;0;6;1;0;4;4;0;4;1;0;6;6;0;6;1;0;4;4;0;4;1;0;3;3;0;3;1;0;2;1;1;2;0.5;0.5;3;2;1;3;0.666666667;0.333333333;NULL;NULL;NULL;NULL;NULL;NULL;5;4;1;5;0.8;0.2;5;5;0;5;1;0;4;4;0;4;1;0;NULL;NULL;NULL;NULL;NULL;NULL;7;3;4;7;0.428571429;0.571428571;18;2;0;18;0.111111111;0;12;2;0;12;0.166666667;0;NULL;NULL;NULL;NULL;NULL;NULL;21;1;3;21;0.047619048;0.142857143;NULL;NULL;NULL;NULL;NULL;NULL;NULL;NULL;NULL;NULL;NULL;NULL;No
Male;Yes;No;9;6;6;0;6;1;0;7;6;1;7;0.857142857;0.142857143;5;5;0;5;1;0;2;2;0;2;1;0;4;4;0;4;1;0;4;4;0;4;1;0;7;7;0;7;1;0;4;4;0;4;1;0;4;4;0;4;1;0;7;7;0;7;1;0;5;5;0;5;1;0;1;0;1;1;0;1;2;2;0;2;1;0;7;7;0;7;1;0;3;3;0;3;1;0;4;4;0;4;1;0;5;5;0;5;1;0;2;0;2;2;0;1;4;2;2;4;0.5;0.5;3;0;3;3;0;1;NULL;NULL;NULL;NULL;NULL;NULL;7;5;2;7;0.714285714;0.285714286;4;2;2;4;0.5;0.5;4;4;0;4;1;0;NULL;NULL;NULL;NULL;NULL;NULL;7;5;2;7;0.714285714;0.285714286;42;3;1;42;0.071428571;0.023809524;32;4;1;32;125;0.03125;NULL;NULL;NULL;NULL;NULL;NULL;21;2;2;21;0.095238095;0.095238095;NULL;NULL;NULL;NULL;NULL;NULL;NULL;NULL;NULL;NULL;NULL;NULL;No
Female;Yes;No;9;9;9;0;9;1;0;10;10;0;10;1;0;7;7;0;7;1;0;3;3;0;3;1;0;4;4;0;4;1;0;5;4;1;5;0.8;0.2;3;3;0;3;1;0;3;3;0;3;1;0;2;2;0;2;1;0;5;5;0;5;1;0;2;2;0;2;1;0;3;3;0;3;1;0;1;1;0;1;1;0;7;7;0;7;1;0;3;3;0;3;1;0;3;3;0;3;1;0;4;4;0;4;1;0;2;2;0;2;1;0;1;1;0;1;1;0;2;0;2;2;0;1;NULL;NULL;NULL;NULL;NULL;NULL;5;1;4;5;0.2;0.8;4;3;1;4;0.75;0.25;2;0;2;2;0;1;NULL;NULL;NULL;NULL;NULL;NULL;9;6;3;9;0.666666667;0.333333333;26;1;1;26;0.038461538;0.038461538;18;1;2;18;0.055555556;0.111111111;NULL;NULL;NULL;NULL;NULL;NULL;21;2;2;21;0.095238095;0.095238095;NULL;NULL;NULL;NULL;NULL;NULL;NULL;NULL;NULL;NULL;NULL;NULL;No
Male;Yes;No;9;4;4;0;4;1;0;2;2;0;2;1;0;4;4;0;4;1;0;1;1;0;1;1;0;1;0;1;1;0;1;5;5;0;5;1;0;1;1;0;1;1;0;2;2;0;2;1;0;2;2;0;2;1;0;7;7;0;7;1;0;2;2;0;2;1;0;4;4;0;4;1;0;2;2;0;2;1;0;6;6;0;6;1;0;3;3;0;3;1;0;4;4;0;4;1;0;3;3;0;3;1;0;4;2;2;4;0.5;0.5;4;2;2;4;0.5;0.5;5;3;2;5;0.6;0.4;NULL;NULL;NULL;NULL;NULL;NULL;5;5;0;5;1;0;4;3;1;4;0.75;0.25;3;3;0;3;1;0;NULL;NULL;NULL;NULL;NULL;NULL;5;2;3;5;0.4;0.6;12;1;0;12;0.083333333;0;18;2;1;18;0.111111111;0.055555556;NULL;NULL;NULL;NULL;NULL;NULL;16;1;2;16;0.0625;125;NULL;NULL;NULL;NULL;NULL;NULL;NULL;NULL;NULL;NULL;NULL;NULL;No
Male;Yes;No;9;7;7;0;7;1;0;6;6;0;6;1;0;4;4;0;4;1;0;1;1;0;1;1;0;5;5;0;5;1;0;2;0;2;2;0;1;4;4;0;4;1;0;2;2;0;2;1;0;1;1;0;1;1;0;4;4;0;4;1;0;5;5;0;5;1;0;4;3;1;4;0.75;0.25;3;3;0;3;1;0;9;9;0;9;1;0;4;4;0;4;1;0;2;2;0;2;1;0;1;1;0;1;1;0;2;2;0;2;1;0;5;5;0;5;1;0;2;0;2;2;0;1;NULL;NULL;NULL;NULL;NULL;NULL;4;3;1;4;0.75;0.25;4;3;1;4;0.75;0.25;2;2;0;2;1;0;NULL;NULL;NULL;NULL;NULL;NULL;7;7;0;7;1;0;24;1;1;24;0.041666667;0.041666667;26;2;2;26;0.076923077;0.076923077;NULL;NULL;NULL;NULL;NULL;NULL;21;2;2;21;0.095238095;0.095238095;NULL;NULL;NULL;NULL;NULL;NULL;NULL;NULL;NULL;NULL;NULL;NULL;No
Male;Yes;No;9;6;6;0;6;1;0;6;6;0;6;1;0;7;7;0;7;1;0;4;4;0;4;1;0;4;4;0;4;1;0;2;1;1;2;0.5;0.5;6;6;0;6;1;0;6;6;0;6;1;0;3;2;1;3;0.666666667;0.333333333;7;7;0;7;1;0;3;3;0;3;1;0;5;5;0;5;1;0;5;4;1;5;0.8;0.2;6;6;0;6;1;0;5;5;0;5;1;0;4;4;0;4;1;0;5;5;0;5;1;0;2;2;0;2;1;0;6;3;3;6;0.5;0.5;4;3;1;4;0.75;0.25;NULL;NULL;NULL;NULL;NULL;NULL;5;4;1;5;0.8;0.2;5;3;2;5;0.6;0.4;4;4;0;4;1;0;NULL;NULL;NULL;NULL;NULL;NULL;6;5;1;6;0.833333333;0.166666667;40;2;2;40;0.05;0.05;32;3;2;32;0.09375;0.0625;NULL;NULL;NULL;NULL;NULL;NULL;21;0;4;21;0;0.19047619;NULL;NULL;NULL;NULL;NULL;NULL;NULL;NULL;NULL;NULL;NULL;NULL;No
Male;Yes;No;9;6;6;0;6;1;0;7;7;0;7;1;0;6;6;0;6;1;0;4;4;0;4;1;0;6;6;0;6;1;0;3;1;2;3;0.333333333;0.666666667;4;4;0;4;1;0;6;5;1;6;0.833333333;0.166666667;1;1;0;1;1;0;6;6;0;6;1;0;3;3;0;3;1;0;2;2;0;2;1;0;3;2;1;3;0.666666667;0.333333333;6;6;0;6;1;0;5;5;0;5;1;0;4;4;0;4;1;0;6;6;0;6;1;0;4;4;0;4;1;0;4;4;0;4;1;0;3;1;2;3;0.333333333;0.666666667;NULL;NULL;NULL;NULL;NULL;NULL;5;3;2;5;0.6;0.4;4;4;0;4;1;0;2;2;0;2;1;0;NULL;NULL;NULL;NULL;NULL;NULL;6;4;2;6;0.666666667;0.333333333;30;3;0;30;0.1;0;12;2;0;12;0.166666667;0;NULL;NULL;NULL;NULL;NULL;NULL;21;1;3;21;0.047619048;0.142857143;NULL;NULL;NULL;NULL;NULL;NULL;NULL;NULL;NULL;NULL;NULL;NULL;No
Male;Yes;No;9;10;10;0;10;1;0;9;9;0;9;1;0;5;5;0;5;1;0;2;2;0;2;1;0;3;3;0;3;1;0;3;1;2;3;0.333333333;0.666666667;7;7;0;7;1;0;4;4;0;4;1;0;4;4;0;4;1;0;6;6;0;6;1;0;3;2;1;3;0.666666667;0.333333333;5;4;1;5;0.8;0.2;2;1;1;2;0.5;0.5;7;7;0;7;1;0;4;4;0;4;1;0;2;2;0;2;1;0;4;4;0;4;1;0;6;4;2;6;0.666666667;0.333333333;4;4;0;4;1;0;3;0;3;3;0;1;NULL;NULL;NULL;NULL;NULL;NULL;5;5;0;5;1;0;6;4;2;6;0.666666667;0.333333333;4;4;0;4;1;0;NULL;NULL;NULL;NULL;NULL;NULL;10;6;4;10;0.6;0.4;52;3;2;52;0.057692308;0.038461538;28;2;2;28;0.071428571;0.071428571;NULL;NULL;NULL;NULL;NULL;NULL;21;2;2;21;0.095238095;0.095238095;NULL;NULL;NULL;NULL;NULL;NULL;NULL;NULL;NULL;NULL;NULL;NULL;No
Female;Yes;No;9;9;8;1;9;0.888888889;0.111111111;10;10;0;10;1;0;7;7;0;7;1;0;3;3;0;3;1;0;5;5;0;5;1;0;5;3;2;5;0.6;0.4;3;3;0;3;1;0;5;3;2;5;0.6;0.4;2;1;1;2;0.5;0.5;7;7;0;7;1;0;4;2;2;4;0.5;0.5;3;3;0;3;1;0;5;0;5;5;0;1;7;7;0;7;1;0;6;6;0;6;1;0;5;5;0;5;1;0;5;5;0;5;1;0;4;3;1;4;0.75;0.25;5;3;2;5;0.6;0.4;4;1;3;4;0.25;0.75;NULL;NULL;NULL;NULL;NULL;NULL;4;2;2;4;0.5;0.5;5;3;2;5;0.6;0.4;4;4;0;4;1;0;NULL;NULL;NULL;NULL;NULL;NULL;9;5;4;9;0.555555556;0.444444444;18;1;1;18;0.055555556;0.055555556;30;2;2;30;0.066666667;0.066666667;NULL;NULL;NULL;NULL;NULL;NULL;21;0;4;21;0;0.19047619;NULL;NULL;NULL;NULL;NULL;NULL;NULL;NULL;NULL;NULL;NULL;NULL;No
Female;Yes;No;9;9;9;0;9;1;0;8;8;0;8;1;0;6;5;1;6;0.833333333;0.166666667;5;5;0;5;1;0;4;4;0;4;1;0;3;2;1;3;0.666666667;0.333333333;6;6;0;6;1;0;4;3;1;4;0.75;0.25;2;2;0;2;1;0;7;7;0;7;1;0;2;0;2;2;0;1;1;0;1;1;0;1;5;4;1;5;0.8;0.2;8;8;0;8;1;0;5;5;0;5;1;0;3;3;0;3;1;0;5;4;1;5;0.8;0.2;1;0;1;1;0;1;3;0;3;3;0;1;3;1;2;3;0.333333333;0.666666667;NULL;NULL;NULL;NULL;NULL;NULL;5;1;4;5;0.2;0.8;3;2;1;3;0.666666667;0.333333333;2;2;0;2;1;0;NULL;NULL;NULL;NULL;NULL;NULL;9;8;1;9;0.888888889;0.111111111;32;3;0;32;0.09375;0;14;0;2;14;0;0.142857143;NULL;NULL;NULL;NULL;NULL;NULL;21;2;2;21;0.095238095;0.095238095;NULL;NULL;NULL;NULL;NULL;NULL;NULL;NULL;NULL;NULL;NULL;NULL;No
Female;Yes;No;9;0;0;0;0;0;0;13;2;11;13;0.153846154;0.846153846;5;5;0;5;1;0;9;0;9;9;0;1;4;4;0;4;1;0;5;3;2;5;0.6;0.4;2;0;2;2;0;1;5;1;4;5;0.2;0.8;1;1;0;1;1;0;5;5;0;5;1;0;3;3;0;3;1;0;2;1;1;2;0.5;0.5;5;4;1;5;0.8;0.2;8;8;0;8;1;0;2;2;0;2;1;0;3;3;0;3;1;0;4;4;0;4;1;0;4;4;0;4;1;0;3;3;0;3;1;0;4;1;3;4;0.25;0.75;NULL;NULL;NULL;NULL;NULL;NULL;4;2;2;4;0.5;0.5;4;3;1;4;0.75;0.25;3;2;1;3;0.666666667;0.333333333;NULL;NULL;NULL;NULL;NULL;NULL;5;2;3;5;0.4;0.6;18;0;2;18;0;0.111111111;18;2;1;18;0.111111111;0.055555556;NULL;NULL;NULL;NULL;NULL;NULL;21;0;4;21;0;0.19047619;NULL;NULL;NULL;NULL;NULL;NULL;NULL;NULL;NULL;NULL;NULL;NULL;No
Male;Yes;No;9;8;8;0;8;1;0;9;9;0;9;1;0;7;7;0;7;1;0;4;4;0;4;1;0;4;4;0;4;1;0;3;3;0;3;1;0;4;4;0;4;1;0;3;3;0;3;1;0;1;0;1;1;0;1;7;7;0;7;1;0;4;3;1;4;0.75;0.25;3;3;0;3;1;0;6;5;1;6;0.833333333;0.166666667;5;5;0;5;1;0;3;3;0;3;1;0;5;5;0;5;1;0;4;4;0;4;1;0;4;4;0;4;1;0;2;2;0;2;1;0;5;3;2;5;0.6;0.4;NULL;NULL;NULL;NULL;NULL;NULL;5;4;1;5;0.8;0.2;4;3;1;4;0.75;0.25;4;4;0;4;1;0;NULL;NULL;NULL;NULL;NULL;NULL;3;1;2;3;0.333333333;0.666666667;4;0;0;4;0;0;26;4;0;26;0.153846154;0;NULL;NULL;NULL;NULL;NULL;NULL;21;3;1;21;0.142857143;0.047619048;NULL;NULL;NULL;NULL;NULL;NULL;NULL;NULL;NULL;NULL;NULL;NULL;No
Female;Yes;No;9;8;8;0;8;1;0;10;10;0;10;1;0;7;7;0;7;1;0;3;3;0;3;1;0;3;3;0;3;1;0;6;2;4;6;0.333333333;0.666666667;5;5;0;5;1;0;5;3;2;5;0.6;0.4;1;1;0;1;1;0;8;7;1;8;875;125;1;1;0;1;1;0;4;2;2;4;0.5;0.5;6;5;1;6;0.833333333;0.166666667;8;8;0;8;1;0;4;4;0;4;1;0;4;4;0;4;1;0;4;4;0;4;1;0;5;3;2;5;0.6;0.4;6;5;1;6;0.833333333;0.166666667;5;2;3;5;0.4;0.6;NULL;NULL;NULL;NULL;NULL;NULL;4;3;1;4;0.75;0.25;5;5;0;5;1;0;3;3;0;3;1;0;NULL;NULL;NULL;NULL;NULL;NULL;6;4;2;6;0.666666667;0.333333333;40;2;2;40;0.05;0.05;18;1;2;18;0.055555556;0.111111111;NULL;NULL;NULL;NULL;NULL;NULL;21;1;3;21;0.047619048;0.142857143;NULL;NULL;NULL;NULL;NULL;NULL;NULL;NULL;NULL;NULL;NULL;NULL;No
Female;Yes;No;9;6;6;0;6;1;0;7;7;0;7;1;0;5;5;0;5;1;0;5;0;5;5;0;1;5;5;0;5;1;0;1;0;1;1;0;1;4;4;0;4;1;0;4;4;0;4;1;0;4;3;1;4;0.75;0.25;4;0;4;4;0;1;3;0;3;3;0;1;4;3;1;4;0.75;0.25;5;4;1;5;0.8;0.2;6;5;1;6;0.833333333;0.166666667;5;5;0;5;1;0;2;2;0;2;1;0;4;4;0;4;1;0;2;0;2;2;0;1;4;3;1;4;0.75;0.25;3;0;3;3;0;1;NULL;NULL;NULL;NULL;NULL;NULL;3;2;1;3;0.666666667;0.333333333;5;4;1;5;0.8;0.2;3;2;1;3;0.666666667;0.333333333;NULL;NULL;NULL;NULL;NULL;NULL;5;4;1;5;0.8;0.2;24;1;1;24;0.041666667;0.041666667;18;2;1;18;0.111111111;0.055555556;NULL;NULL;NULL;NULL;NULL;NULL;21;2;2;21;0.095238095;0.095238095;NULL;NULL;NULL;NULL;NULL;NULL;NULL;NULL;NULL;NULL;NULL;NULL;No
Male;Yes;No;9;7;7;0;7;1;0;6;6;0;6;1;0;3;3;0;3;1;0;4;4;0;4;1;0;4;4;0;4;1;0;3;2;1;3;0.666666667;0.333333333;1;0;1;1;0;1;5;5;0;5;1;0;1;1;0;1;1;0;3;0;3;3;0;1;5;4;1;5;0.8;0.2;4;4;0;4;1;0;3;2;1;3;0.666666667;0.333333333;7;7;0;7;1;0;6;6;0;6;1;0;6;6;0;6;1;0;5;5;0;5;1;0;4;3;1;4;0.75;0.25;4;3;1;4;0.75;0.25;2;0;2;2;0;1;NULL;NULL;NULL;NULL;NULL;NULL;5;4;1;5;0.8;0.2;5;4;1;5;0.8;0.2;8;7;1;8;875;125;NULL;NULL;NULL;NULL;NULL;NULL;11;5;6;11;0.454545455;0.545454545;30;3;0;30;0.1;0;32;4;1;32;125;0.03125;NULL;NULL;NULL;NULL;NULL;NULL;21;0;4;21;0;0.19047619;NULL;NULL;NULL;NULL;NULL;NULL;NULL;NULL;NULL;NULL;NULL;NULL;No
Female;Yes;No;9;8;8;0;8;1;0;8;8;0;8;1;0;6;6;0;6;1;0;4;4;0;4;1;0;6;6;0;6;1;0;5;4;1;5;0.8;0.2;3;0;3;3;0;1;5;5;0;5;1;0;4;4;0;4;1;0;7;7;0;7;1;0;3;3;0;3;1;0;7;5;2;7;0.714285714;0.285714286;6;5;1;6;0.833333333;0.166666667;8;8;0;8;1;0;6;6;0;6;1;0;6;6;0;6;1;0;3;3;0;3;1;0;4;4;0;4;1;0;7;4;3;7;0.571428571;0.428571429;3;1;2;3;0.333333333;0.666666667;NULL;NULL;NULL;NULL;NULL;NULL;5;4;1;5;0.8;0.2;4;3;1;4;0.75;0.25;2;1;1;2;0.5;0.5;NULL;NULL;NULL;NULL;NULL;NULL;7;5;2;7;0.714285714;0.285714286;30;1;2;30;0.033333333;0.066666667;26;3;1;26;0.115384615;0.038461538;NULL;NULL;NULL;NULL;NULL;NULL;21;0;4;21;0;0.19047619;NULL;NULL;NULL;NULL;NULL;NULL;NULL;NULL;NULL;NULL;NULL;NULL;No
Female;Yes;No;9;11;11;0;11;1;0;8;8;0;8;1;0;2;2;0;2;1;0;1;1;0;1;1;0;5;5;0;5;1;0;3;3;0;3;1;0;4;4;0;4;1;0;1;1;0;1;1;0;4;2;2;4;0.5;0.5;4;4;0;4;1;0;4;4;0;4;1;0;3;2;1;3;0.666666667;0.333333333;5;4;1;5;0.8;0.2;8;8;0;8;1;0;6;6;0;6;1;0;5;5;0;5;1;0;5;5;0;5;1;0;4;3;1;4;0.75;0.25;6;4;2;6;0.666666667;0.333333333;6;2;4;6;0.333333333;0.666666667;NULL;NULL;NULL;NULL;NULL;NULL;3;2;1;3;0.666666667;0.333333333;5;5;0;5;1;0;7;6;1;7;0.857142857;0.142857143;NULL;NULL;NULL;NULL;NULL;NULL;9;7;2;9;0.777777778;0.222222222;28;1;1;28;0.035714286;0.035714286;32;4;1;32;125;0.03125;NULL;NULL;NULL;NULL;NULL;NULL;21;2;2;21;0.095238095;0.095238095;NULL;NULL;NULL;NULL;NULL;NULL;NULL;NULL;NULL;NULL;NULL;NULL;No
Female;Yes;No;9;9;9;0;9;1;0;8;8;0;8;1;0;7;7;0;7;1;0;4;4;0;4;1;0;4;4;0;4;1;0;3;0;3;3;0;1;5;5;0;5;1;0;3;3;0;3;1;0;2;2;0;2;1;0;5;5;0;5;1;0;3;3;0;3;1;0;6;5;1;6;0.833333333;0.166666667;3;3;0;3;1;0;8;8;0;8;1;0;4;4;0;4;1;0;7;7;0;7;1;0;4;3;1;4;0.75;0.25;1;1;0;1;1;0;4;0;4;4;0;1;6;2;4;6;0.333333333;0.666666667;NULL;NULL;NULL;NULL;NULL;NULL;5;3;2;5;0.6;0.4;4;2;2;4;0.5;0.5;4;2;2;4;0.5;0.5;NULL;NULL;NULL;NULL;NULL;NULL;3;2;1;3;0.666666667;0.333333333;18;2;0;18;0.111111111;0;26;3;1;26;0.115384615;0.038461538;NULL;NULL;NULL;NULL;NULL;NULL;21;0;4;21;0;0.19047619;NULL;NULL;NULL;NULL;NULL;NULL;NULL;NULL;NULL;NULL;NULL;NULL;No
Female;Yes;No;9;8;8;0;8;1;0;8;8;0;8;1;0;6;6;0;6;1;0;2;2;0;2;1;0;4;4;0;4;1;0;3;3;0;3;1;0;3;3;0;3;1;0;4;4;0;4;1;0;1;1;0;1;1;0;4;4;0;4;1;0;4;4;0;4;1;0;4;4;0;4;1;0;3;3;0;3;1;0;6;6;0;6;1;0;3;3;0;3;1;0;3;3;0;3;1;0;4;4;0;4;1;0;3;0;3;3;0;1;4;2;2;4;0.5;0.5;3;2;1;3;0.666666667;0.333333333;NULL;NULL;NULL;NULL;NULL;NULL;6;6;0;6;1;0;3;3;0;3;1;0;6;5;1;6;0.833333333;0.166666667;NULL;NULL;NULL;NULL;NULL;NULL;9;7;2;9;0.777777778;0.222222222;30;2;1;30;0.066666667;0.033333333;32;5;0;32;0.15625;0;NULL;NULL;NULL;NULL;NULL;NULL;21;2;2;21;0.095238095;0.095238095;NULL;NULL;NULL;NULL;NULL;NULL;NULL;NULL;NULL;NULL;NULL;NULL;No
Male;Yes;No;9;9;9;0;9;1;0;9;8;1;9;0.888888889;0.111111111;8;8;0;8;1;0;7;7;0;7;1;0;6;6;0;6;1;0;4;2;2;4;0.5;0.5;6;6;0;6;1;0;5;4;1;5;0.8;0.2;2;2;0;2;1;0;9;8;1;9;0.888888889;0.111111111;3;3;0;3;1;0;4;3;1;4;0.75;0.25;5;4;1;5;0.8;0.2;8;8;0;8;1;0;6;6;0;6;1;0;6;6;0;6;1;0;6;5;1;6;0.833333333;0.166666667;6;5;1;6;0.833333333;0.166666667;7;5;2;7;0.714285714;0.285714286;4;1;3;4;0.25;0.75;NULL;NULL;NULL;NULL;NULL;NULL;7;7;0;7;1;0;6;5;1;6;0.833333333;0.166666667;6;6;0;6;1;0;NULL;NULL;NULL;NULL;NULL;NULL;8;6;2;8;0.75;0.25;18;1;1;18;0.055555556;0.055555556;24;2;1;24;0.083333333;0.041666667;NULL;NULL;NULL;NULL;NULL;NULL;21;0;4;21;0;0.19047619;NULL;NULL;NULL;NULL;NULL;NULL;NULL;NULL;NULL;NULL;NULL;NULL;No
Female;Yes;No;9;11;11;0;11;1;0;10;10;0;10;1;0;9;9;0;9;1;0;2;2;0;2;1;0;6;6;0;6;1;0;4;3;1;4;0.75;0.25;5;5;0;5;1;0;7;6;1;7;0.857142857;0.142857143;1;0;1;1;0;1;8;8;0;8;1;0;5;5;0;5;1;0;3;1;2;3;0.333333333;0.666666667;4;3;1;4;0.75;0.25;9;9;0;9;1;0;6;6;0;6;1;0;4;4;0;4;1;0;4;3;1;4;0.75;0.25;4;4;0;4;1;0;4;3;1;4;0.75;0.25;5;1;4;5;0.2;0.8;NULL;NULL;NULL;NULL;NULL;NULL;5;3;2;5;0.6;0.4;5;4;1;5;0.8;0.2;3;3;0;3;1;0;NULL;NULL;NULL;NULL;NULL;NULL;5;3;2;5;0.6;0.4;18;1;1;18;0.055555556;0.055555556;38;5;1;38;0.131578947;0.026315789;NULL;NULL;NULL;NULL;NULL;NULL;21;2;2;21;0.095238095;0.095238095;NULL;NULL;NULL;NULL;NULL;NULL;NULL;NULL;NULL;NULL;NULL;NULL;No
Female;Yes;No;9;10;9;1;10;0.9;0.1;9;9;0;9;1;0;8;8;0;8;1;0;4;4;0;4;1;0;6;6;0;6;1;0;5;4;1;5;0.8;0.2;4;4;0;4;1;0;1;1;0;1;1;0;3;2;1;3;0.666666667;0.333333333;7;7;0;7;1;0;4;3;1;4;0.75;0.25;3;3;0;3;1;0;5;3;2;5;0.6;0.4;8;7;1;8;875;125;4;4;0;4;1;0;5;5;0;5;1;0;4;4;0;4;1;0;5;4;1;5;0.8;0.2;4;4;0;4;1;0;3;1;2;3;0.333333333;0.666666667;NULL;NULL;NULL;NULL;NULL;NULL;5;5;0;5;1;0;6;6;0;6;1;0;2;2;0;2;1;0;NULL;NULL;NULL;NULL;NULL;NULL;7;5;2;7;0.714285714;0.285714286;16;1;0;16;0.0625;0;18;3;0;18;0.166666667;0;NULL;NULL;NULL;NULL;NULL;NULL;21;1;3;21;0.047619048;0.142857143;NULL;NULL;NULL;NULL;NULL;NULL;NULL;NULL;NULL;NULL;NULL;NULL;No
Female;Yes;No;9;7;7;0;7;1;0;8;8;0;8;1;0;6;6;0;6;1;0;3;3;0;3;1;0;5;4;1;5;0.8;0.2;3;1;2;3;0.333333333;0.666666667;4;4;0;4;1;0;1;1;0;1;1;0;3;3;0;3;1;0;7;7;0;7;1;0;3;3;0;3;1;0;2;2;0;2;1;0;4;4;0;4;1;0;8;8;0;8;1;0;5;5;0;5;1;0;6;6;0;6;1;0;3;2;1;3;0.666666667;0.333333333;3;2;1;3;0.666666667;0.333333333;6;4;2;6;0.666666667;0.333333333;4;1;3;4;0.25;0.75;NULL;NULL;NULL;NULL;NULL;NULL;4;1;3;4;0.25;0.75;5;3;2;5;0.6;0.4;2;2;0;2;1;0;NULL;NULL;NULL;NULL;NULL;NULL;10;5;5;10;0.5;0.5;40;2;2;40;0.05;0.05;50;0;7;50;0;0.14;NULL;NULL;NULL;NULL;NULL;NULL;22;2;2;22;0.090909091;0.090909091;NULL;NULL;NULL;NULL;NULL;NULL;NULL;NULL;NULL;NULL;NULL;NULL;No
Male;Yes;No;9;1;0;1;1;0;1;5;0;5;5;0;1;5;4;1;5;0.8;0.2;5;0;5;5;0;1;4;4;0;4;1;0;5;1;4;5;0.2;0.8;1;0;1;1;0;1;2;1;1;2;0.5;0.5;3;1;2;3;0.333333333;0.666666667;6;6;0;6;1;0;4;4;0;4;1;0;4;4;0;4;1;0;4;3;1;4;0.75;0.25;9;8;1;9;0.888888889;0.111111111;5;5;0;5;1;0;5;5;0;5;1;0;6;6;0;6;1;0;5;3;2;5;0.6;0.4;3;2;1;3;0.666666667;0.333333333;4;2;2;4;0.5;0.5;NULL;NULL;NULL;NULL;NULL;NULL;3;2;1;3;0.666666667;0.333333333;5;4;1;5;0.8;0.2;4;3;1;4;0.75;0.25;NULL;NULL;NULL;NULL;NULL;NULL;6;2;4;6;0.333333333;0.666666667;30;2;1;30;0.066666667;0.033333333;18;2;1;18;0.111111111;0.055555556;NULL;NULL;NULL;NULL;NULL;NULL;21;1;3;21;0.047619048;0.142857143;NULL;NULL;NULL;NULL;NULL;NULL;NULL;NULL;NULL;NULL;NULL;NULL;No
Female;Yes;No;9;11;11;0;11;1;0;9;9;0;9;1;0;7;7;0;7;1;0;2;2;0;2;1;0;2;2;0;2;1;0;6;4;2;6;0.666666667;0.333333333;5;5;0;5;1;0;5;4;1;5;0.8;0.2;1;1;0;1;1;0;6;6;0;6;1;0;4;4;0;4;1;0;5;3;2;5;0.6;0.4;4;3;1;4;0.75;0.25;9;9;0;9;1;0;6;6;0;6;1;0;7;7;0;7;1;0;6;6;0;6;1;0;4;2;2;4;0.5;0.5;4;2;2;4;0.5;0.5;6;3;3;6;0.5;0.5;NULL;NULL;NULL;NULL;NULL;NULL;4;2;2;4;0.5;0.5;5;4;1;5;0.8;0.2;5;4;1;5;0.8;0.2;NULL;NULL;NULL;NULL;NULL;NULL;7;4;3;7;0.571428571;0.428571429;2;0;0;2;0;0;12;2;0;12;0.166666667;0;NULL;NULL;NULL;NULL;NULL;NULL;21;2;2;21;0.095238095;0.095238095;NULL;NULL;NULL;NULL;NULL;NULL;NULL;NULL;NULL;NULL;NULL;NULL;No
Female;Yes;No;9;5;5;0;5;1;0;8;8;0;8;1;0;8;8;0;8;1;0;1;1;0;1;1;0;3;1;2;3;0.333333333;0.666666667;5;5;0;5;1;0;4;4;0;4;1;0;4;3;1;4;0.75;0.25;2;1;1;2;0.5;0.5;7;7;0;7;1;0;6;5;1;6;0.833333333;0.166666667;3;3;0;3;1;0;4;4;0;4;1;0;9;9;0;9;1;0;4;4;0;4;1;0;6;6;0;6;1;0;6;6;0;6;1;0;3;3;0;3;1;0;4;3;1;4;0.75;0.25;4;0;4;4;0;1;NULL;NULL;NULL;NULL;NULL;NULL;5;4;1;5;0.8;0.2;5;5;0;5;1;0;2;2;0;2;1;0;NULL;NULL;NULL;NULL;NULL;NULL;2;1;1;2;0.5;0.5;22;1;1;22;0.045454545;0.045454545;18;2;1;18;0.111111111;0.055555556;NULL;NULL;NULL;NULL;NULL;NULL;21;2;2;21;0.095238095;0.095238095;NULL;NULL;NULL;NULL;NULL;NULL;NULL;NULL;NULL;NULL;NULL;NULL;No
Male;Yes;No;9;8;8;0;8;1;0;8;8;0;8;1;0;6;6;0;6;1;0;3;3;0;3;1;0;4;4;0;4;1;0;3;3;0;3;1;0;6;5;1;6;0.833333333;0.166666667;6;6;0;6;1;0;3;1;2;3;0.333333333;0.666666667;7;7;0;7;1;0;3;3;0;3;1;0;4;4;0;4;1;0;2;2;0;2;1;0;9;8;1;9;0.888888889;0.111111111;4;4;0;4;1;0;4;4;0;4;1;0;3;3;0;3;1;0;4;3;1;4;0.75;0.25;5;4;1;5;0.8;0.2;2;0;2;2;0;1;NULL;NULL;NULL;NULL;NULL;NULL;5;5;0;5;1;0;3;3;0;3;1;0;5;4;1;5;0.8;0.2;NULL;NULL;NULL;NULL;NULL;NULL;4;4;0;4;1;0;18;2;0;18;0.111111111;0;18;2;1;18;0.111111111;0.055555556;NULL;NULL;NULL;NULL;NULL;NULL;21;1;3;21;0.047619048;0.142857143;NULL;NULL;NULL;NULL;NULL;NULL;NULL;NULL;NULL;NULL;NULL;NULL;No
Male;Yes;No;9;11;11;0;11;1;0;9;8;1;9;0.888888889;0.111111111;7;7;0;7;1;0;26;2;24;26;0.076923077;0.923076923;5;4;1;5;0.8;0.2;6;3;3;6;0.5;0.5;7;7;0;7;1;0;5;4;1;5;0.8;0.2;5;1;4;5;0.2;0.8;7;7;0;7;1;0;4;4;0;4;1;0;8;6;2;8;0.75;0.25;22;5;17;22;0.227272727;0.772727273;8;6;2;8;0.75;0.25;3;3;0;3;1;0;6;6;0;6;1;0;7;6;1;7;0.857142857;0.142857143;5;2;3;5;0.4;0.6;6;4;2;6;0.666666667;0.333333333;5;2;3;5;0.4;0.6;NULL;NULL;NULL;NULL;NULL;NULL;8;6;2;8;0.75;0.25;83;20;63;83;0.240963855;0.759036145;52;9;43;52;0.173076923;0.826923077;NULL;NULL;NULL;NULL;NULL;NULL;8;1;7;8;125;875;46;1;3;46;0.02173913;0.065217391;42;0;6;42;0;0.142857143;NULL;NULL;NULL;NULL;NULL;NULL;21;1;3;21;0.047619048;0.142857143;NULL;NULL;NULL;NULL;NULL;NULL;NULL;NULL;NULL;NULL;NULL;NULL;No
Female;Yes;No;9;8;8;0;8;1;0;7;7;0;7;1;0;7;6;1;7;0.857142857;0.142857143;4;4;0;4;1;0;6;6;0;6;1;0;3;2;1;3;0.666666667;0.333333333;3;3;0;3;1;0;2;2;0;2;1;0;4;4;0;4;1;0;7;6;1;7;0.857142857;0.142857143;5;5;0;5;1;0;4;2;2;4;0.5;0.5;6;5;1;6;0.833333333;0.166666667;7;7;0;7;1;0;6;6;0;6;1;0;3;3;0;3;1;0;4;4;0;4;1;0;5;5;0;5;1;0;1;0;1;1;0;1;3;0;3;3;0;1;NULL;NULL;NULL;NULL;NULL;NULL;4;4;0;4;1;0;4;3;1;4;0.75;0.25;4;4;0;4;1;0;NULL;NULL;NULL;NULL;NULL;NULL;7;2;5;7;0.285714286;0.714285714;18;2;0;18;0.111111111;0;18;3;0;18;0.166666667;0;NULL;NULL;NULL;NULL;NULL;NULL;21;1;3;21;0.047619048;0.142857143;NULL;NULL;NULL;NULL;NULL;NULL;NULL;NULL;NULL;NULL;NULL;NULL;No
Male;Yes;No;9;9;8;1;9;0.888888889;0.111111111;10;10;0;10;1;0;7;7;0;7;1;0;4;4;0;4;1;0;3;3;0;3;1;0;3;0;3;3;0;1;5;5;0;5;1;0;5;5;0;5;1;0;4;4;0;4;1;0;8;8;0;8;1;0;4;3;1;4;0.75;0.25;6;5;1;6;0.833333333;0.166666667;5;5;0;5;1;0;8;8;0;8;1;0;2;1;1;2;0.5;0.5;6;6;0;6;1;0;3;2;1;3;0.666666667;0.333333333;2;2;0;2;1;0;4;3;1;4;0.75;0.25;4;2;2;4;0.5;0.5;NULL;NULL;NULL;NULL;NULL;NULL;4;2;2;4;0.5;0.5;5;4;1;5;0.8;0.2;3;3;0;3;1;0;NULL;NULL;NULL;NULL;NULL;NULL;2;0;2;2;0;1;18;2;0;18;0.111111111;0;36;5;0;36;0.138888889;0;NULL;NULL;NULL;NULL;NULL;NULL;21;1;3;21;0.047619048;0.142857143;NULL;NULL;NULL;NULL;NULL;NULL;NULL;NULL;NULL;NULL;NULL;NULL;No
Female;Yes;No;9;8;8;0;8;1;0;8;8;0;8;1;0;5;5;0;5;1;0;6;6;0;6;1;0;6;2;4;6;0.333333333;0.666666667;6;5;1;6;0.833333333;0.166666667;1;0;1;1;0;1;4;4;0;4;1;0;3;3;0;3;1;0;5;5;0;5;1;0;3;3;0;3;1;0;7;5;2;7;0.714285714;0.285714286;5;0;5;5;0;1;8;8;0;8;1;0;3;3;0;3;1;0;5;5;0;5;1;0;5;5;0;5;1;0;3;1;2;3;0.333333333;0.666666667;3;2;1;3;0.666666667;0.333333333;3;1;2;3;0.333333333;0.666666667;NULL;NULL;NULL;NULL;NULL;NULL;5;4;1;5;0.8;0.2;7;5;2;7;0.714285714;0.285714286;6;5;1;6;0.833333333;0.166666667;NULL;NULL;NULL;NULL;NULL;NULL;6;3;3;6;0.5;0.5;40;3;1;40;75;25;18;3;0;18;0.166666667;0;NULL;NULL;NULL;NULL;NULL;NULL;21;1;3;21;0.047619048;0.142857143;NULL;NULL;NULL;NULL;NULL;NULL;NULL;NULL;NULL;NULL;NULL;NULL;No
Male;Yes;No;9;6;6;0;6;1;0;5;5;0;5;1;0;3;3;0;3;1;0;3;3;0;3;1;0;5;5;0;5;1;0;5;4;1;5;0.8;0.2;4;4;0;4;1;0;4;3;1;4;0.75;0.25;3;3;0;3;1;0;6;6;0;6;1;0;3;2;1;3;0.666666667;0.333333333;2;2;0;2;1;0;3;2;1;3;0.666666667;0.333333333;8;8;0;8;1;0;2;1;1;2;0.5;0.5;6;6;0;6;1;0;3;3;0;3;1;0;3;3;0;3;1;0;2;2;0;2;1;0;3;1;2;3;0.333333333;0.666666667;NULL;NULL;NULL;NULL;NULL;NULL;4;2;2;4;0.5;0.5;6;4;2;6;0.666666667;0.333333333;3;3;0;3;1;0;NULL;NULL;NULL;NULL;NULL;NULL;6;3;3;6;0.5;0.5;52;4;1;52;0.076923077;0.019230769;32;4;1;32;125;0.03125;NULL;NULL;NULL;NULL;NULL;NULL;21;1;3;21;0.047619048;0.142857143;NULL;NULL;NULL;NULL;NULL;NULL;NULL;NULL;NULL;NULL;NULL;NULL;No
Male;Yes;No;9;0;0;0;0;0;0;0;0;0;0;0;0;4;4;0;4;1;0;2;2;0;2;1;0;4;4;0;4;1;0;3;3;0;3;1;0;5;5;0;5;1;0;5;3;2;5;0.6;0.4;1;1;0;1;1;0;4;4;0;4;1;0;3;2;1;3;0.666666667;0.333333333;3;3;0;3;1;0;4;4;0;4;1;0;6;6;0;6;1;0;4;4;0;4;1;0;3;3;0;3;1;0;3;3;0;3;1;0;0;0;0;0;0;0;4;2;2;4;0.5;0.5;3;0;3;3;0;1;NULL;NULL;NULL;NULL;NULL;NULL;3;3;0;3;1;0;5;2;3;5;0.4;0.6;6;2;4;6;0.333333333;0.666666667;NULL;NULL;NULL;NULL;NULL;NULL;28;6;22;28;0.214285714;0.785714286;28;1;1;28;0.035714286;0.035714286;102;0;14;102;0;0.137254902;NULL;NULL;NULL;NULL;NULL;NULL;15;1;2;15;0.066666667;0.133333333;NULL;NULL;NULL;NULL;NULL;NULL;NULL;NULL;NULL;NULL;NULL;NULL;No
Female;Yes;No;9;9;9;0;9;1;0;8;8;0;8;1;0;4;4;0;4;1;0;3;3;0;3;1;0;5;4;1;5;0.8;0.2;5;4;1;5;0.8;0.2;3;3;0;3;1;0;5;5;0;5;1;0;2;2;0;2;1;0;5;5;0;5;1;0;5;4;1;5;0.8;0.2;4;2;2;4;0.5;0.5;5;3;2;5;0.6;0.4;9;9;0;9;1;0;4;4;0;4;1;0;3;3;0;3;1;0;4;4;0;4;1;0;7;2;5;7;0.285714286;0.714285714;4;1;3;4;0.25;0.75;7;0;7;7;0;1;NULL;NULL;NULL;NULL;NULL;NULL;4;3;1;4;0.75;0.25;6;5;1;6;0.833333333;0.166666667;4;4;0;4;1;0;NULL;NULL;NULL;NULL;NULL;NULL;7;5;2;7;0.714285714;0.285714286;52;3;2;52;0.057692308;0.038461538;18;2;1;18;0.111111111;0.055555556;NULL;NULL;NULL;NULL;NULL;NULL;21;2;2;21;0.095238095;0.095238095;NULL;NULL;NULL;NULL;NULL;NULL;NULL;NULL;NULL;NULL;NULL;NULL;No
Female;Yes;No;9;10;9;1;10;0.9;0.1;2;0;2;2;0;1;8;2;6;8;0.25;0.75;0;0;0;0;0;0;4;0;4;4;0;1;4;1;3;4;0.25;0.75;6;5;1;6;0.833333333;0.166666667;5;1;4;5;0.2;0.8;4;3;1;4;0.75;0.25;4;0;4;4;0;1;16;2;14;16;125;875;7;3;4;7;0.428571429;0.571428571;5;3;2;5;0.6;0.4;8;8;0;8;1;0;5;5;0;5;1;0;4;4;0;4;1;0;3;1;2;3;0.333333333;0.666666667;13;3;10;13;0.230769231;0.769230769;8;3;5;8;375;625;7;1;6;7;0.142857143;0.857142857;NULL;NULL;NULL;NULL;NULL;NULL;7;4;3;7;0.571428571;0.428571429;6;4;2;6;0.666666667;0.333333333;5;2;3;5;0.4;0.6;NULL;NULL;NULL;NULL;NULL;NULL;9;6;3;9;0.666666667;0.333333333;34;0;3;34;0;0.088235294;18;1;2;18;0.055555556;0.111111111;NULL;NULL;NULL;NULL;NULL;NULL;21;2;2;21;0.095238095;0.095238095;NULL;NULL;NULL;NULL;NULL;NULL;NULL;NULL;NULL;NULL;NULL;NULL;No
Female;Yes;No;9;11;11;0;11;1;0;10;10;0;10;1;0;10;10;0;10;1;0;6;6;0;6;1;0;5;5;0;5;1;0;8;7;1;8;875;125;4;4;0;4;1;0;8;8;0;8;1;0;4;3;1;4;0.75;0.25;9;9;0;9;1;0;5;5;0;5;1;0;5;5;0;5;1;0;7;7;0;7;1;0;10;10;0;10;1;0;8;8;0;8;1;0;8;8;0;8;1;0;7;6;1;7;0.857142857;0.142857143;3;3;0;3;1;0;2;1;1;2;0.5;0.5;4;2;2;4;0.5;0.5;NULL;NULL;NULL;NULL;NULL;NULL;7;7;0;7;1;0;6;4;2;6;0.666666667;0.333333333;5;5;0;5;1;0;NULL;NULL;NULL;NULL;NULL;NULL;7;5;2;7;0.714285714;0.285714286;30;2;1;30;0.066666667;0.033333333;18;2;1;18;0.111111111;0.055555556;NULL;NULL;NULL;NULL;NULL;NULL;21;4;0;21;0.19047619;0;NULL;NULL;NULL;NULL;NULL;NULL;NULL;NULL;NULL;NULL;NULL;NULL;No
Male;Yes;Yes;9;3;3;0;3;1;0;5;5;0;5;1;0;5;5;0;5;1;0;2;2;0;2;1;0;3;3;0;3;1;0;3;2;1;3;0.666666667;0.333333333;4;4;0;4;1;0;6;5;1;6;0.833333333;0.166666667;1;1;0;1;1;0;4;4;0;4;1;0;3;3;0;3;1;0;5;2;3;5;0.4;0.6;4;3;1;4;0.75;0.25;6;6;0;6;1;0;1;1;0;1;1;0;3;3;0;3;1;0;3;3;0;3;1;0;2;2;0;2;1;0;4;4;0;4;1;0;3;2;1;3;0.666666667;0.333333333;NULL;NULL;NULL;NULL;NULL;NULL;3;3;0;3;1;0;2;1;1;2;0.5;0.5;2;2;0;2;1;0;NULL;NULL;NULL;NULL;NULL;NULL;3;2;1;3;0.666666667;0.333333333;22;1;1;22;0.045454545;0.045454545;8;1;0;8;125;0;NULL;NULL;NULL;NULL;NULL;NULL;18;1;2;18;0.055555556;0.111111111;NULL;NULL;NULL;NULL;NULL;NULL;NULL;NULL;NULL;NULL;NULL;NULL;No
Female;Yes;No;9;2;0;2;2;0;1;8;8;0;8;1;0;4;4;0;4;1;0;6;0;6;6;0;1;4;3;1;4;0.75;0.25;2;2;0;2;1;0;6;5;1;6;0.833333333;0.166666667;3;3;0;3;1;0;5;3;2;5;0.6;0.4;8;8;0;8;1;0;5;5;0;5;1;0;5;5;0;5;1;0;5;2;3;5;0.4;0.6;8;8;0;8;1;0;4;4;0;4;1;0;5;5;0;5;1;0;6;5;1;6;0.833333333;0.166666667;4;4;0;4;1;0;12;3;9;12;0.25;0.75;5;3;2;5;0.6;0.4;NULL;NULL;NULL;NULL;NULL;NULL;4;4;0;4;1;0;5;5;0;5;1;0;4;1;3;4;0.25;0.75;NULL;NULL;NULL;NULL;NULL;NULL;5;4;1;5;0.8;0.2;40;3;1;40;75;25;12;2;0;12;0.166666667;0;NULL;NULL;NULL;NULL;NULL;NULL;21;0;4;21;0;0.19047619;NULL;NULL;NULL;NULL;NULL;NULL;NULL;NULL;NULL;NULL;NULL;NULL;No
Male;Yes;No;9;8;8;0;8;1;0;8;8;0;8;1;0;7;7;0;7;1;0;1;1;0;1;1;0;5;5;0;5;1;0;1;1;0;1;1;0;5;5;0;5;1;0;6;6;0;6;1;0;4;4;0;4;1;0;6;6;0;6;1;0;3;3;0;3;1;0;7;7;0;7;1;0;4;4;0;4;1;0;7;7;0;7;1;0;4;4;0;4;1;0;3;2;1;3;0.666666667;0.333333333;4;4;0;4;1;0;1;1;0;1;1;0;5;5;0;5;1;0;2;2;0;2;1;0;NULL;NULL;NULL;NULL;NULL;NULL;6;6;0;6;1;0;5;4;1;5;0.8;0.2;7;7;0;7;1;0;NULL;NULL;NULL;NULL;NULL;NULL;8;7;1;8;875;125;38;3;0;38;0.078947368;0;34;5;0;34;0.147058824;0;NULL;NULL;NULL;NULL;NULL;NULL;21;2;2;21;0.095238095;0.095238095;NULL;NULL;NULL;NULL;NULL;NULL;NULL;NULL;NULL;NULL;NULL;NULL;No
Female;Yes;No;9;8;8;0;8;1;0;7;7;0;7;1;0;7;7;0;7;1;0;3;3;0;3;1;0;4;0;4;4;0;1;3;1;2;3;0.333333333;0.666666667;5;5;0;5;1;0;1;1;0;1;1;0;2;2;0;2;1;0;7;7;0;7;1;0;3;3;0;3;1;0;2;1;1;2;0.5;0.5;4;4;0;4;1;0;7;7;0;7;1;0;3;3;0;3;1;0;3;3;0;3;1;0;5;4;1;5;0.8;0.2;1;1;0;1;1;0;5;4;1;5;0.8;0.2;1;1;0;1;1;0;NULL;NULL;NULL;NULL;NULL;NULL;3;2;1;3;0.666666667;0.333333333;3;2;1;3;0.666666667;0.333333333;5;4;1;5;0.8;0.2;NULL;NULL;NULL;NULL;NULL;NULL;5;2;3;5;0.4;0.6;10;0;1;10;0;0.1;12;2;0;12;0.166666667;0;NULL;NULL;NULL;NULL;NULL;NULL;21;2;2;21;0.095238095;0.095238095;NULL;NULL;NULL;NULL;NULL;NULL;NULL;NULL;NULL;NULL;NULL;NULL;No
Male;No;No;9;6;6;0;6;1;0;6;6;0;6;1;0;5;5;0;5;1;0;2;2;0;2;1;0;5;5;0;5;1;0;3;2;1;3;0.666666667;0.333333333;5;5;0;5;1;0;5;4;1;5;0.8;0.2;3;3;0;3;1;0;5;5;0;5;1;0;4;4;0;4;1;0;6;5;1;6;0.833333333;0.166666667;4;4;0;4;1;0;7;7;0;7;1;0;4;4;0;4;1;0;3;3;0;3;1;0;5;5;0;5;1;0;4;1;3;4;0.25;0.75;3;2;1;3;0.666666667;0.333333333;2;0;2;2;0;1;NULL;NULL;NULL;NULL;NULL;NULL;4;2;2;4;0.5;0.5;5;4;1;5;0.8;0.2;3;3;0;3;1;0;NULL;NULL;NULL;NULL;NULL;NULL;5;2;3;5;0.4;0.6;22;1;1;22;0.045454545;0.045454545;26;3;1;26;0.115384615;0.038461538;NULL;NULL;NULL;NULL;NULL;NULL;21;0;4;21;0;0.19047619;NULL;NULL;NULL;NULL;NULL;NULL;NULL;NULL;NULL;NULL;NULL;NULL;No
Female;No;Yes;9;5;5;0;5;1;0;2;2;0;2;1;0;4;4;0;4;1;0;1;1;0;1;1;0;4;4;0;4;1;0;3;3;0;3;1;0;2;2;0;2;1;0;4;1;3;4;0.25;0.75;2;1;1;2;0.5;0.5;4;4;0;4;1;0;1;1;0;1;1;0;4;4;0;4;1;0;4;3;1;4;0.75;0.25;5;5;0;5;1;0;1;1;0;1;1;0;3;3;0;3;1;0;4;4;0;4;1;0;5;5;0;5;1;0;6;3;3;6;0.5;0.5;5;1;4;5;0.2;0.8;NULL;NULL;NULL;NULL;NULL;NULL;4;2;2;4;0.5;0.5;6;3;3;6;0.5;0.5;2;2;0;2;1;0;NULL;NULL;NULL;NULL;NULL;NULL;5;4;1;5;0.8;0.2;18;2;0;18;0.111111111;0;12;2;0;12;0.166666667;0;NULL;NULL;NULL;NULL;NULL;NULL;21;1;3;21;0.047619048;0.142857143;NULL;NULL;NULL;NULL;NULL;NULL;NULL;NULL;NULL;NULL;NULL;NULL;No
Female;Yes;No;9;7;7;0;7;1;0;6;5;1;6;0.833333333;0.166666667;4;4;0;4;1;0;6;1;5;6;0.166666667;0.833333333;8;7;1;8;875;125;3;2;1;3;0.666666667;0.333333333;7;5;2;7;0.714285714;0.285714286;2;2;0;2;1;0;4;3;1;4;0.75;0.25;4;4;0;4;1;0;3;2;1;3;0.666666667;0.333333333;4;1;3;4;0.25;0.75;3;2;1;3;0.666666667;0.333333333;8;8;0;8;1;0;7;4;3;7;0.571428571;0.428571429;5;4;1;5;0.8;0.2;5;4;1;5;0.8;0.2;3;3;0;3;1;0;3;1;2;3;0.333333333;0.666666667;2;0;2;2;0;1;NULL;NULL;NULL;NULL;NULL;NULL;8;5;3;8;625;375;8;4;4;8;0.5;0.5;5;4;1;5;0.8;0.2;NULL;NULL;NULL;NULL;NULL;NULL;11;6;5;11;0.545454545;0.454545455;42;1;3;42;0.023809524;0.071428571;36;1;4;36;0.027777778;0.111111111;NULL;NULL;NULL;NULL;NULL;NULL;21;0;4;21;0;0.19047619;NULL;NULL;NULL;NULL;NULL;NULL;NULL;NULL;NULL;NULL;NULL;NULL;No
Female;No;No;9;7;7;0;7;1;0;4;4;0;4;1;0;5;5;0;5;1;0;3;2;1;3;0.666666667;0.333333333;5;5;0;5;1;0;4;3;1;4;0.75;0.25;5;4;1;5;0.8;0.2;3;3;0;3;1;0;3;1;2;3;0.333333333;0.666666667;8;6;2;8;0.75;0.25;4;3;1;4;0.75;0.25;4;4;0;4;1;0;4;2;2;4;0.5;0.5;5;5;0;5;1;0;3;3;0;3;1;0;4;4;0;4;1;0;4;3;1;4;0.75;0.25;2;1;1;2;0.5;0.5;4;1;3;4;0.25;0.75;3;1;2;3;0.333333333;0.666666667;NULL;NULL;NULL;NULL;NULL;NULL;4;1;3;4;0.25;0.75;5;2;3;5;0.4;0.6;5;5;0;5;1;0;NULL;NULL;NULL;NULL;NULL;NULL;2;2;0;2;1;0;26;1;1;26;0.038461538;0.038461538;18;2;1;18;0.111111111;0.055555556;NULL;NULL;NULL;NULL;NULL;NULL;21;0;4;21;0;0.19047619;NULL;NULL;NULL;NULL;NULL;NULL;NULL;NULL;NULL;NULL;NULL;NULL;No
Male;Yes;No;9;1;1;0;1;1;0;30;5;25;30;0.166666667;0.833333333;30;2;28;30;0.066666667;0.933333333;4;4;0;4;1;0;2;0;2;2;0;1;2;0;2;2;0;1;4;4;0;4;1;0;5;4;1;5;0.8;0.2;4;3;1;4;0.75;0.25;6;4;2;6;0.666666667;0.333333333;2;1;1;2;0.5;0.5;2;2;0;2;1;0;4;3;1;4;0.75;0.25;8;8;0;8;1;0;3;3;0;3;1;0;5;5;0;5;1;0;3;3;0;3;1;0;5;4;1;5;0.8;0.2;5;2;3;5;0.4;0.6;3;0;3;3;0;1;NULL;NULL;NULL;NULL;NULL;NULL;5;4;1;5;0.8;0.2;7;6;1;7;0.857142857;0.142857143;3;2;1;3;0.666666667;0.333333333;NULL;NULL;NULL;NULL;NULL;NULL;10;3;7;10;0.3;0.7;2;0;0;2;0;0;6;0;1;6;0;0.166666667;NULL;NULL;NULL;NULL;NULL;NULL;21;1;3;21;0.047619048;0.142857143;NULL;NULL;NULL;NULL;NULL;NULL;NULL;NULL;NULL;NULL;NULL;NULL;No
Male;No;Yes;9;2;0;2;2;0;1;2;0;2;2;0;1;4;4;0;4;1;0;3;3;0;3;1;0;4;4;0;4;1;0;3;2;1;3;0.666666667;0.333333333;5;5;0;5;1;0;3;3;0;3;1;0;3;0;3;3;0;1;6;6;0;6;1;0;2;0;2;2;0;1;3;1;2;3;0.333333333;0.666666667;4;3;1;4;0.75;0.25;5;5;0;5;1;0;3;1;2;3;0.333333333;0.666666667;6;4;2;6;0.666666667;0.333333333;6;4;2;6;0.666666667;0.333333333;4;1;3;4;0.25;0.75;4;3;1;4;0.75;0.25;7;0;7;7;0;1;NULL;NULL;NULL;NULL;NULL;NULL;7;4;3;7;0.571428571;0.428571429;6;3;3;6;0.5;0.5;7;1;6;7;0.142857143;0.857142857;NULL;NULL;NULL;NULL;NULL;NULL;9;8;1;9;0.888888889;0.111111111;18;1;1;18;0.055555556;0.055555556;18;2;1;18;0.111111111;0.055555556;NULL;NULL;NULL;NULL;NULL;NULL;21;1;3;21;0.047619048;0.142857143;NULL;NULL;NULL;NULL;NULL;NULL;NULL;NULL;NULL;NULL;NULL;NULL;No
Male;No;No;9;3;3;0;3;1;0;5;5;0;5;1;0;4;4;0;4;1;0;2;2;0;2;1;0;3;3;0;3;1;0;1;0;1;1;0;1;2;2;0;2;1;0;4;4;0;4;1;0;1;1;0;1;1;0;2;0;2;2;0;1;4;4;0;4;1;0;5;5;0;5;1;0;6;2;4;6;0.333333333;0.666666667;6;6;0;6;1;0;5;5;0;5;1;0;4;3;1;4;0.75;0.25;3;3;0;3;1;0;2;2;0;2;1;0;1;0;1;1;0;1;5;2;3;5;0.4;0.6;NULL;NULL;NULL;NULL;NULL;NULL;7;3;4;7;0.428571429;0.571428571;6;3;3;6;0.5;0.5;4;3;1;4;0.75;0.25;NULL;NULL;NULL;NULL;NULL;NULL;3;2;1;3;0.666666667;0.333333333;2;0;0;2;0;0;12;1;1;12;0.083333333;0.083333333;NULL;NULL;NULL;NULL;NULL;NULL;17;2;1;17;0.117647059;0.058823529;NULL;NULL;NULL;NULL;NULL;NULL;NULL;NULL;NULL;NULL;NULL;NULL;No
Male;No;No;9;7;7;0;7;1;0;6;6;0;6;1;0;5;5;0;5;1;0;5;0;5;5;0;1;3;3;0;3;1;0;4;4;0;4;1;0;4;4;0;4;1;0;3;3;0;3;1;0;1;0;1;1;0;1;6;6;0;6;1;0;5;4;1;5;0.8;0.2;5;5;0;5;1;0;4;4;0;4;1;0;5;5;0;5;1;0;4;4;0;4;1;0;4;4;0;4;1;0;5;5;0;5;1;0;4;4;0;4;1;0;3;1;2;3;0.333333333;0.666666667;3;1;2;3;0.333333333;0.666666667;NULL;NULL;NULL;NULL;NULL;NULL;3;3;0;3;1;0;5;5;0;5;1;0;5;5;0;5;1;0;NULL;NULL;NULL;NULL;NULL;NULL;7;7;0;7;1;0;10;1;0;10;0.1;0;18;3;0;18;0.166666667;0;NULL;NULL;NULL;NULL;NULL;NULL;19;1;2;19;0.052631579;0.105263158;NULL;NULL;NULL;NULL;NULL;NULL;NULL;NULL;NULL;NULL;NULL;NULL;No
Male;Yes;No;9;7;7;0;7;1;0;6;6;0;6;1;0;5;5;0;5;1;0;3;3;0;3;1;0;5;5;0;5;1;0;2;2;0;2;1;0;4;4;0;4;1;0;5;5;0;5;1;0;4;4;0;4;1;0;5;5;0;5;1;0;4;3;1;4;0.75;0.25;5;3;2;5;0.6;0.4;6;3;3;6;0.5;0.5;8;8;0;8;1;0;3;3;0;3;1;0;3;3;0;3;1;0;3;3;0;3;1;0;6;2;4;6;0.333333333;0.666666667;4;2;2;4;0.5;0.5;2;1;1;2;0.5;0.5;NULL;NULL;NULL;NULL;NULL;NULL;3;2;1;3;0.666666667;0.333333333;3;3;0;3;1;0;5;4;1;5;0.8;0.2;NULL;NULL;NULL;NULL;NULL;NULL;2;1;1;2;0.5;0.5;26;0;2;26;0;0.076923077;20;3;0;20;0.15;0;NULL;NULL;NULL;NULL;NULL;NULL;21;0;4;21;0;0.19047619;NULL;NULL;NULL;NULL;NULL;NULL;NULL;NULL;NULL;NULL;NULL;NULL;No
Female;Yes;No;9;4;3;1;4;0.75;0.25;2;0;2;2;0;1;4;4;0;4;1;0;2;2;0;2;1;0;3;3;0;3;1;0;4;4;0;4;1;0;4;4;0;4;1;0;4;4;0;4;1;0;2;2;0;2;1;0;4;0;4;4;0;1;4;4;0;4;1;0;4;4;0;4;1;0;3;3;0;3;1;0;4;3;1;4;0.75;0.25;1;0;1;1;0;1;3;3;0;3;1;0;4;4;0;4;1;0;4;0;4;4;0;1;6;4;2;6;0.666666667;0.333333333;2;0;2;2;0;1;NULL;NULL;NULL;NULL;NULL;NULL;4;2;2;4;0.5;0.5;5;5;0;5;1;0;5;5;0;5;1;0;NULL;NULL;NULL;NULL;NULL;NULL;8;5;3;8;625;375;10;0;1;10;0;0.1;18;2;1;18;0.111111111;0.055555556;NULL;NULL;NULL;NULL;NULL;NULL;8;0;0;8;0;0;NULL;NULL;NULL;NULL;NULL;NULL;NULL;NULL;NULL;NULL;NULL;NULL;No
Male;Yes;No;9;15;4;11;15;0.266666667;0.733333333;2;0;2;2;0;1;7;7;0;7;1;0;2;2;0;2;1;0;7;7;0;7;1;0;7;0;7;7;0;1;5;5;0;5;1;0;4;3;1;4;0.75;0.25;2;2;0;2;1;0;5;5;0;5;1;0;6;4;2;6;0.666666667;0.333333333;4;4;0;4;1;0;5;1;4;5;0.2;0.8;9;9;0;9;1;0;4;2;2;4;0.5;0.5;4;4;0;4;1;0;2;2;0;2;1;0;4;3;1;4;0.75;0.25;3;2;1;3;0.666666667;0.333333333;2;2;0;2;1;0;NULL;NULL;NULL;NULL;NULL;NULL;5;3;2;5;0.6;0.4;5;5;0;5;1;0;5;4;1;5;0.8;0.2;NULL;NULL;NULL;NULL;NULL;NULL;8;3;5;8;375;625;30;3;0;30;0.1;0;10;1;0;10;0.1;0;NULL;NULL;NULL;NULL;NULL;NULL;21;1;3;21;0.047619048;0.142857143;NULL;NULL;NULL;NULL;NULL;NULL;NULL;NULL;NULL;NULL;NULL;NULL;No
Male;Yes;Yes;9;4;4;0;4;1;0;6;6;0;6;1;0;4;3;1;4;0.75;0.25;1;1;0;1;1;0;5;4;1;5;0.8;0.2;2;2;0;2;1;0;3;3;0;3;1;0;4;4;0;4;1;0;2;1;1;2;0.5;0.5;8;8;0;8;1;0;4;3;1;4;0.75;0.25;4;3;1;4;0.75;0.25;4;3;1;4;0.75;0.25;5;5;0;5;1;0;4;4;0;4;1;0;6;6;0;6;1;0;6;4;2;6;0.666666667;0.333333333;6;4;2;6;0.666666667;0.333333333;2;0;2;2;0;1;6;3;3;6;0.5;0.5;NULL;NULL;NULL;NULL;NULL;NULL;7;3;4;7;0.428571429;0.571428571;6;6;0;6;1;0;3;2;1;3;0.666666667;0.333333333;NULL;NULL;NULL;NULL;NULL;NULL;12;7;5;12;0.583333333;0.416666667;30;2;1;30;0.066666667;0.033333333;26;1;3;26;0.038461538;0.115384615;NULL;NULL;NULL;NULL;NULL;NULL;21;0;4;21;0;0.19047619;NULL;NULL;NULL;NULL;NULL;NULL;NULL;NULL;NULL;NULL;NULL;NULL;No
Female;No;No;9;5;5;0;5;1;0;8;7;1;8;875;125;5;5;0;5;1;0;3;3;0;3;1;0;2;0;2;2;0;1;4;4;0;4;1;0;2;0;2;2;0;1;3;3;0;3;1;0;2;2;0;2;1;0;2;2;0;2;1;0;6;0;6;6;0;1;3;3;0;3;1;0;6;1;5;6;0.166666667;0.833333333;6;6;0;6;1;0;4;4;0;4;1;0;5;5;0;5;1;0;6;2;4;6;0.333333333;0.666666667;3;3;0;3;1;0;4;3;1;4;0.75;0.25;5;3;2;5;0.6;0.4;NULL;NULL;NULL;NULL;NULL;NULL;6;4;2;6;0.666666667;0.333333333;6;4;2;6;0.666666667;0.333333333;2;2;0;2;1;0;NULL;NULL;NULL;NULL;NULL;NULL;7;6;1;7;0.857142857;0.142857143;34;2;1;34;0.058823529;0.029411765;28;3;1;28;0.107142857;0.035714286;NULL;NULL;NULL;NULL;NULL;NULL;21;2;2;21;0.095238095;0.095238095;NULL;NULL;NULL;NULL;NULL;NULL;NULL;NULL;NULL;NULL;NULL;NULL;No
Male;No;No;9;3;3;0;3;1;0;6;6;0;6;1;0;5;5;0;5;1;0;4;4;0;4;1;0;3;2;1;3;0.666666667;0.333333333;4;0;4;4;0;1;3;3;0;3;1;0;4;4;0;4;1;0;3;1;2;3;0.333333333;0.666666667;5;4;1;5;0.8;0.2;4;3;1;4;0.75;0.25;4;4;0;4;1;0;5;4;1;5;0.8;0.2;6;6;0;6;1;0;4;4;0;4;1;0;3;3;0;3;1;0;2;2;0;2;1;0;4;2;2;4;0.5;0.5;4;1;3;4;0.25;0.75;4;0;4;4;0;1;NULL;NULL;NULL;NULL;NULL;NULL;6;5;1;6;0.833333333;0.166666667;7;6;1;7;0.857142857;0.142857143;5;4;1;5;0.8;0.2;NULL;NULL;NULL;NULL;NULL;NULL;12;11;1;12;0.916666667;0.083333333;24;1;1;24;0.041666667;0.041666667;26;3;1;26;0.115384615;0.038461538;NULL;NULL;NULL;NULL;NULL;NULL;21;1;3;21;0.047619048;0.142857143;NULL;NULL;NULL;NULL;NULL;NULL;NULL;NULL;NULL;NULL;NULL;NULL;No
Female;Yes;No;9;4;4;0;4;1;0;7;7;0;7;1;0;5;5;0;5;1;0;3;3;0;3;1;0;4;4;0;4;1;0;5;1;4;5;0.2;0.8;2;2;0;2;1;0;5;3;2;5;0.6;0.4;3;2;1;3;0.666666667;0.333333333;5;5;0;5;1;0;5;4;1;5;0.8;0.2;5;3;2;5;0.6;0.4;5;2;3;5;0.4;0.6;5;5;0;5;1;0;3;3;0;3;1;0;4;4;0;4;1;0;3;3;0;3;1;0;5;0;5;5;0;1;4;3;1;4;0.75;0.25;4;0;4;4;0;1;NULL;NULL;NULL;NULL;NULL;NULL;4;2;2;4;0.5;0.5;3;1;2;3;0.333333333;0.666666667;4;2;2;4;0.5;0.5;NULL;NULL;NULL;NULL;NULL;NULL;5;2;3;5;0.4;0.6;14;0;1;14;0;0.071428571;26;4;0;26;0.153846154;0;NULL;NULL;NULL;NULL;NULL;NULL;21;0;4;21;0;0.19047619;NULL;NULL;NULL;NULL;NULL;NULL;NULL;NULL;NULL;NULL;NULL;NULL;No
Male;No;No;9;7;7;0;7;1;0;8;8;0;8;1;0;7;7;0;7;1;0;2;2;0;2;1;0;6;6;0;6;1;0;1;1;0;1;1;0;5;5;0;5;1;0;4;4;0;4;1;0;4;3;1;4;0.75;0.25;8;8;0;8;1;0;3;3;0;3;1;0;3;2;1;3;0.666666667;0.333333333;4;4;0;4;1;0;6;5;1;6;0.833333333;0.166666667;1;0;1;1;0;1;3;2;1;3;0.666666667;0.333333333;4;4;0;4;1;0;5;5;0;5;1;0;6;1;5;6;0.166666667;0.833333333;5;0;5;5;0;1;NULL;NULL;NULL;NULL;NULL;NULL;6;5;1;6;0.833333333;0.166666667;8;1;7;8;125;875;6;5;1;6;0.833333333;0.166666667;NULL;NULL;NULL;NULL;NULL;NULL;5;0;5;5;0;1;26;1;1;26;0.038461538;0.038461538;34;1;4;34;0.029411765;0.117647059;NULL;NULL;NULL;NULL;NULL;NULL;19;0;3;19;0;0.157894737;NULL;NULL;NULL;NULL;NULL;NULL;NULL;NULL;NULL;NULL;NULL;NULL;No
Male;Yes;No;9;7;7;0;7;1;0;5;5;0;5;1;0;5;5;0;5;1;0;5;5;0;5;1;0;4;4;0;4;1;0;4;4;0;4;1;0;5;5;0;5;1;0;3;3;0;3;1;0;3;2;1;3;0.666666667;0.333333333;6;6;0;6;1;0;4;4;0;4;1;0;3;3;0;3;1;0;4;2;2;4;0.5;0.5;4;4;0;4;1;0;2;2;0;2;1;0;4;4;0;4;1;0;5;5;0;5;1;0;1;1;0;1;1;0;1;1;0;1;1;0;1;0;1;1;0;1;NULL;NULL;NULL;NULL;NULL;NULL;3;3;0;3;1;0;3;2;1;3;0.666666667;0.333333333;2;2;0;2;1;0;NULL;NULL;NULL;NULL;NULL;NULL;4;2;2;4;0.5;0.5;4;0;0;4;0;0;16;2;0;16;125;0;NULL;NULL;NULL;NULL;NULL;NULL;21;0;4;21;0;0.19047619;NULL;NULL;NULL;NULL;NULL;NULL;NULL;NULL;NULL;NULL;NULL;NULL;No
Female;Yes;No;9;10;9;1;10;0.9;0.1;8;8;0;8;1;0;6;6;0;6;1;0;1;1;0;1;1;0;2;0;2;2;0;1;3;2;1;3;0.666666667;0.333333333;6;6;0;6;1;0;2;2;0;2;1;0;2;2;0;2;1;0;9;5;4;9;0.555555556;0.444444444;8;0;8;8;0;1;7;5;2;7;0.714285714;0.285714286;6;4;2;6;0.666666667;0.333333333;7;7;0;7;1;0;4;4;0;4;1;0;5;3;2;5;0.6;0.4;3;2;1;3;0.666666667;0.333333333;7;2;5;7;0.285714286;0.714285714;8;4;4;8;0.5;0.5;5;1;4;5;0.2;0.8;NULL;NULL;NULL;NULL;NULL;NULL;4;3;1;4;0.75;0.25;7;4;3;7;0.571428571;0.428571429;4;4;0;4;1;0;NULL;NULL;NULL;NULL;NULL;NULL;12;5;7;12;0.416666667;0.583333333;52;3;2;52;0.057692308;0.038461538;32;2;3;32;0.0625;0.09375;NULL;NULL;NULL;NULL;NULL;NULL;22;0;4;22;0;0.181818182;NULL;NULL;NULL;NULL;NULL;NULL;NULL;NULL;NULL;NULL;NULL;NULL;No
Female;Yes;No;9;11;2;9;11;0.181818182;0.818181818;18;4;14;18;0.222222222;0.777777778;7;7;0;7;1;0;5;3;2;5;0.6;0.4;25;4;21;25;0.16;0.84;6;3;3;6;0.5;0.5;20;4;16;20;0.2;0.8;8;1;7;8;125;875;7;1;6;7;0.142857143;0.857142857;9;7;2;9;0.777777778;0.222222222;33;5;28;33;0.151515152;0.848484848;37;1;36;37;0.027027027;0.972972973;3;3;0;3;1;0;8;6;2;8;0.75;0.25;9;7;2;9;0.777777778;0.222222222;8;2;6;8;0.25;0.75;22;1;21;22;0.045454545;0.954545455;5;1;4;5;0.2;0.8;5;3;2;5;0.6;0.4;6;1;5;6;0.166666667;0.833333333;NULL;NULL;NULL;NULL;NULL;NULL;8;2;6;8;0.25;0.75;17;5;12;17;0.294117647;0.705882353;63;15;48;63;0.238095238;0.761904762;NULL;NULL;NULL;NULL;NULL;NULL;150;17;133;150;0.113333333;0.886666667;105;2;7;105;0.019047619;0.066666667;129;1;16;129;0.007751938;0.124031008;NULL;NULL;NULL;NULL;NULL;NULL;21;1;3;21;0.047619048;0.142857143;NULL;NULL;NULL;NULL;NULL;NULL;NULL;NULL;NULL;NULL;NULL;NULL;No
Male;Yes;No;9;5;5;0;5;1;0;8;8;0;8;1;0;5;5;0;5;1;0;2;2;0;2;1;0;3;3;0;3;1;0;3;2;1;3;0.666666667;0.333333333;3;2;1;3;0.666666667;0.333333333;5;4;1;5;0.8;0.2;1;1;0;1;1;0;6;6;0;6;1;0;1;1;0;1;1;0;4;4;0;4;1;0;4;3;1;4;0.75;0.25;5;5;0;5;1;0;3;3;0;3;1;0;3;3;0;3;1;0;2;2;0;2;1;0;2;0;2;2;0;1;3;2;1;3;0.666666667;0.333333333;2;1;1;2;0.5;0.5;NULL;NULL;NULL;NULL;NULL;NULL;3;3;0;3;1;0;4;3;1;4;0.75;0.25;3;3;0;3;1;0;NULL;NULL;NULL;NULL;NULL;NULL;4;2;2;4;0.5;0.5;18;2;0;18;0.111111111;0;12;2;0;12;0.166666667;0;NULL;NULL;NULL;NULL;NULL;NULL;12;1;0;12;0.083333333;0;NULL;NULL;NULL;NULL;NULL;NULL;NULL;NULL;NULL;NULL;NULL;NULL;No
Female;Yes;No;9;13;13;0;13;1;0;10;10;0;10;1;0;7;7;0;7;1;0;8;0;8;8;0;1;7;7;0;7;1;0;7;5;2;7;0.714285714;0.285714286;5;4;1;5;0.8;0.2;5;5;0;5;1;0;4;3;1;4;0.75;0.25;7;6;1;7;0.857142857;0.142857143;8;7;1;8;875;125;7;6;1;7;0.857142857;0.142857143;5;5;0;5;1;0;9;9;0;9;1;0;6;6;0;6;1;0;6;6;0;6;1;0;7;7;0;7;1;0;5;4;1;5;0.8;0.2;7;6;1;7;0.857142857;0.142857143;10;1;9;10;0.1;0.9;NULL;NULL;NULL;NULL;NULL;NULL;5;3;2;5;0.6;0.4;9;7;2;9;0.777777778;0.222222222;6;5;1;6;0.833333333;0.166666667;NULL;NULL;NULL;NULL;NULL;NULL;8;2;6;8;0.25;0.75;58;5;0;58;0.086206897;0;46;2;4;46;0.043478261;0.086956522;NULL;NULL;NULL;NULL;NULL;NULL;21;2;2;21;0.095238095;0.095238095;NULL;NULL;NULL;NULL;NULL;NULL;NULL;NULL;NULL;NULL;NULL;NULL;No
Female;Yes;No;9;9;9;0;9;1;0;6;6;0;6;1;0;1;0;1;1;0;1;2;2;0;2;1;0;3;0;3;3;0;1;2;0;2;2;0;1;6;6;0;6;1;0;4;4;0;4;1;0;6;1;5;6;0.166666667;0.833333333;3;3;0;3;1;0;5;1;4;5;0.2;0.8;4;3;1;4;0.75;0.25;4;3;1;4;0.75;0.25;8;8;0;8;1;0;0;0;0;0;0;0;6;6;0;6;1;0;4;4;0;4;1;0;8;3;5;8;375;625;1;0;1;1;0;1;7;1;6;7;0.142857143;0.857142857;NULL;NULL;NULL;NULL;NULL;NULL;4;0;4;4;0;1;8;3;5;8;375;625;4;3;1;4;0.75;0.25;NULL;NULL;NULL;NULL;NULL;NULL;8;3;5;8;375;625;40;0;4;40;0;0.1;38;3;3;38;0.078947368;0.078947368;NULL;NULL;NULL;NULL;NULL;NULL;21;1;3;21;0.047619048;0.142857143;NULL;NULL;NULL;NULL;NULL;NULL;NULL;NULL;NULL;NULL;NULL;NULL;No
Female;Yes;No;9;9;9;0;9;1;0;7;7;0;7;1;0;8;8;0;8;1;0;0;0;0;0;0;0;2;2;0;2;1;0;4;4;0;4;1;0;3;3;0;3;1;0;7;7;0;7;1;0;3;3;0;3;1;0;7;6;1;7;0.857142857;0.142857143;2;2;0;2;1;0;2;2;0;2;1;0;2;2;0;2;1;0;8;8;0;8;1;0;6;6;0;6;1;0;4;4;0;4;1;0;5;5;0;5;1;0;3;2;1;3;0.666666667;0.333333333;3;2;1;3;0.666666667;0.333333333;3;1;2;3;0.333333333;0.666666667;NULL;NULL;NULL;NULL;NULL;NULL;6;5;1;6;0.833333333;0.166666667;5;5;0;5;1;0;2;2;0;2;1;0;NULL;NULL;NULL;NULL;NULL;NULL;10;7;3;10;0.7;0.3;32;2;1;32;0.0625;0.03125;26;4;0;26;0.153846154;0;NULL;NULL;NULL;NULL;NULL;NULL;21;1;3;21;0.047619048;0.142857143;NULL;NULL;NULL;NULL;NULL;NULL;NULL;NULL;NULL;NULL;NULL;NULL;No
Male;Yes;No;9;6;6;0;6;1;0;6;6;0;6;1;0;6;6;0;6;1;0;4;4;0;4;1;0;5;3;2;5;0.6;0.4;4;2;2;4;0.5;0.5;4;4;0;4;1;0;3;1;2;3;0.333333333;0.666666667;2;0;2;2;0;1;6;1;5;6;0.166666667;0.833333333;3;0;3;3;0;1;4;4;0;4;1;0;5;3;2;5;0.6;0.4;4;4;0;4;1;0;4;4;0;4;1;0;4;4;0;4;1;0;3;3;0;3;1;0;2;2;0;2;1;0;2;2;0;2;1;0;3;2;1;3;0.666666667;0.333333333;NULL;NULL;NULL;NULL;NULL;NULL;3;2;1;3;0.666666667;0.333333333;5;4;1;5;0.8;0.2;2;2;0;2;1;0;NULL;NULL;NULL;NULL;NULL;NULL;8;4;4;8;0.5;0.5;18;1;1;18;0.055555556;0.055555556;12;2;0;12;0.166666667;0;NULL;NULL;NULL;NULL;NULL;NULL;21;0;4;21;0;0.19047619;NULL;NULL;NULL;NULL;NULL;NULL;NULL;NULL;NULL;NULL;NULL;NULL;No
Female;Yes;No;9;3;2;1;3;0.666666667;0.333333333;8;8;0;8;1;0;7;7;0;7;1;0;3;3;0;3;1;0;4;4;0;4;1;0;5;4;1;5;0.8;0.2;5;5;0;5;1;0;4;3;1;4;0.75;0.25;2;1;1;2;0.5;0.5;8;7;1;8;875;125;4;1;3;4;0.25;0.75;4;4;0;4;1;0;4;3;1;4;0.75;0.25;8;8;0;8;1;0;5;5;0;5;1;0;4;4;0;4;1;0;4;4;0;4;1;0;5;2;3;5;0.4;0.6;3;2;1;3;0.666666667;0.333333333;24;2;22;24;0.083333333;0.916666667;NULL;NULL;NULL;NULL;NULL;NULL;4;2;2;4;0.5;0.5;16;5;11;16;0.3125;0.6875;4;4;0;4;1;0;NULL;NULL;NULL;NULL;NULL;NULL;8;5;3;8;625;375;40;1;3;40;25;75;46;2;5;46;0.043478261;0.108695652;NULL;NULL;NULL;NULL;NULL;NULL;21;2;2;21;0.095238095;0.095238095;NULL;NULL;NULL;NULL;NULL;NULL;NULL;NULL;NULL;NULL;NULL;NULL;No
Female;Yes;No;9;10;10;0;10;1;0;8;8;0;8;1;0;7;7;0;7;1;0;6;6;0;6;1;0;4;4;0;4;1;0;5;4;1;5;0.8;0.2;3;2;1;3;0.666666667;0.333333333;4;4;0;4;1;0;2;2;0;2;1;0;7;7;0;7;1;0;5;5;0;5;1;0;3;3;0;3;1;0;5;5;0;5;1;0;12;12;0;12;1;0;4;3;1;4;0.75;0.25;5;5;0;5;1;0;6;6;0;6;1;0;5;4;1;5;0.8;0.2;6;5;1;6;0.833333333;0.166666667;3;1;2;3;0.333333333;0.666666667;NULL;NULL;NULL;NULL;NULL;NULL;6;5;1;6;0.833333333;0.166666667;9;9;0;9;1;0;4;4;0;4;1;0;NULL;NULL;NULL;NULL;NULL;NULL;13;9;4;13;0.692307692;0.307692308;30;2;1;30;0.066666667;0.033333333;38;6;0;38;0.157894737;0;NULL;NULL;NULL;NULL;NULL;NULL;21;2;2;21;0.095238095;0.095238095;NULL;NULL;NULL;NULL;NULL;NULL;NULL;NULL;NULL;NULL;NULL;NULL;No
Male;Yes;No;9;10;9;1;10;0.9;0.1;1;1;0;1;1;0;7;7;0;7;1;0;2;2;0;2;1;0;3;3;0;3;1;0;4;3;1;4;0.75;0.25;5;5;0;5;1;0;4;4;0;4;1;0;1;1;0;1;1;0;5;5;0;5;1;0;6;5;1;6;0.833333333;0.166666667;5;5;0;5;1;0;3;3;0;3;1;0;9;9;0;9;1;0;4;4;0;4;1;0;4;4;0;4;1;0;6;6;0;6;1;0;5;3;2;5;0.6;0.4;7;4;3;7;0.571428571;0.428571429;4;0;4;4;0;1;NULL;NULL;NULL;NULL;NULL;NULL;5;2;3;5;0.4;0.6;8;5;3;8;625;375;63;17;46;63;0.26984127;0.73015873;NULL;NULL;NULL;NULL;NULL;NULL;11;7;4;11;0.636363636;0.363636364;48;3;1;48;0.0625;0.020833333;34;3;2;34;0.088235294;0.058823529;NULL;NULL;NULL;NULL;NULL;NULL;21;2;2;21;0.095238095;0.095238095;NULL;NULL;NULL;NULL;NULL;NULL;NULL;NULL;NULL;NULL;NULL;NULL;No
Male;Yes;No;9;6;6;0;6;1;0;6;6;0;6;1;0;7;7;0;7;1;0;4;4;0;4;1;0;8;8;0;8;1;0;3;3;0;3;1;0;6;6;0;6;1;0;5;5;0;5;1;0;3;3;0;3;1;0;6;5;1;6;0.833333333;0.166666667;4;4;0;4;1;0;4;3;1;4;0.75;0.25;7;6;1;7;0.857142857;0.142857143;8;8;0;8;1;0;5;5;0;5;1;0;6;6;0;6;1;0;5;4;1;5;0.8;0.2;4;4;0;4;1;0;5;3;2;5;0.6;0.4;2;0;2;2;0;1;NULL;NULL;NULL;NULL;NULL;NULL;6;4;2;6;0.666666667;0.333333333;8;6;2;8;0.75;0.25;6;6;0;6;1;0;NULL;NULL;NULL;NULL;NULL;NULL;12;8;4;12;0.666666667;0.333333333;30;0;3;30;0;0.1;54;2;6;54;0.037037037;0.111111111;NULL;NULL;NULL;NULL;NULL;NULL;21;0;4;21;0;0.19047619;NULL;NULL;NULL;NULL;NULL;NULL;NULL;NULL;NULL;NULL;NULL;NULL;No
Female;Yes;No;9;10;10;0;10;1;0;8;8;0;8;1;0;3;3;0;3;1;0;1;0;1;1;0;1;3;3;0;3;1;0;4;1;3;4;0.25;0.75;0;0;0;0;0;0;7;5;2;7;0.714285714;0.285714286;7;0;7;7;0;1;5;5;0;5;1;0;3;2;1;3;0.666666667;0.333333333;3;3;0;3;1;0;0;0;0;0;0;0;7;5;2;7;0.714285714;0.285714286;4;3;1;4;0.75;0.25;0;0;0;0;0;0;1;1;0;1;1;0;1;0;1;1;0;1;38;6;32;38;0.157894737;0.842105263;0;0;0;0;0;0;NULL;NULL;NULL;NULL;NULL;NULL;10;7;3;10;0.7;0.3;18;3;15;18;0.166666667;0.833333333;26;10;16;26;0.384615385;0.615384615;NULL;NULL;NULL;NULL;NULL;NULL;8;1;7;8;125;875;74;2;5;74;0.027027027;0.067567568;42;2;4;42;0.047619048;0.095238095;NULL;NULL;NULL;NULL;NULL;NULL;15;0;3;15;0;0.2;NULL;NULL;NULL;NULL;NULL;NULL;NULL;NULL;NULL;NULL;NULL;NULL;No
Male;Yes;No;9;5;5;0;5;1;0;5;4;1;5;0.8;0.2;7;7;0;7;1;0;5;5;0;5;1;0;4;4;0;4;1;0;3;3;0;3;1;0;4;4;0;4;1;0;4;4;0;4;1;0;2;0;2;2;0;1;6;6;0;6;1;0;3;3;0;3;1;0;2;2;0;2;1;0;5;4;1;5;0.8;0.2;8;8;0;8;1;0;5;5;0;5;1;0;3;3;0;3;1;0;4;4;0;4;1;0;5;4;1;5;0.8;0.2;8;5;3;8;625;375;4;1;3;4;0.25;0.75;NULL;NULL;NULL;NULL;NULL;NULL;11;1;10;11;0.090909091;0.909090909;4;4;0;4;1;0;2;2;0;2;1;0;NULL;NULL;NULL;NULL;NULL;NULL;7;6;1;7;0.857142857;0.142857143;20;0;2;20;0;0.1;18;3;0;18;0.166666667;0;NULL;NULL;NULL;NULL;NULL;NULL;21;1;3;21;0.047619048;0.142857143;NULL;NULL;NULL;NULL;NULL;NULL;NULL;NULL;NULL;NULL;NULL;NULL;No
Female;Yes;No;9;4;1;3;4;0.25;0.75;7;0;7;7;0;1;1;1;0;1;1;0;1;0;1;1;0;1;3;0;3;3;0;1;3;0;3;3;0;1;2;0;2;2;0;1;4;0;4;4;0;1;12;1;11;12;0.083333333;0.916666667;3;1;2;3;0.333333333;0.666666667;5;1;4;5;0.2;0.8;1;0;1;1;0;1;3;1;2;3;0.333333333;0.666666667;8;8;0;8;1;0;5;5;0;5;1;0;4;4;0;4;1;0;8;8;0;8;1;0;2;0;2;2;0;1;3;2;1;3;0.666666667;0.333333333;3;0;3;3;0;1;NULL;NULL;NULL;NULL;NULL;NULL;7;4;3;7;0.571428571;0.428571429;5;4;1;5;0.8;0.2;6;6;0;6;1;0;NULL;NULL;NULL;NULL;NULL;NULL;9;7;2;9;0.777777778;0.222222222;28;1;1;28;0.035714286;0.035714286;38;3;3;38;0.078947368;0.078947368;NULL;NULL;NULL;NULL;NULL;NULL;21;1;3;21;0.047619048;0.142857143;NULL;NULL;NULL;NULL;NULL;NULL;NULL;NULL;NULL;NULL;NULL;NULL;No
Male;Yes;No;9;0;0;0;0;0;0;4;3;1;4;0.75;0.25;6;6;0;6;1;0;3;3;0;3;1;0;4;1;3;4;0.25;0.75;11;1;10;11;0.090909091;0.909090909;4;4;0;4;1;0;4;4;0;4;1;0;4;0;4;4;0;1;4;0;4;4;0;1;6;5;1;6;0.833333333;0.166666667;0;0;0;0;0;0;4;4;0;4;1;0;8;8;0;8;1;0;4;4;0;4;1;0;6;6;0;6;1;0;4;4;0;4;1;0;8;2;6;8;0.25;0.75;6;5;1;6;0.833333333;0.166666667;3;2;1;3;0.666666667;0.333333333;NULL;NULL;NULL;NULL;NULL;NULL;6;5;1;6;0.833333333;0.166666667;7;6;1;7;0.857142857;0.142857143;5;3;2;5;0.6;0.4;NULL;NULL;NULL;NULL;NULL;NULL;11;8;3;11;0.727272727;0.272727273;20;0;2;20;0;0.1;28;3;1;28;0.107142857;0.035714286;NULL;NULL;NULL;NULL;NULL;NULL;7;0;1;7;0;0.142857143;NULL;NULL;NULL;NULL;NULL;NULL;NULL;NULL;NULL;NULL;NULL;NULL;No
Female;Yes;No;9;7;7;0;7;1;0;8;8;0;8;1;0;6;5;1;6;0.833333333;0.166666667;3;3;0;3;1;0;5;5;0;5;1;0;3;0;3;3;0;1;7;7;0;7;1;0;6;1;5;6;0.166666667;0.833333333;0;0;0;0;0;0;8;3;5;8;375;625;3;3;0;3;1;0;5;4;1;5;0.8;0.2;3;2;1;3;0.666666667;0.333333333;7;6;1;7;0.857142857;0.142857143;4;3;1;4;0.75;0.25;3;3;0;3;1;0;4;4;0;4;1;0;5;1;4;5;0.2;0.8;3;1;2;3;0.333333333;0.666666667;4;1;3;4;0.25;0.75;NULL;NULL;NULL;NULL;NULL;NULL;6;5;1;6;0.833333333;0.166666667;4;1;3;4;0.25;0.75;4;1;3;4;0.25;0.75;NULL;NULL;NULL;NULL;NULL;NULL;3;3;0;3;1;0;30;2;1;30;0.066666667;0.033333333;18;3;0;18;0.166666667;0;NULL;NULL;NULL;NULL;NULL;NULL;18;0;3;18;0;0.166666667;NULL;NULL;NULL;NULL;NULL;NULL;NULL;NULL;NULL;NULL;NULL;NULL;No
Female;Yes;No;9;2;0;2;2;0;1;0;0;0;0;0;0;8;3;5;8;375;625;6;0;6;6;0;1;29;5;24;29;0.172413793;0.827586207;4;1;3;4;0.25;0.75;4;2;2;4;0.5;0.5;4;4;0;4;1;0;2;1;1;2;0.5;0.5;6;6;0;6;1;0;5;4;1;5;0.8;0.2;6;5;1;6;0.833333333;0.166666667;5;3;2;5;0.6;0.4;9;7;2;9;0.777777778;0.222222222;3;3;0;3;1;0;3;2;1;3;0.666666667;0.333333333;5;5;0;5;1;0;4;3;1;4;0.75;0.25;3;3;0;3;1;0;4;2;2;4;0.5;0.5;NULL;NULL;NULL;NULL;NULL;NULL;6;5;1;6;0.833333333;0.166666667;6;5;1;6;0.833333333;0.166666667;5;4;1;5;0.8;0.2;NULL;NULL;NULL;NULL;NULL;NULL;10;7;3;10;0.7;0.3;30;2;1;30;0.066666667;0.033333333;38;4;2;38;0.105263158;0.052631579;NULL;NULL;NULL;NULL;NULL;NULL;21;0;4;21;0;0.19047619;NULL;NULL;NULL;NULL;NULL;NULL;NULL;NULL;NULL;NULL;NULL;NULL;No
Male;Yes;No;9;10;10;0;10;1;0;5;5;0;5;1;0;6;6;0;6;1;0;7;7;0;7;1;0;6;6;0;6;1;0;2;2;0;2;1;0;5;5;0;5;1;0;3;3;0;3;1;0;3;3;0;3;1;0;7;7;0;7;1;0;2;2;0;2;1;0;3;3;0;3;1;0;4;4;0;4;1;0;6;6;0;6;1;0;6;6;0;6;1;0;5;5;0;5;1;0;4;4;0;4;1;0;3;2;1;3;0.666666667;0.333333333;7;4;3;7;0.571428571;0.428571429;2;1;1;2;0.5;0.5;NULL;NULL;NULL;NULL;NULL;NULL;3;3;0;3;1;0;7;7;0;7;1;0;6;5;1;6;0.833333333;0.166666667;NULL;NULL;NULL;NULL;NULL;NULL;11;10;1;11;0.909090909;0.090909091;30;1;2;30;0.033333333;0.066666667;32;5;0;32;0.15625;0;NULL;NULL;NULL;NULL;NULL;NULL;21;3;1;21;0.142857143;0.047619048;NULL;NULL;NULL;NULL;NULL;NULL;NULL;NULL;NULL;NULL;NULL;NULL;No
Male;Yes;No;9;0;0;0;0;0;0;2;0;2;2;0;1;20;3;17;20;0.15;0.85;12;4;8;12;0.333333333;0.666666667;2;1;1;2;0.5;0.5;4;4;0;4;1;0;7;7;0;7;1;0;4;4;0;4;1;0;2;2;0;2;1;0;7;7;0;7;1;0;7;5;2;7;0.714285714;0.285714286;3;3;0;3;1;0;4;2;2;4;0.5;0.5;8;7;1;8;875;125;6;6;0;6;1;0;4;3;1;4;0.75;0.25;5;5;0;5;1;0;36;4;32;36;0.111111111;0.888888889;45;8;37;45;0.177777778;0.822222222;49;5;44;49;0.102040816;0.897959184;NULL;NULL;NULL;NULL;NULL;NULL;80;12;68;80;0.15;0.85;95;21;74;95;0.221052632;0.778947368;54;11;43;54;0.203703704;0.796296296;NULL;NULL;NULL;NULL;NULL;NULL;42;2;40;42;0.047619048;0.952380952;122;0;10;122;0;0.081967213;28;0;4;28;0;0.142857143;NULL;NULL;NULL;NULL;NULL;NULL;16;1;2;16;0.0625;125;NULL;NULL;NULL;NULL;NULL;NULL;NULL;NULL;NULL;NULL;NULL;NULL;No
Female;Yes;No;9;12;12;0;12;1;0;10;10;0;10;1;0;8;7;1;8;875;125;3;3;0;3;1;0;6;6;0;6;1;0;1;1;0;1;1;0;0;0;0;0;0;0;5;2;3;5;0.4;0.6;2;2;0;2;1;0;5;5;0;5;1;0;22;2;20;22;0.090909091;0.909090909;36;7;29;36;0.194444444;0.805555556;43;7;36;43;0.162790698;0.837209302;8;8;0;8;1;0;9;1;8;9;0.111111111;0.888888889;18;5;13;18;0.277777778;0.722222222;27;3;24;27;0.111111111;0.888888889;46;9;37;46;0.195652174;0.804347826;49;7;42;49;0.142857143;0.857142857;54;6;48;54;0.111111111;0.888888889;NULL;NULL;NULL;NULL;NULL;NULL;56;13;43;56;0.232142857;0.767857143;83;14;69;83;0.168674699;0.831325301;55;14;41;55;0.254545455;0.745454545;NULL;NULL;NULL;NULL;NULL;NULL;38;8;30;38;0.210526316;0.789473684;74;2;5;74;0.027027027;0.067567568;28;2;2;28;0.071428571;0.071428571;NULL;NULL;NULL;NULL;NULL;NULL;21;2;2;21;0.095238095;0.095238095;NULL;NULL;NULL;NULL;NULL;NULL;NULL;NULL;NULL;NULL;NULL;NULL;No
Male;Yes;No;9;12;12;0;12;1;0;11;8;3;11;0.727272727;0.272727273;7;7;0;7;1;0;16;5;11;16;0.3125;0.6875;28;5;23;28;0.178571429;0.821428571;29;4;25;29;0.137931034;0.862068966;10;2;8;10;0.2;0.8;7;2;5;7;0.285714286;0.714285714;39;3;36;39;0.076923077;0.923076923;27;4;23;27;0.148148148;0.851851852;5;5;0;5;1;0;10;5;5;10;0.5;0.5;7;3;4;7;0.428571429;0.571428571;9;9;0;9;1;0;5;5;0;5;1;0;4;4;0;4;1;0;4;4;0;4;1;0;8;7;1;8;875;125;18;5;13;18;0.277777778;0.722222222;8;0;8;8;0;1;NULL;NULL;NULL;NULL;NULL;NULL;91;24;67;91;0.263736264;0.736263736;66;11;55;66;0.166666667;0.833333333;20;7;13;20;0.35;0.65;NULL;NULL;NULL;NULL;NULL;NULL;60;5;55;60;0.083333333;0.916666667;134;0;12;134;0;0.089552239;26;0;4;26;0;0.153846154;NULL;NULL;NULL;NULL;NULL;NULL;21;0;4;21;0;0.19047619;NULL;NULL;NULL;NULL;NULL;NULL;NULL;NULL;NULL;NULL;NULL;NULL;No
Male;Yes;No;9;10;10;0;10;1;0;9;9;0;9;1;0;8;8;0;8;1;0;3;3;0;3;1;0;5;4;1;5;0.8;0.2;2;0;2;2;0;1;1;0;1;1;0;1;3;3;0;3;1;0;3;2;1;3;0.666666667;0.333333333;4;2;2;4;0.5;0.5;7;5;2;7;0.714285714;0.285714286;5;3;2;5;0.6;0.4;6;5;1;6;0.833333333;0.166666667;9;9;0;9;1;0;6;6;0;6;1;0;6;6;0;6;1;0;6;4;2;6;0.666666667;0.333333333;7;0;7;7;0;1;7;6;1;7;0.857142857;0.142857143;5;2;3;5;0.4;0.6;NULL;NULL;NULL;NULL;NULL;NULL;5;4;1;5;0.8;0.2;6;6;0;6;1;0;4;4;0;4;1;0;NULL;NULL;NULL;NULL;NULL;NULL;6;3;3;6;0.5;0.5;32;1;2;32;0.03125;0.0625;12;1;1;12;0.083333333;0.083333333;NULL;NULL;NULL;NULL;NULL;NULL;22;1;3;22;0.045454545;0.136363636;NULL;NULL;NULL;NULL;NULL;NULL;NULL;NULL;NULL;NULL;NULL;NULL;No
Female;Yes;No;9;11;11;0;11;1;0;6;6;0;6;1;0;8;8;0;8;1;0;3;3;0;3;1;0;5;5;0;5;1;0;4;4;0;4;1;0;2;2;0;2;1;0;4;4;0;4;1;0;4;2;2;4;0.5;0.5;4;0;4;4;0;1;2;2;0;2;1;0;5;5;0;5;1;0;5;4;1;5;0.8;0.2;8;8;0;8;1;0;4;4;0;4;1;0;5;5;0;5;1;0;4;4;0;4;1;0;2;0;2;2;0;1;2;0;2;2;0;1;2;1;1;2;0.5;0.5;NULL;NULL;NULL;NULL;NULL;NULL;3;1;2;3;0.333333333;0.666666667;6;6;0;6;1;0;3;2;1;3;0.666666667;0.333333333;NULL;NULL;NULL;NULL;NULL;NULL;3;0;3;3;0;1;20;1;1;20;0.05;0.05;18;3;0;18;0.166666667;0;NULL;NULL;NULL;NULL;NULL;NULL;21;2;2;21;0.095238095;0.095238095;NULL;NULL;NULL;NULL;NULL;NULL;NULL;NULL;NULL;NULL;NULL;NULL;No
Male;Yes;No;9;9;9;0;9;1;0;10;10;0;10;1;0;8;8;0;8;1;0;6;6;0;6;1;0;6;6;0;6;1;0;4;4;0;4;1;0;6;6;0;6;1;0;8;7;1;8;875;125;6;4;2;6;0.666666667;0.333333333;8;6;2;8;0.75;0.25;7;3;4;7;0.428571429;0.571428571;5;4;1;5;0.8;0.2;7;4;3;7;0.571428571;0.428571429;9;9;0;9;1;0;6;6;0;6;1;0;8;7;1;8;875;125;6;6;0;6;1;0;8;4;4;8;0.5;0.5;5;3;2;5;0.6;0.4;14;7;7;14;0.5;0.5;NULL;NULL;NULL;NULL;NULL;NULL;7;6;1;7;0.857142857;0.142857143;10;7;3;10;0.7;0.3;11;10;1;11;0.909090909;0.090909091;NULL;NULL;NULL;NULL;NULL;NULL;10;5;5;10;0.5;0.5;64;3;3;64;0.046875;0.046875;54;5;3;54;0.092592593;0.055555556;NULL;NULL;NULL;NULL;NULL;NULL;21;4;0;21;0.19047619;0;NULL;NULL;NULL;NULL;NULL;NULL;NULL;NULL;NULL;NULL;NULL;NULL;No
Female;Yes;No;9;7;7;0;7;1;0;7;7;0;7;1;0;6;6;0;6;1;0;2;0;2;2;0;1;5;5;0;5;1;0;5;5;0;5;1;0;4;4;0;4;1;0;5;4;1;5;0.8;0.2;4;4;0;4;1;0;7;7;0;7;1;0;2;1;1;2;0.5;0.5;2;1;1;2;0.5;0.5;2;2;0;2;1;0;7;7;0;7;1;0;4;4;0;4;1;0;4;4;0;4;1;0;4;4;0;4;1;0;4;4;0;4;1;0;3;2;1;3;0.666666667;0.333333333;4;0;4;4;0;1;NULL;NULL;NULL;NULL;NULL;NULL;4;3;1;4;0.75;0.25;3;3;0;3;1;0;2;2;0;2;1;0;NULL;NULL;NULL;NULL;NULL;NULL;7;7;0;7;1;0;18;2;0;18;0.111111111;0;12;2;0;12;0.166666667;0;NULL;NULL;NULL;NULL;NULL;NULL;21;2;2;21;0.095238095;0.095238095;NULL;NULL;NULL;NULL;NULL;NULL;NULL;NULL;NULL;NULL;NULL;NULL;No
Female;Yes;No;9;9;9;0;9;1;0;8;8;0;8;1;0;4;4;0;4;1;0;1;1;0;1;1;0;3;3;0;3;1;0;0;0;0;0;0;0;0;0;0;0;0;0;3;3;0;3;1;0;3;2;1;3;0.666666667;0.333333333;4;4;0;4;1;0;3;0;3;3;0;1;2;2;0;2;1;0;4;3;1;4;0.75;0.25;7;7;0;7;1;0;4;3;1;4;0.75;0.25;5;5;0;5;1;0;4;4;0;4;1;0;4;4;0;4;1;0;4;1;3;4;0.25;0.75;4;2;2;4;0.5;0.5;NULL;NULL;NULL;NULL;NULL;NULL;8;5;3;8;625;375;5;5;0;5;1;0;4;1;3;4;0.25;0.75;NULL;NULL;NULL;NULL;NULL;NULL;9;4;5;9;0.444444444;0.555555556;40;3;1;40;75;25;26;4;0;26;0.153846154;0;NULL;NULL;NULL;NULL;NULL;NULL;21;2;2;21;0.095238095;0.095238095;NULL;NULL;NULL;NULL;NULL;NULL;NULL;NULL;NULL;NULL;NULL;NULL;No
Female;Yes;No;9;12;12;0;12;1;0;8;8;0;8;1;0;4;4;0;4;1;0;6;6;0;6;1;0;6;6;0;6;1;0;4;3;1;4;0.75;0.25;4;4;0;4;1;0;4;3;1;4;0.75;0.25;3;3;0;3;1;0;7;7;0;7;1;0;5;4;1;5;0.8;0.2;2;2;0;2;1;0;4;3;1;4;0.75;0.25;8;8;0;8;1;0;5;5;0;5;1;0;6;6;0;6;1;0;4;3;1;4;0.75;0.25;4;3;1;4;0.75;0.25;3;3;0;3;1;0;2;1;1;2;0.5;0.5;NULL;NULL;NULL;NULL;NULL;NULL;6;6;0;6;1;0;5;5;0;5;1;0;7;7;0;7;1;0;NULL;NULL;NULL;NULL;NULL;NULL;8;3;5;8;375;625;60;4;1;60;0.066666667;0.016666667;32;3;2;32;0.09375;0.0625;NULL;NULL;NULL;NULL;NULL;NULL;21;1;3;21;0.047619048;0.142857143;NULL;NULL;NULL;NULL;NULL;NULL;NULL;NULL;NULL;NULL;NULL;NULL;No
Male;Yes;No;9;11;10;1;11;0.909090909;0.090909091;6;6;0;6;1;0;7;7;0;7;1;0;3;3;0;3;1;0;5;5;0;5;1;0;7;5;2;7;0.714285714;0.285714286;2;2;0;2;1;0;5;4;1;5;0.8;0.2;4;2;2;4;0.5;0.5;6;6;0;6;1;0;4;4;0;4;1;0;4;4;0;4;1;0;4;3;1;4;0.75;0.25;9;7;2;9;0.777777778;0.222222222;6;4;2;6;0.666666667;0.333333333;6;5;1;6;0.833333333;0.166666667;5;5;0;5;1;0;32;7;25;32;0.21875;0.78125;42;4;38;42;0.095238095;0.904761905;28;3;25;28;0.107142857;0.892857143;NULL;NULL;NULL;NULL;NULL;NULL;8;5;3;8;625;375;37;5;32;37;0.135135135;0.864864865;6;6;0;6;1;0;NULL;NULL;NULL;NULL;NULL;NULL;15;11;4;15;0.733333333;0.266666667;112;3;6;112;0.026785714;0.053571429;84;0;11;84;0;0.130952381;NULL;NULL;NULL;NULL;NULL;NULL;21;3;1;21;0.142857143;0.047619048;NULL;NULL;NULL;NULL;NULL;NULL;NULL;NULL;NULL;NULL;NULL;NULL;No
Male;Yes;No;9;11;11;0;11;1;0;9;9;0;9;1;0;4;4;0;4;1;0;3;2;1;3;0.666666667;0.333333333;5;5;0;5;1;0;6;5;1;6;0.833333333;0.166666667;5;5;0;5;1;0;6;6;0;6;1;0;3;0;3;3;0;1;1;0;1;1;0;1;5;3;2;5;0.6;0.4;3;3;0;3;1;0;4;3;1;4;0.75;0.25;7;7;0;7;1;0;3;3;0;3;1;0;6;6;0;6;1;0;4;4;0;4;1;0;5;4;1;5;0.8;0.2;4;2;2;4;0.5;0.5;1;0;1;1;0;1;NULL;NULL;NULL;NULL;NULL;NULL;7;7;0;7;1;0;6;4;2;6;0.666666667;0.333333333;6;6;0;6;1;0;NULL;NULL;NULL;NULL;NULL;NULL;11;8;3;11;0.727272727;0.272727273;52;3;2;52;0.057692308;0.038461538;32;5;0;32;0.15625;0;NULL;NULL;NULL;NULL;NULL;NULL;21;2;2;21;0.095238095;0.095238095;NULL;NULL;NULL;NULL;NULL;NULL;NULL;NULL;NULL;NULL;NULL;NULL;No
Male;Yes;No;9;10;10;0;10;1;0;9;8;1;9;0.888888889;0.111111111;7;6;1;7;0.857142857;0.142857143;0;0;0;0;0;0;3;3;0;3;1;0;5;4;1;5;0.8;0.2;3;3;0;3;1;0;6;5;1;6;0.833333333;0.166666667;3;1;2;3;0.333333333;0.666666667;8;4;4;8;0.5;0.5;6;2;4;6;0.333333333;0.666666667;5;5;0;5;1;0;5;3;2;5;0.6;0.4;10;10;0;10;1;0;5;5;0;5;1;0;5;5;0;5;1;0;6;5;1;6;0.833333333;0.166666667;4;3;1;4;0.75;0.25;4;3;1;4;0.75;0.25;5;2;3;5;0.4;0.6;NULL;NULL;NULL;NULL;NULL;NULL;11;8;3;11;0.727272727;0.272727273;6;5;1;6;0.833333333;0.166666667;6;5;1;6;0.833333333;0.166666667;NULL;NULL;NULL;NULL;NULL;NULL;9;4;5;9;0.444444444;0.555555556;62;2;4;62;0.032258065;0.064516129;32;5;0;32;0.15625;0;NULL;NULL;NULL;NULL;NULL;NULL;21;3;1;21;0.142857143;0.047619048;NULL;NULL;NULL;NULL;NULL;NULL;NULL;NULL;NULL;NULL;NULL;NULL;No
Male;Yes;No;9;8;8;0;8;1;0;8;7;1;8;875;125;8;8;0;8;1;0;2;1;1;2;0.5;0.5;7;7;0;7;1;0;2;2;0;2;1;0;5;5;0;5;1;0;7;6;1;7;0.857142857;0.142857143;3;3;0;3;1;0;5;5;0;5;1;0;5;5;0;5;1;0;4;3;1;4;0.75;0.25;6;5;1;6;0.833333333;0.166666667;9;9;0;9;1;0;5;5;0;5;1;0;4;4;0;4;1;0;3;3;0;3;1;0;6;5;1;6;0.833333333;0.166666667;7;3;4;7;0.428571429;0.571428571;26;2;24;26;0.076923077;0.923076923;NULL;NULL;NULL;NULL;NULL;NULL;6;4;2;6;0.666666667;0.333333333;5;5;0;5;1;0;8;8;0;8;1;0;NULL;NULL;NULL;NULL;NULL;NULL;9;4;5;9;0.444444444;0.555555556;50;3;1;50;0.06;0.02;32;5;0;32;0.15625;0;NULL;NULL;NULL;NULL;NULL;NULL;21;2;2;21;0.095238095;0.095238095;NULL;NULL;NULL;NULL;NULL;NULL;NULL;NULL;NULL;NULL;NULL;NULL;No
Male;Yes;No;9;11;11;0;11;1;0;9;9;0;9;1;0;10;10;0;10;1;0;5;5;0;5;1;0;6;0;6;6;0;1;5;1;4;5;0.2;0.8;6;6;0;6;1;0;6;5;1;6;0.833333333;0.166666667;3;2;1;3;0.666666667;0.333333333;4;3;1;4;0.75;0.25;7;7;0;7;1;0;9;9;0;9;1;0;7;6;1;7;0.857142857;0.142857143;10;10;0;10;1;0;8;7;1;8;875;125;7;7;0;7;1;0;7;7;0;7;1;0;4;4;0;4;1;0;7;4;3;7;0.571428571;0.428571429;3;3;0;3;1;0;NULL;NULL;NULL;NULL;NULL;NULL;6;5;1;6;0.833333333;0.166666667;7;5;2;7;0.714285714;0.285714286;9;9;0;9;1;0;NULL;NULL;NULL;NULL;NULL;NULL;13;9;4;13;0.692307692;0.307692308;40;3;1;40;75;25;38;6;0;38;0.157894737;0;NULL;NULL;NULL;NULL;NULL;NULL;21;2;2;21;0.095238095;0.095238095;NULL;NULL;NULL;NULL;NULL;NULL;NULL;NULL;NULL;NULL;NULL;NULL;No
Female;Yes;No;9;7;7;0;7;1;0;7;7;0;7;1;0;6;6;0;6;1;0;2;2;0;2;1;0;4;4;0;4;1;0;5;4;1;5;0.8;0.2;6;6;0;6;1;0;4;4;0;4;1;0;2;2;0;2;1;0;8;8;0;8;1;0;5;3;2;5;0.6;0.4;5;5;0;5;1;0;4;3;1;4;0.75;0.25;8;8;0;8;1;0;0;0;0;0;0;0;4;4;0;4;1;0;2;2;0;2;1;0;4;2;2;4;0.5;0.5;4;3;1;4;0.75;0.25;4;1;3;4;0.25;0.75;NULL;NULL;NULL;NULL;NULL;NULL;3;2;1;3;0.666666667;0.333333333;4;3;1;4;0.75;0.25;4;3;1;4;0.75;0.25;NULL;NULL;NULL;NULL;NULL;NULL;4;3;1;4;0.75;0.25;30;3;0;30;0.1;0;12;1;1;12;0.083333333;0.083333333;NULL;NULL;NULL;NULL;NULL;NULL;21;1;3;21;0.047619048;0.142857143;NULL;NULL;NULL;NULL;NULL;NULL;NULL;NULL;NULL;NULL;NULL;NULL;No
Male;Yes;No;9;10;10;0;10;1;0;8;8;0;8;1;0;4;4;0;4;1;0;2;2;0;2;1;0;5;5;0;5;1;0;3;3;0;3;1;0;4;4;0;4;1;0;5;5;0;5;1;0;4;3;1;4;0.75;0.25;8;8;0;8;1;0;4;3;1;4;0.75;0.25;3;3;0;3;1;0;3;2;1;3;0.666666667;0.333333333;8;8;0;8;1;0;3;3;0;3;1;0;5;5;0;5;1;0;4;4;0;4;1;0;5;2;3;5;0.4;0.6;3;2;1;3;0.666666667;0.333333333;3;0;3;3;0;1;NULL;NULL;NULL;NULL;NULL;NULL;3;1;2;3;0.333333333;0.666666667;6;4;2;6;0.666666667;0.333333333;5;4;1;5;0.8;0.2;NULL;NULL;NULL;NULL;NULL;NULL;3;0;3;3;0;1;4;0;0;4;0;0;18;1;2;18;0.055555556;0.111111111;NULL;NULL;NULL;NULL;NULL;NULL;21;0;4;21;0;0.19047619;NULL;NULL;NULL;NULL;NULL;NULL;NULL;NULL;NULL;NULL;NULL;NULL;No
Female;Yes;No;9;9;9;0;9;1;0;0;0;0;0;0;0;6;6;0;6;1;0;1;1;0;1;1;0;4;3;1;4;0.75;0.25;4;3;1;4;0.75;0.25;7;6;1;7;0.857142857;0.142857143;3;3;0;3;1;0;3;2;1;3;0.666666667;0.333333333;8;8;0;8;1;0;6;5;1;6;0.833333333;0.166666667;7;6;1;7;0.857142857;0.142857143;4;3;1;4;0.75;0.25;10;10;0;10;1;0;0;0;0;0;0;0;4;4;0;4;1;0;7;7;0;7;1;0;4;1;3;4;0.25;0.75;5;4;1;5;0.8;0.2;3;1;2;3;0.333333333;0.666666667;NULL;NULL;NULL;NULL;NULL;NULL;3;1;2;3;0.333333333;0.666666667;7;6;1;7;0.857142857;0.142857143;3;3;0;3;1;0;NULL;NULL;NULL;NULL;NULL;NULL;4;0;4;4;0;1;40;4;0;40;0.1;0;18;2;1;18;0.111111111;0.055555556;NULL;NULL;NULL;NULL;NULL;NULL;21;2;2;21;0.095238095;0.095238095;NULL;NULL;NULL;NULL;NULL;NULL;NULL;NULL;NULL;NULL;NULL;NULL;No
Male;Yes;No;9;6;6;0;6;1;0;7;7;0;7;1;0;7;7;0;7;1;0;2;2;0;2;1;0;3;0;3;3;0;1;1;0;1;1;0;1;7;7;0;7;1;0;4;4;0;4;1;0;3;3;0;3;1;0;4;2;2;4;0.5;0.5;5;4;1;5;0.8;0.2;5;2;3;5;0.4;0.6;6;3;3;6;0.5;0.5;5;5;0;5;1;0;5;5;0;5;1;0;4;4;0;4;1;0;3;3;0;3;1;0;5;2;3;5;0.4;0.6;5;5;0;5;1;0;10;2;8;10;0.2;0.8;NULL;NULL;NULL;NULL;NULL;NULL;8;7;1;8;875;125;9;7;2;9;0.777777778;0.222222222;6;4;2;6;0.666666667;0.333333333;NULL;NULL;NULL;NULL;NULL;NULL;10;7;3;10;0.7;0.3;44;2;2;44;0.045454545;0.045454545;34;1;4;34;0.029411765;0.117647059;NULL;NULL;NULL;NULL;NULL;NULL;21;2;2;21;0.095238095;0.095238095;NULL;NULL;NULL;NULL;NULL;NULL;NULL;NULL;NULL;NULL;NULL;NULL;No
Male;Yes;No;9;9;9;0;9;1;0;8;8;0;8;1;0;6;6;0;6;1;0;4;4;0;4;1;0;5;5;0;5;1;0;5;3;2;5;0.6;0.4;4;4;0;4;1;0;4;4;0;4;1;0;2;2;0;2;1;0;9;9;0;9;1;0;4;4;0;4;1;0;4;4;0;4;1;0;4;3;1;4;0.75;0.25;6;6;0;6;1;0;5;5;0;5;1;0;6;6;0;6;1;0;1;1;0;1;1;0;3;2;1;3;0.666666667;0.333333333;3;2;1;3;0.666666667;0.333333333;6;4;2;6;0.666666667;0.333333333;NULL;NULL;NULL;NULL;NULL;NULL;5;2;3;5;0.4;0.6;7;6;1;7;0.857142857;0.142857143;3;3;0;3;1;0;NULL;NULL;NULL;NULL;NULL;NULL;6;4;2;6;0.666666667;0.333333333;40;1;3;40;25;75;18;3;0;18;0.166666667;0;NULL;NULL;NULL;NULL;NULL;NULL;21;3;1;21;0.142857143;0.047619048;NULL;NULL;NULL;NULL;NULL;NULL;NULL;NULL;NULL;NULL;NULL;NULL;No
Male;Yes;No;9;9;9;0;9;1;0;9;9;0;9;1;0;6;6;0;6;1;0;3;3;0;3;1;0;5;5;0;5;1;0;1;1;0;1;1;0;6;5;1;6;0.833333333;0.166666667;3;3;0;3;1;0;3;3;0;3;1;0;5;0;5;5;0;1;6;2;4;6;0.333333333;0.666666667;4;3;1;4;0.75;0.25;5;4;1;5;0.8;0.2;5;5;0;5;1;0;5;5;0;5;1;0;6;6;0;6;1;0;1;1;0;1;1;0;4;3;1;4;0.75;0.25;3;0;3;3;0;1;4;2;2;4;0.5;0.5;NULL;NULL;NULL;NULL;NULL;NULL;7;5;2;7;0.714285714;0.285714286;3;1;2;3;0.333333333;0.666666667;3;3;0;3;1;0;NULL;NULL;NULL;NULL;NULL;NULL;7;4;3;7;0.571428571;0.428571429;30;2;1;30;0.066666667;0.033333333;18;0;3;18;0;0.166666667;NULL;NULL;NULL;NULL;NULL;NULL;21;1;3;21;0.047619048;0.142857143;NULL;NULL;NULL;NULL;NULL;NULL;NULL;NULL;NULL;NULL;NULL;NULL;No
Male;Yes;No;9;10;9;1;10;0.9;0.1;10;10;0;10;1;0;6;6;0;6;1;0;4;4;0;4;1;0;4;4;0;4;1;0;4;4;0;4;1;0;5;5;0;5;1;0;5;3;2;5;0.6;0.4;5;3;2;5;0.6;0.4;8;8;0;8;1;0;2;1;1;2;0.5;0.5;4;4;0;4;1;0;6;4;2;6;0.666666667;0.333333333;7;6;1;7;0.857142857;0.142857143;6;6;0;6;1;0;5;5;0;5;1;0;5;1;4;5;0.2;0.8;10;4;6;10;0.4;0.6;2;1;1;2;0.5;0.5;3;2;1;3;0.666666667;0.333333333;NULL;NULL;NULL;NULL;NULL;NULL;9;8;1;9;0.888888889;0.111111111;7;6;1;7;0.857142857;0.142857143;4;4;0;4;1;0;NULL;NULL;NULL;NULL;NULL;NULL;6;6;0;6;1;0;30;1;2;30;0.033333333;0.066666667;12;0;2;12;0;0.166666667;NULL;NULL;NULL;NULL;NULL;NULL;21;0;4;21;0;0.19047619;NULL;NULL;NULL;NULL;NULL;NULL;NULL;NULL;NULL;NULL;NULL;NULL;No
Female;Yes;No;9;12;12;0;12;1;0;11;11;0;11;1;0;6;6;0;6;1;0;2;2;0;2;1;0;3;3;0;3;1;0;4;4;0;4;1;0;6;6;0;6;1;0;4;4;0;4;1;0;3;3;0;3;1;0;6;6;0;6;1;0;5;5;0;5;1;0;4;3;1;4;0.75;0.25;4;1;3;4;0.25;0.75;9;9;0;9;1;0;7;7;0;7;1;0;6;6;0;6;1;0;7;7;0;7;1;0;4;3;1;4;0.75;0.25;5;4;1;5;0.8;0.2;3;1;2;3;0.333333333;0.666666667;NULL;NULL;NULL;NULL;NULL;NULL;5;5;0;5;1;0;7;6;1;7;0.857142857;0.142857143;6;6;0;6;1;0;NULL;NULL;NULL;NULL;NULL;NULL;4;1;3;4;0.25;0.75;0;0;0;0;0;0;32;5;0;32;0.15625;0;NULL;NULL;NULL;NULL;NULL;NULL;21;2;2;21;0.095238095;0.095238095;NULL;NULL;NULL;NULL;NULL;NULL;NULL;NULL;NULL;NULL;NULL;NULL;No
Female;Yes;No;9;9;9;0;9;1;0;4;2;2;4;0.5;0.5;7;7;0;7;1;0;3;3;0;3;1;0;5;4;1;5;0.8;0.2;5;5;0;5;1;0;5;5;0;5;1;0;4;4;0;4;1;0;3;0;3;3;0;1;5;5;0;5;1;0;6;5;1;6;0.833333333;0.166666667;2;2;0;2;1;0;4;3;1;4;0.75;0.25;8;8;0;8;1;0;4;4;0;4;1;0;6;6;0;6;1;0;2;2;0;2;1;0;4;1;3;4;0.25;0.75;5;1;4;5;0.2;0.8;3;2;1;3;0.666666667;0.333333333;NULL;NULL;NULL;NULL;NULL;NULL;4;2;2;4;0.5;0.5;7;4;3;7;0.571428571;0.428571429;6;6;0;6;1;0;NULL;NULL;NULL;NULL;NULL;NULL;12;10;2;12;0.833333333;0.166666667;42;1;3;42;0.023809524;0.071428571;34;3;2;34;0.088235294;0.058823529;NULL;NULL;NULL;NULL;NULL;NULL;21;0;4;21;0;0.19047619;NULL;NULL;NULL;NULL;NULL;NULL;NULL;NULL;NULL;NULL;NULL;NULL;No
Female;Yes;No;9;1;0;1;1;0;1;8;8;0;8;1;0;7;7;0;7;1;0;7;0;7;7;0;1;6;6;0;6;1;0;7;5;2;7;0.714285714;0.285714286;5;5;0;5;1;0;5;5;0;5;1;0;4;2;2;4;0.5;0.5;7;7;0;7;1;0;4;2;2;4;0.5;0.5;5;3;2;5;0.6;0.4;4;3;1;4;0.75;0.25;9;9;0;9;1;0;7;7;0;7;1;0;5;5;0;5;1;0;5;5;0;5;1;0;4;2;2;4;0.5;0.5;8;0;8;8;0;1;7;0;7;7;0;1;NULL;NULL;NULL;NULL;NULL;NULL;6;4;2;6;0.666666667;0.333333333;14;1;13;14;0.071428571;0.928571429;5;4;1;5;0.8;0.2;NULL;NULL;NULL;NULL;NULL;NULL;10;4;6;10;0.4;0.6;40;2;2;40;0.05;0.05;50;0;7;50;0;0.14;NULL;NULL;NULL;NULL;NULL;NULL;21;0;4;21;0;0.19047619;NULL;NULL;NULL;NULL;NULL;NULL;NULL;NULL;NULL;NULL;NULL;NULL;No
Female;Yes;No;9;11;11;0;11;1;0;7;7;0;7;1;0;7;7;0;7;1;0;2;2;0;2;1;0;6;6;0;6;1;0;4;3;1;4;0.75;0.25;0;0;0;0;0;0;4;4;0;4;1;0;1;1;0;1;1;0;6;6;0;6;1;0;4;3;1;4;0.75;0.25;6;6;0;6;1;0;3;3;0;3;1;0;6;6;0;6;1;0;3;3;0;3;1;0;5;5;0;5;1;0;4;3;1;4;0.75;0.25;6;6;0;6;1;0;5;5;0;5;1;0;2;1;1;2;0.5;0.5;NULL;NULL;NULL;NULL;NULL;NULL;4;3;1;4;0.75;0.25;4;4;0;4;1;0;6;6;0;6;1;0;NULL;NULL;NULL;NULL;NULL;NULL;8;2;6;8;0.25;0.75;4;0;0;4;0;0;18;3;0;18;0.166666667;0;NULL;NULL;NULL;NULL;NULL;NULL;21;3;1;21;0.142857143;0.047619048;NULL;NULL;NULL;NULL;NULL;NULL;NULL;NULL;NULL;NULL;NULL;NULL;No
Male;Yes;No;9;9;9;0;9;1;0;8;8;0;8;1;0;6;6;0;6;1;0;2;2;0;2;1;0;4;4;0;4;1;0;4;2;2;4;0.5;0.5;3;3;0;3;1;0;4;4;0;4;1;0;2;2;0;2;1;0;7;7;0;7;1;0;7;7;0;7;1;0;4;3;1;4;0.75;0.25;2;1;1;2;0.5;0.5;8;8;0;8;1;0;1;0;1;1;0;1;7;7;0;7;1;0;5;4;1;5;0.8;0.2;3;2;1;3;0.666666667;0.333333333;3;3;0;3;1;0;3;1;2;3;0.333333333;0.666666667;NULL;NULL;NULL;NULL;NULL;NULL;5;4;1;5;0.8;0.2;4;3;1;4;0.75;0.25;4;4;0;4;1;0;NULL;NULL;NULL;NULL;NULL;NULL;9;5;4;9;0.555555556;0.444444444;189;0;16;189;0;0.084656085;24;1;2;24;0.041666667;0.083333333;NULL;NULL;NULL;NULL;NULL;NULL;21;2;2;21;0.095238095;0.095238095;NULL;NULL;NULL;NULL;NULL;NULL;NULL;NULL;NULL;NULL;NULL;NULL;No
Male;Yes;No;9;6;5;1;6;0.833333333;0.166666667;5;5;0;5;1;0;6;6;0;6;1;0;3;3;0;3;1;0;5;5;0;5;1;0;3;3;0;3;1;0;4;4;0;4;1;0;5;5;0;5;1;0;2;2;0;2;1;0;3;0;3;3;0;1;4;2;2;4;0.5;0.5;4;4;0;4;1;0;8;1;7;8;125;875;5;5;0;5;1;0;4;4;0;4;1;0;3;3;0;3;1;0;5;5;0;5;1;0;3;3;0;3;1;0;5;4;1;5;0.8;0.2;12;3;9;12;0.25;0.75;NULL;NULL;NULL;NULL;NULL;NULL;5;1;4;5;0.2;0.8;5;2;3;5;0.4;0.6;5;4;1;5;0.8;0.2;NULL;NULL;NULL;NULL;NULL;NULL;9;1;8;9;0.111111111;0.888888889;30;2;1;30;0.066666667;0.033333333;26;2;2;26;0.076923077;0.076923077;NULL;NULL;NULL;NULL;NULL;NULL;21;1;3;21;0.047619048;0.142857143;NULL;NULL;NULL;NULL;NULL;NULL;NULL;NULL;NULL;NULL;NULL;NULL;No
Male;Yes;No;9;8;8;0;8;1;0;6;6;0;6;1;0;5;5;0;5;1;0;3;1;2;3;0.333333333;0.666666667;4;4;0;4;1;0;4;3;1;4;0.75;0.25;4;4;0;4;1;0;4;3;1;4;0.75;0.25;4;0;4;4;0;1;5;5;0;5;1;0;3;2;1;3;0.666666667;0.333333333;3;3;0;3;1;0;6;5;1;6;0.833333333;0.166666667;7;7;0;7;1;0;4;4;0;4;1;0;4;4;0;4;1;0;6;6;0;6;1;0;3;2;1;3;0.666666667;0.333333333;6;3;3;6;0.5;0.5;3;1;2;3;0.333333333;0.666666667;NULL;NULL;NULL;NULL;NULL;NULL;3;3;0;3;1;0;7;6;1;7;0.857142857;0.142857143;4;3;1;4;0.75;0.25;NULL;NULL;NULL;NULL;NULL;NULL;5;4;1;5;0.8;0.2;32;0;3;32;0;0.09375;32;2;2;32;0.0625;0.0625;NULL;NULL;NULL;NULL;NULL;NULL;22;1;3;22;0.045454545;0.136363636;NULL;NULL;NULL;NULL;NULL;NULL;NULL;NULL;NULL;NULL;NULL;NULL;No
Female;Yes;No;9;3;2;1;3;0.666666667;0.333333333;5;5;0;5;1;0;8;8;0;8;1;0;3;3;0;3;1;0;4;4;0;4;1;0;3;0;3;3;0;1;2;2;0;2;1;0;3;1;2;3;0.333333333;0.666666667;3;2;1;3;0.666666667;0.333333333;4;4;0;4;1;0;5;5;0;5;1;0;4;4;0;4;1;0;3;2;1;3;0.666666667;0.333333333;6;6;0;6;1;0;5;5;0;5;1;0;6;6;0;6;1;0;6;6;0;6;1;0;1;0;1;1;0;1;5;4;1;5;0.8;0.2;4;2;2;4;0.5;0.5;NULL;NULL;NULL;NULL;NULL;NULL;4;3;1;4;0.75;0.25;6;4;2;6;0.666666667;0.333333333;4;3;1;4;0.75;0.25;NULL;NULL;NULL;NULL;NULL;NULL;10;7;3;10;0.7;0.3;40;2;2;40;0.05;0.05;32;2;3;32;0.0625;0.09375;NULL;NULL;NULL;NULL;NULL;NULL;21;0;4;21;0;0.19047619;NULL;NULL;NULL;NULL;NULL;NULL;NULL;NULL;NULL;NULL;NULL;NULL;No
Female;Yes;No;9;10;10;0;10;1;0;8;8;0;8;1;0;5;5;0;5;1;0;3;3;0;3;1;0;5;5;0;5;1;0;4;4;0;4;1;0;4;4;0;4;1;0;5;4;1;5;0.8;0.2;1;1;0;1;1;0;1;0;1;1;0;1;4;4;0;4;1;0;5;5;0;5;1;0;6;4;2;6;0.666666667;0.333333333;7;7;0;7;1;0;4;4;0;4;1;0;3;3;0;3;1;0;3;3;0;3;1;0;6;1;5;6;0.166666667;0.833333333;3;2;1;3;0.666666667;0.333333333;2;1;1;2;0.5;0.5;NULL;NULL;NULL;NULL;NULL;NULL;5;3;2;5;0.6;0.4;4;2;2;4;0.5;0.5;4;3;1;4;0.75;0.25;NULL;NULL;NULL;NULL;NULL;NULL;8;7;1;8;875;125;14;1;0;14;0.071428571;0;12;1;1;12;0.083333333;0.083333333;NULL;NULL;NULL;NULL;NULL;NULL;21;2;2;21;0.095238095;0.095238095;NULL;NULL;NULL;NULL;NULL;NULL;NULL;NULL;NULL;NULL;NULL;NULL;No
Male;Yes;No;9;10;10;0;10;1;0;9;9;0;9;1;0;7;7;0;7;1;0;3;3;0;3;1;0;5;5;0;5;1;0;4;4;0;4;1;0;6;4;2;6;0.666666667;0.333333333;6;6;0;6;1;0;3;3;0;3;1;0;7;2;5;7;0.285714286;0.714285714;8;7;1;8;875;125;8;8;0;8;1;0;6;6;0;6;1;0;9;9;0;9;1;0;3;1;2;3;0.333333333;0.666666667;8;8;0;8;1;0;7;7;0;7;1;0;6;4;2;6;0.666666667;0.333333333;6;2;4;6;0.333333333;0.666666667;15;2;13;15;0.133333333;0.866666667;NULL;NULL;NULL;NULL;NULL;NULL;7;4;3;7;0.571428571;0.428571429;8;6;2;8;0.75;0.25;9;7;2;9;0.777777778;0.222222222;NULL;NULL;NULL;NULL;NULL;NULL;14;10;4;14;0.714285714;0.285714286;61;0;5;61;0;0.081967213;45;4;2;45;0.088888889;0.044444444;NULL;NULL;NULL;NULL;NULL;NULL;21;2;2;21;0.095238095;0.095238095;NULL;NULL;NULL;NULL;NULL;NULL;NULL;NULL;NULL;NULL;NULL;NULL;No
Male;Yes;Yes;9;9;9;0;9;1;0;9;9;0;9;1;0;6;6;0;6;1;0;1;1;0;1;1;0;2;2;0;2;1;0;35;9;26;35;0.257142857;0.742857143;45;5;40;45;0.111111111;0.888888889;42;7;35;42;0.166666667;0.833333333;44;3;41;44;0.068181818;0.931818182;23;8;15;23;0.347826087;0.652173913;39;4;35;39;0.102564103;0.897435897;10;5;5;10;0.5;0.5;11;3;8;11;0.272727273;0.727272727;8;8;0;8;1;0;4;4;0;4;1;0;3;3;0;3;1;0;1;1;0;1;1;0;4;4;0;4;1;0;16;2;14;16;125;875;12;1;11;12;0.083333333;0.916666667;NULL;NULL;NULL;NULL;NULL;NULL;3;2;1;3;0.666666667;0.333333333;35;6;29;35;0.171428571;0.828571429;46;11;35;46;0.239130435;0.760869565;NULL;NULL;NULL;NULL;NULL;NULL;6;2;4;6;0.333333333;0.666666667;30;2;1;30;0.066666667;0.033333333;78;0;10;78;0;0.128205128;NULL;NULL;NULL;NULL;NULL;NULL;15;3;0;15;0.2;0;NULL;NULL;NULL;NULL;NULL;NULL;NULL;NULL;NULL;NULL;NULL;NULL;No
Male;Yes;No;9;9;9;0;9;1;0;9;9;0;9;1;0;8;8;0;8;1;0;1;1;0;1;1;0;8;5;3;8;625;375;3;3;0;3;1;0;7;7;0;7;1;0;5;5;0;5;1;0;4;4;0;4;1;0;6;2;4;6;0.333333333;0.666666667;7;6;1;7;0.857142857;0.142857143;7;7;0;7;1;0;7;5;2;7;0.714285714;0.285714286;9;8;1;9;0.888888889;0.111111111;6;6;0;6;1;0;3;3;0;3;1;0;8;6;2;8;0.75;0.25;4;2;2;4;0.5;0.5;6;4;2;6;0.666666667;0.333333333;6;1;5;6;0.166666667;0.833333333;NULL;NULL;NULL;NULL;NULL;NULL;5;2;3;5;0.4;0.6;7;5;2;7;0.714285714;0.285714286;7;5;2;7;0.714285714;0.285714286;NULL;NULL;NULL;NULL;NULL;NULL;8;2;6;8;0.25;0.75;40;3;1;40;75;25;42;3;3;42;0.071428571;0.071428571;NULL;NULL;NULL;NULL;NULL;NULL;21;2;2;21;0.095238095;0.095238095;NULL;NULL;NULL;NULL;NULL;NULL;NULL;NULL;NULL;NULL;NULL;NULL;No
Female;Yes;No;9;11;11;0;11;1;0;6;6;0;6;1;0;9;9;0;9;1;0;3;3;0;3;1;0;2;2;0;2;1;0;2;1;1;2;0.5;0.5;5;5;0;5;1;0;5;5;0;5;1;0;3;2;1;3;0.666666667;0.333333333;7;7;0;7;1;0;4;4;0;4;1;0;4;4;0;4;1;0;5;4;1;5;0.8;0.2;8;8;0;8;1;0;2;2;0;2;1;0;3;3;0;3;1;0;4;3;1;4;0.75;0.25;5;4;1;5;0.8;0.2;4;4;0;4;1;0;3;2;1;3;0.666666667;0.333333333;NULL;NULL;NULL;NULL;NULL;NULL;10;8;2;10;0.8;0.2;7;7;0;7;1;0;5;5;0;5;1;0;NULL;NULL;NULL;NULL;NULL;NULL;2;0;2;2;0;1;22;0;2;22;0;0.090909091;32;4;1;32;125;0.03125;NULL;NULL;NULL;NULL;NULL;NULL;21;2;2;21;0.095238095;0.095238095;NULL;NULL;NULL;NULL;NULL;NULL;NULL;NULL;NULL;NULL;NULL;NULL;No
Male;Yes;No;9;2;2;0;2;1;0;8;8;0;8;1;0;7;7;0;7;1;0;5;3;2;5;0.6;0.4;7;2;5;7;0.285714286;0.714285714;5;2;3;5;0.4;0.6;6;5;1;6;0.833333333;0.166666667;1;0;1;1;0;1;2;2;0;2;1;0;6;6;0;6;1;0;4;3;1;4;0.75;0.25;3;3;0;3;1;0;5;3;2;5;0.6;0.4;5;5;0;5;1;0;3;3;0;3;1;0;4;4;0;4;1;0;1;0;1;1;0;1;8;0;8;8;0;1;6;4;2;6;0.666666667;0.333333333;25;3;22;25;0.12;0.88;NULL;NULL;NULL;NULL;NULL;NULL;7;3;4;7;0.428571429;0.571428571;6;3;3;6;0.5;0.5;11;0;11;11;0;1;NULL;NULL;NULL;NULL;NULL;NULL;7;3;4;7;0.428571429;0.571428571;18;1;1;18;0.055555556;0.055555556;38;3;3;38;0.078947368;0.078947368;NULL;NULL;NULL;NULL;NULL;NULL;21;0;4;21;0;0.19047619;NULL;NULL;NULL;NULL;NULL;NULL;NULL;NULL;NULL;NULL;NULL;NULL;No
Male;Yes;No;9;4;0;4;4;0;1;2;1;1;2;0.5;0.5;12;2;10;12;0.166666667;0.833333333;2;0;2;2;0;1;3;3;0;3;1;0;2;1;1;2;0.5;0.5;6;6;0;6;1;0;5;4;1;5;0.8;0.2;2;2;0;2;1;0;7;7;0;7;1;0;3;2;1;3;0.666666667;0.333333333;5;4;1;5;0.8;0.2;5;5;0;5;1;0;8;8;0;8;1;0;6;5;1;6;0.833333333;0.166666667;4;4;0;4;1;0;5;5;0;5;1;0;4;2;2;4;0.5;0.5;4;2;2;4;0.5;0.5;5;2;3;5;0.4;0.6;NULL;NULL;NULL;NULL;NULL;NULL;7;5;2;7;0.714285714;0.285714286;6;4;2;6;0.666666667;0.333333333;3;2;1;3;0.666666667;0.333333333;NULL;NULL;NULL;NULL;NULL;NULL;7;7;0;7;1;0;24;2;0;24;0.083333333;0;22;2;1;22;0.090909091;0.045454545;NULL;NULL;NULL;NULL;NULL;NULL;21;4;0;21;0.19047619;0;NULL;NULL;NULL;NULL;NULL;NULL;NULL;NULL;NULL;NULL;NULL;NULL;No
Female;Yes;No;9;9;9;0;9;1;0;6;6;0;6;1;0;6;6;0;6;1;0;2;2;0;2;1;0;5;5;0;5;1;0;4;3;1;4;0.75;0.25;4;4;0;4;1;0;5;5;0;5;1;0;2;1;1;2;0.5;0.5;8;7;1;8;875;125;6;6;0;6;1;0;5;5;0;5;1;0;4;4;0;4;1;0;7;7;0;7;1;0;4;4;0;4;1;0;5;5;0;5;1;0;6;5;1;6;0.833333333;0.166666667;3;1;2;3;0.333333333;0.666666667;6;4;2;6;0.666666667;0.333333333;3;0;3;3;0;1;NULL;NULL;NULL;NULL;NULL;NULL;7;6;1;7;0.857142857;0.142857143;5;3;2;5;0.6;0.4;5;4;1;5;0.8;0.2;NULL;NULL;NULL;NULL;NULL;NULL;8;1;7;8;125;875;40;3;1;40;75;25;26;4;0;26;0.153846154;0;NULL;NULL;NULL;NULL;NULL;NULL;21;1;3;21;0.047619048;0.142857143;NULL;NULL;NULL;NULL;NULL;NULL;NULL;NULL;NULL;NULL;NULL;NULL;No
Female;Yes;No;9;7;7;0;7;1;0;7;7;0;7;1;0;4;4;0;4;1;0;3;3;0;3;1;0;4;4;0;4;1;0;4;4;0;4;1;0;4;4;0;4;1;0;4;4;0;4;1;0;4;0;4;4;0;1;4;0;4;4;0;1;3;3;0;3;1;0;3;3;0;3;1;0;4;2;2;4;0.5;0.5;7;7;0;7;1;0;4;4;0;4;1;0;4;4;0;4;1;0;4;4;0;4;1;0;4;3;1;4;0.75;0.25;3;2;1;3;0.666666667;0.333333333;6;2;4;6;0.333333333;0.666666667;NULL;NULL;NULL;NULL;NULL;NULL;5;3;2;5;0.6;0.4;2;2;0;2;1;0;3;2;1;3;0.666666667;0.333333333;NULL;NULL;NULL;NULL;NULL;NULL;3;1;2;3;0.333333333;0.666666667;30;3;0;30;0.1;0;18;3;0;18;0.166666667;0;NULL;NULL;NULL;NULL;NULL;NULL;21;1;3;21;0.047619048;0.142857143;NULL;NULL;NULL;NULL;NULL;NULL;NULL;NULL;NULL;NULL;NULL;NULL;No
Female;Yes;No;9;9;9;0;9;1;0;8;8;0;8;1;0;6;6;0;6;1;0;2;2;0;2;1;0;6;6;0;6;1;0;5;3;2;5;0.6;0.4;4;4;0;4;1;0;3;3;0;3;1;0;2;1;1;2;0.5;0.5;6;6;0;6;1;0;6;4;2;6;0.666666667;0.333333333;3;3;0;3;1;0;2;2;0;2;1;0;7;7;0;7;1;0;4;4;0;4;1;0;6;6;0;6;1;0;6;6;0;6;1;0;3;3;0;3;1;0;4;4;0;4;1;0;2;0;2;2;0;1;NULL;NULL;NULL;NULL;NULL;NULL;7;5;2;7;0.714285714;0.285714286;9;8;1;9;0.888888889;0.111111111;6;5;1;6;0.833333333;0.166666667;NULL;NULL;NULL;NULL;NULL;NULL;7;5;2;7;0.714285714;0.285714286;34;3;0;34;0.088235294;0;26;3;1;26;0.115384615;0.038461538;NULL;NULL;NULL;NULL;NULL;NULL;21;1;3;21;0.047619048;0.142857143;NULL;NULL;NULL;NULL;NULL;NULL;NULL;NULL;NULL;NULL;NULL;NULL;No
Female;Yes;No;9;8;8;0;8;1;0;8;8;0;8;1;0;3;3;0;3;1;0;2;2;0;2;1;0;6;6;0;6;1;0;4;4;0;4;1;0;4;3;1;4;0.75;0.25;3;3;0;3;1;0;1;0;1;1;0;1;6;6;0;6;1;0;5;1;4;5;0.2;0.8;6;5;1;6;0.833333333;0.166666667;6;4;2;6;0.666666667;0.333333333;6;6;0;6;1;0;4;4;0;4;1;0;4;4;0;4;1;0;2;1;1;2;0.5;0.5;2;1;1;2;0.5;0.5;3;3;0;3;1;0;2;1;1;2;0.5;0.5;NULL;NULL;NULL;NULL;NULL;NULL;4;3;1;4;0.75;0.25;7;4;3;7;0.571428571;0.428571429;5;5;0;5;1;0;NULL;NULL;NULL;NULL;NULL;NULL;3;2;1;3;0.666666667;0.333333333;28;2;0;28;0.071428571;0;18;2;1;18;0.111111111;0.055555556;NULL;NULL;NULL;NULL;NULL;NULL;21;1;3;21;0.047619048;0.142857143;NULL;NULL;NULL;NULL;NULL;NULL;NULL;NULL;NULL;NULL;NULL;NULL;No
Male;Yes;No;9;13;13;0;13;1;0;5;5;0;5;1;0;4;3;1;4;0.75;0.25;2;2;0;2;1;0;2;2;0;2;1;0;5;3;2;5;0.6;0.4;6;5;1;6;0.833333333;0.166666667;3;3;0;3;1;0;3;2;1;3;0.666666667;0.333333333;5;5;0;5;1;0;4;4;0;4;1;0;2;2;0;2;1;0;3;3;0;3;1;0;8;8;0;8;1;0;4;2;2;4;0.5;0.5;4;4;0;4;1;0;6;5;1;6;0.833333333;0.166666667;3;1;2;3;0.333333333;0.666666667;2;2;0;2;1;0;13;2;11;13;0.153846154;0.846153846;NULL;NULL;NULL;NULL;NULL;NULL;5;4;1;5;0.8;0.2;8;6;2;8;0.75;0.25;5;5;0;5;1;0;NULL;NULL;NULL;NULL;NULL;NULL;6;2;4;6;0.333333333;0.666666667;40;2;2;40;0.05;0.05;26;3;1;26;0.115384615;0.038461538;NULL;NULL;NULL;NULL;NULL;NULL;21;2;2;21;0.095238095;0.095238095;NULL;NULL;NULL;NULL;NULL;NULL;NULL;NULL;NULL;NULL;NULL;NULL;No
Male;Yes;No;9;12;12;0;12;1;0;10;10;0;10;1;0;5;5;0;5;1;0;3;3;0;3;1;0;5;5;0;5;1;0;5;4;1;5;0.8;0.2;4;4;0;4;1;0;2;2;0;2;1;0;3;2;1;3;0.666666667;0.333333333;6;6;0;6;1;0;3;3;0;3;1;0;4;3;1;4;0.75;0.25;1;0;1;1;0;1;8;8;0;8;1;0;6;6;0;6;1;0;5;5;0;5;1;0;4;4;0;4;1;0;2;1;1;2;0.5;0.5;5;3;2;5;0.6;0.4;2;1;1;2;0.5;0.5;NULL;NULL;NULL;NULL;NULL;NULL;4;2;2;4;0.5;0.5;7;5;2;7;0.714285714;0.285714286;4;2;2;4;0.5;0.5;NULL;NULL;NULL;NULL;NULL;NULL;7;1;6;7;0.142857143;0.857142857;30;0;3;30;0;0.1;18;0;3;18;0;0.166666667;NULL;NULL;NULL;NULL;NULL;NULL;21;2;2;21;0.095238095;0.095238095;NULL;NULL;NULL;NULL;NULL;NULL;NULL;NULL;NULL;NULL;NULL;NULL;No
Male;Yes;No;9;8;8;0;8;1;0;6;6;0;6;1;0;4;4;0;4;1;0;4;4;0;4;1;0;5;5;0;5;1;0;3;3;0;3;1;0;7;7;0;7;1;0;1;1;0;1;1;0;2;2;0;2;1;0;6;6;0;6;1;0;4;3;1;4;0.75;0.25;4;4;0;4;1;0;5;4;1;5;0.8;0.2;6;6;0;6;1;0;4;4;0;4;1;0;3;3;0;3;1;0;3;3;0;3;1;0;6;6;0;6;1;0;3;0;3;3;0;1;2;1;1;2;0.5;0.5;NULL;NULL;NULL;NULL;NULL;NULL;4;3;1;4;0.75;0.25;6;6;0;6;1;0;5;5;0;5;1;0;NULL;NULL;NULL;NULL;NULL;NULL;5;0;5;5;0;1;30;1;2;30;0.033333333;0.066666667;18;3;0;18;0.166666667;0;NULL;NULL;NULL;NULL;NULL;NULL;21;2;2;21;0.095238095;0.095238095;NULL;NULL;NULL;NULL;NULL;NULL;NULL;NULL;NULL;NULL;NULL;NULL;No
Female;Yes;No;9;9;9;0;9;1;0;8;8;0;8;1;0;8;8;0;8;1;0;5;5;0;5;1;0;6;6;0;6;1;0;4;2;2;4;0.5;0.5;4;4;0;4;1;0;5;5;0;5;1;0;3;2;1;3;0.666666667;0.333333333;4;4;0;4;1;0;6;6;0;6;1;0;6;5;1;6;0.833333333;0.166666667;4;4;0;4;1;0;7;7;0;7;1;0;4;4;0;4;1;0;5;5;0;5;1;0;6;6;0;6;1;0;2;1;1;2;0.5;0.5;4;4;0;4;1;0;4;1;3;4;0.25;0.75;NULL;NULL;NULL;NULL;NULL;NULL;3;2;1;3;0.666666667;0.333333333;2;2;0;2;1;0;3;1;2;3;0.333333333;0.666666667;NULL;NULL;NULL;NULL;NULL;NULL;10;7;3;10;0.7;0.3;32;2;1;32;0.0625;0.03125;18;3;0;18;0.166666667;0;NULL;NULL;NULL;NULL;NULL;NULL;21;1;3;21;0.047619048;0.142857143;NULL;NULL;NULL;NULL;NULL;NULL;NULL;NULL;NULL;NULL;NULL;NULL;No
Male;Yes;No;9;7;7;0;7;1;0;8;8;0;8;1;0;6;5;1;6;0.833333333;0.166666667;2;2;0;2;1;0;2;2;0;2;1;0;3;3;0;3;1;0;2;2;0;2;1;0;2;1;1;2;0.5;0.5;4;3;1;4;0.75;0.25;6;5;1;6;0.833333333;0.166666667;4;4;0;4;1;0;2;2;0;2;1;0;4;4;0;4;1;0;6;6;0;6;1;0;5;4;1;5;0.8;0.2;3;3;0;3;1;0;4;4;0;4;1;0;4;3;1;4;0.75;0.25;2;1;1;2;0.5;0.5;3;1;2;3;0.333333333;0.666666667;NULL;NULL;NULL;NULL;NULL;NULL;5;3;2;5;0.6;0.4;6;5;1;6;0.833333333;0.166666667;4;1;3;4;0.25;0.75;NULL;NULL;NULL;NULL;NULL;NULL;8;5;3;8;625;375;26;1;1;26;0.038461538;0.038461538;18;2;1;18;0.111111111;0.055555556;NULL;NULL;NULL;NULL;NULL;NULL;15;1;2;15;0.066666667;0.133333333;NULL;NULL;NULL;NULL;NULL;NULL;NULL;NULL;NULL;NULL;NULL;NULL;No
Male;Yes;No;9;7;7;0;7;1;0;6;6;0;6;1;0;6;6;0;6;1;0;3;3;0;3;1;0;3;3;0;3;1;0;4;3;1;4;0.75;0.25;4;4;0;4;1;0;5;5;0;5;1;0;1;1;0;1;1;0;5;5;0;5;1;0;3;3;0;3;1;0;2;1;1;2;0.5;0.5;6;4;2;6;0.666666667;0.333333333;5;5;0;5;1;0;1;1;0;1;1;0;4;3;1;4;0.75;0.25;2;2;0;2;1;0;3;2;1;3;0.666666667;0.333333333;3;1;2;3;0.333333333;0.666666667;6;1;5;6;0.166666667;0.833333333;NULL;NULL;NULL;NULL;NULL;NULL;5;3;2;5;0.6;0.4;5;2;3;5;0.4;0.6;3;3;0;3;1;0;NULL;NULL;NULL;NULL;NULL;NULL;7;4;3;7;0.571428571;0.428571429;10;0;1;10;0;0.1;14;0;2;14;0;0.142857143;NULL;NULL;NULL;NULL;NULL;NULL;21;0;4;21;0;0.19047619;NULL;NULL;NULL;NULL;NULL;NULL;NULL;NULL;NULL;NULL;NULL;NULL;No
Male;Yes;No;9;10;10;0;10;1;0;9;9;0;9;1;0;6;6;0;6;1;0;4;4;0;4;1;0;7;7;0;7;1;0;5;5;0;5;1;0;6;6;0;6;1;0;4;4;0;4;1;0;2;2;0;2;1;0;4;0;4;4;0;1;3;3;0;3;1;0;7;6;1;7;0.857142857;0.142857143;4;3;1;4;0.75;0.25;7;7;0;7;1;0;4;4;0;4;1;0;4;4;0;4;1;0;3;3;0;3;1;0;6;6;0;6;1;0;3;3;0;3;1;0;3;1;2;3;0.333333333;0.666666667;NULL;NULL;NULL;NULL;NULL;NULL;7;6;1;7;0.857142857;0.142857143;5;5;0;5;1;0;2;2;0;2;1;0;NULL;NULL;NULL;NULL;NULL;NULL;7;7;0;7;1;0;32;2;1;32;0.0625;0.03125;12;0;2;12;0;0.166666667;NULL;NULL;NULL;NULL;NULL;NULL;21;1;3;21;0.047619048;0.142857143;NULL;NULL;NULL;NULL;NULL;NULL;NULL;NULL;NULL;NULL;NULL;NULL;No
Female;Yes;No;9;11;11;0;11;1;0;6;6;0;6;1;0;8;8;0;8;1;0;5;5;0;5;1;0;7;6;1;7;0.857142857;0.142857143;4;4;0;4;1;0;5;5;0;5;1;0;2;2;0;2;1;0;3;3;0;3;1;0;6;6;0;6;1;0;4;4;0;4;1;0;3;3;0;3;1;0;6;4;2;6;0.666666667;0.333333333;10;10;0;10;1;0;6;6;0;6;1;0;5;5;0;5;1;0;6;6;0;6;1;0;6;3;3;6;0.5;0.5;2;2;0;2;1;0;1;0;1;1;0;1;NULL;NULL;NULL;NULL;NULL;NULL;4;3;1;4;0.75;0.25;5;5;0;5;1;0;3;3;0;3;1;0;NULL;NULL;NULL;NULL;NULL;NULL;5;2;3;5;0.4;0.6;20;1;1;20;0.05;0.05;18;3;0;18;0.166666667;0;NULL;NULL;NULL;NULL;NULL;NULL;21;1;3;21;0.047619048;0.142857143;NULL;NULL;NULL;NULL;NULL;NULL;NULL;NULL;NULL;NULL;NULL;NULL;No
Male;Yes;No;9;11;11;0;11;1;0;9;9;0;9;1;0;8;8;0;8;1;0;4;4;0;4;1;0;6;6;0;6;1;0;3;3;0;3;1;0;6;6;0;6;1;0;7;6;1;7;0.857142857;0.142857143;2;2;0;2;1;0;7;7;0;7;1;0;5;5;0;5;1;0;3;3;0;3;1;0;6;5;1;6;0.833333333;0.166666667;8;8;0;8;1;0;7;7;0;7;1;0;6;6;0;6;1;0;4;4;0;4;1;0;3;3;0;3;1;0;6;6;0;6;1;0;4;1;3;4;0.25;0.75;NULL;NULL;NULL;NULL;NULL;NULL;8;5;3;8;625;375;9;7;2;9;0.777777778;0.222222222;6;6;0;6;1;0;NULL;NULL;NULL;NULL;NULL;NULL;16;10;6;16;625;375;52;2;3;52;0.038461538;0.057692308;42;3;3;42;0.071428571;0.071428571;NULL;NULL;NULL;NULL;NULL;NULL;21;3;1;21;0.142857143;0.047619048;NULL;NULL;NULL;NULL;NULL;NULL;NULL;NULL;NULL;NULL;NULL;NULL;No
Male;Yes;No;9;12;12;0;12;1;0;8;8;0;8;1;0;4;4;0;4;1;0;8;0;8;8;0;1;3;3;0;3;1;0;5;5;0;5;1;0;5;5;0;5;1;0;5;4;1;5;0.8;0.2;3;2;1;3;0.666666667;0.333333333;10;9;1;10;0.9;0.1;5;5;0;5;1;0;3;2;1;3;0.666666667;0.333333333;8;6;2;8;0.75;0.25;9;9;0;9;1;0;5;5;0;5;1;0;3;3;0;3;1;0;4;3;1;4;0.75;0.25;4;2;2;4;0.5;0.5;2;2;0;2;1;0;20;2;18;20;0.1;0.9;NULL;NULL;NULL;NULL;NULL;NULL;5;4;1;5;0.8;0.2;5;4;1;5;0.8;0.2;7;5;2;7;0.714285714;0.285714286;NULL;NULL;NULL;NULL;NULL;NULL;11;7;4;11;0.636363636;0.363636364;42;3;1;42;0.071428571;0.023809524;18;3;0;18;0.166666667;0;NULL;NULL;NULL;NULL;NULL;NULL;21;1;3;21;0.047619048;0.142857143;NULL;NULL;NULL;NULL;NULL;NULL;NULL;NULL;NULL;NULL;NULL;NULL;No
Male;Yes;No;9;9;9;0;9;1;0;9;9;0;9;1;0;6;6;0;6;1;0;3;3;0;3;1;0;7;7;0;7;1;0;4;4;0;4;1;0;7;7;0;7;1;0;4;4;0;4;1;0;1;1;0;1;1;0;9;8;1;9;0.888888889;0.111111111;3;3;0;3;1;0;3;3;0;3;1;0;5;5;0;5;1;0;8;8;0;8;1;0;6;6;0;6;1;0;3;3;0;3;1;0;7;7;0;7;1;0;4;3;1;4;0.75;0.25;3;3;0;3;1;0;3;2;1;3;0.666666667;0.333333333;NULL;NULL;NULL;NULL;NULL;NULL;5;4;1;5;0.8;0.2;7;7;0;7;1;0;4;4;0;4;1;0;NULL;NULL;NULL;NULL;NULL;NULL;9;4;5;9;0.444444444;0.555555556;22;2;0;22;0.090909091;0;32;4;1;32;125;0.03125;NULL;NULL;NULL;NULL;NULL;NULL;21;2;2;21;0.095238095;0.095238095;NULL;NULL;NULL;NULL;NULL;NULL;NULL;NULL;NULL;NULL;NULL;NULL;No
Male;Yes;No;9;8;8;0;8;1;0;8;8;0;8;1;0;7;7;0;7;1;0;4;3;1;4;0.75;0.25;5;5;0;5;1;0;4;4;0;4;1;0;4;4;0;4;1;0;3;3;0;3;1;0;4;4;0;4;1;0;6;6;0;6;1;0;7;6;1;7;0.857142857;0.142857143;4;1;3;4;0.25;0.75;8;6;2;8;0.75;0.25;6;6;0;6;1;0;6;6;0;6;1;0;6;6;0;6;1;0;6;6;0;6;1;0;3;3;0;3;1;0;4;3;1;4;0.75;0.25;8;2;6;8;0.25;0.75;NULL;NULL;NULL;NULL;NULL;NULL;7;5;2;7;0.714285714;0.285714286;6;4;2;6;0.666666667;0.333333333;3;3;0;3;1;0;NULL;NULL;NULL;NULL;NULL;NULL;7;3;4;7;0.428571429;0.571428571;30;2;1;30;0.066666667;0.033333333;32;4;1;32;125;0.03125;NULL;NULL;NULL;NULL;NULL;NULL;21;2;2;21;0.095238095;0.095238095;NULL;NULL;NULL;NULL;NULL;NULL;NULL;NULL;NULL;NULL;NULL;NULL;No
Male;Yes;No;9;7;7;0;7;1;0;8;8;0;8;1;0;7;7;0;7;1;0;1;1;0;1;1;0;3;1;2;3;0.333333333;0.666666667;4;4;0;4;1;0;3;3;0;3;1;0;5;5;0;5;1;0;3;1;2;3;0.333333333;0.666666667;8;7;1;8;875;125;3;2;1;3;0.666666667;0.333333333;2;2;0;2;1;0;3;3;0;3;1;0;8;8;0;8;1;0;6;6;0;6;1;0;6;6;0;6;1;0;4;4;0;4;1;0;5;5;0;5;1;0;5;4;1;5;0.8;0.2;1;1;0;1;1;0;NULL;NULL;NULL;NULL;NULL;NULL;4;3;1;4;0.75;0.25;5;5;0;5;1;0;5;4;1;5;0.8;0.2;NULL;NULL;NULL;NULL;NULL;NULL;10;5;5;10;0.5;0.5;30;2;1;30;0.066666667;0.033333333;18;3;0;18;0.166666667;0;NULL;NULL;NULL;NULL;NULL;NULL;21;0;4;21;0;0.19047619;NULL;NULL;NULL;NULL;NULL;NULL;NULL;NULL;NULL;NULL;NULL;NULL;No
Female;Yes;No;9;6;6;0;6;1;0;7;7;0;7;1;0;6;6;0;6;1;0;2;2;0;2;1;0;6;6;0;6;1;0;4;4;0;4;1;0;3;3;0;3;1;0;5;5;0;5;1;0;1;0;1;1;0;1;5;5;0;5;1;0;5;3;2;5;0.6;0.4;3;2;1;3;0.666666667;0.333333333;5;3;2;5;0.6;0.4;7;7;0;7;1;0;6;6;0;6;1;0;5;5;0;5;1;0;3;2;1;3;0.666666667;0.333333333;4;2;2;4;0.5;0.5;5;3;2;5;0.6;0.4;8;2;6;8;0.25;0.75;NULL;NULL;NULL;NULL;NULL;NULL;5;4;1;5;0.8;0.2;4;4;0;4;1;0;4;3;1;4;0.75;0.25;NULL;NULL;NULL;NULL;NULL;NULL;6;3;3;6;0.5;0.5;50;3;1;50;0.06;0.02;18;3;0;18;0.166666667;0;NULL;NULL;NULL;NULL;NULL;NULL;17;0;3;17;0;0.176470588;NULL;NULL;NULL;NULL;NULL;NULL;NULL;NULL;NULL;NULL;NULL;NULL;No
Male;Yes;No;9;5;5;0;5;1;0;6;6;0;6;1;0;5;5;0;5;1;0;3;3;0;3;1;0;6;6;0;6;1;0;4;3;1;4;0.75;0.25;4;4;0;4;1;0;7;7;0;7;1;0;3;3;0;3;1;0;4;0;4;4;0;1;2;2;0;2;1;0;4;4;0;4;1;0;4;4;0;4;1;0;8;8;0;8;1;0;4;4;0;4;1;0;4;4;0;4;1;0;3;3;0;3;1;0;4;4;0;4;1;0;3;1;2;3;0.333333333;0.666666667;4;3;1;4;0.75;0.25;NULL;NULL;NULL;NULL;NULL;NULL;6;5;1;6;0.833333333;0.166666667;7;7;0;7;1;0;6;5;1;6;0.833333333;0.166666667;NULL;NULL;NULL;NULL;NULL;NULL;6;2;4;6;0.333333333;0.666666667;40;4;0;40;0.1;0;28;3;1;28;0.107142857;0.035714286;NULL;NULL;NULL;NULL;NULL;NULL;21;3;1;21;0.142857143;0.047619048;NULL;NULL;NULL;NULL;NULL;NULL;NULL;NULL;NULL;NULL;NULL;NULL;No
Male;Yes;No;9;10;10;0;10;1;0;7;7;0;7;1;0;7;7;0;7;1;0;7;0;7;7;0;1;4;4;0;4;1;0;5;5;0;5;1;0;7;7;0;7;1;0;5;5;0;5;1;0;2;2;0;2;1;0;8;8;0;8;1;0;5;3;2;5;0.6;0.4;4;4;0;4;1;0;5;5;0;5;1;0;8;8;0;8;1;0;8;8;0;8;1;0;6;6;0;6;1;0;6;6;0;6;1;0;2;2;0;2;1;0;7;4;3;7;0.571428571;0.428571429;2;2;0;2;1;0;NULL;NULL;NULL;NULL;NULL;NULL;6;5;1;6;0.833333333;0.166666667;5;4;1;5;0.8;0.2;6;3;3;6;0.5;0.5;NULL;NULL;NULL;NULL;NULL;NULL;8;7;1;8;875;125;40;3;1;40;75;25;22;2;1;22;0.090909091;0.045454545;NULL;NULL;NULL;NULL;NULL;NULL;21;2;2;21;0.095238095;0.095238095;NULL;NULL;NULL;NULL;NULL;NULL;NULL;NULL;NULL;NULL;NULL;NULL;No
Male;Yes;No;9;10;10;0;10;1;0;10;10;0;10;1;0;7;6;1;7;0.857142857;0.142857143;4;4;0;4;1;0;6;6;0;6;1;0;4;4;0;4;1;0;7;7;0;7;1;0;4;4;0;4;1;0;4;3;1;4;0.75;0.25;5;5;0;5;1;0;3;3;0;3;1;0;5;5;0;5;1;0;5;4;1;5;0.8;0.2;10;10;0;10;1;0;6;6;0;6;1;0;6;6;0;6;1;0;4;4;0;4;1;0;6;6;0;6;1;0;4;3;1;4;0.75;0.25;3;2;1;3;0.666666667;0.333333333;NULL;NULL;NULL;NULL;NULL;NULL;4;3;1;4;0.75;0.25;5;5;0;5;1;0;3;3;0;3;1;0;NULL;NULL;NULL;NULL;NULL;NULL;7;6;1;7;0.857142857;0.142857143;30;1;2;30;0.033333333;0.066666667;26;4;0;26;0.153846154;0;NULL;NULL;NULL;NULL;NULL;NULL;21;2;2;21;0.095238095;0.095238095;NULL;NULL;NULL;NULL;NULL;NULL;NULL;NULL;NULL;NULL;NULL;NULL;No
Female;Yes;No;9;9;9;0;9;1;0;6;6;0;6;1;0;5;5;0;5;1;0;2;2;0;2;1;0;4;4;0;4;1;0;3;3;0;3;1;0;3;3;0;3;1;0;4;4;0;4;1;0;2;2;0;2;1;0;7;7;0;7;1;0;5;5;0;5;1;0;3;3;0;3;1;0;4;4;0;4;1;0;6;6;0;6;1;0;7;7;0;7;1;0;3;3;0;3;1;0;5;4;1;5;0.8;0.2;4;4;0;4;1;0;2;2;0;2;1;0;4;0;4;4;0;1;NULL;NULL;NULL;NULL;NULL;NULL;5;5;0;5;1;0;5;5;0;5;1;0;4;3;1;4;0.75;0.25;NULL;NULL;NULL;NULL;NULL;NULL;3;2;1;3;0.666666667;0.333333333;22;2;0;22;0.090909091;0;18;3;0;18;0.166666667;0;NULL;NULL;NULL;NULL;NULL;NULL;21;1;3;21;0.047619048;0.142857143;NULL;NULL;NULL;NULL;NULL;NULL;NULL;NULL;NULL;NULL;NULL;NULL;No
Male;Yes;No;9;9;9;0;9;1;0;10;10;0;10;1;0;7;7;0;7;1;0;3;3;0;3;1;0;3;3;0;3;1;0;6;6;0;6;1;0;6;6;0;6;1;0;6;6;0;6;1;0;1;1;0;1;1;0;7;7;0;7;1;0;4;4;0;4;1;0;7;7;0;7;1;0;4;2;2;4;0.5;0.5;7;7;0;7;1;0;5;5;0;5;1;0;5;5;0;5;1;0;2;2;0;2;1;0;4;2;2;4;0.5;0.5;6;4;2;6;0.666666667;0.333333333;3;1;2;3;0.333333333;0.666666667;NULL;NULL;NULL;NULL;NULL;NULL;5;3;2;5;0.6;0.4;5;3;2;5;0.6;0.4;5;4;1;5;0.8;0.2;NULL;NULL;NULL;NULL;NULL;NULL;9;3;6;9;0.333333333;0.666666667;30;2;1;30;0.066666667;0.033333333;18;1;2;18;0.055555556;0.111111111;NULL;NULL;NULL;NULL;NULL;NULL;21;1;3;21;0.047619048;0.142857143;NULL;NULL;NULL;NULL;NULL;NULL;NULL;NULL;NULL;NULL;NULL;NULL;No
Male;Yes;No;9;10;10;0;10;1;0;9;9;0;9;1;0;5;5;0;5;1;0;6;5;1;6;0.833333333;0.166666667;5;5;0;5;1;0;4;3;1;4;0.75;0.25;4;4;0;4;1;0;7;5;2;7;0.714285714;0.285714286;3;3;0;3;1;0;8;8;0;8;1;0;2;1;1;2;0.5;0.5;4;4;0;4;1;0;3;2;1;3;0.666666667;0.333333333;9;9;0;9;1;0;7;7;0;7;1;0;4;4;0;4;1;0;5;5;0;5;1;0;5;5;0;5;1;0;3;1;2;3;0.333333333;0.666666667;2;1;1;2;0.5;0.5;NULL;NULL;NULL;NULL;NULL;NULL;5;3;2;5;0.6;0.4;5;4;1;5;0.8;0.2;5;4;1;5;0.8;0.2;NULL;NULL;NULL;NULL;NULL;NULL;9;4;5;9;0.444444444;0.555555556;30;2;1;30;0.066666667;0.033333333;18;0;3;18;0;0.166666667;NULL;NULL;NULL;NULL;NULL;NULL;13;0;2;13;0;0.153846154;NULL;NULL;NULL;NULL;NULL;NULL;NULL;NULL;NULL;NULL;NULL;NULL;No
Male;Yes;No;9;9;9;0;9;1;0;7;7;0;7;1;0;6;6;0;6;1;0;6;0;6;6;0;1;7;7;0;7;1;0;3;3;0;3;1;0;4;4;0;4;1;0;5;5;0;5;1;0;5;4;1;5;0.8;0.2;6;6;0;6;1;0;3;3;0;3;1;0;4;4;0;4;1;0;5;5;0;5;1;0;8;8;0;8;1;0;7;7;0;7;1;0;6;6;0;6;1;0;5;5;0;5;1;0;4;4;0;4;1;0;6;3;3;6;0.5;0.5;4;0;4;4;0;1;NULL;NULL;NULL;NULL;NULL;NULL;4;4;0;4;1;0;5;5;0;5;1;0;4;4;0;4;1;0;NULL;NULL;NULL;NULL;NULL;NULL;9;4;5;9;0.444444444;0.555555556;38;2;1;38;0.052631579;0.026315789;34;4;1;34;0.117647059;0.029411765;NULL;NULL;NULL;NULL;NULL;NULL;21;0;4;21;0;0.19047619;NULL;NULL;NULL;NULL;NULL;NULL;NULL;NULL;NULL;NULL;NULL;NULL;No
Male;Yes;No;9;11;11;0;11;1;0;9;9;0;9;1;0;8;8;0;8;1;0;3;3;0;3;1;0;4;0;4;4;0;1;7;6;1;7;0.857142857;0.142857143;5;5;0;5;1;0;4;3;1;4;0.75;0.25;5;4;1;5;0.8;0.2;7;7;0;7;1;0;5;4;1;5;0.8;0.2;6;5;1;6;0.833333333;0.166666667;6;5;1;6;0.833333333;0.166666667;8;8;0;8;1;0;4;4;0;4;1;0;5;5;0;5;1;0;6;6;0;6;1;0;3;3;0;3;1;0;2;1;1;2;0.5;0.5;2;1;1;2;0.5;0.5;NULL;NULL;NULL;NULL;NULL;NULL;3;3;0;3;1;0;3;3;0;3;1;0;3;2;1;3;0.666666667;0.333333333;NULL;NULL;NULL;NULL;NULL;NULL;8;3;5;8;375;625;40;3;1;40;75;25;12;2;0;12;0.166666667;0;NULL;NULL;NULL;NULL;NULL;NULL;21;1;3;21;0.047619048;0.142857143;NULL;NULL;NULL;NULL;NULL;NULL;NULL;NULL;NULL;NULL;NULL;NULL;No
Male;Yes;No;9;12;12;0;12;1;0;10;10;0;10;1;0;4;4;0;4;1;0;3;3;0;3;1;0;8;8;0;8;1;0;4;4;0;4;1;0;7;7;0;7;1;0;8;8;0;8;1;0;5;5;0;5;1;0;8;8;0;8;1;0;4;4;0;4;1;0;6;6;0;6;1;0;7;5;2;7;0.714285714;0.285714286;9;9;0;9;1;0;5;5;0;5;1;0;3;3;0;3;1;0;4;4;0;4;1;0;4;3;1;4;0.75;0.25;8;3;5;8;375;625;3;3;0;3;1;0;NULL;NULL;NULL;NULL;NULL;NULL;4;4;0;4;1;0;5;5;0;5;1;0;4;4;0;4;1;0;NULL;NULL;NULL;NULL;NULL;NULL;7;6;1;7;0.857142857;0.142857143;18;2;0;18;0.111111111;0;28;3;1;28;0.107142857;0.035714286;NULL;NULL;NULL;NULL;NULL;NULL;13;1;1;13;0.076923077;0.076923077;NULL;NULL;NULL;NULL;NULL;NULL;NULL;NULL;NULL;NULL;NULL;NULL;No
Male;Yes;No;9;10;10;0;10;1;0;11;11;0;11;1;0;6;6;0;6;1;0;3;2;1;3;0.666666667;0.333333333;7;7;0;7;1;0;5;5;0;5;1;0;4;4;0;4;1;0;5;5;0;5;1;0;2;0;2;2;0;1;8;8;0;8;1;0;6;6;0;6;1;0;5;5;0;5;1;0;3;3;0;3;1;0;9;9;0;9;1;0;5;5;0;5;1;0;6;6;0;6;1;0;4;4;0;4;1;0;3;2;1;3;0.666666667;0.333333333;5;3;2;5;0.6;0.4;2;0;2;2;0;1;NULL;NULL;NULL;NULL;NULL;NULL;4;2;2;4;0.5;0.5;5;5;0;5;1;0;3;3;0;3;1;0;NULL;NULL;NULL;NULL;NULL;NULL;11;6;5;11;0.545454545;0.454545455;20;1;1;20;0.05;0.05;19;1;2;19;0.052631579;0.105263158;NULL;NULL;NULL;NULL;NULL;NULL;21;1;3;21;0.047619048;0.142857143;NULL;NULL;NULL;NULL;NULL;NULL;NULL;NULL;NULL;NULL;NULL;NULL;No
Male;Yes;No;9;10;10;0;10;1;0;8;8;0;8;1;0;5;5;0;5;1;0;3;3;0;3;1;0;4;4;0;4;1;0;6;5;1;6;0.833333333;0.166666667;4;4;0;4;1;0;4;4;0;4;1;0;3;3;0;3;1;0;6;4;2;6;0.666666667;0.333333333;4;4;0;4;1;0;6;4;2;6;0.666666667;0.333333333;6;1;5;6;0.166666667;0.833333333;10;10;0;10;1;0;6;6;0;6;1;0;7;7;0;7;1;0;4;3;1;4;0.75;0.25;6;0;6;6;0;1;2;1;1;2;0.5;0.5;9;0;9;9;0;1;NULL;NULL;NULL;NULL;NULL;NULL;4;3;1;4;0.75;0.25;6;5;1;6;0.833333333;0.166666667;3;3;0;3;1;0;NULL;NULL;NULL;NULL;NULL;NULL;8;5;3;8;625;375;48;3;1;48;0.0625;0.020833333;26;2;2;26;0.076923077;0.076923077;NULL;NULL;NULL;NULL;NULL;NULL;21;0;4;21;0;0.19047619;NULL;NULL;NULL;NULL;NULL;NULL;NULL;NULL;NULL;NULL;NULL;NULL;No
Female;Yes;Yes;9;6;6;0;6;1;0;8;8;0;8;1;0;2;0;2;2;0;1;3;0;3;3;0;1;1;0;1;1;0;1;3;0;3;3;0;1;6;6;0;6;1;0;4;2;2;4;0.5;0.5;1;0;1;1;0;1;5;2;3;5;0.4;0.6;1;1;0;1;1;0;3;2;1;3;0.666666667;0.333333333;11;1;10;11;0.090909091;0.909090909;7;6;1;7;0.857142857;0.142857143;3;2;1;3;0.666666667;0.333333333;2;2;0;2;1;0;2;2;0;2;1;0;8;2;6;8;0.25;0.75;1;0;1;1;0;1;17;0;17;17;0;1;NULL;NULL;NULL;NULL;NULL;NULL;11;3;8;11;0.272727273;0.727272727;6;1;5;6;0.166666667;0.833333333;12;4;8;12;0.333333333;0.666666667;NULL;NULL;NULL;NULL;NULL;NULL;6;2;4;6;0.333333333;0.666666667;10;0;1;10;0;0.1;42;1;5;42;0.023809524;0.119047619;NULL;NULL;NULL;NULL;NULL;NULL;21;0;4;21;0;0.19047619;NULL;NULL;NULL;NULL;NULL;NULL;NULL;NULL;NULL;NULL;NULL;NULL;Yes
Female;Yes;No;9;9;9;0;9;1;0;7;7;0;7;1;0;5;5;0;5;1;0;4;4;0;4;1;0;4;4;0;4;1;0;6;6;0;6;1;0;4;4;0;4;1;0;4;1;3;4;0.25;0.75;4;2;2;4;0.5;0.5;6;6;0;6;1;0;4;2;2;4;0.5;0.5;6;4;2;6;0.666666667;0.333333333;3;1;2;3;0.333333333;0.666666667;6;6;0;6;1;0;1;1;0;1;1;0;3;3;0;3;1;0;2;2;0;2;1;0;4;2;2;4;0.5;0.5;4;1;3;4;0.25;0.75;3;0;3;3;0;1;NULL;NULL;NULL;NULL;NULL;NULL;4;2;2;4;0.5;0.5;4;2;2;4;0.5;0.5;3;3;0;3;1;0;NULL;NULL;NULL;NULL;NULL;NULL;3;2;1;3;0.666666667;0.333333333;18;0;2;18;0;0.111111111;32;1;4;32;0.03125;125;NULL;NULL;NULL;NULL;NULL;NULL;21;1;3;21;0.047619048;0.142857143;NULL;NULL;NULL;NULL;NULL;NULL;NULL;NULL;NULL;NULL;NULL;NULL;Yes
Male;Yes;Yes;9;11;10;1;11;0.909090909;0.090909091;3;2;1;3;0.666666667;0.333333333;7;7;0;7;1;0;3;3;0;3;1;0;7;6;1;7;0.857142857;0.142857143;7;6;1;7;0.857142857;0.142857143;6;6;0;6;1;0;5;4;1;5;0.8;0.2;6;3;3;6;0.5;0.5;15;10;5;15;0.666666667;0.333333333;12;0;12;12;0;1;6;5;1;6;0.833333333;0.166666667;7;4;3;7;0.571428571;0.428571429;7;4;3;7;0.571428571;0.428571429;6;3;3;6;0.5;0.5;5;4;1;5;0.8;0.2;7;6;1;7;0.857142857;0.142857143;2;2;0;2;1;0;5;5;0;5;1;0;9;2;7;9;0.222222222;0.777777778;NULL;NULL;NULL;NULL;NULL;NULL;3;2;1;3;0.666666667;0.333333333;7;6;1;7;0.857142857;0.142857143;84;14;70;84;0.166666667;0.833333333;NULL;NULL;NULL;NULL;NULL;NULL;13;7;6;13;0.538461538;0.461538462;82;0;7;82;0;0.085365854;40;3;1;40;75;25;NULL;NULL;NULL;NULL;NULL;NULL;21;0;4;21;0;0.19047619;NULL;NULL;NULL;NULL;NULL;NULL;NULL;NULL;NULL;NULL;NULL;NULL;Yes
Male;Yes;No;9;6;6;0;6;1;0;4;4;0;4;1;0;6;6;0;6;1;0;1;1;0;1;1;0;3;2;1;3;0.666666667;0.333333333;6;4;2;6;0.666666667;0.333333333;1;1;0;1;1;0;1;1;0;1;1;0;1;0;1;1;0;1;1;1;0;1;1;0;4;4;0;4;1;0;2;2;0;2;1;0;4;4;0;4;1;0;5;5;0;5;1;0;5;5;0;5;1;0;4;4;0;4;1;0;2;2;0;2;1;0;3;2;1;3;0.666666667;0.333333333;1;1;0;1;1;0;1;0;1;1;0;1;NULL;NULL;NULL;NULL;NULL;NULL;4;3;1;4;0.75;0.25;4;2;2;4;0.5;0.5;1;1;0;1;1;0;NULL;NULL;NULL;NULL;NULL;NULL;6;4;2;6;0.666666667;0.333333333;18;1;1;18;0.055555556;0.055555556;6;0;1;6;0;0.166666667;NULL;NULL;NULL;NULL;NULL;NULL;21;0;4;21;0;0.19047619;NULL;NULL;NULL;NULL;NULL;NULL;NULL;NULL;NULL;NULL;NULL;NULL;Yes
Male;Yes;No;9;11;10;1;11;0.909090909;0.090909091;5;0;5;5;0;1;7;7;0;7;1;0;5;0;5;5;0;1;4;4;0;4;1;0;3;2;1;3;0.666666667;0.333333333;6;6;0;6;1;0;4;4;0;4;1;0;5;3;2;5;0.6;0.4;6;6;0;6;1;0;4;0;4;4;0;1;4;2;2;4;0.5;0.5;3;0;3;3;0;1;7;7;0;7;1;0;2;2;0;2;1;0;5;5;0;5;1;0;5;3;2;5;0.6;0.4;4;2;2;4;0.5;0.5;4;2;2;4;0.5;0.5;6;3;3;6;0.5;0.5;NULL;NULL;NULL;NULL;NULL;NULL;6;0;6;6;0;1;5;2;3;5;0.4;0.6;3;2;1;3;0.666666667;0.333333333;NULL;NULL;NULL;NULL;NULL;NULL;9;3;6;9;0.333333333;0.666666667;40;2;2;40;0.05;0.05;12;1;1;12;0.083333333;0.083333333;NULL;NULL;NULL;NULL;NULL;NULL;21;2;2;21;0.095238095;0.095238095;NULL;NULL;NULL;NULL;NULL;NULL;NULL;NULL;NULL;NULL;NULL;NULL;Yes
Male;Yes;Yes;9;6;6;0;6;1;0;6;6;0;6;1;0;7;7;0;7;1;0;1;1;0;1;1;0;5;5;0;5;1;0;5;3;2;5;0.6;0.4;5;5;0;5;1;0;1;1;0;1;1;0;3;1;2;3;0.333333333;0.666666667;4;4;0;4;1;0;1;1;0;1;1;0;3;3;0;3;1;0;3;2;1;3;0.666666667;0.333333333;6;6;0;6;1;0;4;4;0;4;1;0;2;2;0;2;1;0;3;3;0;3;1;0;3;2;1;3;0.666666667;0.333333333;3;1;2;3;0.333333333;0.666666667;2;0;2;2;0;1;NULL;NULL;NULL;NULL;NULL;NULL;3;2;1;3;0.666666667;0.333333333;4;2;2;4;0.5;0.5;3;1;2;3;0.333333333;0.666666667;NULL;NULL;NULL;NULL;NULL;NULL;3;0;3;3;0;1;14;0;1;14;0;0.071428571;20;0;3;20;0;0.15;NULL;NULL;NULL;NULL;NULL;NULL;21;0;4;21;0;0.19047619;NULL;NULL;NULL;NULL;NULL;NULL;NULL;NULL;NULL;NULL;NULL;NULL;Yes
Female;No;Yes;9;4;4;0;4;1;0;5;5;0;5;1;0;4;3;1;4;0.75;0.25;4;0;4;4;0;1;3;3;0;3;1;0;2;2;0;2;1;0;3;3;0;3;1;0;2;1;1;2;0.5;0.5;3;3;0;3;1;0;3;0;3;3;0;1;5;4;1;5;0.8;0.2;2;1;1;2;0.5;0.5;3;2;1;3;0.666666667;0.333333333;5;5;0;5;1;0;3;3;0;3;1;0;4;4;0;4;1;0;3;3;0;3;1;0;4;3;1;4;0.75;0.25;3;3;0;3;1;0;1;1;0;1;1;0;NULL;NULL;NULL;NULL;NULL;NULL;3;0;3;3;0;1;1;1;0;1;1;0;1;0;1;1;0;1;NULL;NULL;NULL;NULL;NULL;NULL;2;2;0;2;1;0;18;2;0;18;0.111111111;0;6;1;0;6;0.166666667;0;NULL;NULL;NULL;NULL;NULL;NULL;11;0;2;11;0;0.181818182;NULL;NULL;NULL;NULL;NULL;NULL;NULL;NULL;NULL;NULL;NULL;NULL;Yes
Female;Yes;No;9;11;11;0;11;1;0;6;5;1;6;0.833333333;0.166666667;7;7;0;7;1;0;2;1;1;2;0.5;0.5;7;6;1;7;0.857142857;0.142857143;4;4;0;4;1;0;6;6;0;6;1;0;6;6;0;6;1;0;2;1;1;2;0.5;0.5;10;0;10;10;0;1;6;2;4;6;0.333333333;0.666666667;4;1;3;4;0.25;0.75;3;3;0;3;1;0;8;8;0;8;1;0;7;7;0;7;1;0;7;6;1;7;0.857142857;0.142857143;3;2;1;3;0.666666667;0.333333333;3;0;3;3;0;1;4;1;3;4;0.25;0.75;3;1;2;3;0.333333333;0.666666667;NULL;NULL;NULL;NULL;NULL;NULL;5;3;2;5;0.6;0.4;9;9;0;9;1;0;3;3;0;3;1;0;NULL;NULL;NULL;NULL;NULL;NULL;7;5;2;7;0.714285714;0.285714286;44;3;1;44;0.068181818;0.022727273;26;2;2;26;0.076923077;0.076923077;NULL;NULL;NULL;NULL;NULL;NULL;21;1;3;21;0.047619048;0.142857143;NULL;NULL;NULL;NULL;NULL;NULL;NULL;NULL;NULL;NULL;NULL;NULL;Yes
Male;Yes;No;9;10;10;0;10;1;0;7;7;0;7;1;0;3;0;3;3;0;1;10;0;10;10;0;1;6;3;3;6;0.5;0.5;6;0;6;6;0;1;2;2;0;2;1;0;4;2;2;4;0.5;0.5;4;2;2;4;0.5;0.5;6;5;1;6;0.833333333;0.166666667;5;1;4;5;0.2;0.8;3;0;3;3;0;1;7;6;1;7;0.857142857;0.142857143;9;9;0;9;1;0;3;3;0;3;1;0;3;3;0;3;1;0;3;3;0;3;1;0;5;2;3;5;0.4;0.6;5;4;1;5;0.8;0.2;10;0;10;10;0;1;NULL;NULL;NULL;NULL;NULL;NULL;6;4;2;6;0.666666667;0.333333333;5;3;2;5;0.6;0.4;4;2;2;4;0.5;0.5;NULL;NULL;NULL;NULL;NULL;NULL;6;5;1;6;0.833333333;0.166666667;32;2;1;32;0.0625;0.03125;18;2;1;18;0.111111111;0.055555556;NULL;NULL;NULL;NULL;NULL;NULL;17;0;3;17;0;0.176470588;NULL;NULL;NULL;NULL;NULL;NULL;NULL;NULL;NULL;NULL;NULL;NULL;Yes
Male;Yes;Yes;9;6;6;0;6;1;0;6;6;0;6;1;0;6;6;0;6;1;0;2;2;0;2;1;0;5;5;0;5;1;0;4;3;1;4;0.75;0.25;1;1;0;1;1;0;3;3;0;3;1;0;3;2;1;3;0.666666667;0.333333333;4;3;1;4;0.75;0.25;2;1;1;2;0.5;0.5;3;2;1;3;0.666666667;0.333333333;1;1;0;1;1;0;4;4;0;4;1;0;2;2;0;2;1;0;2;2;0;2;1;0;4;4;0;4;1;0;3;1;2;3;0.333333333;0.666666667;3;2;1;3;0.666666667;0.333333333;3;2;1;3;0.666666667;0.333333333;NULL;NULL;NULL;NULL;NULL;NULL;2;1;1;2;0.5;0.5;5;2;3;5;0.4;0.6;2;2;0;2;1;0;NULL;NULL;NULL;NULL;NULL;NULL;6;4;2;6;0.666666667;0.333333333;6;0;0;6;0;0;6;1;0;6;0.166666667;0;NULL;NULL;NULL;NULL;NULL;NULL;15;0;2;15;0;0.133333333;NULL;NULL;NULL;NULL;NULL;NULL;NULL;NULL;NULL;NULL;NULL;NULL;Yes
Male;Yes;No;9;9;9;0;9;1;0;7;6;1;7;0.857142857;0.142857143;5;5;0;5;1;0;2;2;0;2;1;0;2;2;0;2;1;0;1;1;0;1;1;0;3;3;0;3;1;0;3;3;0;3;1;0;2;0;2;2;0;1;3;3;0;3;1;0;1;0;1;1;0;1;1;1;0;1;1;0;2;2;0;2;1;0;6;6;0;6;1;0;4;4;0;4;1;0;3;3;0;3;1;0;3;3;0;3;1;0;2;2;0;2;1;0;1;1;0;1;1;0;2;1;1;2;0.5;0.5;NULL;NULL;NULL;NULL;NULL;NULL;2;2;0;2;1;0;5;2;3;5;0.4;0.6;3;1;2;3;0.333333333;0.666666667;NULL;NULL;NULL;NULL;NULL;NULL;4;2;2;4;0.5;0.5;10;0;1;10;0;0.1;12;2;0;12;0.166666667;0;NULL;NULL;NULL;NULL;NULL;NULL;19;0;3;19;0;0.157894737;NULL;NULL;NULL;NULL;NULL;NULL;NULL;NULL;NULL;NULL;NULL;NULL;Yes
Female;Yes;No;9;10;10;0;10;1;0;7;7;0;7;1;0;6;6;0;6;1;0;2;2;0;2;1;0;4;4;0;4;1;0;2;2;0;2;1;0;4;4;0;4;1;0;2;2;0;2;1;0;2;2;0;2;1;0;7;7;0;7;1;0;4;3;1;4;0.75;0.25;4;3;1;4;0.75;0.25;2;2;0;2;1;0;7;7;0;7;1;0;4;4;0;4;1;0;3;3;0;3;1;0;6;6;0;6;1;0;3;3;0;3;1;0;4;2;2;4;0.5;0.5;3;0;3;3;0;1;NULL;NULL;NULL;NULL;NULL;NULL;2;0;2;2;0;1;3;2;1;3;0.666666667;0.333333333;3;2;1;3;0.666666667;0.333333333;NULL;NULL;NULL;NULL;NULL;NULL;4;3;1;4;0.75;0.25;18;2;0;18;0.111111111;0;6;0;1;6;0;0.166666667;NULL;NULL;NULL;NULL;NULL;NULL;21;1;3;21;0.047619048;0.142857143;NULL;NULL;NULL;NULL;NULL;NULL;NULL;NULL;NULL;NULL;NULL;NULL;Yes
Female;Yes;No;9;7;7;0;7;1;0;9;9;0;9;1;0;6;6;0;6;1;0;3;3;0;3;1;0;6;6;0;6;1;0;3;3;0;3;1;0;4;4;0;4;1;0;5;4;1;5;0.8;0.2;4;2;2;4;0.5;0.5;6;6;0;6;1;0;4;2;2;4;0.5;0.5;5;3;2;5;0.6;0.4;3;0;3;3;0;1;10;10;0;10;1;0;3;3;0;3;1;0;4;4;0;4;1;0;4;4;0;4;1;0;5;4;1;5;0.8;0.2;3;2;1;3;0.666666667;0.333333333;4;2;2;4;0.5;0.5;NULL;NULL;NULL;NULL;NULL;NULL;6;4;2;6;0.666666667;0.333333333;8;1;7;8;125;875;2;0;2;2;0;1;NULL;NULL;NULL;NULL;NULL;NULL;5;1;4;5;0.2;0.8;24;2;0;24;0.083333333;0;18;1;2;18;0.055555556;0.111111111;NULL;NULL;NULL;NULL;NULL;NULL;21;0;4;21;0;0.19047619;NULL;NULL;NULL;NULL;NULL;NULL;NULL;NULL;NULL;NULL;NULL;NULL;Yes
Male;Yes;No;9;10;10;0;10;1;0;6;6;0;6;1;0;4;0;4;4;0;1;1;1;0;1;1;0;2;0;2;2;0;1;3;2;1;3;0.666666667;0.333333333;5;5;0;5;1;0;3;3;0;3;1;0;1;1;0;1;1;0;5;5;0;5;1;0;3;2;1;3;0.666666667;0.333333333;3;3;0;3;1;0;4;1;3;4;0.25;0.75;6;6;0;6;1;0;2;2;0;2;1;0;3;3;0;3;1;0;3;3;0;3;1;0;3;3;0;3;1;0;3;2;1;3;0.666666667;0.333333333;2;1;1;2;0.5;0.5;NULL;NULL;NULL;NULL;NULL;NULL;5;3;2;5;0.6;0.4;2;2;0;2;1;0;3;1;2;3;0.333333333;0.666666667;NULL;NULL;NULL;NULL;NULL;NULL;2;2;0;2;1;0;18;2;0;18;0.111111111;0;32;2;3;32;0.0625;0.09375;NULL;NULL;NULL;NULL;NULL;NULL;21;1;3;21;0.047619048;0.142857143;NULL;NULL;NULL;NULL;NULL;NULL;NULL;NULL;NULL;NULL;NULL;NULL;Yes
Male;Yes;No;9;6;6;0;6;1;0;8;8;0;8;1;0;5;5;0;5;1;0;2;2;0;2;1;0;4;4;0;4;1;0;2;2;0;2;1;0;4;4;0;4;1;0;4;4;0;4;1;0;3;3;0;3;1;0;5;5;0;5;1;0;4;3;1;4;0.75;0.25;4;4;0;4;1;0;3;1;2;3;0.333333333;0.666666667;7;7;0;7;1;0;5;5;0;5;1;0;3;3;0;3;1;0;2;2;0;2;1;0;4;4;0;4;1;0;2;0;2;2;0;1;2;0;2;2;0;1;NULL;NULL;NULL;NULL;NULL;NULL;3;2;1;3;0.666666667;0.333333333;3;2;1;3;0.666666667;0.333333333;2;1;1;2;0.5;0.5;NULL;NULL;NULL;NULL;NULL;NULL;3;2;1;3;0.666666667;0.333333333;18;2;0;18;0.111111111;0;22;3;0;22;0.136363636;0;NULL;NULL;NULL;NULL;NULL;NULL;18;0;3;18;0;0.166666667;NULL;NULL;NULL;NULL;NULL;NULL;NULL;NULL;NULL;NULL;NULL;NULL;Yes
Female;Yes;No;9;6;6;0;6;1;0;6;6;0;6;1;0;5;5;0;5;1;0;4;4;0;4;1;0;6;5;1;6;0.833333333;0.166666667;2;2;0;2;1;0;2;2;0;2;1;0;4;3;1;4;0.75;0.25;1;1;0;1;1;0;6;6;0;6;1;0;3;3;0;3;1;0;4;2;2;4;0.5;0.5;5;3;2;5;0.6;0.4;6;6;0;6;1;0;4;3;1;4;0.75;0.25;3;3;0;3;1;0;2;2;0;2;1;0;5;5;0;5;1;0;6;0;6;6;0;1;1;0;1;1;0;1;NULL;NULL;NULL;NULL;NULL;NULL;3;1;2;3;0.333333333;0.666666667;5;4;1;5;0.8;0.2;3;2;1;3;0.666666667;0.333333333;NULL;NULL;NULL;NULL;NULL;NULL;3;1;2;3;0.333333333;0.666666667;2;0;0;2;0;0;12;1;1;12;0.083333333;0.083333333;NULL;NULL;NULL;NULL;NULL;NULL;16;0;3;16;0;0.1875;NULL;NULL;NULL;NULL;NULL;NULL;NULL;NULL;NULL;NULL;NULL;NULL;Yes
Female;Yes;No;9;5;5;0;5;1;0;7;7;0;7;1;0;6;6;0;6;1;0;3;3;0;3;1;0;3;3;0;3;1;0;4;2;2;4;0.5;0.5;5;5;0;5;1;0;4;3;1;4;0.75;0.25;2;2;0;2;1;0;4;4;0;4;1;0;5;5;0;5;1;0;1;0;1;1;0;1;2;2;0;2;1;0;6;6;0;6;1;0;4;4;0;4;1;0;3;3;0;3;1;0;4;4;0;4;1;0;3;3;0;3;1;0;2;2;0;2;1;0;2;2;0;2;1;0;NULL;NULL;NULL;NULL;NULL;NULL;4;3;1;4;0.75;0.25;6;4;2;6;0.666666667;0.333333333;3;3;0;3;1;0;NULL;NULL;NULL;NULL;NULL;NULL;5;4;1;5;0.8;0.2;30;2;1;30;0.066666667;0.033333333;12;1;1;12;0.083333333;0.083333333;NULL;NULL;NULL;NULL;NULL;NULL;21;1;3;21;0.047619048;0.142857143;NULL;NULL;NULL;NULL;NULL;NULL;NULL;NULL;NULL;NULL;NULL;NULL;Yes
Male;Yes;Yes;9;7;7;0;7;1;0;8;8;0;8;1;0;5;5;0;5;1;0;4;2;2;4;0.5;0.5;5;5;0;5;1;0;4;3;1;4;0.75;0.25;5;5;0;5;1;0;3;3;0;3;1;0;3;1;2;3;0.333333333;0.666666667;7;7;0;7;1;0;2;1;1;2;0.5;0.5;6;5;1;6;0.833333333;0.166666667;4;3;1;4;0.75;0.25;8;8;0;8;1;0;4;4;0;4;1;0;3;2;1;3;0.666666667;0.333333333;4;3;1;4;0.75;0.25;4;1;3;4;0.25;0.75;4;2;2;4;0.5;0.5;4;1;3;4;0.25;0.75;NULL;NULL;NULL;NULL;NULL;NULL;4;4;0;4;1;0;6;4;2;6;0.666666667;0.333333333;4;4;0;4;1;0;NULL;NULL;NULL;NULL;NULL;NULL;7;5;2;7;0.714285714;0.285714286;24;1;1;24;0.041666667;0.041666667;30;2;2;30;0.066666667;0.066666667;NULL;NULL;NULL;NULL;NULL;NULL;21;1;3;21;0.047619048;0.142857143;NULL;NULL;NULL;NULL;NULL;NULL;NULL;NULL;NULL;NULL;NULL;NULL;Yes
Female;Yes;No;9;9;9;0;9;1;0;8;8;0;8;1;0;7;7;0;7;1;0;3;3;0;3;1;0;7;6;1;7;0.857142857;0.142857143;6;5;1;6;0.833333333;0.166666667;4;3;1;4;0.75;0.25;3;3;0;3;1;0;4;1;3;4;0.25;0.75;5;5;0;5;1;0;4;4;0;4;1;0;3;3;0;3;1;0;5;4;1;5;0.8;0.2;6;6;0;6;1;0;6;6;0;6;1;0;3;3;0;3;1;0;3;3;0;3;1;0;2;0;2;2;0;1;3;3;0;3;1;0;4;0;4;4;0;1;NULL;NULL;NULL;NULL;NULL;NULL;3;2;1;3;0.666666667;0.333333333;6;5;1;6;0.833333333;0.166666667;2;1;1;2;0.5;0.5;NULL;NULL;NULL;NULL;NULL;NULL;6;4;2;6;0.666666667;0.333333333;16;0;1;16;0;0.0625;14;0;2;14;0;0.142857143;NULL;NULL;NULL;NULL;NULL;NULL;17;1;1;17;0.058823529;0.058823529;NULL;NULL;NULL;NULL;NULL;NULL;NULL;NULL;NULL;NULL;NULL;NULL;Yes
Male;Yes;No;9;13;13;0;13;1;0;9;9;0;9;1;0;6;6;0;6;1;0;2;2;0;2;1;0;4;4;0;4;1;0;4;3;1;4;0.75;0.25;6;6;0;6;1;0;4;4;0;4;1;0;1;1;0;1;1;0;4;4;0;4;1;0;6;3;3;6;0.5;0.5;4;3;1;4;0.75;0.25;5;2;3;5;0.4;0.6;9;8;1;9;0.888888889;0.111111111;6;6;0;6;1;0;4;4;0;4;1;0;4;4;0;4;1;0;3;2;1;3;0.666666667;0.333333333;3;3;0;3;1;0;6;1;5;6;0.166666667;0.833333333;NULL;NULL;NULL;NULL;NULL;NULL;4;2;2;4;0.5;0.5;5;3;2;5;0.6;0.4;7;1;6;7;0.142857143;0.857142857;NULL;NULL;NULL;NULL;NULL;NULL;4;2;2;4;0.5;0.5;8;0;0;8;0;0;12;1;1;12;0.083333333;0.083333333;NULL;NULL;NULL;NULL;NULL;NULL;21;2;2;21;0.095238095;0.095238095;NULL;NULL;NULL;NULL;NULL;NULL;NULL;NULL;NULL;NULL;NULL;NULL;Yes
Female;Yes;No;9;10;10;0;10;1;0;8;8;0;8;1;0;6;6;0;6;1;0;4;4;0;4;1;0;5;5;0;5;1;0;3;3;0;3;1;0;4;4;0;4;1;0;3;3;0;3;1;0;3;3;0;3;1;0;6;6;0;6;1;0;4;3;1;4;0.75;0.25;4;4;0;4;1;0;3;1;2;3;0.333333333;0.666666667;10;10;0;10;1;0;4;4;0;4;1;0;6;6;0;6;1;0;3;3;0;3;1;0;5;3;2;5;0.6;0.4;3;1;2;3;0.333333333;0.666666667;1;1;0;1;1;0;NULL;NULL;NULL;NULL;NULL;NULL;3;3;0;3;1;0;6;5;1;6;0.833333333;0.166666667;4;4;0;4;1;0;NULL;NULL;NULL;NULL;NULL;NULL;6;3;3;6;0.5;0.5;46;0;4;46;0;0.086956522;12;2;0;12;0.166666667;0;NULL;NULL;NULL;NULL;NULL;NULL;21;1;3;21;0.047619048;0.142857143;NULL;NULL;NULL;NULL;NULL;NULL;NULL;NULL;NULL;NULL;NULL;NULL;Yes
Male;Yes;No;9;7;7;0;7;1;0;8;8;0;8;1;0;7;7;0;7;1;0;5;5;0;5;1;0;5;5;0;5;1;0;3;3;0;3;1;0;3;3;0;3;1;0;3;3;0;3;1;0;4;4;0;4;1;0;7;7;0;7;1;0;3;2;1;3;0.666666667;0.333333333;5;5;0;5;1;0;3;2;1;3;0.666666667;0.333333333;6;6;0;6;1;0;4;4;0;4;1;0;5;5;0;5;1;0;7;7;0;7;1;0;4;4;0;4;1;0;3;1;2;3;0.333333333;0.666666667;2;0;2;2;0;1;NULL;NULL;NULL;NULL;NULL;NULL;5;4;1;5;0.8;0.2;3;3;0;3;1;0;2;2;0;2;1;0;NULL;NULL;NULL;NULL;NULL;NULL;4;2;2;4;0.5;0.5;8;0;0;8;0;0;22;3;0;22;0.136363636;0;NULL;NULL;NULL;NULL;NULL;NULL;21;1;3;21;0.047619048;0.142857143;NULL;NULL;NULL;NULL;NULL;NULL;NULL;NULL;NULL;NULL;NULL;NULL;Yes
Female;Yes;No;9;7;7;0;7;1;0;10;10;0;10;1;0;5;5;0;5;1;0;1;1;0;1;1;0;2;2;0;2;1;0;4;3;1;4;0.75;0.25;1;0;1;1;0;1;2;1;1;2;0.5;0.5;2;1;1;2;0.5;0.5;6;6;0;6;1;0;4;4;0;4;1;0;4;3;1;4;0.75;0.25;6;2;4;6;0.333333333;0.666666667;6;6;0;6;1;0;6;6;0;6;1;0;4;4;0;4;1;0;4;4;0;4;1;0;4;0;4;4;0;1;4;0;4;4;0;1;3;0;3;3;0;1;NULL;NULL;NULL;NULL;NULL;NULL;4;3;1;4;0.75;0.25;3;2;1;3;0.666666667;0.333333333;3;1;2;3;0.333333333;0.666666667;NULL;NULL;NULL;NULL;NULL;NULL;2;0;2;2;0;1;18;0;2;18;0;0.111111111;26;3;1;26;0.115384615;0.038461538;NULL;NULL;NULL;NULL;NULL;NULL;21;1;3;21;0.047619048;0.142857143;NULL;NULL;NULL;NULL;NULL;NULL;NULL;NULL;NULL;NULL;NULL;NULL;Yes
Male;Yes;No;9;11;11;0;11;1;0;4;4;0;4;1;0;6;6;0;6;1;0;2;1;1;2;0.5;0.5;4;4;0;4;1;0;4;1;3;4;0.25;0.75;3;3;0;3;1;0;9;2;7;9;0.222222222;0.777777778;5;3;2;5;0.6;0.4;6;6;0;6;1;0;3;2;1;3;0.666666667;0.333333333;3;3;0;3;1;0;4;2;2;4;0.5;0.5;10;10;0;10;1;0;4;4;0;4;1;0;3;3;0;3;1;0;4;3;1;4;0.75;0.25;5;3;2;5;0.6;0.4;9;1;8;9;0.111111111;0.888888889;9;1;8;9;0.111111111;0.888888889;NULL;NULL;NULL;NULL;NULL;NULL;8;3;5;8;375;625;8;0;8;8;0;1;4;1;3;4;0.25;0.75;NULL;NULL;NULL;NULL;NULL;NULL;8;1;7;8;125;875;38;0;3;38;0;0.078947368;20;2;1;20;0.1;0.05;NULL;NULL;NULL;NULL;NULL;NULL;21;0;4;21;0;0.19047619;NULL;NULL;NULL;NULL;NULL;NULL;NULL;NULL;NULL;NULL;NULL;NULL;Yes
Male;Yes;No;9;8;8;0;8;1;0;6;5;1;6;0.833333333;0.166666667;4;4;0;4;1;0;4;0;4;4;0;1;6;6;0;6;1;0;6;1;5;6;0.166666667;0.833333333;4;4;0;4;1;0;1;1;0;1;1;0;2;0;2;2;0;1;4;4;0;4;1;0;3;3;0;3;1;0;4;3;1;4;0.75;0.25;3;2;1;3;0.666666667;0.333333333;6;6;0;6;1;0;3;3;0;3;1;0;4;4;0;4;1;0;4;4;0;4;1;0;4;1;3;4;0.25;0.75;3;1;2;3;0.333333333;0.666666667;3;0;3;3;0;1;NULL;NULL;NULL;NULL;NULL;NULL;3;3;0;3;1;0;1;0;1;1;0;1;2;0;2;2;0;1;NULL;NULL;NULL;NULL;NULL;NULL;9;7;2;9;0.777777778;0.222222222;38;2;1;38;0.052631579;0.026315789;18;2;1;18;0.111111111;0.055555556;NULL;NULL;NULL;NULL;NULL;NULL;21;1;3;21;0.047619048;0.142857143;NULL;NULL;NULL;NULL;NULL;NULL;NULL;NULL;NULL;NULL;NULL;NULL;Yes
Female;Yes;Yes;9;1;1;0;1;1;0;2;2;0;2;1;0;2;2;0;2;1;0;2;2;0;2;1;0;4;4;0;4;1;0;1;1;0;1;1;0;2;2;0;2;1;0;2;2;0;2;1;0;2;2;0;2;1;0;3;2;1;3;0.666666667;0.333333333;1;1;0;1;1;0;1;0;1;1;0;1;1;1;0;1;1;0;3;3;0;3;1;0;0;0;0;0;0;0;2;2;0;2;1;0;4;4;0;4;1;0;2;0;2;2;0;1;2;1;1;2;0.5;0.5;2;1;1;2;0.5;0.5;NULL;NULL;NULL;NULL;NULL;NULL;2;2;0;2;1;0;1;0;1;1;0;1;1;1;0;1;1;0;NULL;NULL;NULL;NULL;NULL;NULL;3;2;1;3;0.666666667;0.333333333;4;0;0;4;0;0;6;0;1;6;0;0.166666667;NULL;NULL;NULL;NULL;NULL;NULL;15;0;2;15;0;0.133333333;NULL;NULL;NULL;NULL;NULL;NULL;NULL;NULL;NULL;NULL;NULL;NULL;Yes
Male;Yes;No;10;5;5;0;5;1;0;7;7;0;7;1;0;6;5;1;6;0.833333333;0.166666667;3;3;0;3;1;0;5;5;0;5;1;0;2;0;2;2;0;1;4;4;0;4;1;0;2;2;0;2;1;0;3;1;2;3;0.333333333;0.666666667;6;6;0;6;1;0;6;5;1;6;0.833333333;0.166666667;4;4;0;4;1;0;3;2;1;3;0.666666667;0.333333333;6;6;0;6;1;0;4;4;0;4;1;0;6;6;0;6;1;0;3;3;0;3;1;0;3;3;0;3;1;0;2;1;1;2;0.5;0.5;2;0;2;2;0;1;NULL;NULL;NULL;NULL;NULL;NULL;3;2;1;3;0.666666667;0.333333333;3;2;1;3;0.666666667;0.333333333;2;2;0;2;1;0;NULL;NULL;NULL;NULL;NULL;NULL;1;0;1;1;0;1;10;1;0;10;0.1;0;25;2;1;25;0.08;0.04;NULL;NULL;NULL;NULL;NULL;NULL;9;0;1;9;0;0.111111111;NULL;NULL;NULL;NULL;NULL;NULL;NULL;NULL;NULL;NULL;NULL;NULL;No
Female;Yes;No;10;3;3;0;3;1;0;7;7;0;7;1;0;5;5;0;5;1;0;3;3;0;3;1;0;3;0;3;3;0;1;4;3;1;4;0.75;0.25;2;2;0;2;1;0;4;4;0;4;1;0;2;2;0;2;1;0;2;1;1;2;0.5;0.5;2;0;2;2;0;1;1;0;1;1;0;1;2;2;0;2;1;0;7;7;0;7;1;0;4;4;0;4;1;0;4;4;0;4;1;0;4;4;0;4;1;0;3;0;3;3;0;1;5;3;2;5;0.6;0.4;2;0;2;2;0;1;NULL;NULL;NULL;NULL;NULL;NULL;4;3;1;4;0.75;0.25;5;1;4;5;0.2;0.8;2;2;0;2;1;0;NULL;NULL;NULL;NULL;NULL;NULL;6;3;3;6;0.5;0.5;20;1;1;20;0.05;0.05;26;4;0;26;0.153846154;0;NULL;NULL;NULL;NULL;NULL;NULL;21;0;4;21;0;0.19047619;NULL;NULL;NULL;NULL;NULL;NULL;NULL;NULL;NULL;NULL;NULL;NULL;No
Male;Yes;No;10;6;6;0;6;1;0;8;8;0;8;1;0;5;5;0;5;1;0;5;5;0;5;1;0;2;0;2;2;0;1;2;2;0;2;1;0;3;3;0;3;1;0;3;3;0;3;1;0;2;2;0;2;1;0;5;5;0;5;1;0;2;2;0;2;1;0;2;2;0;2;1;0;3;3;0;3;1;0;6;6;0;6;1;0;5;5;0;5;1;0;4;4;0;4;1;0;4;4;0;4;1;0;1;0;1;1;0;1;2;1;1;2;0.5;0.5;1;1;0;1;1;0;NULL;NULL;NULL;NULL;NULL;NULL;4;3;1;4;0.75;0.25;3;3;0;3;1;0;4;4;0;4;1;0;NULL;NULL;NULL;NULL;NULL;NULL;2;2;0;2;1;0;12;0;1;12;0;0.083333333;32;5;0;32;0.15625;0;NULL;NULL;NULL;NULL;NULL;NULL;21;2;2;21;0.095238095;0.095238095;NULL;NULL;NULL;NULL;NULL;NULL;NULL;NULL;NULL;NULL;NULL;NULL;No
Female;Yes;No;10;9;8;1;9;0.888888889;0.111111111;9;8;1;9;0.888888889;0.111111111;6;6;0;6;1;0;7;0;7;7;0;1;4;4;0;4;1;0;3;3;0;3;1;0;1;1;0;1;1;0;3;3;0;3;1;0;2;2;0;2;1;0;5;5;0;5;1;0;3;3;0;3;1;0;2;2;0;2;1;0;3;3;0;3;1;0;8;8;0;8;1;0;4;4;0;4;1;0;6;6;0;6;1;0;3;3;0;3;1;0;4;4;0;4;1;0;3;1;2;3;0.333333333;0.666666667;2;0;2;2;0;1;NULL;NULL;NULL;NULL;NULL;NULL;3;3;0;3;1;0;4;4;0;4;1;0;5;4;1;5;0.8;0.2;NULL;NULL;NULL;NULL;NULL;NULL;4;3;1;4;0.75;0.25;36;3;0;36;0.083333333;0;18;3;0;18;0.166666667;0;NULL;NULL;NULL;NULL;NULL;NULL;21;0;4;21;0;0.19047619;NULL;NULL;NULL;NULL;NULL;NULL;NULL;NULL;NULL;NULL;NULL;NULL;No
Female;Yes;No;10;9;9;0;9;1;0;9;9;0;9;1;0;7;7;0;7;1;0;4;4;0;4;1;0;6;6;0;6;1;0;3;1;2;3;0.333333333;0.666666667;2;2;0;2;1;0;5;5;0;5;1;0;3;3;0;3;1;0;7;7;0;7;1;0;5;4;1;5;0.8;0.2;3;3;0;3;1;0;3;2;1;3;0.666666667;0.333333333;8;8;0;8;1;0;6;6;0;6;1;0;7;7;0;7;1;0;4;4;0;4;1;0;4;4;0;4;1;0;5;4;1;5;0.8;0.2;3;0;3;3;0;1;NULL;NULL;NULL;NULL;NULL;NULL;7;5;2;7;0.714285714;0.285714286;7;2;5;7;0.285714286;0.714285714;5;5;0;5;1;0;NULL;NULL;NULL;NULL;NULL;NULL;10;6;4;10;0.6;0.4;40;4;0;40;0.1;0;26;2;2;26;0.076923077;0.076923077;NULL;NULL;NULL;NULL;NULL;NULL;21;0;4;21;0;0.19047619;NULL;NULL;NULL;NULL;NULL;NULL;NULL;NULL;NULL;NULL;NULL;NULL;No
Female;Yes;No;10;10;10;0;10;1;0;9;9;0;9;1;0;8;8;0;8;1;0;2;2;0;2;1;0;3;3;0;3;1;0;4;3;1;4;0.75;0.25;2;2;0;2;1;0;1;0;1;1;0;1;2;2;0;2;1;0;8;8;0;8;1;0;5;5;0;5;1;0;2;1;1;2;0.5;0.5;6;5;1;6;0.833333333;0.166666667;8;8;0;8;1;0;6;6;0;6;1;0;5;5;0;5;1;0;4;4;0;4;1;0;5;4;1;5;0.8;0.2;3;1;2;3;0.333333333;0.666666667;1;0;1;1;0;1;NULL;NULL;NULL;NULL;NULL;NULL;3;1;2;3;0.333333333;0.666666667;5;5;0;5;1;0;3;1;2;3;0.333333333;0.666666667;NULL;NULL;NULL;NULL;NULL;NULL;10;9;1;10;0.9;0.1;18;2;0;18;0.111111111;0;18;2;1;18;0.111111111;0.055555556;NULL;NULL;NULL;NULL;NULL;NULL;21;2;2;21;0.095238095;0.095238095;NULL;NULL;NULL;NULL;NULL;NULL;NULL;NULL;NULL;NULL;NULL;NULL;No
Male;Yes;No;10;7;7;0;7;1;0;7;7;0;7;1;0;5;4;1;5;0.8;0.2;2;2;0;2;1;0;4;4;0;4;1;0;4;2;2;4;0.5;0.5;5;5;0;5;1;0;5;5;0;5;1;0;2;2;0;2;1;0;8;8;0;8;1;0;6;4;2;6;0.666666667;0.333333333;3;2;1;3;0.666666667;0.333333333;4;0;4;4;0;1;7;7;0;7;1;0;3;3;0;3;1;0;4;4;0;4;1;0;3;3;0;3;1;0;3;3;0;3;1;0;3;2;1;3;0.666666667;0.333333333;3;1;2;3;0.333333333;0.666666667;NULL;NULL;NULL;NULL;NULL;NULL;5;3;2;5;0.6;0.4;5;5;0;5;1;0;4;4;0;4;1;0;NULL;NULL;NULL;NULL;NULL;NULL;4;2;2;4;0.5;0.5;14;0;1;14;0;0.071428571;28;3;1;28;0.107142857;0.035714286;NULL;NULL;NULL;NULL;NULL;NULL;21;2;2;21;0.095238095;0.095238095;NULL;NULL;NULL;NULL;NULL;NULL;NULL;NULL;NULL;NULL;NULL;NULL;No
Female;Yes;No;10;7;7;0;7;1;0;8;8;0;8;1;0;8;8;0;8;1;0;4;4;0;4;1;0;5;5;0;5;1;0;3;3;0;3;1;0;5;5;0;5;1;0;6;6;0;6;1;0;3;3;0;3;1;0;6;6;0;6;1;0;4;4;0;4;1;0;3;1;2;3;0.333333333;0.666666667;4;4;0;4;1;0;6;6;0;6;1;0;3;3;0;3;1;0;4;4;0;4;1;0;5;5;0;5;1;0;3;3;0;3;1;0;3;3;0;3;1;0;2;1;1;2;0.5;0.5;NULL;NULL;NULL;NULL;NULL;NULL;3;2;1;3;0.666666667;0.333333333;4;2;2;4;0.5;0.5;2;2;0;2;1;0;NULL;NULL;NULL;NULL;NULL;NULL;4;0;4;4;0;1;18;2;0;18;0.111111111;0;18;3;0;18;0.166666667;0;NULL;NULL;NULL;NULL;NULL;NULL;21;0;4;21;0;0.19047619;NULL;NULL;NULL;NULL;NULL;NULL;NULL;NULL;NULL;NULL;NULL;NULL;No
Female;Yes;No;10;9;9;0;9;1;0;9;9;0;9;1;0;7;7;0;7;1;0;3;3;0;3;1;0;5;5;0;5;1;0;3;3;0;3;1;0;6;6;0;6;1;0;8;6;2;8;0.75;0.25;4;4;0;4;1;0;5;5;0;5;1;0;2;2;0;2;1;0;4;3;1;4;0.75;0.25;3;3;0;3;1;0;8;8;0;8;1;0;4;4;0;4;1;0;6;6;0;6;1;0;7;6;1;7;0.857142857;0.142857143;4;1;3;4;0.25;0.75;5;5;0;5;1;0;3;0;3;3;0;1;NULL;NULL;NULL;NULL;NULL;NULL;3;1;2;3;0.333333333;0.666666667;6;5;1;6;0.833333333;0.166666667;2;2;0;2;1;0;NULL;NULL;NULL;NULL;NULL;NULL;1;0;1;1;0;1;40;2;2;40;0.05;0.05;12;1;1;12;0.083333333;0.083333333;NULL;NULL;NULL;NULL;NULL;NULL;21;2;2;21;0.095238095;0.095238095;NULL;NULL;NULL;NULL;NULL;NULL;NULL;NULL;NULL;NULL;NULL;NULL;No
Female;Yes;No;10;11;11;0;11;1;0;7;7;0;7;1;0;7;7;0;7;1;0;3;3;0;3;1;0;7;7;0;7;1;0;4;4;0;4;1;0;6;6;0;6;1;0;6;6;0;6;1;0;3;3;0;3;1;0;7;7;0;7;1;0;5;5;0;5;1;0;4;4;0;4;1;0;5;5;0;5;1;0;9;9;0;9;1;0;7;7;0;7;1;0;6;6;0;6;1;0;3;3;0;3;1;0;4;4;0;4;1;0;4;3;1;4;0.75;0.25;4;1;3;4;0.25;0.75;NULL;NULL;NULL;NULL;NULL;NULL;6;4;2;6;0.666666667;0.333333333;5;5;0;5;1;0;4;3;1;4;0.75;0.25;NULL;NULL;NULL;NULL;NULL;NULL;10;9;1;10;0.9;0.1;44;3;1;44;0.068181818;0.022727273;32;5;0;32;0.15625;0;NULL;NULL;NULL;NULL;NULL;NULL;21;2;2;21;0.095238095;0.095238095;NULL;NULL;NULL;NULL;NULL;NULL;NULL;NULL;NULL;NULL;NULL;NULL;No
Male;Yes;No;10;10;10;0;10;1;0;10;10;0;10;1;0;8;8;0;8;1;0;4;4;0;4;1;0;3;3;0;3;1;0;4;0;4;4;0;1;6;5;1;6;0.833333333;0.166666667;7;6;1;7;0.857142857;0.142857143;3;2;1;3;0.666666667;0.333333333;5;0;5;5;0;1;5;5;0;5;1;0;6;4;2;6;0.666666667;0.333333333;6;3;3;6;0.5;0.5;9;9;0;9;1;0;6;6;0;6;1;0;5;5;0;5;1;0;4;3;1;4;0.75;0.25;5;0;5;5;0;1;4;1;3;4;0.25;0.75;1;0;1;1;0;1;NULL;NULL;NULL;NULL;NULL;NULL;5;4;1;5;0.8;0.2;8;5;3;8;625;375;4;1;3;4;0.25;0.75;NULL;NULL;NULL;NULL;NULL;NULL;10;6;4;10;0.6;0.4;44;2;2;44;0.045454545;0.045454545;38;0;6;38;0;0.157894737;NULL;NULL;NULL;NULL;NULL;NULL;21;1;3;21;0.047619048;0.142857143;NULL;NULL;NULL;NULL;NULL;NULL;NULL;NULL;NULL;NULL;NULL;NULL;No
Female;Yes;No;10;11;11;0;11;1;0;10;10;0;10;1;0;7;7;0;7;1;0;1;1;0;1;1;0;5;5;0;5;1;0;3;3;0;3;1;0;7;7;0;7;1;0;6;6;0;6;1;0;2;2;0;2;1;0;6;5;1;6;0.833333333;0.166666667;2;2;0;2;1;0;5;4;1;5;0.8;0.2;1;1;0;1;1;0;9;9;0;9;1;0;4;4;0;4;1;0;8;8;0;8;1;0;6;5;1;6;0.833333333;0.166666667;3;3;0;3;1;0;7;7;0;7;1;0;7;6;1;7;0.857142857;0.142857143;NULL;NULL;NULL;NULL;NULL;NULL;5;2;3;5;0.4;0.6;5;4;1;5;0.8;0.2;3;3;0;3;1;0;NULL;NULL;NULL;NULL;NULL;NULL;10;7;3;10;0.7;0.3;32;1;2;32;0.03125;0.0625;12;1;1;12;0.083333333;0.083333333;NULL;NULL;NULL;NULL;NULL;NULL;21;3;1;21;0.142857143;0.047619048;NULL;NULL;NULL;NULL;NULL;NULL;NULL;NULL;NULL;NULL;NULL;NULL;No
Male;Yes;No;10;10;10;0;10;1;0;9;9;0;9;1;0;8;8;0;8;1;0;4;0;4;4;0;1;6;5;1;6;0.833333333;0.166666667;5;5;0;5;1;0;2;1;1;2;0.5;0.5;2;2;0;2;1;0;2;0;2;2;0;1;5;4;1;5;0.8;0.2;2;2;0;2;1;0;3;2;1;3;0.666666667;0.333333333;4;4;0;4;1;0;8;8;0;8;1;0;3;2;1;3;0.666666667;0.333333333;5;3;2;5;0.6;0.4;6;6;0;6;1;0;3;3;0;3;1;0;6;6;0;6;1;0;1;0;1;1;0;1;NULL;NULL;NULL;NULL;NULL;NULL;5;4;1;5;0.8;0.2;5;4;1;5;0.8;0.2;3;3;0;3;1;0;NULL;NULL;NULL;NULL;NULL;NULL;4;1;3;4;0.25;0.75;18;2;0;18;0.111111111;0;12;2;0;12;0.166666667;0;NULL;NULL;NULL;NULL;NULL;NULL;21;1;3;21;0.047619048;0.142857143;NULL;NULL;NULL;NULL;NULL;NULL;NULL;NULL;NULL;NULL;NULL;NULL;No
Female;Yes;No;10;10;10;0;10;1;0;8;8;0;8;1;0;5;5;0;5;1;0;2;2;0;2;1;0;5;5;0;5;1;0;3;3;0;3;1;0;7;7;0;7;1;0;4;3;1;4;0.75;0.25;4;3;1;4;0.75;0.25;5;5;0;5;1;0;4;3;1;4;0.75;0.25;3;2;1;3;0.666666667;0.333333333;4;3;1;4;0.75;0.25;9;9;0;9;1;0;4;4;0;4;1;0;6;6;0;6;1;0;4;3;1;4;0.75;0.25;4;0;4;4;0;1;2;1;1;2;0.5;0.5;5;2;3;5;0.4;0.6;NULL;NULL;NULL;NULL;NULL;NULL;5;4;1;5;0.8;0.2;5;3;2;5;0.6;0.4;2;2;0;2;1;0;NULL;NULL;NULL;NULL;NULL;NULL;8;7;1;8;875;125;26;2;0;26;0.076923077;0;26;4;0;26;0.153846154;0;NULL;NULL;NULL;NULL;NULL;NULL;21;0;4;21;0;0.19047619;NULL;NULL;NULL;NULL;NULL;NULL;NULL;NULL;NULL;NULL;NULL;NULL;No
Female;Yes;No;10;7;7;0;7;1;0;8;7;1;8;875;125;6;6;0;6;1;0;5;5;0;5;1;0;5;5;0;5;1;0;4;4;0;4;1;0;2;2;0;2;1;0;3;3;0;3;1;0;1;1;0;1;1;0;5;5;0;5;1;0;3;3;0;3;1;0;4;4;0;4;1;0;3;3;0;3;1;0;7;7;0;7;1;0;4;4;0;4;1;0;5;5;0;5;1;0;7;7;0;7;1;0;3;2;1;3;0.666666667;0.333333333;5;5;0;5;1;0;4;3;1;4;0.75;0.25;NULL;NULL;NULL;NULL;NULL;NULL;5;3;2;5;0.6;0.4;5;5;0;5;1;0;3;3;0;3;1;0;NULL;NULL;NULL;NULL;NULL;NULL;9;8;1;9;0.888888889;0.111111111;30;2;1;30;0.066666667;0.033333333;32;5;0;32;0.15625;0;NULL;NULL;NULL;NULL;NULL;NULL;21;0;4;21;0;0.19047619;NULL;NULL;NULL;NULL;NULL;NULL;NULL;NULL;NULL;NULL;NULL;NULL;No
Female;Yes;No;10;7;7;0;7;1;0;8;8;0;8;1;0;7;7;0;7;1;0;2;2;0;2;1;0;2;2;0;2;1;0;4;0;4;4;0;1;5;5;0;5;1;0;5;4;1;5;0.8;0.2;3;3;0;3;1;0;6;6;0;6;1;0;5;5;0;5;1;0;4;3;1;4;0.75;0.25;4;3;1;4;0.75;0.25;8;8;0;8;1;0;4;4;0;4;1;0;5;5;0;5;1;0;4;4;0;4;1;0;3;3;0;3;1;0;4;4;0;4;1;0;3;2;1;3;0.666666667;0.333333333;NULL;NULL;NULL;NULL;NULL;NULL;3;3;0;3;1;0;3;3;0;3;1;0;5;5;0;5;1;0;NULL;NULL;NULL;NULL;NULL;NULL;7;7;0;7;1;0;20;2;0;20;0.1;0;18;3;0;18;0.166666667;0;NULL;NULL;NULL;NULL;NULL;NULL;21;1;3;21;0.047619048;0.142857143;NULL;NULL;NULL;NULL;NULL;NULL;NULL;NULL;NULL;NULL;NULL;NULL;No
Female;Yes;No;10;9;9;0;9;1;0;10;10;0;10;1;0;7;7;0;7;1;0;5;5;0;5;1;0;7;7;0;7;1;0;3;3;0;3;1;0;5;4;1;5;0.8;0.2;5;5;0;5;1;0;2;2;0;2;1;0;7;7;0;7;1;0;4;3;1;4;0.75;0.25;6;5;1;6;0.833333333;0.166666667;5;5;0;5;1;0;8;8;0;8;1;0;4;4;0;4;1;0;7;7;0;7;1;0;4;4;0;4;1;0;4;4;0;4;1;0;7;5;2;7;0.714285714;0.285714286;3;2;1;3;0.666666667;0.333333333;NULL;NULL;NULL;NULL;NULL;NULL;6;2;4;6;0.333333333;0.666666667;7;7;0;7;1;0;4;3;1;4;0.75;0.25;NULL;NULL;NULL;NULL;NULL;NULL;2;2;0;2;1;0;34;2;1;34;0.058823529;0.029411765;40;6;0;40;0.15;0;NULL;NULL;NULL;NULL;NULL;NULL;21;2;2;21;0.095238095;0.095238095;NULL;NULL;NULL;NULL;NULL;NULL;NULL;NULL;NULL;NULL;NULL;NULL;No
Male;Yes;No;10;8;8;0;8;1;0;9;9;0;9;1;0;7;7;0;7;1;0;4;4;0;4;1;0;6;6;0;6;1;0;4;2;2;4;0.5;0.5;4;4;0;4;1;0;3;3;0;3;1;0;4;3;1;4;0.75;0.25;7;7;0;7;1;0;7;6;1;7;0.857142857;0.142857143;5;5;0;5;1;0;7;4;3;7;0.571428571;0.428571429;7;7;0;7;1;0;5;5;0;5;1;0;5;5;0;5;1;0;3;3;0;3;1;0;5;5;0;5;1;0;5;2;3;5;0.4;0.6;2;1;1;2;0.5;0.5;NULL;NULL;NULL;NULL;NULL;NULL;5;4;1;5;0.8;0.2;4;3;1;4;0.75;0.25;4;4;0;4;1;0;NULL;NULL;NULL;NULL;NULL;NULL;12;10;2;12;0.833333333;0.166666667;40;2;2;40;0.05;0.05;18;2;1;18;0.111111111;0.055555556;NULL;NULL;NULL;NULL;NULL;NULL;21;2;2;21;0.095238095;0.095238095;NULL;NULL;NULL;NULL;NULL;NULL;NULL;NULL;NULL;NULL;NULL;NULL;No
Male;Yes;No;10;9;9;0;9;1;0;8;8;0;8;1;0;6;6;0;6;1;0;4;4;0;4;1;0;3;0;3;3;0;1;3;3;0;3;1;0;6;6;0;6;1;0;6;6;0;6;1;0;3;3;0;3;1;0;7;7;0;7;1;0;3;3;0;3;1;0;2;2;0;2;1;0;6;5;1;6;0.833333333;0.166666667;9;9;0;9;1;0;5;5;0;5;1;0;6;6;0;6;1;0;4;4;0;4;1;0;6;3;3;6;0.5;0.5;4;3;1;4;0.75;0.25;1;0;1;1;0;1;NULL;NULL;NULL;NULL;NULL;NULL;6;5;1;6;0.833333333;0.166666667;4;3;1;4;0.75;0.25;6;6;0;6;1;0;NULL;NULL;NULL;NULL;NULL;NULL;11;7;4;11;0.636363636;0.363636364;32;2;1;32;0.0625;0.03125;26;3;1;26;0.115384615;0.038461538;NULL;NULL;NULL;NULL;NULL;NULL;21;2;2;21;0.095238095;0.095238095;NULL;NULL;NULL;NULL;NULL;NULL;NULL;NULL;NULL;NULL;NULL;NULL;No
Male;Yes;No;10;10;10;0;10;1;0;7;7;0;7;1;0;7;7;0;7;1;0;3;3;0;3;1;0;4;0;4;4;0;1;5;3;2;5;0.6;0.4;6;6;0;6;1;0;5;5;0;5;1;0;5;3;2;5;0.6;0.4;6;6;0;6;1;0;3;3;0;3;1;0;2;2;0;2;1;0;6;3;3;6;0.5;0.5;10;10;0;10;1;0;6;6;0;6;1;0;6;6;0;6;1;0;4;4;0;4;1;0;5;5;0;5;1;0;5;1;4;5;0.2;0.8;1;0;1;1;0;1;NULL;NULL;NULL;NULL;NULL;NULL;4;2;2;4;0.5;0.5;4;3;1;4;0.75;0.25;2;2;0;2;1;0;NULL;NULL;NULL;NULL;NULL;NULL;6;2;4;6;0.333333333;0.666666667;30;2;1;30;0.066666667;0.033333333;18;1;2;18;0.055555556;0.111111111;NULL;NULL;NULL;NULL;NULL;NULL;21;2;2;21;0.095238095;0.095238095;NULL;NULL;NULL;NULL;NULL;NULL;NULL;NULL;NULL;NULL;NULL;NULL;No
Female;Yes;No;10;8;8;0;8;1;0;7;7;0;7;1;0;6;6;0;6;1;0;5;3;2;5;0.6;0.4;3;3;0;3;1;0;5;4;1;5;0.8;0.2;6;6;0;6;1;0;4;3;1;4;0.75;0.25;4;2;2;4;0.5;0.5;4;2;2;4;0.5;0.5;4;2;2;4;0.5;0.5;3;2;1;3;0.666666667;0.333333333;6;4;2;6;0.666666667;0.333333333;6;6;0;6;1;0;5;5;0;5;1;0;3;3;0;3;1;0;3;2;1;3;0.666666667;0.333333333;3;1;2;3;0.333333333;0.666666667;4;1;3;4;0.25;0.75;1;0;1;1;0;1;NULL;NULL;NULL;NULL;NULL;NULL;5;3;2;5;0.6;0.4;4;3;1;4;0.75;0.25;3;2;1;3;0.666666667;0.333333333;NULL;NULL;NULL;NULL;NULL;NULL;6;3;3;6;0.5;0.5;32;2;1;32;0.0625;0.03125;12;0;2;12;0;0.166666667;NULL;NULL;NULL;NULL;NULL;NULL;21;1;3;21;0.047619048;0.142857143;NULL;NULL;NULL;NULL;NULL;NULL;NULL;NULL;NULL;NULL;NULL;NULL;No
Female;Yes;No;10;6;6;0;6;1;0;7;7;0;7;1;0;7;7;0;7;1;0;4;2;2;4;0.5;0.5;5;5;0;5;1;0;3;3;0;3;1;0;7;7;0;7;1;0;6;6;0;6;1;0;5;4;1;5;0.8;0.2;6;6;0;6;1;0;4;3;1;4;0.75;0.25;3;3;0;3;1;0;5;4;1;5;0.8;0.2;8;8;0;8;1;0;6;6;0;6;1;0;4;4;0;4;1;0;6;5;1;6;0.833333333;0.166666667;3;3;0;3;1;0;3;3;0;3;1;0;1;0;1;1;0;1;NULL;NULL;NULL;NULL;NULL;NULL;5;5;0;5;1;0;7;7;0;7;1;0;1;1;0;1;1;0;NULL;NULL;NULL;NULL;NULL;NULL;2;2;0;2;1;0;30;2;1;30;0.066666667;0.033333333;32;5;0;32;0.15625;0;NULL;NULL;NULL;NULL;NULL;NULL;19;1;2;19;0.052631579;0.105263158;NULL;NULL;NULL;NULL;NULL;NULL;NULL;NULL;NULL;NULL;NULL;NULL;No
Male;Yes;No;10;7;7;0;7;1;0;7;6;1;7;0.857142857;0.142857143;5;5;0;5;1;0;4;4;0;4;1;0;6;6;0;6;1;0;5;3;2;5;0.6;0.4;4;4;0;4;1;0;4;4;0;4;1;0;3;3;0;3;1;0;3;0;3;3;0;1;3;3;0;3;1;0;2;2;0;2;1;0;3;3;0;3;1;0;7;7;0;7;1;0;4;4;0;4;1;0;4;4;0;4;1;0;3;3;0;3;1;0;4;4;0;4;1;0;4;3;1;4;0.75;0.25;2;1;1;2;0.5;0.5;NULL;NULL;NULL;NULL;NULL;NULL;7;6;1;7;0.857142857;0.142857143;5;4;1;5;0.8;0.2;5;5;0;5;1;0;NULL;NULL;NULL;NULL;NULL;NULL;5;1;4;5;0.2;0.8;40;3;1;40;75;25;18;2;1;18;0.111111111;0.055555556;NULL;NULL;NULL;NULL;NULL;NULL;21;0;4;21;0;0.19047619;NULL;NULL;NULL;NULL;NULL;NULL;NULL;NULL;NULL;NULL;NULL;NULL;No
Male;Yes;No;10;6;6;0;6;1;0;10;10;0;10;1;0;8;7;1;8;875;125;4;4;0;4;1;0;4;3;1;4;0.75;0.25;5;2;3;5;0.4;0.6;6;6;0;6;1;0;4;3;1;4;0.75;0.25;1;0;1;1;0;1;9;9;0;9;1;0;5;4;1;5;0.8;0.2;5;4;1;5;0.8;0.2;6;3;3;6;0.5;0.5;9;9;0;9;1;0;5;5;0;5;1;0;5;5;0;5;1;0;4;4;0;4;1;0;5;2;3;5;0.4;0.6;5;3;2;5;0.6;0.4;3;1;2;3;0.333333333;0.666666667;NULL;NULL;NULL;NULL;NULL;NULL;6;4;2;6;0.666666667;0.333333333;7;5;2;7;0.714285714;0.285714286;3;2;1;3;0.666666667;0.333333333;NULL;NULL;NULL;NULL;NULL;NULL;10;7;3;10;0.7;0.3;50;1;3;50;0.02;0.06;34;1;4;34;0.029411765;0.117647059;NULL;NULL;NULL;NULL;NULL;NULL;21;0;4;21;0;0.19047619;NULL;NULL;NULL;NULL;NULL;NULL;NULL;NULL;NULL;NULL;NULL;NULL;No
Female;Yes;No;10;12;12;0;12;1;0;10;10;0;10;1;0;9;9;0;9;1;0;6;6;0;6;1;0;6;6;0;6;1;0;6;4;2;6;0.666666667;0.333333333;7;7;0;7;1;0;6;6;0;6;1;0;2;2;0;2;1;0;10;9;1;10;0.9;0.1;6;4;2;6;0.666666667;0.333333333;7;7;0;7;1;0;6;5;1;6;0.833333333;0.166666667;10;9;1;10;0.9;0.1;7;7;0;7;1;0;6;6;0;6;1;0;7;7;0;7;1;0;8;8;0;8;1;0;5;4;1;5;0.8;0.2;6;1;5;6;0.166666667;0.833333333;NULL;NULL;NULL;NULL;NULL;NULL;9;9;0;9;1;0;5;5;0;5;1;0;7;7;0;7;1;0;NULL;NULL;NULL;NULL;NULL;NULL;12;3;9;12;0.25;0.75;28;1;1;28;0.035714286;0.035714286;47;5;1;47;0.106382979;0.021276596;NULL;NULL;NULL;NULL;NULL;NULL;21;1;3;21;0.047619048;0.142857143;NULL;NULL;NULL;NULL;NULL;NULL;NULL;NULL;NULL;NULL;NULL;NULL;No
Female;No;No;10;5;5;0;5;1;0;8;8;0;8;1;0;7;7;0;7;1;0;4;4;0;4;1;0;6;6;0;6;1;0;4;4;0;4;1;0;8;8;0;8;1;0;6;6;0;6;1;0;1;1;0;1;1;0;7;7;0;7;1;0;5;5;0;5;1;0;5;5;0;5;1;0;4;4;0;4;1;0;8;8;0;8;1;0;7;7;0;7;1;0;6;6;0;6;1;0;3;3;0;3;1;0;5;5;0;5;1;0;4;3;1;4;0.75;0.25;4;3;1;4;0.75;0.25;NULL;NULL;NULL;NULL;NULL;NULL;5;4;1;5;0.8;0.2;5;5;0;5;1;0;5;5;0;5;1;0;NULL;NULL;NULL;NULL;NULL;NULL;16;15;1;16;0.9375;0.0625;52;4;1;52;0.076923077;0.019230769;18;2;1;18;0.111111111;0.055555556;NULL;NULL;NULL;NULL;NULL;NULL;21;3;1;21;0.142857143;0.047619048;NULL;NULL;NULL;NULL;NULL;NULL;NULL;NULL;NULL;NULL;NULL;NULL;No
Female;Yes;No;10;10;10;0;10;1;0;8;8;0;8;1;0;8;8;0;8;1;0;3;3;0;3;1;0;7;7;0;7;1;0;3;2;1;3;0.666666667;0.333333333;6;3;3;6;0.5;0.5;6;5;1;6;0.833333333;0.166666667;4;4;0;4;1;0;7;7;0;7;1;0;4;3;1;4;0.75;0.25;3;2;1;3;0.666666667;0.333333333;4;4;0;4;1;0;9;9;0;9;1;0;4;3;1;4;0.75;0.25;4;4;0;4;1;0;7;7;0;7;1;0;4;1;3;4;0.25;0.75;3;2;1;3;0.666666667;0.333333333;3;0;3;3;0;1;NULL;NULL;NULL;NULL;NULL;NULL;5;4;1;5;0.8;0.2;6;6;0;6;1;0;5;5;0;5;1;0;NULL;NULL;NULL;NULL;NULL;NULL;8;4;4;8;0.5;0.5;62;6;0;62;0.096774194;0;28;3;1;28;0.107142857;0.035714286;NULL;NULL;NULL;NULL;NULL;NULL;21;1;3;21;0.047619048;0.142857143;NULL;NULL;NULL;NULL;NULL;NULL;NULL;NULL;NULL;NULL;NULL;NULL;No
Female;Yes;No;10;9;8;1;9;0.888888889;0.111111111;9;9;0;9;1;0;7;7;0;7;1;0;4;3;1;4;0.75;0.25;5;5;0;5;1;0;5;2;3;5;0.4;0.6;4;4;0;4;1;0;6;6;0;6;1;0;1;1;0;1;1;0;6;6;0;6;1;0;3;3;0;3;1;0;4;4;0;4;1;0;4;3;1;4;0.75;0.25;9;9;0;9;1;0;5;5;0;5;1;0;3;3;0;3;1;0;5;5;0;5;1;0;5;5;0;5;1;0;3;1;2;3;0.333333333;0.666666667;3;2;1;3;0.666666667;0.333333333;NULL;NULL;NULL;NULL;NULL;NULL;3;3;0;3;1;0;3;3;0;3;1;0;3;2;1;3;0.666666667;0.333333333;NULL;NULL;NULL;NULL;NULL;NULL;3;2;1;3;0.666666667;0.333333333;2;0;0;2;0;0;12;2;0;12;0.166666667;0;NULL;NULL;NULL;NULL;NULL;NULL;21;2;2;21;0.095238095;0.095238095;NULL;NULL;NULL;NULL;NULL;NULL;NULL;NULL;NULL;NULL;NULL;NULL;No
Female;Yes;No;10;7;7;0;7;1;0;8;8;0;8;1;0;8;8;0;8;1;0;5;5;0;5;1;0;4;4;0;4;1;0;7;7;0;7;1;0;5;5;0;5;1;0;6;6;0;6;1;0;3;3;0;3;1;0;7;0;7;7;0;1;4;2;2;4;0.5;0.5;5;4;1;5;0.8;0.2;3;3;0;3;1;0;9;9;0;9;1;0;6;6;0;6;1;0;7;7;0;7;1;0;5;5;0;5;1;0;4;4;0;4;1;0;7;7;0;7;1;0;3;2;1;3;0.666666667;0.333333333;NULL;NULL;NULL;NULL;NULL;NULL;10;8;2;10;0.8;0.2;4;4;0;4;1;0;5;4;1;5;0.8;0.2;NULL;NULL;NULL;NULL;NULL;NULL;11;7;4;11;0.636363636;0.363636364;44;4;0;44;0.090909091;0;28;3;1;28;0.107142857;0.035714286;NULL;NULL;NULL;NULL;NULL;NULL;21;1;3;21;0.047619048;0.142857143;NULL;NULL;NULL;NULL;NULL;NULL;NULL;NULL;NULL;NULL;NULL;NULL;No
Male;Yes;No;10;9;9;0;9;1;0;9;9;0;9;1;0;6;6;0;6;1;0;2;2;0;2;1;0;4;4;0;4;1;0;4;2;2;4;0.5;0.5;5;5;0;5;1;0;5;4;1;5;0.8;0.2;2;1;1;2;0.5;0.5;6;5;1;6;0.833333333;0.166666667;6;4;2;6;0.666666667;0.333333333;4;3;1;4;0.75;0.25;3;2;1;3;0.666666667;0.333333333;9;9;0;9;1;0;4;4;0;4;1;0;6;6;0;6;1;0;2;1;1;2;0.5;0.5;5;2;3;5;0.4;0.6;4;4;0;4;1;0;4;0;4;4;0;1;NULL;NULL;NULL;NULL;NULL;NULL;6;5;1;6;0.833333333;0.166666667;3;3;0;3;1;0;6;6;0;6;1;0;NULL;NULL;NULL;NULL;NULL;NULL;7;6;1;7;0.857142857;0.142857143;40;2;2;40;0.05;0.05;32;5;0;32;0.15625;0;NULL;NULL;NULL;NULL;NULL;NULL;21;0;4;21;0;0.19047619;NULL;NULL;NULL;NULL;NULL;NULL;NULL;NULL;NULL;NULL;NULL;NULL;No
Male;Yes;No;10;6;6;0;6;1;0;7;6;1;7;0.857142857;0.142857143;8;8;0;8;1;0;4;4;0;4;1;0;7;7;0;7;1;0;4;3;1;4;0.75;0.25;5;5;0;5;1;0;7;7;0;7;1;0;3;3;0;3;1;0;7;7;0;7;1;0;5;5;0;5;1;0;6;4;2;6;0.666666667;0.333333333;6;4;2;6;0.666666667;0.333333333;7;7;0;7;1;0;6;6;0;6;1;0;6;6;0;6;1;0;3;3;0;3;1;0;4;3;1;4;0.75;0.25;4;3;1;4;0.75;0.25;2;1;1;2;0.5;0.5;NULL;NULL;NULL;NULL;NULL;NULL;7;4;3;7;0.571428571;0.428571429;6;5;1;6;0.833333333;0.166666667;3;3;0;3;1;0;NULL;NULL;NULL;NULL;NULL;NULL;4;2;2;4;0.5;0.5;40;3;1;40;75;25;28;3;1;28;0.107142857;0.035714286;NULL;NULL;NULL;NULL;NULL;NULL;15;0;2;15;0;0.133333333;NULL;NULL;NULL;NULL;NULL;NULL;NULL;NULL;NULL;NULL;NULL;NULL;No
Male;Yes;No;10;11;11;0;11;1;0;10;9;1;10;0.9;0.1;8;8;0;8;1;0;5;5;0;5;1;0;8;8;0;8;1;0;5;4;1;5;0.8;0.2;4;4;0;4;1;0;3;2;1;3;0.666666667;0.333333333;1;1;0;1;1;0;6;6;0;6;1;0;6;5;1;6;0.833333333;0.166666667;5;4;1;5;0.8;0.2;5;3;2;5;0.6;0.4;8;8;0;8;1;0;4;4;0;4;1;0;5;5;0;5;1;0;5;4;1;5;0.8;0.2;3;3;0;3;1;0;3;0;3;3;0;1;4;0;4;4;0;1;NULL;NULL;NULL;NULL;NULL;NULL;5;1;4;5;0.2;0.8;6;5;1;6;0.833333333;0.166666667;3;2;1;3;0.666666667;0.333333333;NULL;NULL;NULL;NULL;NULL;NULL;10;5;5;10;0.5;0.5;44;3;1;44;0.068181818;0.022727273;28;2;2;28;0.071428571;0.071428571;NULL;NULL;NULL;NULL;NULL;NULL;21;0;4;21;0;0.19047619;NULL;NULL;NULL;NULL;NULL;NULL;NULL;NULL;NULL;NULL;NULL;NULL;No
Female;Yes;No;10;9;9;0;9;1;0;11;11;0;11;1;0;8;8;0;8;1;0;3;3;0;3;1;0;8;8;0;8;1;0;5;4;1;5;0.8;0.2;8;8;0;8;1;0;5;5;0;5;1;0;5;4;1;5;0.8;0.2;9;9;0;9;1;0;4;4;0;4;1;0;3;2;1;3;0.666666667;0.333333333;5;5;0;5;1;0;9;9;0;9;1;0;7;7;0;7;1;0;4;4;0;4;1;0;6;6;0;6;1;0;3;3;0;3;1;0;6;4;2;6;0.666666667;0.333333333;3;1;2;3;0.333333333;0.666666667;NULL;NULL;NULL;NULL;NULL;NULL;3;3;0;3;1;0;7;7;0;7;1;0;5;4;1;5;0.8;0.2;NULL;NULL;NULL;NULL;NULL;NULL;5;3;2;5;0.6;0.4;40;3;1;40;75;25;54;8;0;54;0.148148148;0;NULL;NULL;NULL;NULL;NULL;NULL;21;2;2;21;0.095238095;0.095238095;NULL;NULL;NULL;NULL;NULL;NULL;NULL;NULL;NULL;NULL;NULL;NULL;No
Male;Yes;No;10;10;9;1;10;0.9;0.1;11;11;0;11;1;0;9;9;0;9;1;0;3;3;0;3;1;0;6;6;0;6;1;0;7;3;4;7;0.428571429;0.571428571;5;5;0;5;1;0;8;8;0;8;1;0;2;2;0;2;1;0;9;8;1;9;0.888888889;0.111111111;6;6;0;6;1;0;6;4;2;6;0.666666667;0.333333333;7;6;1;7;0.857142857;0.142857143;12;12;0;12;1;0;6;5;1;6;0.833333333;0.166666667;6;6;0;6;1;0;6;6;0;6;1;0;5;5;0;5;1;0;4;1;3;4;0.25;0.75;3;3;0;3;1;0;NULL;NULL;NULL;NULL;NULL;NULL;7;6;1;7;0.857142857;0.142857143;5;5;0;5;1;0;7;7;0;7;1;0;NULL;NULL;NULL;NULL;NULL;NULL;8;4;4;8;0.5;0.5;30;1;2;30;0.033333333;0.066666667;38;5;1;38;0.131578947;0.026315789;NULL;NULL;NULL;NULL;NULL;NULL;21;4;0;21;0.19047619;0;NULL;NULL;NULL;NULL;NULL;NULL;NULL;NULL;NULL;NULL;NULL;NULL;No
Female;Yes;No;10;12;12;0;12;1;0;10;10;0;10;1;0;9;9;0;9;1;0;5;5;0;5;1;0;7;6;1;7;0.857142857;0.142857143;5;5;0;5;1;0;6;6;0;6;1;0;5;5;0;5;1;0;5;4;1;5;0.8;0.2;12;12;0;12;1;0;6;6;0;6;1;0;5;3;2;5;0.6;0.4;9;7;2;9;0.777777778;0.222222222;11;11;0;11;1;0;9;9;0;9;1;0;6;6;0;6;1;0;8;8;0;8;1;0;6;0;6;6;0;1;7;2;5;7;0.285714286;0.714285714;4;3;1;4;0.75;0.25;NULL;NULL;NULL;NULL;NULL;NULL;8;5;3;8;625;375;6;5;1;6;0.833333333;0.166666667;6;6;0;6;1;0;NULL;NULL;NULL;NULL;NULL;NULL;13;9;4;13;0.692307692;0.307692308;52;2;3;52;0.038461538;0.057692308;38;6;0;38;0.157894737;0;NULL;NULL;NULL;NULL;NULL;NULL;21;2;2;21;0.095238095;0.095238095;NULL;NULL;NULL;NULL;NULL;NULL;NULL;NULL;NULL;NULL;NULL;NULL;No
Female;Yes;No;10;11;11;0;11;1;0;10;9;1;10;0.9;0.1;8;8;0;8;1;0;5;5;0;5;1;0;2;1;1;2;0.5;0.5;4;4;0;4;1;0;4;4;0;4;1;0;6;6;0;6;1;0;2;0;2;2;0;1;11;11;0;11;1;0;2;2;0;2;1;0;5;5;0;5;1;0;6;4;2;6;0.666666667;0.333333333;12;12;0;12;1;0;6;6;0;6;1;0;7;7;0;7;1;0;7;7;0;7;1;0;5;5;0;5;1;0;6;3;3;6;0.5;0.5;3;0;3;3;0;1;NULL;NULL;NULL;NULL;NULL;NULL;6;4;2;6;0.666666667;0.333333333;7;7;0;7;1;0;5;5;0;5;1;0;NULL;NULL;NULL;NULL;NULL;NULL;13;11;2;13;0.846153846;0.153846154;18;2;0;18;0.111111111;0;26;4;0;26;0.153846154;0;NULL;NULL;NULL;NULL;NULL;NULL;21;2;2;21;0.095238095;0.095238095;NULL;NULL;NULL;NULL;NULL;NULL;NULL;NULL;NULL;NULL;NULL;NULL;No
Male;Yes;No;10;8;8;0;8;1;0;6;6;0;6;1;0;8;8;0;8;1;0;4;4;0;4;1;0;5;5;0;5;1;0;6;4;2;6;0.666666667;0.333333333;8;8;0;8;1;0;4;4;0;4;1;0;1;1;0;1;1;0;8;8;0;8;1;0;4;4;0;4;1;0;4;4;0;4;1;0;7;6;1;7;0.857142857;0.142857143;8;8;0;8;1;0;5;5;0;5;1;0;4;4;0;4;1;0;7;6;1;7;0.857142857;0.142857143;5;2;3;5;0.4;0.6;4;4;0;4;1;0;2;2;0;2;1;0;NULL;NULL;NULL;NULL;NULL;NULL;5;2;3;5;0.4;0.6;3;3;0;3;1;0;4;4;0;4;1;0;NULL;NULL;NULL;NULL;NULL;NULL;9;7;2;9;0.777777778;0.222222222;18;2;0;18;0.111111111;0;26;3;1;26;0.115384615;0.038461538;NULL;NULL;NULL;NULL;NULL;NULL;21;1;3;21;0.047619048;0.142857143;NULL;NULL;NULL;NULL;NULL;NULL;NULL;NULL;NULL;NULL;NULL;NULL;No
Male;Yes;No;10;9;9;0;9;1;0;12;12;0;12;1;0;9;9;0;9;1;0;3;3;0;3;1;0;4;2;2;4;0.5;0.5;6;5;1;6;0.833333333;0.166666667;5;4;1;5;0.8;0.2;6;6;0;6;1;0;3;2;1;3;0.666666667;0.333333333;8;8;0;8;1;0;4;3;1;4;0.75;0.25;3;3;0;3;1;0;5;4;1;5;0.8;0.2;9;9;0;9;1;0;1;1;0;1;1;0;5;5;0;5;1;0;6;5;1;6;0.833333333;0.166666667;5;5;0;5;1;0;6;4;2;6;0.666666667;0.333333333;7;0;7;7;0;1;NULL;NULL;NULL;NULL;NULL;NULL;5;4;1;5;0.8;0.2;3;1;2;3;0.333333333;0.666666667;4;4;0;4;1;0;NULL;NULL;NULL;NULL;NULL;NULL;6;2;4;6;0.333333333;0.666666667;18;0;2;18;0;0.111111111;12;1;1;12;0.083333333;0.083333333;NULL;NULL;NULL;NULL;NULL;NULL;21;2;2;21;0.095238095;0.095238095;NULL;NULL;NULL;NULL;NULL;NULL;NULL;NULL;NULL;NULL;NULL;NULL;No
Male;Yes;No;10;1;1;0;1;1;0;4;4;0;4;1;0;8;8;0;8;1;0;2;2;0;2;1;0;6;6;0;6;1;0;6;5;1;6;0.833333333;0.166666667;5;5;0;5;1;0;5;5;0;5;1;0;3;3;0;3;1;0;8;8;0;8;1;0;1;1;0;1;1;0;6;6;0;6;1;0;5;4;1;5;0.8;0.2;8;8;0;8;1;0;5;5;0;5;1;0;5;5;0;5;1;0;5;5;0;5;1;0;5;5;0;5;1;0;4;4;0;4;1;0;2;1;1;2;0.5;0.5;NULL;NULL;NULL;NULL;NULL;NULL;5;5;0;5;1;0;1;1;0;1;1;0;5;5;0;5;1;0;NULL;NULL;NULL;NULL;NULL;NULL;7;7;0;7;1;0;4;0;0;4;0;0;18;3;0;18;0.166666667;0;NULL;NULL;NULL;NULL;NULL;NULL;17;2;0;17;0.117647059;0;NULL;NULL;NULL;NULL;NULL;NULL;NULL;NULL;NULL;NULL;NULL;NULL;No
Female;Yes;Yes;10;7;7;0;7;1;0;8;7;1;8;875;125;5;5;0;5;1;0;5;1;4;5;0.2;0.8;5;3;2;5;0.6;0.4;4;4;0;4;1;0;4;4;0;4;1;0;3;2;1;3;0.666666667;0.333333333;6;0;6;6;0;1;6;4;2;6;0.666666667;0.333333333;6;4;2;6;0.666666667;0.333333333;5;4;1;5;0.8;0.2;5;4;1;5;0.8;0.2;5;5;0;5;1;0;1;1;0;1;1;0;3;3;0;3;1;0;5;5;0;5;1;0;6;1;5;6;0.166666667;0.833333333;2;0;2;2;0;1;5;1;4;5;0.2;0.8;NULL;NULL;NULL;NULL;NULL;NULL;4;2;2;4;0.5;0.5;5;2;3;5;0.4;0.6;3;2;1;3;0.666666667;0.333333333;NULL;NULL;NULL;NULL;NULL;NULL;4;2;2;4;0.5;0.5;18;2;0;18;0.111111111;0;22;1;2;22;0.045454545;0.090909091;NULL;NULL;NULL;NULL;NULL;NULL;21;0;4;21;0;0.19047619;NULL;NULL;NULL;NULL;NULL;NULL;NULL;NULL;NULL;NULL;NULL;NULL;No
Female;Yes;No;10;5;5;0;5;1;0;7;7;0;7;1;0;4;4;0;4;1;0;3;0;3;3;0;1;2;1;1;2;0.5;0.5;4;4;0;4;1;0;3;3;0;3;1;0;5;5;0;5;1;0;1;1;0;1;1;0;4;3;1;4;0.75;0.25;4;4;0;4;1;0;4;3;1;4;0.75;0.25;4;2;2;4;0.5;0.5;6;6;0;6;1;0;1;1;0;1;1;0;4;4;0;4;1;0;2;1;1;2;0.5;0.5;3;0;3;3;0;1;3;3;0;3;1;0;3;0;3;3;0;1;NULL;NULL;NULL;NULL;NULL;NULL;4;2;2;4;0.5;0.5;3;3;0;3;1;0;1;1;0;1;1;0;NULL;NULL;NULL;NULL;NULL;NULL;6;3;3;6;0.5;0.5;4;0;0;4;0;0;12;1;1;12;0.083333333;0.083333333;NULL;NULL;NULL;NULL;NULL;NULL;17;2;0;17;0.117647059;0;NULL;NULL;NULL;NULL;NULL;NULL;NULL;NULL;NULL;NULL;NULL;NULL;No
Female;Yes;No;10;6;6;0;6;1;0;5;4;1;5;0.8;0.2;7;7;0;7;1;0;2;2;0;2;1;0;4;4;0;4;1;0;4;4;0;4;1;0;5;5;0;5;1;0;2;1;1;2;0.5;0.5;3;3;0;3;1;0;6;6;0;6;1;0;3;3;0;3;1;0;5;4;1;5;0.8;0.2;3;2;1;3;0.666666667;0.333333333;5;5;0;5;1;0;4;4;0;4;1;0;4;4;0;4;1;0;4;4;0;4;1;0;1;0;1;1;0;1;5;2;3;5;0.4;0.6;1;0;1;1;0;1;NULL;NULL;NULL;NULL;NULL;NULL;6;5;1;6;0.833333333;0.166666667;3;3;0;3;1;0;2;1;1;2;0.5;0.5;NULL;NULL;NULL;NULL;NULL;NULL;3;3;0;3;1;0;6;0;0;6;0;0;20;3;0;20;0.15;0;NULL;NULL;NULL;NULL;NULL;NULL;21;2;2;21;0.095238095;0.095238095;NULL;NULL;NULL;NULL;NULL;NULL;NULL;NULL;NULL;NULL;NULL;NULL;No
Male;Yes;No;10;5;5;0;5;1;0;5;5;0;5;1;0;7;7;0;7;1;0;2;2;0;2;1;0;6;6;0;6;1;0;3;2;1;3;0.666666667;0.333333333;2;2;0;2;1;0;4;4;0;4;1;0;3;3;0;3;1;0;5;5;0;5;1;0;3;3;0;3;1;0;4;4;0;4;1;0;4;2;2;4;0.5;0.5;5;5;0;5;1;0;4;4;0;4;1;0;3;3;0;3;1;0;4;4;0;4;1;0;2;2;0;2;1;0;4;1;3;4;0.25;0.75;2;2;0;2;1;0;NULL;NULL;NULL;NULL;NULL;NULL;5;4;1;5;0.8;0.2;5;4;1;5;0.8;0.2;2;1;1;2;0.5;0.5;NULL;NULL;NULL;NULL;NULL;NULL;8;7;1;8;875;125;22;2;0;22;0.090909091;0;12;2;0;12;0.166666667;0;NULL;NULL;NULL;NULL;NULL;NULL;21;1;3;21;0.047619048;0.142857143;NULL;NULL;NULL;NULL;NULL;NULL;NULL;NULL;NULL;NULL;NULL;NULL;No
Female;No;Yes;10;6;6;0;6;1;0;6;6;0;6;1;0;4;4;0;4;1;0;1;1;0;1;1;0;4;4;0;4;1;0;3;2;1;3;0.666666667;0.333333333;3;3;0;3;1;0;2;2;0;2;1;0;3;2;1;3;0.666666667;0.333333333;5;5;0;5;1;0;3;3;0;3;1;0;5;4;1;5;0.8;0.2;3;2;1;3;0.666666667;0.333333333;3;3;0;3;1;0;3;3;0;3;1;0;2;2;0;2;1;0;2;2;0;2;1;0;2;2;0;2;1;0;3;3;0;3;1;0;3;1;2;3;0.333333333;0.666666667;NULL;NULL;NULL;NULL;NULL;NULL;3;2;1;3;0.666666667;0.333333333;3;2;1;3;0.666666667;0.333333333;1;0;1;1;0;1;NULL;NULL;NULL;NULL;NULL;NULL;0;0;0;0;0;0;8;0;0;8;0;0;6;1;0;6;0.166666667;0;NULL;NULL;NULL;NULL;NULL;NULL;16;1;1;16;0.0625;0.0625;NULL;NULL;NULL;NULL;NULL;NULL;NULL;NULL;NULL;NULL;NULL;NULL;No
Male;Yes;Yes;10;9;9;0;9;1;0;6;6;0;6;1;0;6;6;0;6;1;0;3;3;0;3;1;0;8;8;0;8;1;0;4;4;0;4;1;0;5;5;0;5;1;0;5;5;0;5;1;0;2;2;0;2;1;0;8;8;0;8;1;0;5;5;0;5;1;0;4;3;1;4;0.75;0.25;5;5;0;5;1;0;6;6;0;6;1;0;4;4;0;4;1;0;3;3;0;3;1;0;4;4;0;4;1;0;2;2;0;2;1;0;4;3;1;4;0.75;0.25;3;2;1;3;0.666666667;0.333333333;NULL;NULL;NULL;NULL;NULL;NULL;5;3;2;5;0.6;0.4;5;5;0;5;1;0;1;1;0;1;1;0;NULL;NULL;NULL;NULL;NULL;NULL;3;2;1;3;0.666666667;0.333333333;40;3;1;40;75;25;18;2;1;18;0.111111111;0.055555556;NULL;NULL;NULL;NULL;NULL;NULL;12;0;1;12;0;0.083333333;NULL;NULL;NULL;NULL;NULL;NULL;NULL;NULL;NULL;NULL;NULL;NULL;No
Male;No;No;10;5;5;0;5;1;0;7;7;0;7;1;0;4;4;0;4;1;0;3;2;1;3;0.666666667;0.333333333;5;5;0;5;1;0;4;4;0;4;1;0;6;6;0;6;1;0;5;5;0;5;1;0;5;5;0;5;1;0;5;5;0;5;1;0;4;3;1;4;0.75;0.25;5;5;0;5;1;0;4;3;1;4;0.75;0.25;7;7;0;7;1;0;6;6;0;6;1;0;5;5;0;5;1;0;7;6;1;7;0.857142857;0.142857143;5;5;0;5;1;0;3;1;2;3;0.333333333;0.666666667;2;1;1;2;0.5;0.5;NULL;NULL;NULL;NULL;NULL;NULL;6;6;0;6;1;0;7;6;1;7;0.857142857;0.142857143;4;4;0;4;1;0;NULL;NULL;NULL;NULL;NULL;NULL;13;11;2;13;0.846153846;0.153846154;34;3;0;34;0.088235294;0;30;4;0;30;0.133333333;0;NULL;NULL;NULL;NULL;NULL;NULL;21;2;2;21;0.095238095;0.095238095;NULL;NULL;NULL;NULL;NULL;NULL;NULL;NULL;NULL;NULL;NULL;NULL;No
Female;No;No;10;7;7;0;7;1;0;6;6;0;6;1;0;4;4;0;4;1;0;3;3;0;3;1;0;5;5;0;5;1;0;3;3;0;3;1;0;3;3;0;3;1;0;2;2;0;2;1;0;1;1;0;1;1;0;4;4;0;4;1;0;1;1;0;1;1;0;1;1;0;1;1;0;2;2;0;2;1;0;4;4;0;4;1;0;1;1;0;1;1;0;2;2;0;2;1;0;3;3;0;3;1;0;4;4;0;4;1;0;3;2;1;3;0.666666667;0.333333333;3;2;1;3;0.666666667;0.333333333;NULL;NULL;NULL;NULL;NULL;NULL;2;2;0;2;1;0;2;2;0;2;1;0;3;2;1;3;0.666666667;0.333333333;NULL;NULL;NULL;NULL;NULL;NULL;2;0;2;2;0;1;6;0;0;6;0;0;12;1;1;12;0.083333333;0.083333333;NULL;NULL;NULL;NULL;NULL;NULL;11;0;1;11;0;0.090909091;NULL;NULL;NULL;NULL;NULL;NULL;NULL;NULL;NULL;NULL;NULL;NULL;No
Male;Yes;Yes;10;4;4;0;4;1;0;1;0;1;1;0;1;3;3;0;3;1;0;2;2;0;2;1;0;1;0;1;1;0;1;0;0;0;0;0;0;1;1;0;1;1;0;1;1;0;1;1;0;1;1;0;1;1;0;0;0;0;0;0;0;2;2;0;2;1;0;0;0;0;0;0;0;2;2;0;2;1;0;5;2;3;5;0.4;0.6;1;1;0;1;1;0;3;3;0;3;1;0;1;1;0;1;1;0;3;2;1;3;0.666666667;0.333333333;0;0;0;0;0;0;0;0;0;0;0;0;NULL;NULL;NULL;NULL;NULL;NULL;3;1;2;3;0.333333333;0.666666667;4;1;3;4;0.25;0.75;2;1;1;2;0.5;0.5;NULL;NULL;NULL;NULL;NULL;NULL;4;2;2;4;0.5;0.5;10;0;1;10;0;0.1;6;1;0;6;0.166666667;0;NULL;NULL;NULL;NULL;NULL;NULL;6;1;0;6;0.166666667;0;NULL;NULL;NULL;NULL;NULL;NULL;NULL;NULL;NULL;NULL;NULL;NULL;No
Male;Yes;Yes;10;6;5;1;6;0.833333333;0.166666667;5;5;0;5;1;0;3;3;0;3;1;0;4;4;0;4;1;0;3;3;0;3;1;0;5;4;1;5;0.8;0.2;5;5;0;5;1;0;3;3;0;3;1;0;3;2;1;3;0.666666667;0.333333333;5;4;1;5;0.8;0.2;4;3;1;4;0.75;0.25;2;2;0;2;1;0;4;3;1;4;0.75;0.25;5;5;0;5;1;0;4;4;0;4;1;0;3;3;0;3;1;0;4;4;0;4;1;0;1;1;0;1;1;0;5;2;3;5;0.4;0.6;5;0;5;5;0;1;NULL;NULL;NULL;NULL;NULL;NULL;5;4;1;5;0.8;0.2;3;2;1;3;0.666666667;0.333333333;3;2;1;3;0.666666667;0.333333333;NULL;NULL;NULL;NULL;NULL;NULL;4;3;1;4;0.75;0.25;20;1;1;20;0.05;0.05;20;3;0;20;0.15;0;NULL;NULL;NULL;NULL;NULL;NULL;21;2;2;21;0.095238095;0.095238095;NULL;NULL;NULL;NULL;NULL;NULL;NULL;NULL;NULL;NULL;NULL;NULL;No
Male;Yes;No;10;1;1;0;1;1;0;2;1;1;2;0.5;0.5;1;1;0;1;1;0;1;1;0;1;1;0;1;1;0;1;1;0;1;0;1;1;0;1;4;4;0;4;1;0;3;1;2;3;0.333333333;0.666666667;3;2;1;3;0.666666667;0.333333333;6;5;1;6;0.833333333;0.166666667;3;2;1;3;0.666666667;0.333333333;2;2;0;2;1;0;5;2;3;5;0.4;0.6;2;2;0;2;1;0;4;4;0;4;1;0;4;2;2;4;0.5;0.5;4;4;0;4;1;0;3;0;3;3;0;1;3;2;1;3;0.666666667;0.333333333;4;1;3;4;0.25;0.75;NULL;NULL;NULL;NULL;NULL;NULL;6;3;3;6;0.5;0.5;27;8;19;27;0.296296296;0.703703704;4;3;1;4;0.75;0.25;NULL;NULL;NULL;NULL;NULL;NULL;8;4;4;8;0.5;0.5;4;0;0;4;0;0;13;0;2;13;0;0.153846154;NULL;NULL;NULL;NULL;NULL;NULL;10;1;0;10;0.1;0;NULL;NULL;NULL;NULL;NULL;NULL;NULL;NULL;NULL;NULL;NULL;NULL;No
Male;No;No;10;7;7;0;7;1;0;7;5;2;7;0.714285714;0.285714286;5;5;0;5;1;0;3;3;0;3;1;0;7;7;0;7;1;0;6;5;1;6;0.833333333;0.166666667;5;4;1;5;0.8;0.2;6;5;1;6;0.833333333;0.166666667;4;1;3;4;0.25;0.75;6;6;0;6;1;0;6;4;2;6;0.666666667;0.333333333;5;4;1;5;0.8;0.2;5;2;3;5;0.4;0.6;7;7;0;7;1;0;1;1;0;1;1;0;4;3;1;4;0.75;0.25;4;4;0;4;1;0;4;3;1;4;0.75;0.25;5;2;3;5;0.4;0.6;6;1;5;6;0.166666667;0.833333333;NULL;NULL;NULL;NULL;NULL;NULL;6;3;3;6;0.5;0.5;7;6;1;7;0.857142857;0.142857143;3;2;1;3;0.666666667;0.333333333;NULL;NULL;NULL;NULL;NULL;NULL;9;6;3;9;0.666666667;0.333333333;32;0;3;32;0;0.09375;20;0;3;20;0;0.15;NULL;NULL;NULL;NULL;NULL;NULL;21;0;4;21;0;0.19047619;NULL;NULL;NULL;NULL;NULL;NULL;NULL;NULL;NULL;NULL;NULL;NULL;No
Female;Yes;No;10;10;10;0;10;1;0;8;8;0;8;1;0;3;3;0;3;1;0;4;4;0;4;1;0;3;3;0;3;1;0;5;5;0;5;1;0;4;4;0;4;1;0;5;5;0;5;1;0;3;3;0;3;1;0;6;6;0;6;1;0;5;5;0;5;1;0;4;4;0;4;1;0;4;3;1;4;0.75;0.25;7;7;0;7;1;0;6;6;0;6;1;0;4;4;0;4;1;0;4;4;0;4;1;0;3;0;3;3;0;1;3;3;0;3;1;0;5;1;4;5;0.2;0.8;NULL;NULL;NULL;NULL;NULL;NULL;5;4;1;5;0.8;0.2;7;7;0;7;1;0;3;2;1;3;0.666666667;0.333333333;NULL;NULL;NULL;NULL;NULL;NULL;9;7;2;9;0.777777778;0.222222222;32;3;0;32;0.09375;0;32;5;0;32;0.15625;0;NULL;NULL;NULL;NULL;NULL;NULL;21;1;3;21;0.047619048;0.142857143;NULL;NULL;NULL;NULL;NULL;NULL;NULL;NULL;NULL;NULL;NULL;NULL;No
Female;Yes;No;10;1;1;0;1;1;0;3;2;1;3;0.666666667;0.333333333;4;4;0;4;1;0;3;3;0;3;1;0;3;3;0;3;1;0;3;3;0;3;1;0;4;4;0;4;1;0;4;4;0;4;1;0;2;2;0;2;1;0;4;4;0;4;1;0;3;3;0;3;1;0;4;4;0;4;1;0;2;2;0;2;1;0;4;4;0;4;1;0;3;3;0;3;1;0;2;2;0;2;1;0;3;3;0;3;1;0;3;2;1;3;0.666666667;0.333333333;3;2;1;3;0.666666667;0.333333333;3;3;0;3;1;0;NULL;NULL;NULL;NULL;NULL;NULL;3;3;0;3;1;0;3;3;0;3;1;0;3;3;0;3;1;0;NULL;NULL;NULL;NULL;NULL;NULL;3;2;1;3;0.666666667;0.333333333;20;2;0;20;0.1;0;12;2;0;12;0.166666667;0;NULL;NULL;NULL;NULL;NULL;NULL;19;2;1;19;0.105263158;0.052631579;NULL;NULL;NULL;NULL;NULL;NULL;NULL;NULL;NULL;NULL;NULL;NULL;No
Female;Yes;No;10;8;8;0;8;1;0;4;4;0;4;1;0;4;4;0;4;1;0;2;2;0;2;1;0;4;4;0;4;1;0;3;3;0;3;1;0;5;4;1;5;0.8;0.2;4;4;0;4;1;0;2;2;0;2;1;0;6;6;0;6;1;0;5;5;0;5;1;0;5;4;1;5;0.8;0.2;1;1;0;1;1;0;5;4;1;5;0.8;0.2;5;5;0;5;1;0;3;3;0;3;1;0;4;4;0;4;1;0;4;4;0;4;1;0;4;3;1;4;0.75;0.25;1;1;0;1;1;0;NULL;NULL;NULL;NULL;NULL;NULL;4;3;1;4;0.75;0.25;10;0;10;10;0;1;3;3;0;3;1;0;NULL;NULL;NULL;NULL;NULL;NULL;4;2;2;4;0.5;0.5;18;1;1;18;0.055555556;0.055555556;22;3;0;22;0.136363636;0;NULL;NULL;NULL;NULL;NULL;NULL;21;0;4;21;0;0.19047619;NULL;NULL;NULL;NULL;NULL;NULL;NULL;NULL;NULL;NULL;NULL;NULL;No
Male;Yes;No;10;2;0;2;2;0;1;5;5;0;5;1;0;5;5;0;5;1;0;4;3;1;4;0.75;0.25;7;7;0;7;1;0;2;2;0;2;1;0;4;4;0;4;1;0;5;5;0;5;1;0;2;2;0;2;1;0;7;7;0;7;1;0;4;4;0;4;1;0;4;4;0;4;1;0;6;5;1;6;0.833333333;0.166666667;8;7;1;8;875;125;3;3;0;3;1;0;3;3;0;3;1;0;5;5;0;5;1;0;4;4;0;4;1;0;3;2;1;3;0.666666667;0.333333333;3;0;3;3;0;1;NULL;NULL;NULL;NULL;NULL;NULL;4;4;0;4;1;0;5;4;1;5;0.8;0.2;5;5;0;5;1;0;NULL;NULL;NULL;NULL;NULL;NULL;11;10;1;11;0.909090909;0.090909091;8;0;0;8;0;0;16;1;1;16;0.0625;0.0625;NULL;NULL;NULL;NULL;NULL;NULL;21;2;2;21;0.095238095;0.095238095;NULL;NULL;NULL;NULL;NULL;NULL;NULL;NULL;NULL;NULL;NULL;NULL;No
Female;Yes;No;10;2;1;1;2;0.5;0.5;2;2;0;2;1;0;1;0;1;1;0;1;1;1;0;1;1;0;2;2;0;2;1;0;1;1;0;1;1;0;2;2;0;2;1;0;3;3;0;3;1;0;2;1;1;2;0.5;0.5;4;4;0;4;1;0;2;2;0;2;1;0;3;1;2;3;0.333333333;0.666666667;3;2;1;3;0.666666667;0.333333333;4;4;0;4;1;0;3;3;0;3;1;0;2;2;0;2;1;0;4;4;0;4;1;0;3;3;0;3;1;0;3;3;0;3;1;0;5;1;4;5;0.2;0.8;NULL;NULL;NULL;NULL;NULL;NULL;5;2;3;5;0.4;0.6;5;0;5;5;0;1;2;2;0;2;1;0;NULL;NULL;NULL;NULL;NULL;NULL;4;2;2;4;0.5;0.5;24;1;1;24;0.041666667;0.041666667;18;2;1;18;0.111111111;0.055555556;NULL;NULL;NULL;NULL;NULL;NULL;21;0;4;21;0;0.19047619;NULL;NULL;NULL;NULL;NULL;NULL;NULL;NULL;NULL;NULL;NULL;NULL;No
Male;Yes;No;10;7;7;0;7;1;0;7;7;0;7;1;0;6;6;0;6;1;0;3;3;0;3;1;0;3;3;0;3;1;0;3;3;0;3;1;0;3;3;0;3;1;0;5;5;0;5;1;0;3;3;0;3;1;0;7;7;0;7;1;0;5;4;1;5;0.8;0.2;5;3;2;5;0.6;0.4;7;6;1;7;0.857142857;0.142857143;2;2;0;2;1;0;6;6;0;6;1;0;5;4;1;5;0.8;0.2;5;4;1;5;0.8;0.2;6;3;3;6;0.5;0.5;21;2;2;21;0.095238095;0.095238095;NULL;NULL;NULL;NULL;0;0;NULL;NULL;NULL;NULL;NULL;NULL;NULL;NULL;NULL;NULL;0;0;NULL;NULL;NULL;NULL;0;0;NULL;NULL;NULL;NULL;0;0;NULL;NULL;NULL;NULL;NULL;NULL;NULL;NULL;NULL;NULL;0;0;NULL;NULL;NULL;NULL;0;0;NULL;NULL;NULL;NULL;0;0;NULL;NULL;NULL;NULL;NULL;NULL;NULL;NULL;NULL;NULL;0;0;NULL;NULL;NULL;NULL;NULL;NULL;NULL;NULL;NULL;NULL;NULL;NULL;No
Male;No;No;10;10;10;0;10;1;0;8;8;0;8;1;0;7;7;0;7;1;0;6;6;0;6;1;0;7;7;0;7;1;0;6;6;0;6;1;0;6;6;0;6;1;0;6;6;0;6;1;0;3;2;1;3;0.666666667;0.333333333;3;0;3;3;0;1;5;5;0;5;1;0;6;6;0;6;1;0;5;5;0;5;1;0;10;10;0;10;1;0;4;4;0;4;1;0;6;6;0;6;1;0;8;8;0;8;1;0;5;5;0;5;1;0;5;5;0;5;1;0;2;0;2;2;0;1;NULL;NULL;NULL;NULL;NULL;NULL;7;6;1;7;0.857142857;0.142857143;8;7;1;8;875;125;8;7;1;8;875;125;NULL;NULL;NULL;NULL;NULL;NULL;8;6;2;8;0.75;0.25;46;3;1;46;0.065217391;0.02173913;32;4;1;32;125;0.03125;NULL;NULL;NULL;NULL;NULL;NULL;21;3;1;21;0.142857143;0.047619048;NULL;NULL;NULL;NULL;NULL;NULL;NULL;NULL;NULL;NULL;NULL;NULL;No
Male;Yes;Yes;10;4;4;0;4;1;0;4;4;0;4;1;0;5;5;0;5;1;0;2;2;0;2;1;0;3;3;0;3;1;0;2;1;1;2;0.5;0.5;4;4;0;4;1;0;4;4;0;4;1;0;1;1;0;1;1;0;5;5;0;5;1;0;3;3;0;3;1;0;3;2;1;3;0.666666667;0.333333333;4;4;0;4;1;0;4;2;2;4;0.5;0.5;2;2;0;2;1;0;3;2;1;3;0.666666667;0.333333333;5;4;1;5;0.8;0.2;2;2;0;2;1;0;4;4;0;4;1;0;4;3;1;4;0.75;0.25;NULL;NULL;NULL;NULL;NULL;NULL;3;2;1;3;0.666666667;0.333333333;5;3;2;5;0.6;0.4;2;0;2;2;0;1;NULL;NULL;NULL;NULL;NULL;NULL;7;3;4;7;0.428571429;0.571428571;30;2;1;30;0.066666667;0.033333333;12;1;1;12;0.083333333;0.083333333;NULL;NULL;NULL;NULL;NULL;NULL;21;0;4;21;0;0.19047619;NULL;NULL;NULL;NULL;NULL;NULL;NULL;NULL;NULL;NULL;NULL;NULL;No
Male;No;Yes;10;7;3;4;7;0.428571429;0.571428571;4;4;0;4;1;0;6;3;3;6;0.5;0.5;3;3;0;3;1;0;3;3;0;3;1;0;2;2;0;2;1;0;4;4;0;4;1;0;4;4;0;4;1;0;3;3;0;3;1;0;6;6;0;6;1;0;4;4;0;4;1;0;6;5;1;6;0.833333333;0.166666667;4;2;2;4;0.5;0.5;5;5;0;5;1;0;4;4;0;4;1;0;4;4;0;4;1;0;3;3;0;3;1;0;4;4;0;4;1;0;5;2;3;5;0.4;0.6;4;2;2;4;0.5;0.5;NULL;NULL;NULL;NULL;NULL;NULL;4;3;1;4;0.75;0.25;6;4;2;6;0.666666667;0.333333333;3;3;0;3;1;0;NULL;NULL;NULL;NULL;NULL;NULL;10;9;1;10;0.9;0.1;36;2;1;36;0.055555556;0.027777778;18;3;0;18;0.166666667;0;NULL;NULL;NULL;NULL;NULL;NULL;21;1;3;21;0.047619048;0.142857143;NULL;NULL;NULL;NULL;NULL;NULL;NULL;NULL;NULL;NULL;NULL;NULL;No
Female;No;No;10;2;0;2;2;0;1;5;2;3;5;0.4;0.6;5;5;0;5;1;0;4;4;0;4;1;0;5;4;1;5;0.8;0.2;1;1;0;1;1;0;5;4;1;5;0.8;0.2;3;3;0;3;1;0;2;2;0;2;1;0;2;2;0;2;1;0;2;2;0;2;1;0;4;4;0;4;1;0;4;4;0;4;1;0;4;4;0;4;1;0;2;2;0;2;1;0;2;2;0;2;1;0;4;4;0;4;1;0;3;1;2;3;0.333333333;0.666666667;5;2;3;5;0.4;0.6;1;0;1;1;0;1;NULL;NULL;NULL;NULL;NULL;NULL;5;4;1;5;0.8;0.2;5;3;2;5;0.6;0.4;5;2;3;5;0.4;0.6;NULL;NULL;NULL;NULL;NULL;NULL;4;1;3;4;0.25;0.75;20;1;1;20;0.05;0.05;6;1;0;6;0.166666667;0;NULL;NULL;NULL;NULL;NULL;NULL;15;0;3;15;0;0.2;NULL;NULL;NULL;NULL;NULL;NULL;NULL;NULL;NULL;NULL;NULL;NULL;No
Male;Yes;No;10;3;3;0;3;1;0;8;8;0;8;1;0;6;6;0;6;1;0;4;2;2;4;0.5;0.5;4;4;0;4;1;0;8;7;1;8;875;125;2;2;0;2;1;0;2;2;0;2;1;0;4;2;2;4;0.5;0.5;6;6;0;6;1;0;3;3;0;3;1;0;5;5;0;5;1;0;6;5;1;6;0.833333333;0.166666667;5;5;0;5;1;0;3;3;0;3;1;0;3;3;0;3;1;0;5;4;1;5;0.8;0.2;3;1;2;3;0.333333333;0.666666667;4;3;1;4;0.75;0.25;5;2;3;5;0.4;0.6;NULL;NULL;NULL;NULL;NULL;NULL;5;3;2;5;0.6;0.4;3;3;0;3;1;0;3;2;1;3;0.666666667;0.333333333;NULL;NULL;NULL;NULL;NULL;NULL;8;3;5;8;375;625;8;0;0;8;0;0;20;0;3;20;0;0.15;NULL;NULL;NULL;NULL;NULL;NULL;21;0;4;21;0;0.19047619;NULL;NULL;NULL;NULL;NULL;NULL;NULL;NULL;NULL;NULL;NULL;NULL;No
Female;Yes;Yes;10;5;0;5;5;0;1;26;7;19;26;0.269230769;0.730769231;8;2;6;8;0.25;0.75;6;0;6;6;0;1;6;0;6;6;0;1;27;4;23;27;0.148148148;0.851851852;9;6;3;9;0.666666667;0.333333333;5;3;2;5;0.6;0.4;8;0;8;8;0;1;5;4;1;5;0.8;0.2;4;2;2;4;0.5;0.5;3;2;1;3;0.666666667;0.333333333;4;2;2;4;0.5;0.5;9;4;5;9;0.444444444;0.555555556;2;2;0;2;1;0;4;4;0;4;1;0;0;0;0;0;0;0;6;1;5;6;0.166666667;0.833333333;3;1;2;3;0.333333333;0.666666667;9;0;9;9;0;1;NULL;NULL;NULL;NULL;NULL;NULL;41;7;34;41;0.170731707;0.829268293;31;3;28;31;0.096774194;0.903225806;29;10;19;29;0.344827586;0.655172414;NULL;NULL;NULL;NULL;NULL;NULL;6;2;4;6;0.333333333;0.666666667;93;0;8;93;0;0.086021505;54;0;7;54;0;0.12962963;NULL;NULL;NULL;NULL;NULL;NULL;21;0;4;21;0;0.19047619;NULL;NULL;NULL;NULL;NULL;NULL;NULL;NULL;NULL;NULL;NULL;NULL;No
Female;Yes;No;10;12;12;0;12;1;0;9;9;0;9;1;0;7;6;1;7;0.857142857;0.142857143;5;5;0;5;1;0;5;4;1;5;0.8;0.2;7;7;0;7;1;0;1;0;1;1;0;1;3;2;1;3;0.666666667;0.333333333;6;4;2;6;0.666666667;0.333333333;7;6;1;7;0.857142857;0.142857143;6;4;2;6;0.666666667;0.333333333;3;2;1;3;0.666666667;0.333333333;5;3;2;5;0.6;0.4;10;10;0;10;1;0;6;5;1;6;0.833333333;0.166666667;4;4;0;4;1;0;6;6;0;6;1;0;5;1;4;5;0.2;0.8;3;1;2;3;0.333333333;0.666666667;5;0;5;5;0;1;NULL;NULL;NULL;NULL;NULL;NULL;3;2;1;3;0.666666667;0.333333333;7;7;0;7;1;0;5;5;0;5;1;0;NULL;NULL;NULL;NULL;NULL;NULL;3;0;3;3;0;1;30;1;2;30;0.033333333;0.066666667;22;3;0;22;0.136363636;0;NULL;NULL;NULL;NULL;NULL;NULL;21;0;4;21;0;0.19047619;NULL;NULL;NULL;NULL;NULL;NULL;NULL;NULL;NULL;NULL;NULL;NULL;No
Male;Yes;No;10;12;12;0;12;1;0;9;9;0;9;1;0;6;6;0;6;1;0;6;5;1;6;0.833333333;0.166666667;6;6;0;6;1;0;4;4;0;4;1;0;5;5;0;5;1;0;6;6;0;6;1;0;4;2;2;4;0.5;0.5;5;0;5;5;0;1;4;4;0;4;1;0;0;0;0;0;0;0;5;5;0;5;1;0;8;7;1;8;875;125;3;3;0;3;1;0;4;4;0;4;1;0;7;6;1;7;0.857142857;0.142857143;3;2;1;3;0.666666667;0.333333333;4;3;1;4;0.75;0.25;3;2;1;3;0.666666667;0.333333333;NULL;NULL;NULL;NULL;NULL;NULL;5;5;0;5;1;0;4;4;0;4;1;0;7;7;0;7;1;0;NULL;NULL;NULL;NULL;NULL;NULL;5;2;3;5;0.4;0.6;40;1;3;40;25;75;18;3;0;18;0.166666667;0;NULL;NULL;NULL;NULL;NULL;NULL;21;3;1;21;0.142857143;0.047619048;NULL;NULL;NULL;NULL;NULL;NULL;NULL;NULL;NULL;NULL;NULL;NULL;No
Female;Yes;No;10;13;13;0;13;1;0;10;10;0;10;1;0;5;5;0;5;1;0;3;3;0;3;1;0;8;8;0;8;1;0;2;0;2;2;0;1;5;4;1;5;0.8;0.2;3;3;0;3;1;0;2;2;0;2;1;0;9;9;0;9;1;0;5;4;1;5;0.8;0.2;4;3;1;4;0.75;0.25;3;2;1;3;0.666666667;0.333333333;10;10;0;10;1;0;4;4;0;4;1;0;5;5;0;5;1;0;6;5;1;6;0.833333333;0.166666667;3;2;1;3;0.666666667;0.333333333;4;2;2;4;0.5;0.5;4;1;3;4;0.25;0.75;NULL;NULL;NULL;NULL;NULL;NULL;5;5;0;5;1;0;5;5;0;5;1;0;6;6;0;6;1;0;NULL;NULL;NULL;NULL;NULL;NULL;9;7;2;9;0.777777778;0.222222222;22;2;0;22;0.090909091;0;30;3;1;30;0.1;0.033333333;NULL;NULL;NULL;NULL;NULL;NULL;21;2;2;21;0.095238095;0.095238095;NULL;NULL;NULL;NULL;NULL;NULL;NULL;NULL;NULL;NULL;NULL;NULL;No
Male;Yes;No;10;12;12;0;12;1;0;10;10;0;10;1;0;7;7;0;7;1;0;8;1;7;8;125;875;3;3;0;3;1;0;5;3;2;5;0.6;0.4;7;7;0;7;1;0;7;7;0;7;1;0;3;3;0;3;1;0;5;5;0;5;1;0;1;1;0;1;1;0;4;4;0;4;1;0;3;2;1;3;0.666666667;0.333333333;9;9;0;9;1;0;5;5;0;5;1;0;6;6;0;6;1;0;7;7;0;7;1;0;3;2;1;3;0.666666667;0.333333333;3;0;3;3;0;1;2;0;2;2;0;1;NULL;NULL;NULL;NULL;NULL;NULL;3;3;0;3;1;0;7;7;0;7;1;0;4;4;0;4;1;0;NULL;NULL;NULL;NULL;NULL;NULL;12;11;1;12;0.916666667;0.083333333;0;0;0;0;0;0;32;4;1;32;125;0.03125;NULL;NULL;NULL;NULL;NULL;NULL;21;1;3;21;0.047619048;0.142857143;NULL;NULL;NULL;NULL;NULL;NULL;NULL;NULL;NULL;NULL;NULL;NULL;No
Male;Yes;No;10;10;10;0;10;1;0;7;7;0;7;1;0;7;6;1;7;0.857142857;0.142857143;4;4;0;4;1;0;2;1;1;2;0.5;0.5;3;3;0;3;1;0;5;5;0;5;1;0;4;4;0;4;1;0;2;2;0;2;1;0;6;6;0;6;1;0;4;4;0;4;1;0;6;6;0;6;1;0;4;4;0;4;1;0;8;8;0;8;1;0;6;6;0;6;1;0;4;3;1;4;0.75;0.25;1;1;0;1;1;0;4;3;1;4;0.75;0.25;5;3;2;5;0.6;0.4;3;2;1;3;0.666666667;0.333333333;NULL;NULL;NULL;NULL;NULL;NULL;6;5;1;6;0.833333333;0.166666667;8;6;2;8;0.75;0.25;5;3;2;5;0.6;0.4;NULL;NULL;NULL;NULL;NULL;NULL;10;4;6;10;0.4;0.6;24;1;1;24;0.041666667;0.041666667;38;3;3;38;0.078947368;0.078947368;NULL;NULL;NULL;NULL;NULL;NULL;21;2;2;21;0.095238095;0.095238095;NULL;NULL;NULL;NULL;NULL;NULL;NULL;NULL;NULL;NULL;NULL;NULL;No
Female;Yes;No;10;9;9;0;9;1;0;8;8;0;8;1;0;6;6;0;6;1;0;1;1;0;1;1;0;6;6;0;6;1;0;5;5;0;5;1;0;6;6;0;6;1;0;5;5;0;5;1;0;2;2;0;2;1;0;8;7;1;8;875;125;8;8;0;8;1;0;0;0;0;0;0;0;5;5;0;5;1;0;9;9;0;9;1;0;4;4;0;4;1;0;6;6;0;6;1;0;3;3;0;3;1;0;5;5;0;5;1;0;3;3;0;3;1;0;3;0;3;3;0;1;NULL;NULL;NULL;NULL;NULL;NULL;3;1;2;3;0.333333333;0.666666667;4;4;0;4;1;0;5;5;0;5;1;0;NULL;NULL;NULL;NULL;NULL;NULL;9;7;2;9;0.777777778;0.222222222;30;3;0;30;0.1;0;6;1;0;6;0.166666667;0;NULL;NULL;NULL;NULL;NULL;NULL;21;1;3;21;0.047619048;0.142857143;NULL;NULL;NULL;NULL;NULL;NULL;NULL;NULL;NULL;NULL;NULL;NULL;No
Female;Yes;No;10;10;10;0;10;1;0;9;9;0;9;1;0;7;7;0;7;1;0;4;4;0;4;1;0;6;6;0;6;1;0;5;5;0;5;1;0;5;5;0;5;1;0;6;6;0;6;1;0;2;1;1;2;0.5;0.5;7;7;0;7;1;0;3;3;0;3;1;0;3;3;0;3;1;0;5;5;0;5;1;0;7;7;0;7;1;0;1;1;0;1;1;0;5;5;0;5;1;0;2;2;0;2;1;0;6;6;0;6;1;0;4;4;0;4;1;0;4;2;2;4;0.5;0.5;NULL;NULL;NULL;NULL;NULL;NULL;7;7;0;7;1;0;6;5;1;6;0.833333333;0.166666667;6;6;0;6;1;0;NULL;NULL;NULL;NULL;NULL;NULL;5;1;4;5;0.2;0.8;8;0;0;8;0;0;32;4;1;32;125;0.03125;NULL;NULL;NULL;NULL;NULL;NULL;21;1;3;21;0.047619048;0.142857143;NULL;NULL;NULL;NULL;NULL;NULL;NULL;NULL;NULL;NULL;NULL;NULL;No
Male;Yes;No;10;12;12;0;12;1;0;9;9;0;9;1;0;8;7;1;8;875;125;2;2;0;2;1;0;6;6;0;6;1;0;3;3;0;3;1;0;8;7;1;8;875;125;4;4;0;4;1;0;2;1;1;2;0.5;0.5;8;8;0;8;1;0;7;7;0;7;1;0;6;5;1;6;0.833333333;0.166666667;3;2;1;3;0.666666667;0.333333333;9;9;0;9;1;0;5;5;0;5;1;0;4;4;0;4;1;0;6;6;0;6;1;0;4;4;0;4;1;0;4;4;0;4;1;0;3;0;3;3;0;1;NULL;NULL;NULL;NULL;NULL;NULL;5;3;2;5;0.6;0.4;6;3;3;6;0.5;0.5;5;5;0;5;1;0;NULL;NULL;NULL;NULL;NULL;NULL;11;8;3;11;0.727272727;0.272727273;20;1;1;20;0.05;0.05;12;2;0;12;0.166666667;0;NULL;NULL;NULL;NULL;NULL;NULL;21;1;3;21;0.047619048;0.142857143;NULL;NULL;NULL;NULL;NULL;NULL;NULL;NULL;NULL;NULL;NULL;NULL;No
Male;Yes;No;10;10;9;1;10;0.9;0.1;10;9;1;10;0.9;0.1;6;6;0;6;1;0;0;0;0;0;0;0;6;6;0;6;1;0;5;5;0;5;1;0;4;4;0;4;1;0;4;3;1;4;0.75;0.25;5;2;3;5;0.4;0.6;5;5;0;5;1;0;2;2;0;2;1;0;3;3;0;3;1;0;5;5;0;5;1;0;8;8;0;8;1;0;6;6;0;6;1;0;5;5;0;5;1;0;5;5;0;5;1;0;5;5;0;5;1;0;4;3;1;4;0.75;0.25;2;2;0;2;1;0;NULL;NULL;NULL;NULL;NULL;NULL;7;2;5;7;0.285714286;0.714285714;7;5;2;7;0.714285714;0.285714286;7;6;1;7;0.857142857;0.142857143;NULL;NULL;NULL;NULL;NULL;NULL;13;9;4;13;0.692307692;0.307692308;52;5;0;52;0.096153846;0;36;3;2;36;0.083333333;0.055555556;NULL;NULL;NULL;NULL;NULL;NULL;21;3;1;21;0.142857143;0.047619048;NULL;NULL;NULL;NULL;NULL;NULL;NULL;NULL;NULL;NULL;NULL;NULL;No
Male;Yes;No;10;7;6;1;7;0.857142857;0.142857143;6;3;3;6;0.5;0.5;6;3;3;6;0.5;0.5;3;1;2;3;0.333333333;0.666666667;1;1;0;1;1;0;4;1;3;4;0.25;0.75;3;2;1;3;0.666666667;0.333333333;2;1;1;2;0.5;0.5;3;1;2;3;0.333333333;0.666666667;3;1;2;3;0.333333333;0.666666667;3;1;2;3;0.333333333;0.666666667;1;1;0;1;1;0;4;2;2;4;0.5;0.5;5;3;2;5;0.6;0.4;3;2;1;3;0.666666667;0.333333333;3;1;2;3;0.333333333;0.666666667;3;2;1;3;0.666666667;0.333333333;2;1;1;2;0.5;0.5;3;1;2;3;0.333333333;0.666666667;8;0;8;8;0;1;NULL;NULL;NULL;NULL;NULL;NULL;4;1;3;4;0.25;0.75;3;2;1;3;0.666666667;0.333333333;1;0;1;1;0;1;NULL;NULL;NULL;NULL;NULL;NULL;4;1;3;4;0.25;0.75;28;0;2;28;0;0.071428571;26;1;3;26;0.038461538;0.115384615;NULL;NULL;NULL;NULL;NULL;NULL;21;0;4;21;0;0.19047619;NULL;NULL;NULL;NULL;NULL;NULL;NULL;NULL;NULL;NULL;NULL;NULL;No
Female;Yes;No;10;8;8;0;8;1;0;9;9;0;9;1;0;7;7;0;7;1;0;5;0;5;5;0;1;4;2;2;4;0.5;0.5;5;1;4;5;0.2;0.8;1;0;1;1;0;1;3;3;0;3;1;0;2;1;1;2;0.5;0.5;5;2;3;5;0.4;0.6;4;3;1;4;0.75;0.25;5;5;0;5;1;0;2;2;0;2;1;0;6;6;0;6;1;0;3;3;0;3;1;0;5;5;0;5;1;0;2;2;0;2;1;0;3;1;2;3;0.333333333;0.666666667;5;5;0;5;1;0;2;0;2;2;0;1;NULL;NULL;NULL;NULL;NULL;NULL;5;4;1;5;0.8;0.2;7;6;1;7;0.857142857;0.142857143;7;4;3;7;0.571428571;0.428571429;NULL;NULL;NULL;NULL;NULL;NULL;4;4;0;4;1;0;40;3;1;40;75;25;18;1;2;18;0.055555556;0.111111111;NULL;NULL;NULL;NULL;NULL;NULL;21;0;4;21;0;0.19047619;NULL;NULL;NULL;NULL;NULL;NULL;NULL;NULL;NULL;NULL;NULL;NULL;No
Female;Yes;No;10;9;9;0;9;1;0;6;6;0;6;1;0;6;6;0;6;1;0;3;3;0;3;1;0;6;6;0;6;1;0;5;5;0;5;1;0;6;6;0;6;1;0;5;5;0;5;1;0;2;2;0;2;1;0;2;1;1;2;0.5;0.5;3;3;0;3;1;0;3;2;1;3;0.666666667;0.333333333;6;6;0;6;1;0;8;8;0;8;1;0;3;3;0;3;1;0;5;5;0;5;1;0;4;4;0;4;1;0;6;6;0;6;1;0;7;1;6;7;0.142857143;0.857142857;3;2;1;3;0.666666667;0.333333333;NULL;NULL;NULL;NULL;NULL;NULL;7;6;1;7;0.857142857;0.142857143;7;6;1;7;0.857142857;0.142857143;7;7;0;7;1;0;NULL;NULL;NULL;NULL;NULL;NULL;10;5;5;10;0.5;0.5;34;2;1;34;0.058823529;0.029411765;32;5;0;32;0.15625;0;NULL;NULL;NULL;NULL;NULL;NULL;21;1;3;21;0.047619048;0.142857143;NULL;NULL;NULL;NULL;NULL;NULL;NULL;NULL;NULL;NULL;NULL;NULL;No
Male;Yes;No;10;8;8;0;8;1;0;5;5;0;5;1;0;6;6;0;6;1;0;3;3;0;3;1;0;3;3;0;3;1;0;4;3;1;4;0.75;0.25;4;4;0;4;1;0;5;3;2;5;0.6;0.4;2;2;0;2;1;0;7;6;1;7;0.857142857;0.142857143;4;4;0;4;1;0;3;2;1;3;0.666666667;0.333333333;3;3;0;3;1;0;8;8;0;8;1;0;5;5;0;5;1;0;4;4;0;4;1;0;5;4;1;5;0.8;0.2;2;2;0;2;1;0;4;0;4;4;0;1;4;2;2;4;0.5;0.5;NULL;NULL;NULL;NULL;NULL;NULL;5;3;2;5;0.6;0.4;6;5;1;6;0.833333333;0.166666667;3;3;0;3;1;0;NULL;NULL;NULL;NULL;NULL;NULL;6;2;4;6;0.333333333;0.666666667;18;2;0;18;0.111111111;0;18;3;0;18;0.166666667;0;NULL;NULL;NULL;NULL;NULL;NULL;21;1;3;21;0.047619048;0.142857143;NULL;NULL;NULL;NULL;NULL;NULL;NULL;NULL;NULL;NULL;NULL;NULL;No
Male;Yes;No;10;10;10;0;10;1;0;9;9;0;9;1;0;9;9;0;9;1;0;3;3;0;3;1;0;5;5;0;5;1;0;7;5;2;7;0.714285714;0.285714286;4;4;0;4;1;0;5;5;0;5;1;0;3;3;0;3;1;0;8;8;0;8;1;0;5;4;1;5;0.8;0.2;5;4;1;5;0.8;0.2;6;5;1;6;0.833333333;0.166666667;7;7;0;7;1;0;4;4;0;4;1;0;7;7;0;7;1;0;4;4;0;4;1;0;4;3;1;4;0.75;0.25;4;2;2;4;0.5;0.5;1;0;1;1;0;1;NULL;NULL;NULL;NULL;NULL;NULL;4;2;2;4;0.5;0.5;5;5;0;5;1;0;3;3;0;3;1;0;NULL;NULL;NULL;NULL;NULL;NULL;6;3;3;6;0.5;0.5;40;3;1;40;75;25;18;3;0;18;0.166666667;0;NULL;NULL;NULL;NULL;NULL;NULL;21;2;2;21;0.095238095;0.095238095;NULL;NULL;NULL;NULL;NULL;NULL;NULL;NULL;NULL;NULL;NULL;NULL;No
Female;Yes;No;10;6;6;0;6;1;0;8;8;0;8;1;0;6;6;0;6;1;0;4;4;0;4;1;0;3;1;2;3;0.333333333;0.666666667;4;4;0;4;1;0;6;6;0;6;1;0;6;6;0;6;1;0;3;2;1;3;0.666666667;0.333333333;8;8;0;8;1;0;5;4;1;5;0.8;0.2;4;3;1;4;0.75;0.25;5;4;1;5;0.8;0.2;9;9;0;9;1;0;6;6;0;6;1;0;6;6;0;6;1;0;7;7;0;7;1;0;5;5;0;5;1;0;7;5;2;7;0.714285714;0.285714286;4;2;2;4;0.5;0.5;NULL;NULL;NULL;NULL;NULL;NULL;5;4;1;5;0.8;0.2;9;9;0;9;1;0;6;6;0;6;1;0;NULL;NULL;NULL;NULL;NULL;NULL;7;7;0;7;1;0;30;3;0;30;0.1;0;18;0;3;18;0;0.166666667;NULL;NULL;NULL;NULL;NULL;NULL;21;1;3;21;0.047619048;0.142857143;NULL;NULL;NULL;NULL;NULL;NULL;NULL;NULL;NULL;NULL;NULL;NULL;No
Male;Yes;No;10;7;7;0;7;1;0;6;6;0;6;1;0;7;7;0;7;1;0;3;3;0;3;1;0;3;3;0;3;1;0;3;1;2;3;0.333333333;0.666666667;2;2;0;2;1;0;2;1;1;2;0.5;0.5;2;0;2;2;0;1;5;4;1;5;0.8;0.2;0;0;0;0;0;0;2;0;2;2;0;1;4;4;0;4;1;0;7;7;0;7;1;0;5;5;0;5;1;0;4;4;0;4;1;0;7;6;1;7;0.857142857;0.142857143;3;1;2;3;0.333333333;0.666666667;6;0;6;6;0;1;6;1;5;6;0.166666667;0.833333333;NULL;NULL;NULL;NULL;NULL;NULL;3;3;0;3;1;0;9;3;6;9;0.333333333;0.666666667;7;4;3;7;0.571428571;0.428571429;NULL;NULL;NULL;NULL;NULL;NULL;8;6;2;8;0.75;0.25;38;0;3;38;0;0.078947368;18;2;1;18;0.111111111;0.055555556;NULL;NULL;NULL;NULL;NULL;NULL;21;0;4;21;0;0.19047619;NULL;NULL;NULL;NULL;NULL;NULL;NULL;NULL;NULL;NULL;NULL;NULL;No
Female;Yes;No;10;8;8;0;8;1;0;7;7;0;7;1;0;7;7;0;7;1;0;1;1;0;1;1;0;4;4;0;4;1;0;3;3;0;3;1;0;1;0;1;1;0;1;3;3;0;3;1;0;3;2;1;3;0.666666667;0.333333333;8;8;0;8;1;0;4;4;0;4;1;0;4;4;0;4;1;0;6;4;2;6;0.666666667;0.333333333;8;8;0;8;1;0;0;0;0;0;0;0;6;6;0;6;1;0;4;4;0;4;1;0;4;4;0;4;1;0;4;4;0;4;1;0;3;3;0;3;1;0;NULL;NULL;NULL;NULL;NULL;NULL;6;6;0;6;1;0;6;6;0;6;1;0;4;4;0;4;1;0;NULL;NULL;NULL;NULL;NULL;NULL;8;7;1;8;875;125;18;1;1;18;0.055555556;0.055555556;18;1;2;18;0.055555556;0.111111111;NULL;NULL;NULL;NULL;NULL;NULL;21;3;1;21;0.142857143;0.047619048;NULL;NULL;NULL;NULL;NULL;NULL;NULL;NULL;NULL;NULL;NULL;NULL;No
Male;Yes;No;10;12;12;0;12;1;0;9;9;0;9;1;0;7;7;0;7;1;0;1;1;0;1;1;0;7;7;0;7;1;0;4;4;0;4;1;0;4;4;0;4;1;0;7;6;1;7;0.857142857;0.142857143;3;3;0;3;1;0;9;8;1;9;0.888888889;0.111111111;3;3;0;3;1;0;5;4;1;5;0.8;0.2;4;4;0;4;1;0;10;10;0;10;1;0;8;8;0;8;1;0;7;7;0;7;1;0;6;6;0;6;1;0;3;3;0;3;1;0;4;3;1;4;0.75;0.25;3;1;2;3;0.333333333;0.666666667;NULL;NULL;NULL;NULL;NULL;NULL;7;4;3;7;0.571428571;0.428571429;7;7;0;7;1;0;6;6;0;6;1;0;NULL;NULL;NULL;NULL;NULL;NULL;10;7;3;10;0.7;0.3;30;3;0;30;0.1;0;18;1;2;18;0.055555556;0.111111111;NULL;NULL;NULL;NULL;NULL;NULL;21;2;2;21;0.095238095;0.095238095;NULL;NULL;NULL;NULL;NULL;NULL;NULL;NULL;NULL;NULL;NULL;NULL;No
Male;Yes;No;10;11;11;0;11;1;0;8;8;0;8;1;0;6;6;0;6;1;0;3;3;0;3;1;0;7;7;0;7;1;0;4;1;3;4;0.25;0.75;2;2;0;2;1;0;4;2;2;4;0.5;0.5;2;1;1;2;0.5;0.5;2;0;2;2;0;1;4;3;1;4;0.75;0.25;3;3;0;3;1;0;4;3;1;4;0.75;0.25;8;7;1;8;875;125;5;5;0;5;1;0;5;4;1;5;0.8;0.2;7;5;2;7;0.714285714;0.285714286;4;2;2;4;0.5;0.5;5;4;1;5;0.8;0.2;4;1;3;4;0.25;0.75;NULL;NULL;NULL;NULL;NULL;NULL;3;3;0;3;1;0;3;3;0;3;1;0;4;2;2;4;0.5;0.5;NULL;NULL;NULL;NULL;NULL;NULL;6;3;3;6;0.5;0.5;10;0;1;10;0;0.1;12;2;0;12;0.166666667;0;NULL;NULL;NULL;NULL;NULL;NULL;21;2;2;21;0.095238095;0.095238095;NULL;NULL;NULL;NULL;NULL;NULL;NULL;NULL;NULL;NULL;NULL;NULL;No
Male;Yes;No;10;10;7;3;10;0.7;0.3;10;10;0;10;1;0;8;5;3;8;625;375;1;0;1;1;0;1;4;4;0;4;1;0;6;3;3;6;0.5;0.5;5;3;2;5;0.6;0.4;7;5;2;7;0.714285714;0.285714286;5;1;4;5;0.2;0.8;9;9;0;9;1;0;3;1;2;3;0.333333333;0.666666667;6;2;4;6;0.333333333;0.666666667;3;1;2;3;0.333333333;0.666666667;6;1;5;6;0.166666667;0.833333333;5;2;3;5;0.4;0.6;6;1;5;6;0.166666667;0.833333333;4;1;3;4;0.25;0.75;5;2;3;5;0.4;0.6;1;0;1;1;0;1;4;1;3;4;0.25;0.75;NULL;NULL;NULL;NULL;NULL;NULL;5;1;4;5;0.2;0.8;4;1;3;4;0.25;0.75;4;1;3;4;0.25;0.75;NULL;NULL;NULL;NULL;NULL;NULL;7;2;5;7;0.285714286;0.714285714;20;0;2;20;0;0.1;36;0;5;36;0;0.138888889;NULL;NULL;NULL;NULL;NULL;NULL;21;0;4;21;0;0.19047619;NULL;NULL;NULL;NULL;NULL;NULL;NULL;NULL;NULL;NULL;NULL;NULL;No
Female;Yes;No;10;8;8;0;8;1;0;8;8;0;8;1;0;6;6;0;6;1;0;2;2;0;2;1;0;4;4;0;4;1;0;2;1;1;2;0.5;0.5;5;5;0;5;1;0;5;5;0;5;1;0;2;2;0;2;1;0;6;6;0;6;1;0;5;4;1;5;0.8;0.2;3;3;0;3;1;0;2;0;2;2;0;1;9;9;0;9;1;0;5;5;0;5;1;0;6;6;0;6;1;0;5;5;0;5;1;0;3;3;0;3;1;0;3;3;0;3;1;0;1;0;1;1;0;1;NULL;NULL;NULL;NULL;NULL;NULL;5;5;0;5;1;0;5;5;0;5;1;0;4;2;2;4;0.5;0.5;NULL;NULL;NULL;NULL;NULL;NULL;6;3;3;6;0.5;0.5;44;4;0;44;0.090909091;0;18;3;0;18;0.166666667;0;NULL;NULL;NULL;NULL;NULL;NULL;21;2;2;21;0.095238095;0.095238095;NULL;NULL;NULL;NULL;NULL;NULL;NULL;NULL;NULL;NULL;NULL;NULL;No
Male;Yes;No;10;5;4;1;5;0.8;0.2;6;6;0;6;1;0;6;6;0;6;1;0;6;6;0;6;1;0;5;5;0;5;1;0;3;3;0;3;1;0;3;2;1;3;0.666666667;0.333333333;2;2;0;2;1;0;3;3;0;3;1;0;3;0;3;3;0;1;3;3;0;3;1;0;3;3;0;3;1;0;4;2;2;4;0.5;0.5;5;5;0;5;1;0;5;5;0;5;1;0;2;2;0;2;1;0;4;4;0;4;1;0;4;4;0;4;1;0;3;2;1;3;0.666666667;0.333333333;27;7;20;27;0.259259259;0.740740741;NULL;NULL;NULL;NULL;NULL;NULL;30;7;23;30;0.233333333;0.766666667;6;5;1;6;0.833333333;0.166666667;6;6;0;6;1;0;NULL;NULL;NULL;NULL;NULL;NULL;9;3;6;9;0.333333333;0.666666667;26;0;2;26;0;0.076923077;34;0;5;34;0;0.147058824;NULL;NULL;NULL;NULL;NULL;NULL;21;2;2;21;0.095238095;0.095238095;NULL;NULL;NULL;NULL;NULL;NULL;NULL;NULL;NULL;NULL;NULL;NULL;No
Male;Yes;No;10;28;11;17;28;0.392857143;0.607142857;9;1;8;9;0.111111111;0.888888889;6;6;0;6;1;0;5;5;0;5;1;0;8;8;0;8;1;0;5;2;3;5;0.4;0.6;4;4;0;4;1;0;3;3;0;3;1;0;2;2;0;2;1;0;6;3;3;6;0.5;0.5;3;2;1;3;0.666666667;0.333333333;2;2;0;2;1;0;6;4;2;6;0.666666667;0.333333333;10;5;5;10;0.5;0.5;8;8;0;8;1;0;6;6;0;6;1;0;8;8;0;8;1;0;4;2;2;4;0.5;0.5;7;4;3;7;0.571428571;0.428571429;15;3;12;15;0.2;0.8;NULL;NULL;NULL;NULL;NULL;NULL;6;4;2;6;0.666666667;0.333333333;7;5;2;7;0.714285714;0.285714286;5;5;0;5;1;0;NULL;NULL;NULL;NULL;NULL;NULL;11;9;2;11;0.818181818;0.181818182;40;3;1;40;75;25;26;1;3;26;0.038461538;0.115384615;NULL;NULL;NULL;NULL;NULL;NULL;21;3;1;21;0.142857143;0.047619048;NULL;NULL;NULL;NULL;NULL;NULL;NULL;NULL;NULL;NULL;NULL;NULL;No
Male;Yes;No;10;7;7;0;7;1;0;8;8;0;8;1;0;7;7;0;7;1;0;3;3;0;3;1;0;6;6;0;6;1;0;3;3;0;3;1;0;7;6;1;7;0.857142857;0.142857143;7;4;3;7;0.571428571;0.428571429;10;2;8;10;0.2;0.8;5;0;5;5;0;1;2;0;2;2;0;1;3;3;0;3;1;0;6;4;2;6;0.666666667;0.333333333;5;3;2;5;0.6;0.4;5;5;0;5;1;0;5;5;0;5;1;0;4;4;0;4;1;0;4;2;2;4;0.5;0.5;5;4;1;5;0.8;0.2;3;1;2;3;0.333333333;0.666666667;NULL;NULL;NULL;NULL;NULL;NULL;7;5;2;7;0.714285714;0.285714286;4;4;0;4;1;0;5;5;0;5;1;0;NULL;NULL;NULL;NULL;NULL;NULL;9;6;3;9;0.666666667;0.333333333;16;1;0;16;0.0625;0;16;2;0;16;125;0;NULL;NULL;NULL;NULL;NULL;NULL;21;0;4;21;0;0.19047619;NULL;NULL;NULL;NULL;NULL;NULL;NULL;NULL;NULL;NULL;NULL;NULL;No
Male;Yes;No;10;10;10;0;10;1;0;7;7;0;7;1;0;6;6;0;6;1;0;2;2;0;2;1;0;6;6;0;6;1;0;3;3;0;3;1;0;1;1;0;1;1;0;4;4;0;4;1;0;2;1;1;2;0.5;0.5;5;5;0;5;1;0;5;5;0;5;1;0;4;4;0;4;1;0;5;4;1;5;0.8;0.2;7;7;0;7;1;0;5;5;0;5;1;0;5;5;0;5;1;0;5;5;0;5;1;0;3;3;0;3;1;0;4;2;2;4;0.5;0.5;3;1;2;3;0.333333333;0.666666667;NULL;NULL;NULL;NULL;NULL;NULL;6;2;4;6;0.333333333;0.666666667;6;3;3;6;0.5;0.5;6;6;0;6;1;0;NULL;NULL;NULL;NULL;NULL;NULL;10;9;1;10;0.9;0.1;34;1;2;34;0.029411765;0.058823529;32;5;0;32;0.15625;0;NULL;NULL;NULL;NULL;NULL;NULL;21;3;1;21;0.142857143;0.047619048;NULL;NULL;NULL;NULL;NULL;NULL;NULL;NULL;NULL;NULL;NULL;NULL;No
Male;Yes;No;10;5;5;0;5;1;0;7;7;0;7;1;0;8;8;0;8;1;0;2;2;0;2;1;0;4;4;0;4;1;0;3;2;1;3;0.666666667;0.333333333;6;6;0;6;1;0;5;5;0;5;1;0;4;4;0;4;1;0;5;5;0;5;1;0;2;2;0;2;1;0;5;5;0;5;1;0;3;3;0;3;1;0;8;8;0;8;1;0;4;4;0;4;1;0;4;3;1;4;0.75;0.25;5;5;0;5;1;0;2;2;0;2;1;0;5;5;0;5;1;0;1;1;0;1;1;0;NULL;NULL;NULL;NULL;NULL;NULL;3;3;0;3;1;0;5;5;0;5;1;0;4;4;0;4;1;0;NULL;NULL;NULL;NULL;NULL;NULL;7;5;2;7;0.714285714;0.285714286;26;0;2;26;0;0.076923077;14;1;1;14;0.071428571;0.071428571;NULL;NULL;NULL;NULL;NULL;NULL;21;1;3;21;0.047619048;0.142857143;NULL;NULL;NULL;NULL;NULL;NULL;NULL;NULL;NULL;NULL;NULL;NULL;No
Male;Yes;No;10;8;8;0;8;1;0;8;8;0;8;1;0;6;6;0;6;1;0;5;5;0;5;1;0;6;6;0;6;1;0;5;5;0;5;1;0;7;7;0;7;1;0;5;5;0;5;1;0;3;3;0;3;1;0;7;6;1;7;0.857142857;0.142857143;5;5;0;5;1;0;6;6;0;6;1;0;6;6;0;6;1;0;8;8;0;8;1;0;6;6;0;6;1;0;6;6;0;6;1;0;6;6;0;6;1;0;5;5;0;5;1;0;4;0;4;4;0;1;3;3;0;3;1;0;NULL;NULL;NULL;NULL;NULL;NULL;5;4;1;5;0.8;0.2;5;5;0;5;1;0;7;6;1;7;0.857142857;0.142857143;NULL;NULL;NULL;NULL;NULL;NULL;7;4;3;7;0.571428571;0.428571429;42;3;1;42;0.071428571;0.023809524;26;2;2;26;0.076923077;0.076923077;NULL;NULL;NULL;NULL;NULL;NULL;21;1;3;21;0.047619048;0.142857143;NULL;NULL;NULL;NULL;NULL;NULL;NULL;NULL;NULL;NULL;NULL;NULL;No
Male;Yes;No;10;10;10;0;10;1;0;7;7;0;7;1;0;9;9;0;9;1;0;5;5;0;5;1;0;6;6;0;6;1;0;5;3;2;5;0.6;0.4;6;5;1;6;0.833333333;0.166666667;5;3;2;5;0.6;0.4;2;1;1;2;0.5;0.5;2;0;2;2;0;1;4;3;1;4;0.75;0.25;4;4;0;4;1;0;6;6;0;6;1;0;8;8;0;8;1;0;5;5;0;5;1;0;6;6;0;6;1;0;3;3;0;3;1;0;5;3;2;5;0.6;0.4;6;3;3;6;0.5;0.5;4;0;4;4;0;1;NULL;NULL;NULL;NULL;NULL;NULL;5;4;1;5;0.8;0.2;5;4;1;5;0.8;0.2;6;5;1;6;0.833333333;0.166666667;NULL;NULL;NULL;NULL;NULL;NULL;4;2;2;4;0.5;0.5;20;0;2;20;0;0.1;8;1;0;8;125;0;NULL;NULL;NULL;NULL;NULL;NULL;21;3;1;21;0.142857143;0.047619048;NULL;NULL;NULL;NULL;NULL;NULL;NULL;NULL;NULL;NULL;NULL;NULL;No
Male;Yes;No;10;8;8;0;8;1;0;10;10;0;10;1;0;7;7;0;7;1;0;3;3;0;3;1;0;7;7;0;7;1;0;2;0;2;2;0;1;6;6;0;6;1;0;5;5;0;5;1;0;3;1;2;3;0.333333333;0.666666667;6;6;0;6;1;0;9;9;0;9;1;0;7;6;1;7;0.857142857;0.142857143;7;7;0;7;1;0;8;8;0;8;1;0;5;5;0;5;1;0;5;5;0;5;1;0;5;5;0;5;1;0;3;3;0;3;1;0;5;0;5;5;0;1;3;1;2;3;0.333333333;0.666666667;NULL;NULL;NULL;NULL;NULL;NULL;5;4;1;5;0.8;0.2;5;4;1;5;0.8;0.2;7;5;2;7;0.714285714;0.285714286;NULL;NULL;NULL;NULL;NULL;NULL;9;2;7;9;0.222222222;0.777777778;18;1;1;18;0.055555556;0.055555556;26;2;2;26;0.076923077;0.076923077;NULL;NULL;NULL;NULL;NULL;NULL;21;1;3;21;0.047619048;0.142857143;NULL;NULL;NULL;NULL;NULL;NULL;NULL;NULL;NULL;NULL;NULL;NULL;No
Male;Yes;No;10;10;10;0;10;1;0;10;10;0;10;1;0;7;7;0;7;1;0;5;4;1;5;0.8;0.2;7;7;0;7;1;0;5;5;0;5;1;0;6;6;0;6;1;0;4;3;1;4;0.75;0.25;2;2;0;2;1;0;7;7;0;7;1;0;4;4;0;4;1;0;6;5;1;6;0.833333333;0.166666667;7;7;0;7;1;0;8;8;0;8;1;0;1;1;0;1;1;0;5;5;0;5;1;0;5;4;1;5;0.8;0.2;4;0;4;4;0;1;4;1;3;4;0.25;0.75;3;0;3;3;0;1;NULL;NULL;NULL;NULL;NULL;NULL;8;5;3;8;625;375;5;4;1;5;0.8;0.2;7;5;2;7;0.714285714;0.285714286;NULL;NULL;NULL;NULL;NULL;NULL;11;4;7;11;0.363636364;0.636363636;60;3;2;60;0.05;0.033333333;48;6;1;48;125;0.020833333;NULL;NULL;NULL;NULL;NULL;NULL;21;3;1;21;0.142857143;0.047619048;NULL;NULL;NULL;NULL;NULL;NULL;NULL;NULL;NULL;NULL;NULL;NULL;No
Female;Yes;No;10;12;12;0;12;1;0;11;11;0;11;1;0;7;7;0;7;1;0;3;3;0;3;1;0;4;4;0;4;1;0;6;6;0;6;1;0;5;5;0;5;1;0;4;4;0;4;1;0;2;2;0;2;1;0;9;9;0;9;1;0;4;4;0;4;1;0;5;3;2;5;0.6;0.4;4;4;0;4;1;0;11;11;0;11;1;0;9;8;1;9;0.888888889;0.111111111;8;8;0;8;1;0;8;8;0;8;1;0;4;4;0;4;1;0;4;4;0;4;1;0;6;5;1;6;0.833333333;0.166666667;NULL;NULL;NULL;NULL;NULL;NULL;6;5;1;6;0.833333333;0.166666667;7;5;2;7;0.714285714;0.285714286;5;4;1;5;0.8;0.2;NULL;NULL;NULL;NULL;NULL;NULL;8;5;3;8;625;375;18;2;0;18;0.111111111;0;38;4;2;38;0.105263158;0.052631579;NULL;NULL;NULL;NULL;NULL;NULL;21;2;2;21;0.095238095;0.095238095;NULL;NULL;NULL;NULL;NULL;NULL;NULL;NULL;NULL;NULL;NULL;NULL;No
Female;Yes;No;10;8;8;0;8;1;0;6;6;0;6;1;0;7;7;0;7;1;0;6;6;0;6;1;0;5;5;0;5;1;0;4;2;2;4;0.5;0.5;5;5;0;5;1;0;6;6;0;6;1;0;5;5;0;5;1;0;2;0;2;2;0;1;2;2;0;2;1;0;3;3;0;3;1;0;4;4;0;4;1;0;8;8;0;8;1;0;5;5;0;5;1;0;7;7;0;7;1;0;7;7;0;7;1;0;5;4;1;5;0.8;0.2;3;1;2;3;0.333333333;0.666666667;2;0;2;2;0;1;NULL;NULL;NULL;NULL;NULL;NULL;4;3;1;4;0.75;0.25;4;3;1;4;0.75;0.25;6;6;0;6;1;0;NULL;NULL;NULL;NULL;NULL;NULL;3;2;1;3;0.666666667;0.333333333;10;0;1;10;0;0.1;26;4;0;26;0.153846154;0;NULL;NULL;NULL;NULL;NULL;NULL;21;1;3;21;0.047619048;0.142857143;NULL;NULL;NULL;NULL;NULL;NULL;NULL;NULL;NULL;NULL;NULL;NULL;No
Female;Yes;No;10;12;12;0;12;1;0;9;8;1;9;0.888888889;0.111111111;8;8;0;8;1;0;9;9;0;9;1;0;2;1;1;2;0.5;0.5;5;4;1;5;0.8;0.2;4;4;0;4;1;0;7;7;0;7;1;0;4;3;1;4;0.75;0.25;8;8;0;8;1;0;5;4;1;5;0.8;0.2;5;4;1;5;0.8;0.2;6;6;0;6;1;0;10;10;0;10;1;0;6;6;0;6;1;0;6;5;1;6;0.833333333;0.166666667;2;2;0;2;1;0;4;4;0;4;1;0;5;4;1;5;0.8;0.2;4;2;2;4;0.5;0.5;NULL;NULL;NULL;NULL;NULL;NULL;7;6;1;7;0.857142857;0.142857143;5;4;1;5;0.8;0.2;6;6;0;6;1;0;NULL;NULL;NULL;NULL;NULL;NULL;8;7;1;8;875;125;52;5;0;52;0.096153846;0;42;6;0;42;0.142857143;0;NULL;NULL;NULL;NULL;NULL;NULL;21;3;1;21;0.142857143;0.047619048;NULL;NULL;NULL;NULL;NULL;NULL;NULL;NULL;NULL;NULL;NULL;NULL;No
Female;Yes;No;10;10;10;0;10;1;0;10;10;0;10;1;0;8;8;0;8;1;0;4;4;0;4;1;0;5;5;0;5;1;0;5;3;2;5;0.6;0.4;6;6;0;6;1;0;3;2;1;3;0.666666667;0.333333333;3;3;0;3;1;0;9;9;0;9;1;0;5;5;0;5;1;0;2;2;0;2;1;0;4;2;2;4;0.5;0.5;9;9;0;9;1;0;2;2;0;2;1;0;6;5;1;6;0.833333333;0.166666667;6;5;1;6;0.833333333;0.166666667;4;4;0;4;1;0;2;1;1;2;0.5;0.5;6;5;1;6;0.833333333;0.166666667;NULL;NULL;NULL;NULL;NULL;NULL;4;3;1;4;0.75;0.25;5;5;0;5;1;0;7;7;0;7;1;0;NULL;NULL;NULL;NULL;NULL;NULL;8;5;3;8;625;375;28;0;2;28;0;0.071428571;18;3;0;18;0.166666667;0;NULL;NULL;NULL;NULL;NULL;NULL;21;2;2;21;0.095238095;0.095238095;NULL;NULL;NULL;NULL;NULL;NULL;NULL;NULL;NULL;NULL;NULL;NULL;No
Female;Yes;No;10;11;11;0;11;1;0;9;9;0;9;1;0;7;7;0;7;1;0;4;4;0;4;1;0;6;0;6;6;0;1;3;0;3;3;0;1;2;1;1;2;0.5;0.5;6;6;0;6;1;0;2;1;1;2;0.5;0.5;1;1;0;1;1;0;1;0;1;1;0;1;1;1;0;1;1;0;18;2;16;18;0.111111111;0.888888889;9;9;0;9;1;0;6;6;0;6;1;0;6;6;0;6;1;0;5;5;0;5;1;0;13;0;13;13;0;1;30;0;30;30;0;1;12;3;9;12;0.25;0.75;NULL;NULL;NULL;NULL;NULL;NULL;6;4;2;6;0.666666667;0.333333333;3;3;0;3;1;0;6;6;0;6;1;0;NULL;NULL;NULL;NULL;NULL;NULL;8;5;3;8;625;375;26;1;1;26;0.038461538;0.038461538;26;2;2;26;0.076923077;0.076923077;NULL;NULL;NULL;NULL;NULL;NULL;21;1;3;21;0.047619048;0.142857143;NULL;NULL;NULL;NULL;NULL;NULL;NULL;NULL;NULL;NULL;NULL;NULL;No
Male;Yes;No;10;13;13;0;13;1;0;11;11;0;11;1;0;8;8;0;8;1;0;5;5;0;5;1;0;6;5;1;6;0.833333333;0.166666667;6;5;1;6;0.833333333;0.166666667;6;6;0;6;1;0;4;4;0;4;1;0;1;1;0;1;1;0;10;10;0;10;1;0;3;3;0;3;1;0;4;4;0;4;1;0;6;5;1;6;0.833333333;0.166666667;10;10;0;10;1;0;4;4;0;4;1;0;6;6;0;6;1;0;6;6;0;6;1;0;5;4;1;5;0.8;0.2;5;4;1;5;0.8;0.2;6;3;3;6;0.5;0.5;NULL;NULL;NULL;NULL;NULL;NULL;12;10;2;12;0.833333333;0.166666667;18;7;11;18;0.388888889;0.611111111;7;7;0;7;1;0;NULL;NULL;NULL;NULL;NULL;NULL;13;10;3;13;0.769230769;0.230769231;32;2;1;32;0.0625;0.03125;44;6;0;44;0.136363636;0;NULL;NULL;NULL;NULL;NULL;NULL;21;3;1;21;0.142857143;0.047619048;NULL;NULL;NULL;NULL;NULL;NULL;NULL;NULL;NULL;NULL;NULL;NULL;No
Male;Yes;No;10;8;8;0;8;1;0;8;8;0;8;1;0;5;5;0;5;1;0;5;5;0;5;1;0;5;5;0;5;1;0;3;3;0;3;1;0;4;3;1;4;0.75;0.25;5;5;0;5;1;0;3;3;0;3;1;0;6;6;0;6;1;0;5;5;0;5;1;0;4;3;1;4;0.75;0.25;5;5;0;5;1;0;8;8;0;8;1;0;3;3;0;3;1;0;3;3;0;3;1;0;5;5;0;5;1;0;4;3;1;4;0.75;0.25;5;2;3;5;0.4;0.6;5;1;4;5;0.2;0.8;NULL;NULL;NULL;NULL;NULL;NULL;3;3;0;3;1;0;7;7;0;7;1;0;5;5;0;5;1;0;NULL;NULL;NULL;NULL;NULL;NULL;5;5;0;5;1;0;40;3;1;40;75;25;12;2;0;12;0.166666667;0;NULL;NULL;NULL;NULL;NULL;NULL;21;3;1;21;0.142857143;0.047619048;NULL;NULL;NULL;NULL;NULL;NULL;NULL;NULL;NULL;NULL;NULL;NULL;No
Male;Yes;Yes;10;9;9;0;9;1;0;8;8;0;8;1;0;7;7;0;7;1;0;3;3;0;3;1;0;3;3;0;3;1;0;3;3;0;3;1;0;4;4;0;4;1;0;4;4;0;4;1;0;3;3;0;3;1;0;3;3;0;3;1;0;4;2;2;4;0.5;0.5;5;3;2;5;0.6;0.4;5;2;3;5;0.4;0.6;8;8;0;8;1;0;5;5;0;5;1;0;7;5;2;7;0.714285714;0.285714286;3;3;0;3;1;0;3;3;0;3;1;0;3;1;2;3;0.333333333;0.666666667;5;5;0;5;1;0;NULL;NULL;NULL;NULL;NULL;NULL;4;2;2;4;0.5;0.5;5;4;1;5;0.8;0.2;4;3;1;4;0.75;0.25;NULL;NULL;NULL;NULL;NULL;NULL;6;4;2;6;0.666666667;0.333333333;32;1;2;32;0.03125;0.0625;12;0;2;12;0;0.166666667;NULL;NULL;NULL;NULL;NULL;NULL;21;1;3;21;0.047619048;0.142857143;NULL;NULL;NULL;NULL;NULL;NULL;NULL;NULL;NULL;NULL;NULL;NULL;No
Female;Yes;No;10;11;11;0;11;1;0;9;9;0;9;1;0;8;8;0;8;1;0;3;3;0;3;1;0;6;6;0;6;1;0;6;6;0;6;1;0;1;1;0;1;1;0;5;4;1;5;0.8;0.2;5;5;0;5;1;0;7;7;0;7;1;0;7;7;0;7;1;0;5;4;1;5;0.8;0.2;4;4;0;4;1;0;9;9;0;9;1;0;4;4;0;4;1;0;5;5;0;5;1;0;5;4;1;5;0.8;0.2;4;4;0;4;1;0;4;1;3;4;0.25;0.75;4;1;3;4;0.25;0.75;NULL;NULL;NULL;NULL;NULL;NULL;4;3;1;4;0.75;0.25;6;5;1;6;0.833333333;0.166666667;7;7;0;7;1;0;NULL;NULL;NULL;NULL;NULL;NULL;16;15;1;16;0.9375;0.0625;40;4;0;40;0.1;0;32;5;0;32;0.15625;0;NULL;NULL;NULL;NULL;NULL;NULL;21;4;0;21;0.19047619;0;NULL;NULL;NULL;NULL;NULL;NULL;NULL;NULL;NULL;NULL;NULL;NULL;No
Male;Yes;No;10;11;11;0;11;1;0;8;8;0;8;1;0;7;7;0;7;1;0;2;2;0;2;1;0;6;5;1;6;0.833333333;0.166666667;4;3;1;4;0.75;0.25;4;4;0;4;1;0;3;3;0;3;1;0;3;2;1;3;0.666666667;0.333333333;6;6;0;6;1;0;4;3;1;4;0.75;0.25;4;3;1;4;0.75;0.25;5;5;0;5;1;0;10;10;0;10;1;0;5;5;0;5;1;0;6;6;0;6;1;0;5;4;1;5;0.8;0.2;2;0;2;2;0;1;4;2;2;4;0.5;0.5;7;2;5;7;0.285714286;0.714285714;NULL;NULL;NULL;NULL;NULL;NULL;5;5;0;5;1;0;8;7;1;8;875;125;6;5;1;6;0.833333333;0.166666667;NULL;NULL;NULL;NULL;NULL;NULL;9;6;3;9;0.666666667;0.333333333;40;4;0;40;0.1;0;34;4;1;34;0.117647059;0.029411765;NULL;NULL;NULL;NULL;NULL;NULL;21;3;1;21;0.142857143;0.047619048;NULL;NULL;NULL;NULL;NULL;NULL;NULL;NULL;NULL;NULL;NULL;NULL;No
Female;Yes;No;10;12;12;0;12;1;0;9;9;0;9;1;0;7;7;0;7;1;0;4;4;0;4;1;0;6;6;0;6;1;0;7;6;1;7;0.857142857;0.142857143;6;6;0;6;1;0;5;5;0;5;1;0;3;3;0;3;1;0;9;9;0;9;1;0;3;2;1;3;0.666666667;0.333333333;5;5;0;5;1;0;3;3;0;3;1;0;9;9;0;9;1;0;7;7;0;7;1;0;7;7;0;7;1;0;7;7;0;7;1;0;4;4;0;4;1;0;5;3;2;5;0.6;0.4;2;1;1;2;0.5;0.5;NULL;NULL;NULL;NULL;NULL;NULL;5;4;1;5;0.8;0.2;8;8;0;8;1;0;5;5;0;5;1;0;NULL;NULL;NULL;NULL;NULL;NULL;12;9;3;12;0.75;0.25;40;2;2;40;0.05;0.05;26;2;2;26;0.076923077;0.076923077;NULL;NULL;NULL;NULL;NULL;NULL;21;3;1;21;0.142857143;0.047619048;NULL;NULL;NULL;NULL;NULL;NULL;NULL;NULL;NULL;NULL;NULL;NULL;No
Male;Yes;No;10;10;10;0;10;1;0;9;9;0;9;1;0;8;7;1;8;875;125;2;2;0;2;1;0;4;4;0;4;1;0;6;4;2;6;0.666666667;0.333333333;4;4;0;4;1;0;3;3;0;3;1;0;2;2;0;2;1;0;7;7;0;7;1;0;6;6;0;6;1;0;5;3;2;5;0.6;0.4;4;3;1;4;0.75;0.25;8;8;0;8;1;0;4;4;0;4;1;0;6;6;0;6;1;0;1;1;0;1;1;0;3;3;0;3;1;0;6;3;3;6;0.5;0.5;4;1;3;4;0.25;0.75;NULL;NULL;NULL;NULL;NULL;NULL;6;4;2;6;0.666666667;0.333333333;5;5;0;5;1;0;7;6;1;7;0.857142857;0.142857143;NULL;NULL;NULL;NULL;NULL;NULL;14;11;3;14;0.785714286;0.214285714;40;4;0;40;0.1;0;32;4;1;32;125;0.03125;NULL;NULL;NULL;NULL;NULL;NULL;21;2;2;21;0.095238095;0.095238095;NULL;NULL;NULL;NULL;NULL;NULL;NULL;NULL;NULL;NULL;NULL;NULL;No
Male;Yes;No;10;11;11;0;11;1;0;7;7;0;7;1;0;8;8;0;8;1;0;7;0;7;7;0;1;6;6;0;6;1;0;4;4;0;4;1;0;3;3;0;3;1;0;2;2;0;2;1;0;3;0;3;3;0;1;7;7;0;7;1;0;3;3;0;3;1;0;3;3;0;3;1;0;6;4;2;6;0.666666667;0.333333333;7;7;0;7;1;0;6;6;0;6;1;0;4;4;0;4;1;0;4;4;0;4;1;0;5;3;2;5;0.6;0.4;4;2;2;4;0.5;0.5;3;1;2;3;0.333333333;0.666666667;NULL;NULL;NULL;NULL;NULL;NULL;5;3;2;5;0.6;0.4;6;4;2;6;0.666666667;0.333333333;5;4;1;5;0.8;0.2;NULL;NULL;NULL;NULL;NULL;NULL;7;3;4;7;0.428571429;0.571428571;34;3;0;34;0.088235294;0;18;2;1;18;0.111111111;0.055555556;NULL;NULL;NULL;NULL;NULL;NULL;21;2;2;21;0.095238095;0.095238095;NULL;NULL;NULL;NULL;NULL;NULL;NULL;NULL;NULL;NULL;NULL;NULL;No
Female;Yes;No;10;6;6;0;6;1;0;0;0;0;0;0;0;3;1;2;3;0.333333333;0.666666667;0;0;0;0;0;0;4;4;0;4;1;0;4;4;0;4;1;0;4;4;0;4;1;0;3;3;0;3;1;0;2;2;0;2;1;0;3;0;3;3;0;1;5;5;0;5;1;0;6;6;0;6;1;0;3;3;0;3;1;0;8;8;0;8;1;0;4;4;0;4;1;0;3;3;0;3;1;0;0;0;0;0;0;0;4;4;0;4;1;0;2;2;0;2;1;0;3;3;0;3;1;0;NULL;NULL;NULL;NULL;NULL;NULL;3;2;1;3;0.666666667;0.333333333;6;6;0;6;1;0;4;4;0;4;1;0;NULL;NULL;NULL;NULL;NULL;NULL;6;6;0;6;1;0;0;0;0;0;0;0;32;5;0;32;0.15625;0;NULL;NULL;NULL;NULL;NULL;NULL;21;4;0;21;0.19047619;0;NULL;NULL;NULL;NULL;NULL;NULL;NULL;NULL;NULL;NULL;NULL;NULL;No
Male;Yes;No;10;12;12;0;12;1;0;10;10;0;10;1;0;8;8;0;8;1;0;5;5;0;5;1;0;7;7;0;7;1;0;3;3;0;3;1;0;5;5;0;5;1;0;5;5;0;5;1;0;4;0;4;4;0;1;6;4;2;6;0.666666667;0.333333333;7;7;0;7;1;0;3;0;3;3;0;1;7;4;3;7;0.571428571;0.428571429;10;10;0;10;1;0;9;9;0;9;1;0;7;6;1;7;0.857142857;0.142857143;7;7;0;7;1;0;6;6;0;6;1;0;5;3;2;5;0.6;0.4;7;0;7;7;0;1;NULL;NULL;NULL;NULL;NULL;NULL;7;6;1;7;0.857142857;0.142857143;6;5;1;6;0.833333333;0.166666667;6;5;1;6;0.833333333;0.166666667;NULL;NULL;NULL;NULL;NULL;NULL;7;3;4;7;0.428571429;0.571428571;44;4;0;44;0.090909091;0;18;3;0;18;0.166666667;0;NULL;NULL;NULL;NULL;NULL;NULL;21;2;2;21;0.095238095;0.095238095;NULL;NULL;NULL;NULL;NULL;NULL;NULL;NULL;NULL;NULL;NULL;NULL;No
Male;Yes;No;10;6;0;6;6;0;1;3;1;2;3;0.333333333;0.666666667;7;7;0;7;1;0;10;0;10;10;0;1;6;6;0;6;1;0;1;0;1;1;0;1;3;3;0;3;1;0;5;5;0;5;1;0;1;1;0;1;1;0;5;2;3;5;0.4;0.6;6;6;0;6;1;0;6;5;1;6;0.833333333;0.166666667;5;4;1;5;0.8;0.2;9;9;0;9;1;0;5;5;0;5;1;0;2;2;0;2;1;0;4;4;0;4;1;0;6;4;2;6;0.666666667;0.333333333;4;0;4;4;0;1;8;4;4;8;0.5;0.5;NULL;NULL;NULL;NULL;NULL;NULL;3;3;0;3;1;0;7;6;1;7;0.857142857;0.142857143;6;6;0;6;1;0;NULL;NULL;NULL;NULL;NULL;NULL;7;4;3;7;0.571428571;0.428571429;30;3;0;30;0.1;0;18;3;0;18;0.166666667;0;NULL;NULL;NULL;NULL;NULL;NULL;21;3;1;21;0.142857143;0.047619048;NULL;NULL;NULL;NULL;NULL;NULL;NULL;NULL;NULL;NULL;NULL;NULL;No
Female;Yes;No;10;12;12;0;12;1;0;10;10;0;10;1;0;10;9;1;10;0.9;0.1;2;2;0;2;1;0;6;5;1;6;0.833333333;0.166666667;6;6;0;6;1;0;4;4;0;4;1;0;9;7;2;9;0.777777778;0.222222222;4;3;1;4;0.75;0.25;7;6;1;7;0.857142857;0.142857143;3;2;1;3;0.666666667;0.333333333;5;5;0;5;1;0;4;3;1;4;0.75;0.25;10;10;0;10;1;0;7;7;0;7;1;0;6;6;0;6;1;0;7;7;0;7;1;0;5;4;1;5;0.8;0.2;8;8;0;8;1;0;3;1;2;3;0.333333333;0.666666667;NULL;NULL;NULL;NULL;NULL;NULL;6;3;3;6;0.5;0.5;6;3;3;6;0.5;0.5;5;5;0;5;1;0;NULL;NULL;NULL;NULL;NULL;NULL;12;10;2;12;0.833333333;0.166666667;52;3;2;52;0.057692308;0.038461538;26;2;2;26;0.076923077;0.076923077;NULL;NULL;NULL;NULL;NULL;NULL;21;3;1;21;0.142857143;0.047619048;NULL;NULL;NULL;NULL;NULL;NULL;NULL;NULL;NULL;NULL;NULL;NULL;No
Male;Yes;No;10;0;0;0;0;0;0;8;8;0;8;1;0;7;7;0;7;1;0;2;1;1;2;0.5;0.5;5;5;0;5;1;0;5;5;0;5;1;0;5;4;1;5;0.8;0.2;5;5;0;5;1;0;2;2;0;2;1;0;6;6;0;6;1;0;5;4;1;5;0.8;0.2;6;6;0;6;1;0;6;3;3;6;0.5;0.5;10;9;1;10;0.9;0.1;6;6;0;6;1;0;5;5;0;5;1;0;5;5;0;5;1;0;4;4;0;4;1;0;5;4;1;5;0.8;0.2;7;4;3;7;0.571428571;0.428571429;NULL;NULL;NULL;NULL;NULL;NULL;4;3;1;4;0.75;0.25;5;5;0;5;1;0;5;4;1;5;0.8;0.2;NULL;NULL;NULL;NULL;NULL;NULL;9;8;1;9;0.888888889;0.111111111;46;4;0;46;0.086956522;0;26;3;1;26;0.115384615;0.038461538;NULL;NULL;NULL;NULL;NULL;NULL;21;3;1;21;0.142857143;0.047619048;NULL;NULL;NULL;NULL;NULL;NULL;NULL;NULL;NULL;NULL;NULL;NULL;No
Male;Yes;No;10;3;0;3;3;0;1;5;5;0;5;1;0;4;4;0;4;1;0;4;4;0;4;1;0;4;4;0;4;1;0;4;4;0;4;1;0;4;4;0;4;1;0;6;5;1;6;0.833333333;0.166666667;3;0;3;3;0;1;6;6;0;6;1;0;6;0;6;6;0;1;7;7;0;7;1;0;3;3;0;3;1;0;9;9;0;9;1;0;6;6;0;6;1;0;6;6;0;6;1;0;8;7;1;8;875;125;5;4;1;5;0.8;0.2;7;6;1;7;0.857142857;0.142857143;5;1;4;5;0.2;0.8;NULL;NULL;NULL;NULL;NULL;NULL;5;4;1;5;0.8;0.2;8;5;3;8;625;375;6;6;0;6;1;0;NULL;NULL;NULL;NULL;NULL;NULL;3;1;2;3;0.333333333;0.666666667;52;1;4;52;0.019230769;0.076923077;20;2;1;20;0.1;0.05;NULL;NULL;NULL;NULL;NULL;NULL;21;4;0;21;0.19047619;0;NULL;NULL;NULL;NULL;NULL;NULL;NULL;NULL;NULL;NULL;NULL;NULL;No
Female;Yes;No;10;9;9;0;9;1;0;4;3;1;4;0.75;0.25;7;7;0;7;1;0;3;3;0;3;1;0;6;6;0;6;1;0;4;0;4;4;0;1;0;0;0;0;0;0;5;5;0;5;1;0;3;3;0;3;1;0;7;6;1;7;0.857142857;0.142857143;4;4;0;4;1;0;4;3;1;4;0.75;0.25;4;3;1;4;0.75;0.25;6;6;0;6;1;0;5;5;0;5;1;0;3;3;0;3;1;0;2;1;1;2;0.5;0.5;3;3;0;3;1;0;6;4;2;6;0.666666667;0.333333333;4;3;1;4;0.75;0.25;NULL;NULL;NULL;NULL;NULL;NULL;5;2;3;5;0.4;0.6;5;3;2;5;0.6;0.4;6;6;0;6;1;0;NULL;NULL;NULL;NULL;NULL;NULL;9;5;4;9;0.555555556;0.444444444;28;1;1;28;0.035714286;0.035714286;28;0;4;28;0;0.142857143;NULL;NULL;NULL;NULL;NULL;NULL;21;2;2;21;0.095238095;0.095238095;NULL;NULL;NULL;NULL;NULL;NULL;NULL;NULL;NULL;NULL;NULL;NULL;No
Male;Yes;No;10;12;12;0;12;1;0;9;9;0;9;1;0;7;7;0;7;1;0;5;5;0;5;1;0;5;5;0;5;1;0;6;6;0;6;1;0;6;6;0;6;1;0;4;4;0;4;1;0;2;1;1;2;0.5;0.5;10;10;0;10;1;0;6;5;1;6;0.833333333;0.166666667;6;6;0;6;1;0;5;5;0;5;1;0;9;9;0;9;1;0;8;7;1;8;875;125;6;6;0;6;1;0;7;7;0;7;1;0;5;4;1;5;0.8;0.2;4;3;1;4;0.75;0.25;2;1;1;2;0.5;0.5;NULL;NULL;NULL;NULL;NULL;NULL;5;4;1;5;0.8;0.2;7;6;1;7;0.857142857;0.142857143;5;4;1;5;0.8;0.2;NULL;NULL;NULL;NULL;NULL;NULL;8;5;3;8;625;375;52;5;0;52;0.096153846;0;32;4;1;32;125;0.03125;NULL;NULL;NULL;NULL;NULL;NULL;21;4;0;21;0.19047619;0;NULL;NULL;NULL;NULL;NULL;NULL;NULL;NULL;NULL;NULL;NULL;NULL;No
Male;Yes;No;10;11;10;1;11;0.909090909;0.090909091;9;9;0;9;1;0;5;1;4;5;0.2;0.8;7;0;7;7;0;1;3;3;0;3;1;0;4;0;4;4;0;1;4;4;0;4;1;0;5;5;0;5;1;0;3;3;0;3;1;0;8;8;0;8;1;0;6;5;1;6;0.833333333;0.166666667;5;5;0;5;1;0;5;4;1;5;0.8;0.2;8;8;0;8;1;0;6;6;0;6;1;0;5;5;0;5;1;0;4;4;0;4;1;0;6;4;2;6;0.666666667;0.333333333;4;4;0;4;1;0;2;1;1;2;0.5;0.5;NULL;NULL;NULL;NULL;NULL;NULL;9;7;2;9;0.777777778;0.222222222;8;7;1;8;875;125;5;5;0;5;1;0;NULL;NULL;NULL;NULL;NULL;NULL;11;9;2;11;0.818181818;0.181818182;42;0;4;42;0;0.095238095;26;3;1;26;0.115384615;0.038461538;NULL;NULL;NULL;NULL;NULL;NULL;21;2;2;21;0.095238095;0.095238095;NULL;NULL;NULL;NULL;NULL;NULL;NULL;NULL;NULL;NULL;NULL;NULL;No
Male;Yes;No;10;10;10;0;10;1;0;2;0;2;2;0;1;6;6;0;6;1;0;4;4;0;4;1;0;6;6;0;6;1;0;6;5;1;6;0.833333333;0.166666667;7;7;0;7;1;0;4;3;1;4;0.75;0.25;2;0;2;2;0;1;8;7;1;8;875;125;6;5;1;6;0.833333333;0.166666667;4;2;2;4;0.5;0.5;5;4;1;5;0.8;0.2;8;8;0;8;1;0;5;5;0;5;1;0;6;6;0;6;1;0;6;6;0;6;1;0;4;3;1;4;0.75;0.25;5;2;3;5;0.4;0.6;3;2;1;3;0.666666667;0.333333333;NULL;NULL;NULL;NULL;NULL;NULL;5;5;0;5;1;0;7;6;1;7;0.857142857;0.142857143;4;2;2;4;0.5;0.5;NULL;NULL;NULL;NULL;NULL;NULL;8;5;3;8;625;375;40;3;1;40;75;25;34;3;2;34;0.088235294;0.058823529;NULL;NULL;NULL;NULL;NULL;NULL;21;2;2;21;0.095238095;0.095238095;NULL;NULL;NULL;NULL;NULL;NULL;NULL;NULL;NULL;NULL;NULL;NULL;No
Female;Yes;No;10;5;4;1;5;0.8;0.2;9;9;0;9;1;0;7;6;1;7;0.857142857;0.142857143;3;3;0;3;1;0;3;3;0;3;1;0;0;0;0;0;0;0;3;3;0;3;1;0;7;5;2;7;0.714285714;0.285714286;3;1;2;3;0.333333333;0.666666667;8;8;0;8;1;0;6;5;1;6;0.833333333;0.166666667;4;2;2;4;0.5;0.5;0;0;0;0;0;0;8;8;0;8;1;0;5;5;0;5;1;0;3;3;0;3;1;0;6;5;1;6;0.833333333;0.166666667;4;2;2;4;0.5;0.5;0;0;0;0;0;0;4;1;3;4;0.25;0.75;NULL;NULL;NULL;NULL;NULL;NULL;4;4;0;4;1;0;5;4;1;5;0.8;0.2;4;3;1;4;0.75;0.25;NULL;NULL;NULL;NULL;NULL;NULL;7;5;2;7;0.714285714;0.285714286;54;2;3;54;0.037037037;0.055555556;41;0;6;41;0;0.146341463;NULL;NULL;NULL;NULL;NULL;NULL;21;2;2;21;0.095238095;0.095238095;NULL;NULL;NULL;NULL;NULL;NULL;NULL;NULL;NULL;NULL;NULL;NULL;No
Female;Yes;No;10;12;12;0;12;1;0;10;9;1;10;0.9;0.1;7;7;0;7;1;0;4;4;0;4;1;0;5;4;1;5;0.8;0.2;5;3;2;5;0.6;0.4;6;6;0;6;1;0;7;6;1;7;0.857142857;0.142857143;4;3;1;4;0.75;0.25;9;9;0;9;1;0;6;5;1;6;0.833333333;0.166666667;8;7;1;8;875;125;6;4;2;6;0.666666667;0.333333333;10;10;0;10;1;0;5;5;0;5;1;0;4;4;0;4;1;0;5;5;0;5;1;0;7;6;1;7;0.857142857;0.142857143;4;3;1;4;0.75;0.25;5;1;4;5;0.2;0.8;NULL;NULL;NULL;NULL;NULL;NULL;9;6;3;9;0.666666667;0.333333333;10;7;3;10;0.7;0.3;5;4;1;5;0.8;0.2;NULL;NULL;NULL;NULL;NULL;NULL;12;8;4;12;0.666666667;0.333333333;40;3;1;40;75;25;46;4;3;46;0.086956522;0.065217391;NULL;NULL;NULL;NULL;NULL;NULL;21;3;1;21;0.142857143;0.047619048;NULL;NULL;NULL;NULL;NULL;NULL;NULL;NULL;NULL;NULL;NULL;NULL;No
Male;Yes;No;10;7;3;4;7;0.428571429;0.571428571;42;10;32;42;0.238095238;0.761904762;33;4;29;33;0.121212121;0.878787879;32;8;24;32;0.25;0.75;5;5;0;5;1;0;33;4;29;33;0.121212121;0.878787879;3;2;1;3;0.666666667;0.333333333;4;4;0;4;1;0;4;0;4;4;0;1;39;11;28;39;0.282051282;0.717948718;26;4;22;26;0.153846154;0.846153846;5;5;0;5;1;0;23;4;19;23;0.173913043;0.826086957;8;8;0;8;1;0;5;3;2;5;0.6;0.4;5;4;1;5;0.8;0.2;3;2;1;3;0.666666667;0.333333333;37;4;33;37;0.108108108;0.891891892;5;0;5;5;0;1;6;1;5;6;0.166666667;0.833333333;NULL;NULL;NULL;NULL;NULL;NULL;5;5;0;5;1;0;7;7;0;7;1;0;5;5;0;5;1;0;NULL;NULL;NULL;NULL;NULL;NULL;8;4;4;8;0.5;0.5;40;3;1;40;75;25;72;1;9;72;0.013888889;125;NULL;NULL;NULL;NULL;NULL;NULL;21;4;0;21;0.19047619;0;NULL;NULL;NULL;NULL;NULL;NULL;NULL;NULL;NULL;NULL;NULL;NULL;No
Female;Yes;No;10;10;7;3;10;0.7;0.3;10;10;0;10;1;0;8;8;0;8;1;0;7;0;7;7;0;1;8;8;0;8;1;0;6;0;6;6;0;1;7;5;2;7;0.714285714;0.285714286;5;5;0;5;1;0;6;2;4;6;0.333333333;0.666666667;15;6;9;15;0.4;0.6;7;4;3;7;0.571428571;0.428571429;5;3;2;5;0.6;0.4;3;2;1;3;0.666666667;0.333333333;10;10;0;10;1;0;6;6;0;6;1;0;7;6;1;7;0.857142857;0.142857143;6;5;1;6;0.833333333;0.166666667;4;0;4;4;0;1;7;5;2;7;0.714285714;0.285714286;3;0;3;3;0;1;NULL;NULL;NULL;NULL;NULL;NULL;9;8;1;9;0.888888889;0.111111111;12;12;0;12;1;0;6;5;1;6;0.833333333;0.166666667;NULL;NULL;NULL;NULL;NULL;NULL;14;13;1;14;0.928571429;0.071428571;44;2;2;44;0.045454545;0.045454545;44;3;3;44;0.068181818;0.068181818;NULL;NULL;NULL;NULL;NULL;NULL;21;2;2;21;0.095238095;0.095238095;NULL;NULL;NULL;NULL;NULL;NULL;NULL;NULL;NULL;NULL;NULL;NULL;No
Male;Yes;No;10;6;6;0;6;1;0;10;10;0;10;1;0;8;7;1;8;875;125;4;4;0;4;1;0;6;6;0;6;1;0;2;0;2;2;0;1;7;7;0;7;1;0;4;0;4;4;0;1;5;1;4;5;0.2;0.8;6;6;0;6;1;0;4;0;4;4;0;1;3;2;1;3;0.666666667;0.333333333;8;6;2;8;0.75;0.25;8;8;0;8;1;0;5;5;0;5;1;0;5;5;0;5;1;0;5;4;1;5;0.8;0.2;0;0;0;0;0;0;6;6;0;6;1;0;5;0;5;5;0;1;NULL;NULL;NULL;NULL;NULL;NULL;6;6;0;6;1;0;5;5;0;5;1;0;6;6;0;6;1;0;NULL;NULL;NULL;NULL;NULL;NULL;9;8;1;9;0.888888889;0.111111111;30;2;1;30;0.066666667;0.033333333;30;2;2;30;0.066666667;0.066666667;NULL;NULL;NULL;NULL;NULL;NULL;21;2;2;21;0.095238095;0.095238095;NULL;NULL;NULL;NULL;NULL;NULL;NULL;NULL;NULL;NULL;NULL;NULL;No
Female;Yes;No;10;11;11;0;11;1;0;10;10;0;10;1;0;6;0;6;6;0;1;2;2;0;2;1;0;7;7;0;7;1;0;4;4;0;4;1;0;1;1;0;1;1;0;7;6;1;7;0.857142857;0.142857143;4;4;0;4;1;0;6;4;2;6;0.666666667;0.333333333;5;5;0;5;1;0;6;6;0;6;1;0;6;2;4;6;0.333333333;0.666666667;9;9;0;9;1;0;4;4;0;4;1;0;4;4;0;4;1;0;5;4;1;5;0.8;0.2;5;3;2;5;0.6;0.4;3;3;0;3;1;0;2;1;1;2;0.5;0.5;NULL;NULL;NULL;NULL;NULL;NULL;5;4;1;5;0.8;0.2;5;5;0;5;1;0;5;5;0;5;1;0;NULL;NULL;NULL;NULL;NULL;NULL;7;2;5;7;0.285714286;0.714285714;18;0;2;18;0;0.111111111;31;4;0;31;0.129032258;0;NULL;NULL;NULL;NULL;NULL;NULL;21;1;3;21;0.047619048;0.142857143;NULL;NULL;NULL;NULL;NULL;NULL;NULL;NULL;NULL;NULL;NULL;NULL;No
Female;Yes;No;10;10;3;7;10;0.3;0.7;9;9;0;9;1;0;8;8;0;8;1;0;5;5;0;5;1;0;6;6;0;6;1;0;6;2;4;6;0.333333333;0.666666667;6;6;0;6;1;0;6;4;2;6;0.666666667;0.333333333;7;1;6;7;0.142857143;0.857142857;6;0;6;6;0;1;4;3;1;4;0.75;0.25;6;6;0;6;1;0;5;4;1;5;0.8;0.2;9;9;0;9;1;0;6;6;0;6;1;0;27;3;24;27;0.111111111;0.888888889;4;3;1;4;0.75;0.25;5;4;1;5;0.8;0.2;38;2;36;38;0.052631579;0.947368421;7;4;3;7;0.571428571;0.428571429;NULL;NULL;NULL;NULL;NULL;NULL;17;8;9;17;0.470588235;0.529411765;29;9;20;29;0.310344828;0.689655172;10;3;7;10;0.3;0.7;NULL;NULL;NULL;NULL;NULL;NULL;16;10;6;16;625;375;54;3;2;54;0.055555556;0.037037037;48;4;3;48;0.083333333;0.0625;NULL;NULL;NULL;NULL;NULL;NULL;21;3;1;21;0.142857143;0.047619048;NULL;NULL;NULL;NULL;NULL;NULL;NULL;NULL;NULL;NULL;NULL;NULL;No
Female;Yes;No;10;8;8;0;8;1;0;6;6;0;6;1;0;5;5;0;5;1;0;7;0;7;7;0;1;6;6;0;6;1;0;6;6;0;6;1;0;6;6;0;6;1;0;3;3;0;3;1;0;3;3;0;3;1;0;7;7;0;7;1;0;4;3;1;4;0.75;0.25;3;3;0;3;1;0;3;2;1;3;0.666666667;0.333333333;9;9;0;9;1;0;4;3;1;4;0.75;0.25;3;3;0;3;1;0;4;4;0;4;1;0;5;4;1;5;0.8;0.2;3;2;1;3;0.666666667;0.333333333;3;0;3;3;0;1;NULL;NULL;NULL;NULL;NULL;NULL;5;4;1;5;0.8;0.2;8;6;2;8;0.75;0.25;5;4;1;5;0.8;0.2;NULL;NULL;NULL;NULL;NULL;NULL;8;4;4;8;0.5;0.5;28;2;0;28;0.071428571;0;18;3;0;18;0.166666667;0;NULL;NULL;NULL;NULL;NULL;NULL;21;2;2;21;0.095238095;0.095238095;NULL;NULL;NULL;NULL;NULL;NULL;NULL;NULL;NULL;NULL;NULL;NULL;No
Male;Yes;Yes;10;2;2;0;2;1;0;9;9;0;9;1;0;7;7;0;7;1;0;3;3;0;3;1;0;7;6;1;7;0.857142857;0.142857143;6;4;2;6;0.666666667;0.333333333;4;3;1;4;0.75;0.25;3;1;2;3;0.333333333;0.666666667;3;1;2;3;0.333333333;0.666666667;7;6;1;7;0.857142857;0.142857143;4;3;1;4;0.75;0.25;3;3;0;3;1;0;2;2;0;2;1;0;3;3;0;3;1;0;4;3;1;4;0.75;0.25;4;2;2;4;0.5;0.5;4;4;0;4;1;0;3;0;3;3;0;1;5;5;0;5;1;0;4;1;3;4;0.25;0.75;NULL;NULL;NULL;NULL;NULL;NULL;5;3;2;5;0.6;0.4;4;3;1;4;0.75;0.25;4;3;1;4;0.75;0.25;NULL;NULL;NULL;NULL;NULL;NULL;7;3;4;7;0.428571429;0.571428571;28;2;0;28;0.071428571;0;26;4;0;26;0.153846154;0;NULL;NULL;NULL;NULL;NULL;NULL;21;2;2;21;0.095238095;0.095238095;NULL;NULL;NULL;NULL;NULL;NULL;NULL;NULL;NULL;NULL;NULL;NULL;No
Female;Yes;No;10;9;7;2;9;0.777777778;0.222222222;3;0;3;3;0;1;6;6;0;6;1;0;0;0;0;0;0;0;3;3;0;3;1;0;3;0;3;3;0;1;7;7;0;7;1;0;4;3;1;4;0.75;0.25;3;3;0;3;1;0;7;7;0;7;1;0;1;1;0;1;1;0;5;5;0;5;1;0;7;4;3;7;0.571428571;0.428571429;7;7;0;7;1;0;4;4;0;4;1;0;4;4;0;4;1;0;4;4;0;4;1;0;2;1;1;2;0.5;0.5;5;1;4;5;0.2;0.8;9;2;7;9;0.222222222;0.777777778;NULL;NULL;NULL;NULL;NULL;NULL;5;3;2;5;0.6;0.4;7;5;2;7;0.714285714;0.285714286;6;6;0;6;1;0;NULL;NULL;NULL;NULL;NULL;NULL;12;11;1;12;0.916666667;0.083333333;48;3;1;48;0.0625;0.020833333;38;2;4;38;0.052631579;0.105263158;NULL;NULL;NULL;NULL;NULL;NULL;15;1;1;15;0.066666667;0.066666667;NULL;NULL;NULL;NULL;NULL;NULL;NULL;NULL;NULL;NULL;NULL;NULL;No
Female;Yes;No;10;8;8;0;8;1;0;10;10;0;10;1;0;8;8;0;8;1;0;3;3;0;3;1;0;4;4;0;4;1;0;4;3;1;4;0.75;0.25;2;2;0;2;1;0;3;3;0;3;1;0;3;3;0;3;1;0;6;6;0;6;1;0;3;2;1;3;0.666666667;0.333333333;4;3;1;4;0.75;0.25;6;5;1;6;0.833333333;0.166666667;7;7;0;7;1;0;5;5;0;5;1;0;7;7;0;7;1;0;4;4;0;4;1;0;4;4;0;4;1;0;2;2;0;2;1;0;5;0;5;5;0;1;NULL;NULL;NULL;NULL;NULL;NULL;3;3;0;3;1;0;4;4;0;4;1;0;3;2;1;3;0.666666667;0.333333333;NULL;NULL;NULL;NULL;NULL;NULL;7;4;3;7;0.571428571;0.428571429;0;0;0;0;0;0;26;4;0;26;0.153846154;0;NULL;NULL;NULL;NULL;NULL;NULL;21;1;3;21;0.047619048;0.142857143;NULL;NULL;NULL;NULL;NULL;NULL;NULL;NULL;NULL;NULL;NULL;NULL;No
Female;Yes;No;10;1;0;1;1;0;1;2;0;2;2;0;1;8;8;0;8;1;0;3;3;0;3;1;0;6;6;0;6;1;0;5;5;0;5;1;0;6;6;0;6;1;0;4;4;0;4;1;0;4;2;2;4;0.5;0.5;8;8;0;8;1;0;4;4;0;4;1;0;7;6;1;7;0.857142857;0.142857143;6;6;0;6;1;0;10;10;0;10;1;0;9;9;0;9;1;0;4;4;0;4;1;0;5;5;0;5;1;0;7;1;6;7;0.142857143;0.857142857;6;5;1;6;0.833333333;0.166666667;6;2;4;6;0.333333333;0.666666667;NULL;NULL;NULL;NULL;NULL;NULL;5;4;1;5;0.8;0.2;11;10;1;11;0.909090909;0.090909091;8;8;0;8;1;0;NULL;NULL;NULL;NULL;NULL;NULL;12;7;5;12;0.583333333;0.416666667;52;2;3;52;0.038461538;0.057692308;32;4;1;32;125;0.03125;NULL;NULL;NULL;NULL;NULL;NULL;21;2;2;21;0.095238095;0.095238095;NULL;NULL;NULL;NULL;NULL;NULL;NULL;NULL;NULL;NULL;NULL;NULL;No
Male;Yes;No;10;3;0;3;3;0;1;1;0;1;1;0;1;9;9;0;9;1;0;5;4;1;5;0.8;0.2;2;0;2;2;0;1;4;4;0;4;1;0;7;7;0;7;1;0;4;3;1;4;0.75;0.25;3;3;0;3;1;0;8;8;0;8;1;0;3;2;1;3;0.666666667;0.333333333;5;5;0;5;1;0;7;6;1;7;0.857142857;0.142857143;9;9;0;9;1;0;0;0;0;0;0;0;7;5;2;7;0.714285714;0.285714286;7;6;1;7;0.857142857;0.142857143;7;5;2;7;0.714285714;0.285714286;7;7;0;7;1;0;7;5;2;7;0.714285714;0.285714286;NULL;NULL;NULL;NULL;NULL;NULL;5;2;3;5;0.4;0.6;8;5;3;8;625;375;7;7;0;7;1;0;NULL;NULL;NULL;NULL;NULL;NULL;15;13;2;15;0.866666667;0.133333333;40;2;2;40;0.05;0.05;26;2;2;26;0.076923077;0.076923077;NULL;NULL;NULL;NULL;NULL;NULL;21;3;1;21;0.142857143;0.047619048;NULL;NULL;NULL;NULL;NULL;NULL;NULL;NULL;NULL;NULL;NULL;NULL;No
Male;Yes;No;10;12;12;0;12;1;0;7;7;0;7;1;0;8;7;1;8;875;125;4;4;0;4;1;0;3;3;0;3;1;0;5;5;0;5;1;0;6;6;0;6;1;0;5;4;1;5;0.8;0.2;2;1;1;2;0.5;0.5;8;8;0;8;1;0;6;6;0;6;1;0;8;8;0;8;1;0;6;6;0;6;1;0;8;8;0;8;1;0;4;4;0;4;1;0;2;2;0;2;1;0;6;6;0;6;1;0;5;5;0;5;1;0;4;3;1;4;0.75;0.25;5;1;4;5;0.2;0.8;NULL;NULL;NULL;NULL;NULL;NULL;3;3;0;3;1;0;7;6;1;7;0.857142857;0.142857143;7;6;1;7;0.857142857;0.142857143;NULL;NULL;NULL;NULL;NULL;NULL;11;10;1;11;0.909090909;0.090909091;42;2;2;42;0.047619048;0.047619048;38;6;0;38;0.157894737;0;NULL;NULL;NULL;NULL;NULL;NULL;21;4;0;21;0.19047619;0;NULL;NULL;NULL;NULL;NULL;NULL;NULL;NULL;NULL;NULL;NULL;NULL;No
Female;Yes;No;10;14;14;0;14;1;0;10;10;0;10;1;0;8;8;0;8;1;0;4;4;0;4;1;0;7;6;1;7;0.857142857;0.142857143;3;3;0;3;1;0;7;7;0;7;1;0;4;3;1;4;0.75;0.25;5;3;2;5;0.6;0.4;8;8;0;8;1;0;6;6;0;6;1;0;4;2;2;4;0.5;0.5;7;5;2;7;0.714285714;0.285714286;11;11;0;11;1;0;5;4;1;5;0.8;0.2;7;7;0;7;1;0;4;3;1;4;0.75;0.25;5;2;3;5;0.4;0.6;9;1;8;9;0.111111111;0.888888889;4;1;3;4;0.25;0.75;NULL;NULL;NULL;NULL;NULL;NULL;6;5;1;6;0.833333333;0.166666667;11;6;5;11;0.545454545;0.454545455;7;4;3;7;0.571428571;0.428571429;NULL;NULL;NULL;NULL;NULL;NULL;13;7;6;13;0.538461538;0.461538462;20;1;1;20;0.05;0.05;38;6;0;38;0.157894737;0;NULL;NULL;NULL;NULL;NULL;NULL;21;3;1;21;0.142857143;0.047619048;NULL;NULL;NULL;NULL;NULL;NULL;NULL;NULL;NULL;NULL;NULL;NULL;No
Female;Yes;No;10;11;11;0;11;1;0;8;8;0;8;1;0;8;7;1;8;875;125;4;3;1;4;0.75;0.25;5;5;0;5;1;0;5;5;0;5;1;0;7;7;0;7;1;0;4;4;0;4;1;0;3;2;1;3;0.666666667;0.333333333;5;5;0;5;1;0;6;6;0;6;1;0;3;2;1;3;0.666666667;0.333333333;7;4;3;7;0.571428571;0.428571429;8;8;0;8;1;0;5;5;0;5;1;0;5;5;0;5;1;0;5;4;1;5;0.8;0.2;2;1;1;2;0.5;0.5;5;3;2;5;0.6;0.4;2;0;2;2;0;1;NULL;NULL;NULL;NULL;NULL;NULL;5;3;2;5;0.6;0.4;8;8;0;8;1;0;7;7;0;7;1;0;NULL;NULL;NULL;NULL;NULL;NULL;3;2;1;3;0.666666667;0.333333333;30;2;1;30;0.066666667;0.033333333;32;4;1;32;125;0.03125;NULL;NULL;NULL;NULL;NULL;NULL;21;1;3;21;0.047619048;0.142857143;NULL;NULL;NULL;NULL;NULL;NULL;NULL;NULL;NULL;NULL;NULL;NULL;No
Male;Yes;No;10;14;14;0;14;1;0;10;10;0;10;1;0;8;8;0;8;1;0;4;4;0;4;1;0;8;8;0;8;1;0;4;3;1;4;0.75;0.25;5;5;0;5;1;0;5;5;0;5;1;0;3;3;0;3;1;0;7;7;0;7;1;0;3;3;0;3;1;0;4;4;0;4;1;0;4;4;0;4;1;0;8;8;0;8;1;0;5;5;0;5;1;0;5;5;0;5;1;0;8;8;0;8;1;0;3;3;0;3;1;0;3;2;1;3;0.666666667;0.333333333;6;1;5;6;0.166666667;0.833333333;NULL;NULL;NULL;NULL;NULL;NULL;6;6;0;6;1;0;7;6;1;7;0.857142857;0.142857143;6;5;1;6;0.833333333;0.166666667;NULL;NULL;NULL;NULL;NULL;NULL;10;5;5;10;0.5;0.5;70;4;2;70;0.057142857;0.028571429;52;5;2;52;0.096153846;0.038461538;NULL;NULL;NULL;NULL;NULL;NULL;21;3;1;21;0.142857143;0.047619048;NULL;NULL;NULL;NULL;NULL;NULL;NULL;NULL;NULL;NULL;NULL;NULL;No
Female;Yes;No;10;12;12;0;12;1;0;12;12;0;12;1;0;7;7;0;7;1;0;2;2;0;2;1;0;11;10;1;11;0.909090909;0.090909091;3;2;1;3;0.666666667;0.333333333;8;8;0;8;1;0;6;5;1;6;0.833333333;0.166666667;4;4;0;4;1;0;8;8;0;8;1;0;6;5;1;6;0.833333333;0.166666667;6;6;0;6;1;0;5;4;1;5;0.8;0.2;9;9;0;9;1;0;7;7;0;7;1;0;6;5;1;6;0.833333333;0.166666667;5;5;0;5;1;0;6;3;3;6;0.5;0.5;6;4;2;6;0.666666667;0.333333333;6;3;3;6;0.5;0.5;NULL;NULL;NULL;NULL;NULL;NULL;5;4;1;5;0.8;0.2;10;10;0;10;1;0;4;4;0;4;1;0;NULL;NULL;NULL;NULL;NULL;NULL;7;5;2;7;0.714285714;0.285714286;40;3;1;40;75;25;32;4;1;32;125;0.03125;NULL;NULL;NULL;NULL;NULL;NULL;21;1;3;21;0.047619048;0.142857143;NULL;NULL;NULL;NULL;NULL;NULL;NULL;NULL;NULL;NULL;NULL;NULL;No
Male;Yes;No;10;10;10;0;10;1;0;6;6;0;6;1;0;4;4;0;4;1;0;3;3;0;3;1;0;6;6;0;6;1;0;3;3;0;3;1;0;2;2;0;2;1;0;2;2;0;2;1;0;3;2;1;3;0.666666667;0.333333333;1;1;0;1;1;0;4;4;0;4;1;0;2;1;1;2;0.5;0.5;2;1;1;2;0.5;0.5;8;8;0;8;1;0;5;5;0;5;1;0;4;4;0;4;1;0;5;5;0;5;1;0;2;1;1;2;0.5;0.5;4;2;2;4;0.5;0.5;4;2;2;4;0.5;0.5;NULL;NULL;NULL;NULL;NULL;NULL;4;3;1;4;0.75;0.25;3;3;0;3;1;0;4;3;1;4;0.75;0.25;NULL;NULL;NULL;NULL;NULL;NULL;3;2;1;3;0.666666667;0.333333333;16;0;1;16;0;0.0625;12;2;0;12;0.166666667;0;NULL;NULL;NULL;NULL;NULL;NULL;21;1;3;21;0.047619048;0.142857143;NULL;NULL;NULL;NULL;NULL;NULL;NULL;NULL;NULL;NULL;NULL;NULL;No
Male;Yes;No;10;12;12;0;12;1;0;11;11;0;11;1;0;7;7;0;7;1;0;6;6;0;6;1;0;6;6;0;6;1;0;6;5;1;6;0.833333333;0.166666667;5;5;0;5;1;0;5;5;0;5;1;0;1;1;0;1;1;0;8;8;0;8;1;0;2;1;1;2;0.5;0.5;6;6;0;6;1;0;5;5;0;5;1;0;8;8;0;8;1;0;3;2;1;3;0.666666667;0.333333333;5;5;0;5;1;0;3;3;0;3;1;0;4;4;0;4;1;0;4;1;3;4;0.25;0.75;3;0;3;3;0;1;NULL;NULL;NULL;NULL;NULL;NULL;7;4;3;7;0.571428571;0.428571429;7;6;1;7;0.857142857;0.142857143;5;5;0;5;1;0;NULL;NULL;NULL;NULL;NULL;NULL;11;9;2;11;0.818181818;0.181818182;46;4;0;46;0.086956522;0;38;5;1;38;0.131578947;0.026315789;NULL;NULL;NULL;NULL;NULL;NULL;21;2;2;21;0.095238095;0.095238095;NULL;NULL;NULL;NULL;NULL;NULL;NULL;NULL;NULL;NULL;NULL;NULL;No
Male;Yes;No;10;14;14;0;14;1;0;13;13;0;13;1;0;7;7;0;7;1;0;4;4;0;4;1;0;4;3;1;4;0.75;0.25;6;5;1;6;0.833333333;0.166666667;8;8;0;8;1;0;5;5;0;5;1;0;3;1;2;3;0.333333333;0.666666667;8;8;0;8;1;0;4;3;1;4;0.75;0.25;6;5;1;6;0.833333333;0.166666667;8;7;1;8;875;125;10;10;0;10;1;0;5;5;0;5;1;0;6;6;0;6;1;0;8;8;0;8;1;0;6;5;1;6;0.833333333;0.166666667;5;5;0;5;1;0;4;1;3;4;0.25;0.75;NULL;NULL;NULL;NULL;NULL;NULL;8;8;0;8;1;0;8;7;1;8;875;125;5;5;0;5;1;0;NULL;NULL;NULL;NULL;NULL;NULL;13;11;2;13;0.846153846;0.153846154;40;4;0;40;0.1;0;18;3;0;18;0.166666667;0;NULL;NULL;NULL;NULL;NULL;NULL;21;3;1;21;0.142857143;0.047619048;NULL;NULL;NULL;NULL;NULL;NULL;NULL;NULL;NULL;NULL;NULL;NULL;No
Male;Yes;No;10;11;11;0;11;1;0;10;10;0;10;1;0;6;6;0;6;1;0;3;1;2;3;0.333333333;0.666666667;6;6;0;6;1;0;4;4;0;4;1;0;5;5;0;5;1;0;6;6;0;6;1;0;4;2;2;4;0.5;0.5;6;4;2;6;0.666666667;0.333333333;6;4;2;6;0.666666667;0.333333333;4;4;0;4;1;0;5;3;2;5;0.6;0.4;9;9;0;9;1;0;7;7;0;7;1;0;7;6;1;7;0.857142857;0.142857143;6;6;0;6;1;0;4;2;2;4;0.5;0.5;6;4;2;6;0.666666667;0.333333333;6;3;3;6;0.5;0.5;NULL;NULL;NULL;NULL;NULL;NULL;11;9;2;11;0.818181818;0.181818182;10;9;1;10;0.9;0.1;5;5;0;5;1;0;NULL;NULL;NULL;NULL;NULL;NULL;12;8;4;12;0.666666667;0.333333333;50;2;2;50;0.04;0.04;18;2;1;18;0.111111111;0.055555556;NULL;NULL;NULL;NULL;NULL;NULL;21;3;1;21;0.142857143;0.047619048;NULL;NULL;NULL;NULL;NULL;NULL;NULL;NULL;NULL;NULL;NULL;NULL;No
Female;Yes;No;10;10;10;0;10;1;0;8;8;0;8;1;0;6;6;0;6;1;0;2;0;2;2;0;1;4;4;0;4;1;0;5;5;0;5;1;0;6;6;0;6;1;0;5;5;0;5;1;0;1;1;0;1;1;0;6;6;0;6;1;0;6;6;0;6;1;0;3;3;0;3;1;0;8;7;1;8;875;125;6;6;0;6;1;0;3;3;0;3;1;0;6;6;0;6;1;0;4;4;0;4;1;0;4;4;0;4;1;0;10;2;8;10;0.2;0.8;9;4;5;9;0.444444444;0.555555556;NULL;NULL;NULL;NULL;NULL;NULL;5;5;0;5;1;0;17;5;12;17;0.294117647;0.705882353;3;3;0;3;1;0;NULL;NULL;NULL;NULL;NULL;NULL;9;7;2;9;0.777777778;0.222222222;18;1;1;18;0.055555556;0.055555556;14;1;1;14;0.071428571;0.071428571;NULL;NULL;NULL;NULL;NULL;NULL;21;0;4;21;0;0.19047619;NULL;NULL;NULL;NULL;NULL;NULL;NULL;NULL;NULL;NULL;NULL;NULL;No
Female;Yes;No;10;9;9;0;9;1;0;12;12;0;12;1;0;7;7;0;7;1;0;3;3;0;3;1;0;8;8;0;8;1;0;2;2;0;2;1;0;6;6;0;6;1;0;3;2;1;3;0.666666667;0.333333333;3;3;0;3;1;0;7;6;1;7;0.857142857;0.142857143;4;4;0;4;1;0;4;3;1;4;0.75;0.25;9;3;6;9;0.333333333;0.666666667;9;9;0;9;1;0;6;6;0;6;1;0;5;5;0;5;1;0;4;4;0;4;1;0;2;2;0;2;1;0;4;4;0;4;1;0;2;0;2;2;0;1;NULL;NULL;NULL;NULL;NULL;NULL;5;4;1;5;0.8;0.2;7;7;0;7;1;0;4;3;1;4;0.75;0.25;NULL;NULL;NULL;NULL;NULL;NULL;6;4;2;6;0.666666667;0.333333333;40;2;2;40;0.05;0.05;18;3;0;18;0.166666667;0;NULL;NULL;NULL;NULL;NULL;NULL;21;1;3;21;0.047619048;0.142857143;NULL;NULL;NULL;NULL;NULL;NULL;NULL;NULL;NULL;NULL;NULL;NULL;No
Male;Yes;No;10;10;10;0;10;1;0;9;7;2;9;0.777777778;0.222222222;8;8;0;8;1;0;5;5;0;5;1;0;7;7;0;7;1;0;5;4;1;5;0.8;0.2;6;6;0;6;1;0;4;4;0;4;1;0;3;2;1;3;0.666666667;0.333333333;6;6;0;6;1;0;4;2;2;4;0.5;0.5;7;5;2;7;0.714285714;0.285714286;4;3;1;4;0.75;0.25;10;9;1;10;0.9;0.1;8;8;0;8;1;0;8;8;0;8;1;0;4;4;0;4;1;0;3;3;0;3;1;0;6;4;2;6;0.666666667;0.333333333;6;2;4;6;0.333333333;0.666666667;NULL;NULL;NULL;NULL;NULL;NULL;4;3;1;4;0.75;0.25;7;7;0;7;1;0;3;2;1;3;0.666666667;0.333333333;NULL;NULL;NULL;NULL;NULL;NULL;6;3;3;6;0.5;0.5;40;2;2;40;0.05;0.05;18;1;2;18;0.055555556;0.111111111;NULL;NULL;NULL;NULL;NULL;NULL;21;1;3;21;0.047619048;0.142857143;NULL;NULL;NULL;NULL;NULL;NULL;NULL;NULL;NULL;NULL;NULL;NULL;No
Male;Yes;No;10;14;14;0;14;1;0;11;11;0;11;1;0;9;9;0;9;1;0;3;3;0;3;1;0;7;6;1;7;0.857142857;0.142857143;6;6;0;6;1;0;7;7;0;7;1;0;7;7;0;7;1;0;5;5;0;5;1;0;8;8;0;8;1;0;8;4;4;8;0.5;0.5;6;5;1;6;0.833333333;0.166666667;7;7;0;7;1;0;10;9;1;10;0.9;0.1;9;9;0;9;1;0;7;7;0;7;1;0;7;7;0;7;1;0;6;6;0;6;1;0;7;6;1;7;0.857142857;0.142857143;3;2;1;3;0.666666667;0.333333333;NULL;NULL;NULL;NULL;NULL;NULL;4;3;1;4;0.75;0.25;8;8;0;8;1;0;9;8;1;9;0.888888889;0.111111111;NULL;NULL;NULL;NULL;NULL;NULL;17;16;1;17;0.941176471;0.058823529;58;5;0;58;0.086206897;0;46;3;4;46;0.065217391;0.086956522;NULL;NULL;NULL;NULL;NULL;NULL;21;3;1;21;0.142857143;0.047619048;NULL;NULL;NULL;NULL;NULL;NULL;NULL;NULL;NULL;NULL;NULL;NULL;No
Female;Yes;No;10;12;12;0;12;1;0;10;10;0;10;1;0;9;9;0;9;1;0;6;6;0;6;1;0;5;5;0;5;1;0;5;3;2;5;0.6;0.4;6;6;0;6;1;0;5;5;0;5;1;0;5;4;1;5;0.8;0.2;9;9;0;9;1;0;8;8;0;8;1;0;10;7;3;10;0.7;0.3;8;8;0;8;1;0;11;11;0;11;1;0;7;7;0;7;1;0;7;7;0;7;1;0;9;8;1;9;0.888888889;0.111111111;8;7;1;8;875;125;4;1;3;4;0.25;0.75;3;3;0;3;1;0;NULL;NULL;NULL;NULL;NULL;NULL;6;5;1;6;0.833333333;0.166666667;9;5;4;9;0.555555556;0.444444444;5;5;0;5;1;0;NULL;NULL;NULL;NULL;NULL;NULL;14;11;3;14;0.785714286;0.214285714;52;5;0;52;0.096153846;0;40;4;2;40;0.1;0.05;NULL;NULL;NULL;NULL;NULL;NULL;21;2;2;21;0.095238095;0.095238095;NULL;NULL;NULL;NULL;NULL;NULL;NULL;NULL;NULL;NULL;NULL;NULL;No
Male;Yes;No;10;12;12;0;12;1;0;9;9;0;9;1;0;10;10;0;10;1;0;3;3;0;3;1;0;4;4;0;4;1;0;6;5;1;6;0.833333333;0.166666667;6;6;0;6;1;0;4;4;0;4;1;0;3;3;0;3;1;0;8;8;0;8;1;0;6;6;0;6;1;0;2;2;0;2;1;0;8;7;1;8;875;125;10;10;0;10;1;0;5;5;0;5;1;0;5;5;0;5;1;0;7;7;0;7;1;0;4;4;0;4;1;0;3;1;2;3;0.333333333;0.666666667;5;4;1;5;0.8;0.2;NULL;NULL;NULL;NULL;NULL;NULL;5;3;2;5;0.6;0.4;7;7;0;7;1;0;6;4;2;6;0.666666667;0.333333333;NULL;NULL;NULL;NULL;NULL;NULL;12;6;6;12;0.5;0.5;34;3;0;34;0.088235294;0;24;3;1;24;125;0.041666667;NULL;NULL;NULL;NULL;NULL;NULL;21;2;2;21;0.095238095;0.095238095;NULL;NULL;NULL;NULL;NULL;NULL;NULL;NULL;NULL;NULL;NULL;NULL;No
Male;Yes;No;10;10;10;0;10;1;0;9;9;0;9;1;0;7;7;0;7;1;0;1;1;0;1;1;0;4;4;0;4;1;0;7;4;3;7;0.571428571;0.428571429;5;5;0;5;1;0;6;5;1;6;0.833333333;0.166666667;2;1;1;2;0.5;0.5;7;7;0;7;1;0;6;5;1;6;0.833333333;0.166666667;4;4;0;4;1;0;4;3;1;4;0.75;0.25;10;10;0;10;1;0;7;7;0;7;1;0;6;6;0;6;1;0;7;6;1;7;0.857142857;0.142857143;6;5;1;6;0.833333333;0.166666667;4;1;3;4;0.25;0.75;6;1;5;6;0.166666667;0.833333333;NULL;NULL;NULL;NULL;NULL;NULL;8;5;3;8;625;375;7;6;1;7;0.857142857;0.142857143;4;2;2;4;0.5;0.5;NULL;NULL;NULL;NULL;NULL;NULL;8;5;3;8;625;375;40;2;2;40;0.05;0.05;30;3;1;30;0.1;0.033333333;NULL;NULL;NULL;NULL;NULL;NULL;21;3;1;21;0.142857143;0.047619048;NULL;NULL;NULL;NULL;NULL;NULL;NULL;NULL;NULL;NULL;NULL;NULL;No
Female;Yes;No;10;10;10;0;10;1;0;8;8;0;8;1;0;7;7;0;7;1;0;4;3;1;4;0.75;0.25;5;5;0;5;1;0;6;6;0;6;1;0;3;3;0;3;1;0;4;4;0;4;1;0;5;5;0;5;1;0;6;4;2;6;0.666666667;0.333333333;8;6;2;8;0.75;0.25;4;4;0;4;1;0;7;5;2;7;0.714285714;0.285714286;9;9;0;9;1;0;7;7;0;7;1;0;5;4;1;5;0.8;0.2;4;4;0;4;1;0;4;4;0;4;1;0;5;2;3;5;0.4;0.6;5;1;4;5;0.2;0.8;NULL;NULL;NULL;NULL;NULL;NULL;10;9;1;10;0.9;0.1;8;5;3;8;625;375;5;5;0;5;1;0;NULL;NULL;NULL;NULL;NULL;NULL;14;13;1;14;0.928571429;0.071428571;40;1;3;40;25;75;38;3;3;38;0.078947368;0.078947368;NULL;NULL;NULL;NULL;NULL;NULL;21;1;3;21;0.047619048;0.142857143;NULL;NULL;NULL;NULL;NULL;NULL;NULL;NULL;NULL;NULL;NULL;NULL;No
Male;Yes;No;10;8;8;0;8;1;0;10;10;0;10;1;0;4;4;0;4;1;0;6;6;0;6;1;0;4;4;0;4;1;0;4;1;3;4;0.25;0.75;5;5;0;5;1;0;4;4;0;4;1;0;6;5;1;6;0.833333333;0.166666667;6;5;1;6;0.833333333;0.166666667;6;4;2;6;0.666666667;0.333333333;4;2;2;4;0.5;0.5;7;4;3;7;0.571428571;0.428571429;9;9;0;9;1;0;5;5;0;5;1;0;4;4;0;4;1;0;6;5;1;6;0.833333333;0.166666667;3;1;2;3;0.333333333;0.666666667;5;4;1;5;0.8;0.2;3;1;2;3;0.333333333;0.666666667;NULL;NULL;NULL;NULL;NULL;NULL;5;3;2;5;0.6;0.4;8;2;6;8;0.25;0.75;6;5;1;6;0.833333333;0.166666667;NULL;NULL;NULL;NULL;NULL;NULL;13;10;3;13;0.769230769;0.230769231;38;2;1;38;0.052631579;0.026315789;32;1;4;32;0.03125;125;NULL;NULL;NULL;NULL;NULL;NULL;21;1;3;21;0.047619048;0.142857143;NULL;NULL;NULL;NULL;NULL;NULL;NULL;NULL;NULL;NULL;NULL;NULL;No
Female;Yes;No;10;10;10;0;10;1;0;10;10;0;10;1;0;8;8;0;8;1;0;5;5;0;5;1;0;6;6;0;6;1;0;9;5;4;9;0.555555556;0.444444444;7;7;0;7;1;0;8;8;0;8;1;0;7;6;1;7;0.857142857;0.142857143;10;10;0;10;1;0;5;5;0;5;1;0;5;3;2;5;0.6;0.4;6;5;1;6;0.833333333;0.166666667;8;8;0;8;1;0;7;7;0;7;1;0;5;5;0;5;1;0;7;7;0;7;1;0;5;5;0;5;1;0;5;4;1;5;0.8;0.2;7;3;4;7;0.428571429;0.571428571;NULL;NULL;NULL;NULL;NULL;NULL;7;6;1;7;0.857142857;0.142857143;7;7;0;7;1;0;3;3;0;3;1;0;NULL;NULL;NULL;NULL;NULL;NULL;1;0;1;1;0;1;46;3;1;46;0.065217391;0.02173913;26;2;2;26;0.076923077;0.076923077;NULL;NULL;NULL;NULL;NULL;NULL;21;2;2;21;0.095238095;0.095238095;NULL;NULL;NULL;NULL;NULL;NULL;NULL;NULL;NULL;NULL;NULL;NULL;No
Female;Yes;No;10;13;13;0;13;1;0;9;9;0;9;1;0;10;10;0;10;1;0;2;2;0;2;1;0;6;6;0;6;1;0;8;7;1;8;875;125;4;4;0;4;1;0;7;5;2;7;0.714285714;0.285714286;4;3;1;4;0.75;0.25;5;4;1;5;0.8;0.2;4;2;2;4;0.5;0.5;5;0;5;5;0;1;4;3;1;4;0.75;0.25;7;7;0;7;1;0;5;4;1;5;0.8;0.2;4;4;0;4;1;0;5;5;0;5;1;0;5;1;4;5;0.2;0.8;5;4;1;5;0.8;0.2;3;0;3;3;0;1;NULL;NULL;NULL;NULL;NULL;NULL;5;2;3;5;0.4;0.6;7;5;2;7;0.714285714;0.285714286;4;2;2;4;0.5;0.5;NULL;NULL;NULL;NULL;NULL;NULL;7;3;4;7;0.428571429;0.571428571;30;2;1;30;0.066666667;0.033333333;32;3;2;32;0.09375;0.0625;NULL;NULL;NULL;NULL;NULL;NULL;18;0;3;18;0;0.166666667;NULL;NULL;NULL;NULL;NULL;NULL;NULL;NULL;NULL;NULL;NULL;NULL;No
Male;Yes;No;10;11;11;0;11;1;0;12;12;0;12;1;0;8;8;0;8;1;0;4;4;0;4;1;0;8;7;1;8;875;125;4;4;0;4;1;0;6;6;0;6;1;0;3;3;0;3;1;0;5;4;1;5;0.8;0.2;9;9;0;9;1;0;8;7;1;8;875;125;4;3;1;4;0.75;0.25;7;5;2;7;0.714285714;0.285714286;12;12;0;12;1;0;8;8;0;8;1;0;10;9;1;10;0.9;0.1;7;5;2;7;0.714285714;0.285714286;5;1;4;5;0.2;0.8;5;3;2;5;0.6;0.4;7;2;5;7;0.285714286;0.714285714;NULL;NULL;NULL;NULL;NULL;NULL;5;3;2;5;0.6;0.4;2;1;1;2;0.5;0.5;4;3;1;4;0.75;0.25;NULL;NULL;NULL;NULL;NULL;NULL;11;7;4;11;0.636363636;0.363636364;40;0;4;40;0;0.1;20;2;1;20;0.1;0.05;NULL;NULL;NULL;NULL;NULL;NULL;21;3;1;21;0.142857143;0.047619048;NULL;NULL;NULL;NULL;NULL;NULL;NULL;NULL;NULL;NULL;NULL;NULL;No
Male;Yes;No;10;5;5;0;5;1;0;5;5;0;5;1;0;4;4;0;4;1;0;2;2;0;2;1;0;4;4;0;4;1;0;4;3;1;4;0.75;0.25;1;1;0;1;1;0;3;2;1;3;0.666666667;0.333333333;2;2;0;2;1;0;3;3;0;3;1;0;3;3;0;3;1;0;2;2;0;2;1;0;3;2;1;3;0.666666667;0.333333333;6;6;0;6;1;0;2;2;0;2;1;0;4;4;0;4;1;0;3;3;0;3;1;0;2;2;0;2;1;0;2;2;0;2;1;0;3;0;3;3;0;1;NULL;NULL;NULL;NULL;NULL;NULL;4;0;4;4;0;1;5;2;3;5;0.4;0.6;3;2;1;3;0.666666667;0.333333333;NULL;NULL;NULL;NULL;NULL;NULL;8;4;4;8;0.5;0.5;28;2;0;28;0.071428571;0;24;1;2;24;0.041666667;0.083333333;NULL;NULL;NULL;NULL;NULL;NULL;21;0;4;21;0;0.19047619;NULL;NULL;NULL;NULL;NULL;NULL;NULL;NULL;NULL;NULL;NULL;NULL;No
Male;Yes;No;10;10;10;0;10;1;0;7;7;0;7;1;0;6;6;0;6;1;0;5;5;0;5;1;0;2;0;2;2;0;1;3;2;1;3;0.666666667;0.333333333;5;5;0;5;1;0;5;5;0;5;1;0;2;2;0;2;1;0;4;0;4;4;0;1;4;3;1;4;0.75;0.25;4;4;0;4;1;0;7;3;4;7;0.428571429;0.571428571;9;9;0;9;1;0;7;7;0;7;1;0;7;7;0;7;1;0;7;7;0;7;1;0;1;0;1;1;0;1;3;3;0;3;1;0;5;1;4;5;0.2;0.8;NULL;NULL;NULL;NULL;NULL;NULL;4;4;0;4;1;0;9;8;1;9;0.888888889;0.111111111;5;5;0;5;1;0;NULL;NULL;NULL;NULL;NULL;NULL;6;4;2;6;0.666666667;0.333333333;34;3;0;34;0.088235294;0;18;3;0;18;0.166666667;0;NULL;NULL;NULL;NULL;NULL;NULL;21;0;4;21;0;0.19047619;NULL;NULL;NULL;NULL;NULL;NULL;NULL;NULL;NULL;NULL;NULL;NULL;No
Male;Yes;No;10;13;13;0;13;1;0;9;9;0;9;1;0;8;8;0;8;1;0;2;2;0;2;1;0;6;6;0;6;1;0;5;5;0;5;1;0;6;6;0;6;1;0;4;3;1;4;0.75;0.25;3;1;2;3;0.333333333;0.666666667;8;7;1;8;875;125;5;4;1;5;0.8;0.2;6;5;1;6;0.833333333;0.166666667;4;2;2;4;0.5;0.5;9;9;0;9;1;0;8;8;0;8;1;0;5;4;1;5;0.8;0.2;3;2;1;3;0.666666667;0.333333333;3;3;0;3;1;0;6;3;3;6;0.5;0.5;2;0;2;2;0;1;NULL;NULL;NULL;NULL;NULL;NULL;7;6;1;7;0.857142857;0.142857143;8;6;2;8;0.75;0.25;4;3;1;4;0.75;0.25;NULL;NULL;NULL;NULL;NULL;NULL;8;7;1;8;875;125;36;2;1;36;0.055555556;0.027777778;30;1;3;30;0.033333333;0.1;NULL;NULL;NULL;NULL;NULL;NULL;21;0;4;21;0;0.19047619;NULL;NULL;NULL;NULL;NULL;NULL;NULL;NULL;NULL;NULL;NULL;NULL;No
Male;Yes;No;10;11;11;0;11;1;0;10;10;0;10;1;0;7;7;0;7;1;0;3;3;0;3;1;0;5;5;0;5;1;0;5;5;0;5;1;0;5;4;1;5;0.8;0.2;4;4;0;4;1;0;3;2;1;3;0.666666667;0.333333333;9;9;0;9;1;0;6;6;0;6;1;0;5;3;2;5;0.6;0.4;5;3;2;5;0.6;0.4;9;9;0;9;1;0;5;5;0;5;1;0;6;6;0;6;1;0;4;4;0;4;1;0;4;3;1;4;0.75;0.25;5;2;3;5;0.4;0.6;2;1;1;2;0.5;0.5;NULL;NULL;NULL;NULL;NULL;NULL;5;2;3;5;0.4;0.6;5;3;2;5;0.6;0.4;4;2;2;4;0.5;0.5;NULL;NULL;NULL;NULL;NULL;NULL;9;6;3;9;0.666666667;0.333333333;34;2;1;34;0.058823529;0.029411765;16;2;0;16;125;0;NULL;NULL;NULL;NULL;NULL;NULL;21;1;3;21;0.047619048;0.142857143;NULL;NULL;NULL;NULL;NULL;NULL;NULL;NULL;NULL;NULL;NULL;NULL;No
Male;Yes;No;10;12;12;0;12;1;0;8;8;0;8;1;0;7;7;0;7;1;0;4;1;3;4;0.25;0.75;5;5;0;5;1;0;3;2;1;3;0.666666667;0.333333333;6;6;0;6;1;0;5;4;1;5;0.8;0.2;5;1;4;5;0.2;0.8;7;7;0;7;1;0;4;4;0;4;1;0;2;2;0;2;1;0;7;4;3;7;0.571428571;0.428571429;10;10;0;10;1;0;4;4;0;4;1;0;5;5;0;5;1;0;3;3;0;3;1;0;6;4;2;6;0.666666667;0.333333333;3;2;1;3;0.666666667;0.333333333;2;1;1;2;0.5;0.5;NULL;NULL;NULL;NULL;NULL;NULL;5;3;2;5;0.6;0.4;5;4;1;5;0.8;0.2;2;1;1;2;0.5;0.5;NULL;NULL;NULL;NULL;NULL;NULL;9;4;5;9;0.444444444;0.555555556;40;3;1;40;75;25;14;1;1;14;0.071428571;0.071428571;NULL;NULL;NULL;NULL;NULL;NULL;21;0;4;21;0;0.19047619;NULL;NULL;NULL;NULL;NULL;NULL;NULL;NULL;NULL;NULL;NULL;NULL;No
Male;Yes;No;10;10;10;0;10;1;0;10;10;0;10;1;0;6;6;0;6;1;0;1;0;1;1;0;1;2;0;2;2;0;1;5;5;0;5;1;0;4;4;0;4;1;0;5;2;3;5;0.4;0.6;4;3;1;4;0.75;0.25;7;7;0;7;1;0;6;6;0;6;1;0;4;3;1;4;0.75;0.25;3;2;1;3;0.666666667;0.333333333;10;10;0;10;1;0;6;6;0;6;1;0;4;4;0;4;1;0;4;4;0;4;1;0;5;4;1;5;0.8;0.2;4;3;1;4;0.75;0.25;2;1;1;2;0.5;0.5;NULL;NULL;NULL;NULL;NULL;NULL;5;5;0;5;1;0;3;3;0;3;1;0;4;3;1;4;0.75;0.25;NULL;NULL;NULL;NULL;NULL;NULL;11;5;6;11;0.454545455;0.545454545;50;3;1;50;0.06;0.02;18;1;2;18;0.055555556;0.111111111;NULL;NULL;NULL;NULL;NULL;NULL;21;0;4;21;0;0.19047619;NULL;NULL;NULL;NULL;NULL;NULL;NULL;NULL;NULL;NULL;NULL;NULL;No
Male;Yes;No;10;8;8;0;8;1;0;6;6;0;6;1;0;7;7;0;7;1;0;1;1;0;1;1;0;6;6;0;6;1;0;5;5;0;5;1;0;7;7;0;7;1;0;5;5;0;5;1;0;2;2;0;2;1;0;7;7;0;7;1;0;6;5;1;6;0.833333333;0.166666667;3;3;0;3;1;0;4;4;0;4;1;0;6;6;0;6;1;0;7;7;0;7;1;0;4;4;0;4;1;0;4;4;0;4;1;0;4;4;0;4;1;0;3;2;1;3;0.666666667;0.333333333;3;3;0;3;1;0;NULL;NULL;NULL;NULL;NULL;NULL;4;3;1;4;0.75;0.25;6;6;0;6;1;0;5;5;0;5;1;0;NULL;NULL;NULL;NULL;NULL;NULL;9;8;1;9;0.888888889;0.111111111;30;3;0;30;0.1;0;18;2;1;18;0.111111111;0.055555556;NULL;NULL;NULL;NULL;NULL;NULL;9;0;2;9;0;0.222222222;NULL;NULL;NULL;NULL;NULL;NULL;NULL;NULL;NULL;NULL;NULL;NULL;No
Male;Yes;No;10;10;10;0;10;1;0;8;8;0;8;1;0;11;11;0;11;1;0;5;4;1;5;0.8;0.2;5;5;0;5;1;0;6;6;0;6;1;0;5;5;0;5;1;0;4;4;0;4;1;0;4;2;2;4;0.5;0.5;7;6;1;7;0.857142857;0.142857143;3;2;1;3;0.666666667;0.333333333;1;1;0;1;1;0;3;1;2;3;0.333333333;0.666666667;11;11;0;11;1;0;8;8;0;8;1;0;4;3;1;4;0.75;0.25;3;3;0;3;1;0;4;4;0;4;1;0;2;1;1;2;0.5;0.5;2;1;1;2;0.5;0.5;NULL;NULL;NULL;NULL;NULL;NULL;6;2;4;6;0.333333333;0.666666667;6;4;2;6;0.666666667;0.333333333;5;4;1;5;0.8;0.2;NULL;NULL;NULL;NULL;NULL;NULL;13;6;7;13;0.461538462;0.538461538;40;2;2;40;0.05;0.05;34;1;4;34;0.029411765;0.117647059;NULL;NULL;NULL;NULL;NULL;NULL;21;1;3;21;0.047619048;0.142857143;NULL;NULL;NULL;NULL;NULL;NULL;NULL;NULL;NULL;NULL;NULL;NULL;No
Female;Yes;No;10;11;11;0;11;1;0;10;10;0;10;1;0;7;7;0;7;1;0;4;4;0;4;1;0;5;5;0;5;1;0;5;5;0;5;1;0;7;7;0;7;1;0;6;4;2;6;0.666666667;0.333333333;6;5;1;6;0.833333333;0.166666667;11;11;0;11;1;0;4;4;0;4;1;0;5;5;0;5;1;0;4;4;0;4;1;0;9;9;0;9;1;0;7;7;0;7;1;0;7;7;0;7;1;0;7;7;0;7;1;0;5;3;2;5;0.6;0.4;5;0;5;5;0;1;5;0;5;5;0;1;NULL;NULL;NULL;NULL;NULL;NULL;5;4;1;5;0.8;0.2;8;6;2;8;0.75;0.25;7;6;1;7;0.857142857;0.142857143;NULL;NULL;NULL;NULL;NULL;NULL;13;8;5;13;0.615384615;0.384615385;40;1;3;40;25;75;32;3;2;32;0.09375;0.0625;NULL;NULL;NULL;NULL;NULL;NULL;21;2;2;21;0.095238095;0.095238095;NULL;NULL;NULL;NULL;NULL;NULL;NULL;NULL;NULL;NULL;NULL;NULL;No
Male;Yes;No;10;10;10;0;10;1;0;9;9;0;9;1;0;5;5;0;5;1;0;4;4;0;4;1;0;6;6;0;6;1;0;6;5;1;6;0.833333333;0.166666667;6;6;0;6;1;0;5;5;0;5;1;0;3;3;0;3;1;0;8;7;1;8;875;125;6;4;2;6;0.666666667;0.333333333;5;3;2;5;0.6;0.4;5;4;1;5;0.8;0.2;9;9;0;9;1;0;5;4;1;5;0.8;0.2;6;5;1;6;0.833333333;0.166666667;4;4;0;4;1;0;4;4;0;4;1;0;7;3;4;7;0.428571429;0.571428571;8;3;5;8;375;625;NULL;NULL;NULL;NULL;NULL;NULL;5;4;1;5;0.8;0.2;9;9;0;9;1;0;7;3;4;7;0.428571429;0.571428571;NULL;NULL;NULL;NULL;NULL;NULL;12;10;2;12;0.833333333;0.166666667;52;4;1;52;0.076923077;0.019230769;40;6;0;40;0.15;0;NULL;NULL;NULL;NULL;NULL;NULL;21;3;1;21;0.142857143;0.047619048;NULL;NULL;NULL;NULL;NULL;NULL;NULL;NULL;NULL;NULL;NULL;NULL;No
Female;Yes;No;10;10;10;0;10;1;0;8;8;0;8;1;0;6;3;3;6;0.5;0.5;7;0;7;7;0;1;9;4;5;9;0.444444444;0.555555556;4;2;2;4;0.5;0.5;5;4;1;5;0.8;0.2;5;4;1;5;0.8;0.2;3;1;2;3;0.333333333;0.666666667;8;8;0;8;1;0;4;2;2;4;0.5;0.5;5;3;2;5;0.6;0.4;5;3;2;5;0.6;0.4;9;9;0;9;1;0;6;6;0;6;1;0;6;6;0;6;1;0;4;4;0;4;1;0;7;5;2;7;0.714285714;0.285714286;7;6;1;7;0.857142857;0.142857143;6;1;5;6;0.166666667;0.833333333;NULL;NULL;NULL;NULL;NULL;NULL;4;2;2;4;0.5;0.5;6;3;3;6;0.5;0.5;17;0;17;17;0;1;NULL;NULL;NULL;NULL;NULL;NULL;8;4;4;8;0.5;0.5;22;1;1;22;0.045454545;0.045454545;38;0;6;38;0;0.157894737;NULL;NULL;NULL;NULL;NULL;NULL;21;0;4;21;0;0.19047619;NULL;NULL;NULL;NULL;NULL;NULL;NULL;NULL;NULL;NULL;NULL;NULL;No
Male;Yes;No;10;10;10;0;10;1;0;10;10;0;10;1;0;5;5;0;5;1;0;8;0;8;8;0;1;4;4;0;4;1;0;7;1;6;7;0.142857143;0.857142857;5;5;0;5;1;0;4;3;1;4;0.75;0.25;2;2;0;2;1;0;6;5;1;6;0.833333333;0.166666667;4;4;0;4;1;0;3;3;0;3;1;0;6;6;0;6;1;0;9;9;0;9;1;0;6;6;0;6;1;0;6;6;0;6;1;0;5;4;1;5;0.8;0.2;3;3;0;3;1;0;5;4;1;5;0.8;0.2;4;0;4;4;0;1;NULL;NULL;NULL;NULL;NULL;NULL;30;4;26;30;0.133333333;0.866666667;18;8;10;18;0.444444444;0.555555556;27;10;17;27;0.37037037;0.62962963;NULL;NULL;NULL;NULL;NULL;NULL;7;4;3;7;0.571428571;0.428571429;40;4;0;40;0.1;0;38;1;5;38;0.026315789;0.131578947;NULL;NULL;NULL;NULL;NULL;NULL;21;0;4;21;0;0.19047619;NULL;NULL;NULL;NULL;NULL;NULL;NULL;NULL;NULL;NULL;NULL;NULL;No
Male;Yes;No;10;14;14;0;14;1;0;10;10;0;10;1;0;7;7;0;7;1;0;3;3;0;3;1;0;10;10;0;10;1;0;5;2;3;5;0.4;0.6;3;3;0;3;1;0;5;4;1;5;0.8;0.2;1;1;0;1;1;0;6;6;0;6;1;0;5;4;1;5;0.8;0.2;6;6;0;6;1;0;7;5;2;7;0.714285714;0.285714286;10;10;0;10;1;0;5;5;0;5;1;0;6;6;0;6;1;0;7;7;0;7;1;0;4;1;3;4;0.25;0.75;5;5;0;5;1;0;5;1;4;5;0.2;0.8;NULL;NULL;NULL;NULL;NULL;NULL;4;3;1;4;0.75;0.25;8;7;1;8;875;125;5;4;1;5;0.8;0.2;NULL;NULL;NULL;NULL;NULL;NULL;12;5;7;12;0.416666667;0.583333333;30;2;1;30;0.066666667;0.033333333;18;1;2;18;0.055555556;0.111111111;NULL;NULL;NULL;NULL;NULL;NULL;21;0;4;21;0;0.19047619;NULL;NULL;NULL;NULL;NULL;NULL;NULL;NULL;NULL;NULL;NULL;NULL;No
Male;Yes;No;10;4;4;0;4;1;0;6;6;0;6;1;0;5;5;0;5;1;0;4;4;0;4;1;0;5;5;0;5;1;0;4;1;3;4;0.25;0.75;5;4;1;5;0.8;0.2;6;6;0;6;1;0;3;3;0;3;1;0;9;9;0;9;1;0;2;2;0;2;1;0;3;3;0;3;1;0;5;5;0;5;1;0;10;10;0;10;1;0;7;7;0;7;1;0;7;7;0;7;1;0;5;5;0;5;1;0;4;3;1;4;0.75;0.25;5;4;1;5;0.8;0.2;3;0;3;3;0;1;NULL;NULL;NULL;NULL;NULL;NULL;1;1;0;1;1;0;7;6;1;7;0.857142857;0.142857143;3;3;0;3;1;0;NULL;NULL;NULL;NULL;NULL;NULL;9;3;6;9;0.333333333;0.666666667;52;4;1;52;0.076923077;0.019230769;18;3;0;18;0.166666667;0;NULL;NULL;NULL;NULL;NULL;NULL;17;1;2;17;0.058823529;0.117647059;NULL;NULL;NULL;NULL;NULL;NULL;NULL;NULL;NULL;NULL;NULL;NULL;No
Female;Yes;No;10;12;12;0;12;1;0;9;9;0;9;1;0;10;10;0;10;1;0;2;2;0;2;1;0;5;5;0;5;1;0;5;4;1;5;0.8;0.2;4;4;0;4;1;0;8;8;0;8;1;0;3;3;0;3;1;0;7;7;0;7;1;0;4;4;0;4;1;0;4;4;0;4;1;0;4;4;0;4;1;0;10;9;1;10;0.9;0.1;8;8;0;8;1;0;7;7;0;7;1;0;7;7;0;7;1;0;4;4;0;4;1;0;4;3;1;4;0.75;0.25;4;2;2;4;0.5;0.5;NULL;NULL;NULL;NULL;NULL;NULL;4;4;0;4;1;0;9;6;3;9;0.666666667;0.333333333;6;5;1;6;0.833333333;0.166666667;NULL;NULL;NULL;NULL;NULL;NULL;10;2;8;10;0.2;0.8;32;2;1;32;0.0625;0.03125;32;5;0;32;0.15625;0;NULL;NULL;NULL;NULL;NULL;NULL;21;1;3;21;0.047619048;0.142857143;NULL;NULL;NULL;NULL;NULL;NULL;NULL;NULL;NULL;NULL;NULL;NULL;No
Male;Yes;No;10;11;11;0;11;1;0;9;9;0;9;1;0;6;6;0;6;1;0;4;4;0;4;1;0;7;7;0;7;1;0;4;4;0;4;1;0;5;5;0;5;1;0;5;5;0;5;1;0;2;2;0;2;1;0;7;7;0;7;1;0;6;5;1;6;0.833333333;0.166666667;6;5;1;6;0.833333333;0.166666667;5;3;2;5;0.6;0.4;10;10;0;10;1;0;7;7;0;7;1;0;6;5;1;6;0.833333333;0.166666667;4;3;1;4;0.75;0.25;3;2;1;3;0.666666667;0.333333333;4;3;1;4;0.75;0.25;5;2;3;5;0.4;0.6;NULL;NULL;NULL;NULL;NULL;NULL;4;3;1;4;0.75;0.25;4;4;0;4;1;0;4;4;0;4;1;0;NULL;NULL;NULL;NULL;NULL;NULL;9;5;4;9;0.555555556;0.444444444;54;3;2;54;0.055555556;0.037037037;18;2;1;18;0.111111111;0.055555556;NULL;NULL;NULL;NULL;NULL;NULL;21;1;3;21;0.047619048;0.142857143;NULL;NULL;NULL;NULL;NULL;NULL;NULL;NULL;NULL;NULL;NULL;NULL;No
Female;Yes;No;10;11;11;0;11;1;0;10;10;0;10;1;0;9;9;0;9;1;0;4;3;1;4;0.75;0.25;6;6;0;6;1;0;7;5;2;7;0.714285714;0.285714286;5;5;0;5;1;0;4;4;0;4;1;0;5;3;2;5;0.6;0.4;7;6;1;7;0.857142857;0.142857143;5;5;0;5;1;0;4;3;1;4;0.75;0.25;9;7;2;9;0.777777778;0.222222222;10;9;1;10;0.9;0.1;6;6;0;6;1;0;3;3;0;3;1;0;6;4;2;6;0.666666667;0.333333333;7;6;1;7;0.857142857;0.142857143;4;2;2;4;0.5;0.5;3;1;2;3;0.333333333;0.666666667;NULL;NULL;NULL;NULL;NULL;NULL;5;3;2;5;0.6;0.4;5;4;1;5;0.8;0.2;5;4;1;5;0.8;0.2;NULL;NULL;NULL;NULL;NULL;NULL;12;10;2;12;0.833333333;0.166666667;42;3;1;42;0.071428571;0.023809524;22;1;2;22;0.045454545;0.090909091;NULL;NULL;NULL;NULL;NULL;NULL;21;0;4;21;0;0.19047619;NULL;NULL;NULL;NULL;NULL;NULL;NULL;NULL;NULL;NULL;NULL;NULL;No
Male;Yes;No;10;11;11;0;11;1;0;11;11;0;11;1;0;8;8;0;8;1;0;5;5;0;5;1;0;7;7;0;7;1;0;9;8;1;9;0.888888889;0.111111111;7;7;0;7;1;0;10;9;1;10;0.9;0.1;5;4;1;5;0.8;0.2;8;8;0;8;1;0;6;6;0;6;1;0;5;4;1;5;0.8;0.2;9;9;0;9;1;0;11;11;0;11;1;0;8;8;0;8;1;0;9;8;1;9;0.888888889;0.111111111;5;5;0;5;1;0;5;5;0;5;1;0;8;6;2;8;0.75;0.25;5;4;1;5;0.8;0.2;NULL;NULL;NULL;NULL;NULL;NULL;8;7;1;8;875;125;14;12;2;14;0.857142857;0.142857143;7;5;2;7;0.714285714;0.285714286;NULL;NULL;NULL;NULL;NULL;NULL;17;15;2;17;0.882352941;0.117647059;44;2;2;44;0.045454545;0.045454545;32;3;2;32;0.09375;0.0625;NULL;NULL;NULL;NULL;NULL;NULL;21;0;4;21;0;0.19047619;NULL;NULL;NULL;NULL;NULL;NULL;NULL;NULL;NULL;NULL;NULL;NULL;No
Female;Yes;No;10;12;12;0;12;1;0;10;10;0;10;1;0;6;6;0;6;1;0;6;6;0;6;1;0;8;8;0;8;1;0;4;4;0;4;1;0;7;7;0;7;1;0;7;7;0;7;1;0;2;2;0;2;1;0;9;9;0;9;1;0;4;4;0;4;1;0;7;4;3;7;0.571428571;0.428571429;6;4;2;6;0.666666667;0.333333333;10;10;0;10;1;0;5;5;0;5;1;0;6;6;0;6;1;0;7;7;0;7;1;0;4;1;3;4;0.25;0.75;4;3;1;4;0.75;0.25;2;1;1;2;0.5;0.5;NULL;NULL;NULL;NULL;NULL;NULL;6;5;1;6;0.833333333;0.166666667;7;5;2;7;0.714285714;0.285714286;6;6;0;6;1;0;NULL;NULL;NULL;NULL;NULL;NULL;9;5;4;9;0.555555556;0.444444444;32;3;0;32;0.09375;0;26;2;2;26;0.076923077;0.076923077;NULL;NULL;NULL;NULL;NULL;NULL;21;0;4;21;0;0.19047619;NULL;NULL;NULL;NULL;NULL;NULL;NULL;NULL;NULL;NULL;NULL;NULL;No
Male;Yes;No;10;7;7;0;7;1;0;8;8;0;8;1;0;3;0;3;3;0;1;3;2;1;3;0.666666667;0.333333333;4;4;0;4;1;0;7;5;2;7;0.714285714;0.285714286;4;4;0;4;1;0;5;5;0;5;1;0;4;4;0;4;1;0;3;0;3;3;0;1;2;2;0;2;1;0;4;4;0;4;1;0;5;5;0;5;1;0;8;8;0;8;1;0;4;4;0;4;1;0;4;4;0;4;1;0;5;5;0;5;1;0;3;0;3;3;0;1;5;4;1;5;0.8;0.2;2;1;1;2;0.5;0.5;NULL;NULL;NULL;NULL;NULL;NULL;4;4;0;4;1;0;4;4;0;4;1;0;3;3;0;3;1;0;NULL;NULL;NULL;NULL;NULL;NULL;8;7;1;8;875;125;30;2;1;30;0.066666667;0.033333333;18;3;0;18;0.166666667;0;NULL;NULL;NULL;NULL;NULL;NULL;21;0;4;21;0;0.19047619;NULL;NULL;NULL;NULL;NULL;NULL;NULL;NULL;NULL;NULL;NULL;NULL;No
Male;Yes;No;10;9;9;0;9;1;0;10;10;0;10;1;0;8;8;0;8;1;0;6;6;0;6;1;0;8;8;0;8;1;0;5;4;1;5;0.8;0.2;7;7;0;7;1;0;6;4;2;6;0.666666667;0.333333333;3;3;0;3;1;0;11;10;1;11;0.909090909;0.090909091;4;3;1;4;0.75;0.25;8;7;1;8;875;125;6;5;1;6;0.833333333;0.166666667;10;9;1;10;0.9;0.1;5;5;0;5;1;0;7;6;1;7;0.857142857;0.142857143;7;7;0;7;1;0;6;5;1;6;0.833333333;0.166666667;7;5;2;7;0.714285714;0.285714286;2;0;2;2;0;1;NULL;NULL;NULL;NULL;NULL;NULL;7;5;2;7;0.714285714;0.285714286;10;9;1;10;0.9;0.1;7;7;0;7;1;0;NULL;NULL;NULL;NULL;NULL;NULL;12;9;3;12;0.75;0.25;40;2;2;40;0.05;0.05;36;3;2;36;0.083333333;0.055555556;NULL;NULL;NULL;NULL;NULL;NULL;21;3;1;21;0.142857143;0.047619048;NULL;NULL;NULL;NULL;NULL;NULL;NULL;NULL;NULL;NULL;NULL;NULL;No
Female;Yes;No;10;8;8;0;8;1;0;6;6;0;6;1;0;5;5;0;5;1;0;8;0;8;8;0;1;6;6;0;6;1;0;5;4;1;5;0.8;0.2;6;6;0;6;1;0;3;2;1;3;0.666666667;0.333333333;5;4;1;5;0.8;0.2;8;8;0;8;1;0;4;4;0;4;1;0;5;4;1;5;0.8;0.2;7;5;2;7;0.714285714;0.285714286;9;9;0;9;1;0;4;4;0;4;1;0;5;5;0;5;1;0;5;5;0;5;1;0;4;3;1;4;0.75;0.25;4;4;0;4;1;0;4;3;1;4;0.75;0.25;NULL;NULL;NULL;NULL;NULL;NULL;3;1;2;3;0.333333333;0.666666667;5;5;0;5;1;0;4;3;1;4;0.75;0.25;NULL;NULL;NULL;NULL;NULL;NULL;7;2;5;7;0.285714286;0.714285714;20;1;1;20;0.05;0.05;12;2;0;12;0.166666667;0;NULL;NULL;NULL;NULL;NULL;NULL;21;1;3;21;0.047619048;0.142857143;NULL;NULL;NULL;NULL;NULL;NULL;NULL;NULL;NULL;NULL;NULL;NULL;No
Female;Yes;No;10;10;10;0;10;1;0;8;8;0;8;1;0;6;6;0;6;1;0;4;4;0;4;1;0;7;7;0;7;1;0;5;4;1;5;0.8;0.2;5;4;1;5;0.8;0.2;4;4;0;4;1;0;4;4;0;4;1;0;8;8;0;8;1;0;4;4;0;4;1;0;3;2;1;3;0.666666667;0.333333333;6;4;2;6;0.666666667;0.333333333;10;10;0;10;1;0;7;7;0;7;1;0;8;8;0;8;1;0;7;7;0;7;1;0;4;2;2;4;0.5;0.5;4;1;3;4;0.25;0.75;4;1;3;4;0.25;0.75;NULL;NULL;NULL;NULL;NULL;NULL;7;6;1;7;0.857142857;0.142857143;7;6;1;7;0.857142857;0.142857143;4;4;0;4;1;0;NULL;NULL;NULL;NULL;NULL;NULL;8;3;5;8;375;625;42;2;2;42;0.047619048;0.047619048;18;0;3;18;0;0.166666667;NULL;NULL;NULL;NULL;NULL;NULL;21;1;3;21;0.047619048;0.142857143;NULL;NULL;NULL;NULL;NULL;NULL;NULL;NULL;NULL;NULL;NULL;NULL;No
Male;Yes;No;10;12;12;0;12;1;0;10;10;0;10;1;0;6;6;0;6;1;0;5;5;0;5;1;0;6;5;1;6;0.833333333;0.166666667;4;4;0;4;1;0;7;7;0;7;1;0;5;5;0;5;1;0;6;6;0;6;1;0;9;9;0;9;1;0;5;5;0;5;1;0;3;3;0;3;1;0;4;3;1;4;0.75;0.25;9;9;0;9;1;0;7;7;0;7;1;0;6;6;0;6;1;0;6;6;0;6;1;0;2;1;1;2;0.5;0.5;5;5;0;5;1;0;4;2;2;4;0.5;0.5;NULL;NULL;NULL;NULL;NULL;NULL;5;4;1;5;0.8;0.2;4;4;0;4;1;0;4;4;0;4;1;0;NULL;NULL;NULL;NULL;NULL;NULL;8;7;1;8;875;125;34;0;3;34;0;0.088235294;14;1;1;14;0.071428571;0.071428571;NULL;NULL;NULL;NULL;NULL;NULL;21;3;1;21;0.142857143;0.047619048;NULL;NULL;NULL;NULL;NULL;NULL;NULL;NULL;NULL;NULL;NULL;NULL;No
Male;Yes;No;10;11;11;0;11;1;0;9;9;0;9;1;0;9;9;0;9;1;0;6;6;0;6;1;0;7;7;0;7;1;0;3;3;0;3;1;0;3;3;0;3;1;0;6;5;1;6;0.833333333;0.166666667;2;2;0;2;1;0;10;10;0;10;1;0;5;5;0;5;1;0;6;5;1;6;0.833333333;0.166666667;5;5;0;5;1;0;13;13;0;13;1;0;10;10;0;10;1;0;9;7;2;9;0.777777778;0.222222222;9;9;0;9;1;0;3;3;0;3;1;0;4;4;0;4;1;0;2;0;2;2;0;1;NULL;NULL;NULL;NULL;NULL;NULL;8;7;1;8;875;125;8;6;2;8;0.75;0.25;5;4;1;5;0.8;0.2;NULL;NULL;NULL;NULL;NULL;NULL;15;13;2;15;0.866666667;0.133333333;74;5;2;74;0.067567568;0.027027027;42;4;2;42;0.095238095;0.047619048;NULL;NULL;NULL;NULL;NULL;NULL;21;4;0;21;0.19047619;0;NULL;NULL;NULL;NULL;NULL;NULL;NULL;NULL;NULL;NULL;NULL;NULL;No
Female;Yes;No;10;11;11;0;11;1;0;9;8;1;9;0.888888889;0.111111111;6;6;0;6;1;0;4;4;0;4;1;0;4;4;0;4;1;0;6;4;2;6;0.666666667;0.333333333;6;6;0;6;1;0;4;4;0;4;1;0;2;2;0;2;1;0;7;7;0;7;1;0;4;4;0;4;1;0;3;3;0;3;1;0;1;0;1;1;0;1;10;10;0;10;1;0;7;7;0;7;1;0;7;7;0;7;1;0;6;5;1;6;0.833333333;0.166666667;2;1;1;2;0.5;0.5;6;4;2;6;0.666666667;0.333333333;2;1;1;2;0.5;0.5;NULL;NULL;NULL;NULL;NULL;NULL;4;2;2;4;0.5;0.5;6;6;0;6;1;0;5;4;1;5;0.8;0.2;NULL;NULL;NULL;NULL;NULL;NULL;8;6;2;8;0.75;0.25;40;4;0;40;0.1;0;26;3;1;26;0.115384615;0.038461538;NULL;NULL;NULL;NULL;NULL;NULL;21;4;0;21;0.19047619;0;NULL;NULL;NULL;NULL;NULL;NULL;NULL;NULL;NULL;NULL;NULL;NULL;No
Male;Yes;No;10;11;11;0;11;1;0;9;9;0;9;1;0;8;8;0;8;1;0;2;2;0;2;1;0;7;6;1;7;0.857142857;0.142857143;4;4;0;4;1;0;5;5;0;5;1;0;4;4;0;4;1;0;4;4;0;4;1;0;7;7;0;7;1;0;5;5;0;5;1;0;5;4;1;5;0.8;0.2;4;4;0;4;1;0;8;8;0;8;1;0;8;8;0;8;1;0;6;6;0;6;1;0;5;5;0;5;1;0;4;4;0;4;1;0;4;2;2;4;0.5;0.5;4;0;4;4;0;1;NULL;NULL;NULL;NULL;NULL;NULL;7;6;1;7;0.857142857;0.142857143;6;6;0;6;1;0;6;3;3;6;0.5;0.5;NULL;NULL;NULL;NULL;NULL;NULL;16;10;6;16;625;375;40;3;1;40;75;25;38;2;4;38;0.052631579;0.105263158;NULL;NULL;NULL;NULL;NULL;NULL;21;1;3;21;0.047619048;0.142857143;NULL;NULL;NULL;NULL;NULL;NULL;NULL;NULL;NULL;NULL;NULL;NULL;No
Male;Yes;No;10;12;12;0;12;1;0;10;10;0;10;1;0;8;8;0;8;1;0;3;3;0;3;1;0;8;8;0;8;1;0;3;3;0;3;1;0;5;4;1;5;0.8;0.2;6;6;0;6;1;0;3;3;0;3;1;0;9;9;0;9;1;0;7;7;0;7;1;0;4;4;0;4;1;0;9;8;1;9;0.888888889;0.111111111;10;10;0;10;1;0;7;7;0;7;1;0;8;8;0;8;1;0;7;7;0;7;1;0;6;6;0;6;1;0;5;1;4;5;0.2;0.8;4;3;1;4;0.75;0.25;NULL;NULL;NULL;NULL;NULL;NULL;5;4;1;5;0.8;0.2;8;7;1;8;875;125;6;6;0;6;1;0;NULL;NULL;NULL;NULL;NULL;NULL;13;9;4;13;0.692307692;0.307692308;44;2;2;44;0.045454545;0.045454545;36;4;1;36;0.111111111;0.027777778;NULL;NULL;NULL;NULL;NULL;NULL;21;3;1;21;0.142857143;0.047619048;NULL;NULL;NULL;NULL;NULL;NULL;NULL;NULL;NULL;NULL;NULL;NULL;No
Male;Yes;No;10;12;12;0;12;1;0;10;10;0;10;1;0;9;9;0;9;1;0;4;4;0;4;1;0;11;10;1;11;0.909090909;0.090909091;6;5;1;6;0.833333333;0.166666667;7;7;0;7;1;0;7;7;0;7;1;0;5;4;1;5;0.8;0.2;8;8;0;8;1;0;5;5;0;5;1;0;6;5;1;6;0.833333333;0.166666667;6;3;3;6;0.5;0.5;11;11;0;11;1;0;7;7;0;7;1;0;9;9;0;9;1;0;4;4;0;4;1;0;1;0;1;1;0;1;6;6;0;6;1;0;6;3;3;6;0.5;0.5;NULL;NULL;NULL;NULL;NULL;NULL;6;6;0;6;1;0;6;6;0;6;1;0;3;2;1;3;0.666666667;0.333333333;NULL;NULL;NULL;NULL;NULL;NULL;10;6;4;10;0.6;0.4;52;3;2;52;0.057692308;0.038461538;32;4;1;32;125;0.03125;NULL;NULL;NULL;NULL;NULL;NULL;21;1;3;21;0.047619048;0.142857143;NULL;NULL;NULL;NULL;NULL;NULL;NULL;NULL;NULL;NULL;NULL;NULL;No
Male;Yes;No;10;9;9;0;9;1;0;10;10;0;10;1;0;7;7;0;7;1;0;3;3;0;3;1;0;5;5;0;5;1;0;5;4;1;5;0.8;0.2;7;7;0;7;1;0;7;6;1;7;0.857142857;0.142857143;2;2;0;2;1;0;8;8;0;8;1;0;4;4;0;4;1;0;5;5;0;5;1;0;4;1;3;4;0.25;0.75;10;10;0;10;1;0;7;7;0;7;1;0;9;9;0;9;1;0;2;2;0;2;1;0;4;3;1;4;0.75;0.25;4;1;3;4;0.25;0.75;3;0;3;3;0;1;NULL;NULL;NULL;NULL;NULL;NULL;4;1;3;4;0.25;0.75;4;2;2;4;0.5;0.5;3;2;1;3;0.666666667;0.333333333;NULL;NULL;NULL;NULL;NULL;NULL;8;4;4;8;0.5;0.5;40;3;1;40;75;25;24;0;3;24;0;125;NULL;NULL;NULL;NULL;NULL;NULL;21;2;2;21;0.095238095;0.095238095;NULL;NULL;NULL;NULL;NULL;NULL;NULL;NULL;NULL;NULL;NULL;NULL;No
Female;Yes;No;10;10;10;0;10;1;0;11;11;0;11;1;0;9;9;0;9;1;0;5;5;0;5;1;0;9;9;0;9;1;0;9;6;3;9;0.666666667;0.333333333;11;11;0;11;1;0;7;6;1;7;0.857142857;0.142857143;4;4;0;4;1;0;11;11;0;11;1;0;6;5;1;6;0.833333333;0.166666667;5;5;0;5;1;0;4;4;0;4;1;0;11;11;0;11;1;0;4;4;0;4;1;0;7;7;0;7;1;0;4;4;0;4;1;0;4;4;0;4;1;0;5;3;2;5;0.6;0.4;6;4;2;6;0.666666667;0.333333333;NULL;NULL;NULL;NULL;NULL;NULL;10;10;0;10;1;0;8;6;2;8;0.75;0.25;3;2;1;3;0.666666667;0.333333333;NULL;NULL;NULL;NULL;NULL;NULL;8;5;3;8;625;375;50;2;2;50;0.04;0.04;34;5;0;34;0.147058824;0;NULL;NULL;NULL;NULL;NULL;NULL;21;3;1;21;0.142857143;0.047619048;NULL;NULL;NULL;NULL;NULL;NULL;NULL;NULL;NULL;NULL;NULL;NULL;No
Female;Yes;No;10;6;6;0;6;1;0;10;10;0;10;1;0;6;6;0;6;1;0;4;4;0;4;1;0;5;5;0;5;1;0;4;4;0;4;1;0;4;4;0;4;1;0;3;3;0;3;1;0;14;0;14;14;0;1;38;7;31;38;0.184210526;0.815789474;49;8;41;49;0.163265306;0.836734694;58;12;46;58;0.206896552;0.793103448;60;4;56;60;0.066666667;0.933333333;43;4;39;43;0.093023256;0.906976744;58;4;54;58;0.068965517;0.931034483;50;1;49;50;0.02;0.98;42;2;40;42;0.047619048;0.952380952;30;4;26;30;0.133333333;0.866666667;30;4;26;30;0.133333333;0.866666667;31;3;28;31;0.096774194;0.903225806;NULL;NULL;NULL;NULL;NULL;NULL;54;13;41;54;0.240740741;0.759259259;79;8;71;79;0.101265823;0.898734177;26;8;18;26;0.307692308;0.692307692;NULL;NULL;NULL;NULL;NULL;NULL;8;6;2;8;0.75;0.25;24;0;2;24;0;0.083333333;46;1;5;46;0.02173913;0.108695652;NULL;NULL;NULL;NULL;NULL;NULL;21;0;4;21;0;0.19047619;NULL;NULL;NULL;NULL;NULL;NULL;NULL;NULL;NULL;NULL;NULL;NULL;No
Male;Yes;No;10;13;13;0;13;1;0;9;9;0;9;1;0;9;9;0;9;1;0;5;5;0;5;1;0;6;6;0;6;1;0;4;3;1;4;0.75;0.25;7;7;0;7;1;0;9;8;1;9;0.888888889;0.111111111;3;1;2;3;0.333333333;0.666666667;9;9;0;9;1;0;3;3;0;3;1;0;4;4;0;4;1;0;4;4;0;4;1;0;8;8;0;8;1;0;4;3;1;4;0.75;0.25;6;6;0;6;1;0;4;4;0;4;1;0;4;1;3;4;0.25;0.75;7;5;2;7;0.714285714;0.285714286;4;3;1;4;0.75;0.25;NULL;NULL;NULL;NULL;NULL;NULL;9;6;3;9;0.666666667;0.333333333;8;4;4;8;0.5;0.5;7;5;2;7;0.714285714;0.285714286;NULL;NULL;NULL;NULL;NULL;NULL;11;7;4;11;0.636363636;0.363636364;30;2;1;30;0.066666667;0.033333333;32;3;2;32;0.09375;0.0625;NULL;NULL;NULL;NULL;NULL;NULL;21;1;3;21;0.047619048;0.142857143;NULL;NULL;NULL;NULL;NULL;NULL;NULL;NULL;NULL;NULL;NULL;NULL;No
Female;Yes;No;10;8;8;0;8;1;0;7;7;0;7;1;0;6;6;0;6;1;0;1;1;0;1;1;0;5;5;0;5;1;0;4;3;1;4;0.75;0.25;4;4;0;4;1;0;4;3;1;4;0.75;0.25;3;2;1;3;0.666666667;0.333333333;4;4;0;4;1;0;3;2;1;3;0.666666667;0.333333333;4;2;2;4;0.5;0.5;4;2;2;4;0.5;0.5;9;9;0;9;1;0;6;6;0;6;1;0;3;3;0;3;1;0;4;3;1;4;0.75;0.25;3;2;1;3;0.666666667;0.333333333;5;3;2;5;0.6;0.4;4;0;4;4;0;1;NULL;NULL;NULL;NULL;NULL;NULL;3;3;0;3;1;0;4;3;1;4;0.75;0.25;2;2;0;2;1;0;NULL;NULL;NULL;NULL;NULL;NULL;6;5;1;6;0.833333333;0.166666667;12;0;1;12;0;0.083333333;6;1;0;6;0.166666667;0;NULL;NULL;NULL;NULL;NULL;NULL;21;0;4;21;0;0.19047619;NULL;NULL;NULL;NULL;NULL;NULL;NULL;NULL;NULL;NULL;NULL;NULL;Yes
Male;Yes;No;10;11;11;0;11;1;0;7;7;0;7;1;0;6;6;0;6;1;0;10;1;9;10;0.1;0.9;2;2;0;2;1;0;2;1;1;2;0.5;0.5;6;6;0;6;1;0;4;3;1;4;0.75;0.25;5;0;5;5;0;1;5;5;0;5;1;0;1;0;1;1;0;1;3;1;2;3;0.333333333;0.666666667;3;2;1;3;0.666666667;0.333333333;8;7;1;8;875;125;5;5;0;5;1;0;4;4;0;4;1;0;4;4;0;4;1;0;11;1;10;11;0.090909091;0.909090909;5;3;2;5;0.6;0.4;6;1;5;6;0.166666667;0.833333333;NULL;NULL;NULL;NULL;NULL;NULL;4;2;2;4;0.5;0.5;4;3;1;4;0.75;0.25;4;3;1;4;0.75;0.25;NULL;NULL;NULL;NULL;NULL;NULL;7;4;3;7;0.571428571;0.428571429;18;1;1;18;0.055555556;0.055555556;26;3;1;26;0.115384615;0.038461538;NULL;NULL;NULL;NULL;NULL;NULL;21;0;4;21;0;0.19047619;NULL;NULL;NULL;NULL;NULL;NULL;NULL;NULL;NULL;NULL;NULL;NULL;Yes
Female;Yes;No;10;1;1;0;1;1;0;5;5;0;5;1;0;6;6;0;6;1;0;2;2;0;2;1;0;3;3;0;3;1;0;2;1;1;2;0.5;0.5;4;4;0;4;1;0;5;4;1;5;0.8;0.2;3;3;0;3;1;0;7;7;0;7;1;0;6;5;1;6;0.833333333;0.166666667;5;4;1;5;0.8;0.2;3;3;0;3;1;0;8;8;0;8;1;0;5;5;0;5;1;0;4;4;0;4;1;0;2;2;0;2;1;0;4;3;1;4;0.75;0.25;3;2;1;3;0.666666667;0.333333333;3;1;2;3;0.333333333;0.666666667;NULL;NULL;NULL;NULL;NULL;NULL;3;3;0;3;1;0;3;3;0;3;1;0;5;4;1;5;0.8;0.2;NULL;NULL;NULL;NULL;NULL;NULL;7;7;0;7;1;0;30;2;1;30;0.066666667;0.033333333;26;3;1;26;0.115384615;0.038461538;NULL;NULL;NULL;NULL;NULL;NULL;21;1;3;21;0.047619048;0.142857143;NULL;NULL;NULL;NULL;NULL;NULL;NULL;NULL;NULL;NULL;NULL;NULL;Yes
Male;Yes;Yes;10;1;1;0;1;1;0;7;7;0;7;1;0;6;6;0;6;1;0;6;6;0;6;1;0;5;5;0;5;1;0;1;0;1;1;0;1;1;0;1;1;0;1;6;6;0;6;1;0;2;2;0;2;1;0;3;1;2;3;0.333333333;0.666666667;3;3;0;3;1;0;6;6;0;6;1;0;6;4;2;6;0.666666667;0.333333333;7;7;0;7;1;0;5;5;0;5;1;0;5;5;0;5;1;0;4;4;0;4;1;0;2;0;2;2;0;1;4;2;2;4;0.5;0.5;2;0;2;2;0;1;NULL;NULL;NULL;NULL;NULL;NULL;4;4;0;4;1;0;3;3;0;3;1;0;2;1;1;2;0.5;0.5;NULL;NULL;NULL;NULL;NULL;NULL;7;7;0;7;1;0;2;0;0;2;0;0;14;1;1;14;0.071428571;0.071428571;NULL;NULL;NULL;NULL;NULL;NULL;13;0;1;13;0;0.076923077;NULL;NULL;NULL;NULL;NULL;NULL;NULL;NULL;NULL;NULL;NULL;NULL;Yes
Female;Yes;No;10;7;7;0;7;1;0;6;6;0;6;1;0;4;4;0;4;1;0;2;2;0;2;1;0;1;0;1;1;0;1;3;3;0;3;1;0;4;4;0;4;1;0;5;5;0;5;1;0;3;3;0;3;1;0;5;5;0;5;1;0;4;3;1;4;0.75;0.25;5;5;0;5;1;0;7;3;4;7;0.428571429;0.571428571;6;6;0;6;1;0;1;1;0;1;1;0;5;5;0;5;1;0;4;4;0;4;1;0;4;2;2;4;0.5;0.5;5;2;3;5;0.4;0.6;2;0;2;2;0;1;NULL;NULL;NULL;NULL;NULL;NULL;3;1;2;3;0.333333333;0.666666667;5;2;3;5;0.4;0.6;2;2;0;2;1;0;NULL;NULL;NULL;NULL;NULL;NULL;3;0;3;3;0;1;18;1;1;18;0.055555556;0.055555556;32;4;1;32;125;0.03125;NULL;NULL;NULL;NULL;NULL;NULL;21;0;4;21;0;0.19047619;NULL;NULL;NULL;NULL;NULL;NULL;NULL;NULL;NULL;NULL;NULL;NULL;Yes
Male;Yes;Yes;10;4;4;0;4;1;0;5;5;0;5;1;0;5;5;0;5;1;0;2;0;2;2;0;1;3;3;0;3;1;0;2;1;1;2;0.5;0.5;4;4;0;4;1;0;4;4;0;4;1;0;2;1;1;2;0.5;0.5;6;6;0;6;1;0;2;1;1;2;0.5;0.5;3;3;0;3;1;0;4;3;1;4;0.75;0.25;5;5;0;5;1;0;4;4;0;4;1;0;4;4;0;4;1;0;2;2;0;2;1;0;4;2;2;4;0.5;0.5;2;2;0;2;1;0;2;0;2;2;0;1;NULL;NULL;NULL;NULL;NULL;NULL;2;2;0;2;1;0;1;1;0;1;1;0;1;1;0;1;1;0;NULL;NULL;NULL;NULL;NULL;NULL;2;0;2;2;0;1;4;0;0;4;0;0;6;1;0;6;0.166666667;0;NULL;NULL;NULL;NULL;NULL;NULL;19;2;1;19;0.105263158;0.052631579;NULL;NULL;NULL;NULL;NULL;NULL;NULL;NULL;NULL;NULL;NULL;NULL;Yes
Female;Yes;Yes;10;7;7;0;7;1;0;8;4;4;8;0.5;0.5;5;4;1;5;0.8;0.2;4;4;0;4;1;0;3;3;0;3;1;0;2;1;1;2;0.5;0.5;4;4;0;4;1;0;5;4;1;5;0.8;0.2;2;1;1;2;0.5;0.5;6;6;0;6;1;0;5;4;1;5;0.8;0.2;6;2;4;6;0.333333333;0.666666667;3;2;1;3;0.666666667;0.333333333;6;6;0;6;1;0;1;1;0;1;1;0;4;4;0;4;1;0;3;3;0;3;1;0;5;3;2;5;0.6;0.4;5;2;3;5;0.4;0.6;4;2;2;4;0.5;0.5;NULL;NULL;NULL;NULL;NULL;NULL;5;2;3;5;0.4;0.6;7;4;3;7;0.571428571;0.428571429;6;5;1;6;0.833333333;0.166666667;NULL;NULL;NULL;NULL;NULL;NULL;6;1;5;6;0.166666667;0.833333333;14;1;0;14;0.071428571;0;18;1;2;18;0.055555556;0.111111111;NULL;NULL;NULL;NULL;NULL;NULL;21;0;4;21;0;0.19047619;NULL;NULL;NULL;NULL;NULL;NULL;NULL;NULL;NULL;NULL;NULL;NULL;Yes
Male;Yes;Yes;10;8;8;0;8;1;0;7;7;0;7;1;0;7;7;0;7;1;0;2;2;0;2;1;0;7;7;0;7;1;0;5;3;2;5;0.6;0.4;2;2;0;2;1;0;5;4;1;5;0.8;0.2;3;0;3;3;0;1;7;5;2;7;0.714285714;0.285714286;3;1;2;3;0.333333333;0.666666667;1;1;0;1;1;0;5;1;4;5;0.2;0.8;4;4;0;4;1;0;3;3;0;3;1;0;4;4;0;4;1;0;3;3;0;3;1;0;1;1;0;1;1;0;2;1;1;2;0.5;0.5;8;0;8;8;0;1;NULL;NULL;NULL;NULL;NULL;NULL;8;6;2;8;0.75;0.25;3;3;0;3;1;0;3;1;2;3;0.333333333;0.666666667;NULL;NULL;NULL;NULL;NULL;NULL;5;2;3;5;0.4;0.6;24;1;1;24;0.041666667;0.041666667;12;1;1;12;0.083333333;0.083333333;NULL;NULL;NULL;NULL;NULL;NULL;21;1;3;21;0.047619048;0.142857143;NULL;NULL;NULL;NULL;NULL;NULL;NULL;NULL;NULL;NULL;NULL;NULL;Yes
Male;Yes;No;10;10;10;0;10;1;0;6;6;0;6;1;0;6;6;0;6;1;0;2;0;2;2;0;1;3;3;0;3;1;0;3;0;3;3;0;1;4;4;0;4;1;0;2;1;1;2;0.5;0.5;2;2;0;2;1;0;6;6;0;6;1;0;3;3;0;3;1;0;5;2;3;5;0.4;0.6;3;2;1;3;0.666666667;0.333333333;8;8;0;8;1;0;3;3;0;3;1;0;4;4;0;4;1;0;4;4;0;4;1;0;3;0;3;3;0;1;6;3;3;6;0.5;0.5;2;0;2;2;0;1;NULL;NULL;NULL;NULL;NULL;NULL;6;4;2;6;0.666666667;0.333333333;6;4;2;6;0.666666667;0.333333333;2;2;0;2;1;0;NULL;NULL;NULL;NULL;NULL;NULL;5;4;1;5;0.8;0.2;20;0;2;20;0;0.1;24;1;2;24;0.041666667;0.083333333;NULL;NULL;NULL;NULL;NULL;NULL;19;0;3;19;0;0.157894737;NULL;NULL;NULL;NULL;NULL;NULL;NULL;NULL;NULL;NULL;NULL;NULL;Yes
Male;Yes;No;10;4;4;0;4;1;0;7;7;0;7;1;0;6;6;0;6;1;0;3;3;0;3;1;0;6;6;0;6;1;0;4;4;0;4;1;0;2;2;0;2;1;0;1;1;0;1;1;0;2;2;0;2;1;0;6;0;6;6;0;1;3;3;0;3;1;0;5;5;0;5;1;0;8;6;2;8;0.75;0.25;7;7;0;7;1;0;5;5;0;5;1;0;4;4;0;4;1;0;2;2;0;2;1;0;3;3;0;3;1;0;3;2;1;3;0.666666667;0.333333333;4;1;3;4;0.25;0.75;NULL;NULL;NULL;NULL;NULL;NULL;2;1;1;2;0.5;0.5;6;3;3;6;0.5;0.5;3;3;0;3;1;0;NULL;NULL;NULL;NULL;NULL;NULL;2;0;2;2;0;1;18;2;0;18;0.111111111;0;18;3;0;18;0.166666667;0;NULL;NULL;NULL;NULL;NULL;NULL;21;2;2;21;0.095238095;0.095238095;NULL;NULL;NULL;NULL;NULL;NULL;NULL;NULL;NULL;NULL;NULL;NULL;Yes
Male;Yes;Yes;10;12;11;1;12;0.916666667;0.083333333;11;11;0;11;1;0;7;7;0;7;1;0;1;0;1;1;0;1;7;6;1;7;0.857142857;0.142857143;4;3;1;4;0.75;0.25;1;1;0;1;1;0;3;3;0;3;1;0;2;2;0;2;1;0;7;7;0;7;1;0;3;3;0;3;1;0;2;2;0;2;1;0;3;3;0;3;1;0;10;9;1;10;0.9;0.1;1;1;0;1;1;0;2;2;0;2;1;0;4;4;0;4;1;0;5;4;1;5;0.8;0.2;4;1;3;4;0.25;0.75;4;0;4;4;0;1;NULL;NULL;NULL;NULL;NULL;NULL;3;0;3;3;0;1;5;3;2;5;0.6;0.4;4;1;3;4;0.25;0.75;NULL;NULL;NULL;NULL;NULL;NULL;3;1;2;3;0.333333333;0.666666667;0;0;0;0;0;0;14;2;0;14;0.142857143;0;NULL;NULL;NULL;NULL;NULL;NULL;19;1;2;19;0.052631579;0.105263158;NULL;NULL;NULL;NULL;NULL;NULL;NULL;NULL;NULL;NULL;NULL;NULL;Yes
Female;Yes;No;10;10;10;0;10;1;0;8;8;0;8;1;0;7;7;0;7;1;0;2;2;0;2;1;0;6;6;0;6;1;0;5;4;1;5;0.8;0.2;5;5;0;5;1;0;4;2;2;4;0.5;0.5;4;3;1;4;0.75;0.25;8;6;2;8;0.75;0.25;4;3;1;4;0.75;0.25;6;4;2;6;0.666666667;0.333333333;8;6;2;8;0.75;0.25;9;9;0;9;1;0;7;7;0;7;1;0;6;6;0;6;1;0;4;4;0;4;1;0;4;0;4;4;0;1;6;2;4;6;0.333333333;0.666666667;8;0;8;8;0;1;NULL;NULL;NULL;NULL;NULL;NULL;5;2;3;5;0.4;0.6;10;7;3;10;0.7;0.3;14;5;9;14;0.357142857;0.642857143;NULL;NULL;NULL;NULL;NULL;NULL;7;3;4;7;0.428571429;0.571428571;18;0;2;18;0;0.111111111;40;2;4;40;0.05;0.1;NULL;NULL;NULL;NULL;NULL;NULL;21;1;3;21;0.047619048;0.142857143;NULL;NULL;NULL;NULL;NULL;NULL;NULL;NULL;NULL;NULL;NULL;NULL;Yes
Female;Yes;No;10;8;8;0;8;1;0;8;8;0;8;1;0;5;5;0;5;1;0;4;4;0;4;1;0;3;3;0;3;1;0;3;3;0;3;1;0;4;4;0;4;1;0;6;5;1;6;0.833333333;0.166666667;2;2;0;2;1;0;7;7;0;7;1;0;3;3;0;3;1;0;4;4;0;4;1;0;5;4;1;5;0.8;0.2;6;6;0;6;1;0;7;7;0;7;1;0;6;6;0;6;1;0;4;3;1;4;0.75;0.25;3;2;1;3;0.666666667;0.333333333;1;0;1;1;0;1;4;3;1;4;0.75;0.25;NULL;NULL;NULL;NULL;NULL;NULL;6;5;1;6;0.833333333;0.166666667;5;5;0;5;1;0;3;3;0;3;1;0;NULL;NULL;NULL;NULL;NULL;NULL;7;6;1;7;0.857142857;0.142857143;40;3;1;40;75;25;30;3;1;30;0.1;0.033333333;NULL;NULL;NULL;NULL;NULL;NULL;21;2;2;21;0.095238095;0.095238095;NULL;NULL;NULL;NULL;NULL;NULL;NULL;NULL;NULL;NULL;NULL;NULL;Yes
Female;Yes;No;10;13;13;0;13;1;0;9;9;0;9;1;0;7;7;0;7;1;0;4;4;0;4;1;0;6;6;0;6;1;0;3;0;3;3;0;1;6;6;0;6;1;0;6;5;1;6;0.833333333;0.166666667;7;1;6;7;0.142857143;0.857142857;8;8;0;8;1;0;7;7;0;7;1;0;6;3;3;6;0.5;0.5;7;5;2;7;0.714285714;0.285714286;10;10;0;10;1;0;7;7;0;7;1;0;6;6;0;6;1;0;7;7;0;7;1;0;6;2;4;6;0.333333333;0.666666667;7;2;5;7;0.285714286;0.714285714;6;0;6;6;0;1;NULL;NULL;NULL;NULL;NULL;NULL;7;2;5;7;0.285714286;0.714285714;11;4;7;11;0.363636364;0.636363636;7;4;3;7;0.571428571;0.428571429;NULL;NULL;NULL;NULL;NULL;NULL;15;8;7;15;0.533333333;0.466666667;52;2;3;52;0.038461538;0.057692308;46;3;4;46;0.065217391;0.086956522;NULL;NULL;NULL;NULL;NULL;NULL;21;2;2;21;0.095238095;0.095238095;NULL;NULL;NULL;NULL;NULL;NULL;NULL;NULL;NULL;NULL;NULL;NULL;Yes
Female;Yes;No;10;10;10;0;10;1;0;10;10;0;10;1;0;5;4;1;5;0.8;0.2;5;5;0;5;1;0;6;6;0;6;1;0;7;5;2;7;0.714285714;0.285714286;3;3;0;3;1;0;5;4;1;5;0.8;0.2;1;1;0;1;1;0;9;9;0;9;1;0;4;4;0;4;1;0;6;5;1;6;0.833333333;0.166666667;5;4;1;5;0.8;0.2;8;8;0;8;1;0;4;4;0;4;1;0;3;3;0;3;1;0;4;3;1;4;0.75;0.25;3;3;0;3;1;0;5;3;2;5;0.6;0.4;5;2;3;5;0.4;0.6;NULL;NULL;NULL;NULL;NULL;NULL;4;3;1;4;0.75;0.25;7;4;3;7;0.571428571;0.428571429;3;3;0;3;1;0;NULL;NULL;NULL;NULL;NULL;NULL;8;6;2;8;0.75;0.25;40;2;2;40;0.05;0.05;18;0;3;18;0;0.166666667;NULL;NULL;NULL;NULL;NULL;NULL;21;0;4;21;0;0.19047619;NULL;NULL;NULL;NULL;NULL;NULL;NULL;NULL;NULL;NULL;NULL;NULL;Yes
Male;Yes;Yes;10;1;1;0;1;1;0;2;2;0;2;1;0;4;4;0;4;1;0;2;2;0;2;1;0;1;0;1;1;0;1;5;5;0;5;1;0;4;4;0;4;1;0;3;3;0;3;1;0;3;3;0;3;1;0;3;2;1;3;0.666666667;0.333333333;3;2;1;3;0.666666667;0.333333333;6;2;4;6;0.333333333;0.666666667;2;0;2;2;0;1;4;3;1;4;0.75;0.25;4;4;0;4;1;0;5;5;0;5;1;0;3;3;0;3;1;0;3;0;3;3;0;1;3;0;3;3;0;1;2;0;2;2;0;1;NULL;NULL;NULL;NULL;NULL;NULL;5;4;1;5;0.8;0.2;14;0;14;14;0;1;3;3;0;3;1;0;NULL;NULL;NULL;NULL;NULL;NULL;7;2;5;7;0.285714286;0.714285714;28;1;1;28;0.035714286;0.035714286;18;1;2;18;0.055555556;0.111111111;NULL;NULL;NULL;NULL;NULL;NULL;17;0;2;17;0;0.117647059;NULL;NULL;NULL;NULL;NULL;NULL;NULL;NULL;NULL;NULL;NULL;NULL;Yes
Male;Yes;Yes;10;2;1;1;2;0.5;0.5;4;4;0;4;1;0;2;2;0;2;1;0;4;2;2;4;0.5;0.5;3;2;1;3;0.666666667;0.333333333;4;1;3;4;0.25;0.75;3;3;0;3;1;0;2;2;0;2;1;0;3;1;2;3;0.333333333;0.666666667;5;4;1;5;0.8;0.2;3;1;2;3;0.333333333;0.666666667;3;1;2;3;0.333333333;0.666666667;4;3;1;4;0.75;0.25;3;3;0;3;1;0;4;1;3;4;0.25;0.75;2;2;0;2;1;0;1;1;0;1;1;0;3;0;3;3;0;1;6;0;6;6;0;1;1;0;1;1;0;1;NULL;NULL;NULL;NULL;NULL;NULL;4;2;2;4;0.5;0.5;5;3;2;5;0.6;0.4;3;0;3;3;0;1;NULL;NULL;NULL;NULL;NULL;NULL;4;0;4;4;0;1;22;1;1;22;0.045454545;0.045454545;26;2;2;26;0.076923077;0.076923077;NULL;NULL;NULL;NULL;NULL;NULL;17;0;2;17;0;0.117647059;NULL;NULL;NULL;NULL;NULL;NULL;NULL;NULL;NULL;NULL;NULL;NULL;Yes
Male;Yes;No;10;4;4;0;4;1;0;7;7;0;7;1;0;3;0;3;3;0;1;5;0;5;5;0;1;3;3;0;3;1;0;4;4;0;4;1;0;5;5;0;5;1;0;4;3;1;4;0.75;0.25;3;3;0;3;1;0;8;7;1;8;875;125;4;3;1;4;0.75;0.25;4;2;2;4;0.5;0.5;2;2;0;2;1;0;7;5;2;7;0.714285714;0.285714286;3;3;0;3;1;0;4;4;0;4;1;0;5;5;0;5;1;0;4;3;1;4;0.75;0.25;4;1;3;4;0.25;0.75;2;0;2;2;0;1;NULL;NULL;NULL;NULL;NULL;NULL;4;3;1;4;0.75;0.25;3;3;0;3;1;0;2;2;0;2;1;0;NULL;NULL;NULL;NULL;NULL;NULL;7;5;2;7;0.714285714;0.285714286;18;2;0;18;0.111111111;0;6;0;1;6;0;0.166666667;NULL;NULL;NULL;NULL;NULL;NULL;21;1;3;21;0.047619048;0.142857143;NULL;NULL;NULL;NULL;NULL;NULL;NULL;NULL;NULL;NULL;NULL;NULL;Yes
Male;No;No;11;9;9;0;9;1;0;7;7;0;7;1;0;7;7;0;7;1;0;5;5;0;5;1;0;6;6;0;6;1;0;7;7;0;7;1;0;5;5;0;5;1;0;4;3;1;4;0.75;0.25;5;5;0;5;1;0;8;6;2;8;0.75;0.25;6;6;0;6;1;0;5;4;1;5;0.8;0.2;6;6;0;6;1;0;8;8;0;8;1;0;4;4;0;4;1;0;6;6;0;6;1;0;6;6;0;6;1;0;2;1;1;2;0.5;0.5;4;4;0;4;1;0;2;1;1;2;0.5;0.5;NULL;NULL;NULL;NULL;NULL;NULL;6;6;0;6;1;0;5;5;0;5;1;0;5;4;1;5;0.8;0.2;NULL;NULL;NULL;NULL;NULL;NULL;12;11;1;12;0.916666667;0.083333333;30;3;0;30;0.1;0;26;3;1;26;0.115384615;0.038461538;NULL;NULL;NULL;NULL;NULL;NULL;21;1;3;21;0.047619048;0.142857143;NULL;NULL;NULL;NULL;NULL;NULL;NULL;NULL;NULL;NULL;NULL;NULL;No
Female;Yes;No;11;6;6;0;6;1;0;6;6;0;6;1;0;6;6;0;6;1;0;4;4;0;4;1;0;5;5;0;5;1;0;4;3;1;4;0.75;0.25;5;5;0;5;1;0;6;6;0;6;1;0;5;5;0;5;1;0;7;7;0;7;1;0;6;6;0;6;1;0;4;4;0;4;1;0;6;5;1;6;0.833333333;0.166666667;7;7;0;7;1;0;4;4;0;4;1;0;5;5;0;5;1;0;4;4;0;4;1;0;3;3;0;3;1;0;3;2;1;3;0.666666667;0.333333333;2;1;1;2;0.5;0.5;NULL;NULL;NULL;NULL;NULL;NULL;5;4;1;5;0.8;0.2;6;6;0;6;1;0;5;5;0;5;1;0;NULL;NULL;NULL;NULL;NULL;NULL;6;3;3;6;0.5;0.5;42;3;1;42;0.071428571;0.023809524;18;2;1;18;0.111111111;0.055555556;NULL;NULL;NULL;NULL;NULL;NULL;21;3;1;21;0.142857143;0.047619048;NULL;NULL;NULL;NULL;NULL;NULL;NULL;NULL;NULL;NULL;NULL;NULL;No
Female;Yes;No;11;1;1;0;1;1;0;4;4;0;4;1;0;8;8;0;8;1;0;3;3;0;3;1;0;4;4;0;4;1;0;4;4;0;4;1;0;5;5;0;5;1;0;5;5;0;5;1;0;2;2;0;2;1;0;4;4;0;4;1;0;6;5;1;6;0.833333333;0.166666667;5;3;2;5;0.6;0.4;4;4;0;4;1;0;7;7;0;7;1;0;2;1;1;2;0.5;0.5;3;3;0;3;1;0;3;3;0;3;1;0;3;3;0;3;1;0;3;2;1;3;0.666666667;0.333333333;2;2;0;2;1;0;NULL;NULL;NULL;NULL;NULL;NULL;5;5;0;5;1;0;1;0;1;1;0;1;2;2;0;2;1;0;NULL;NULL;NULL;NULL;NULL;NULL;2;2;0;2;1;0;18;2;0;18;0.111111111;0;12;2;0;12;0.166666667;0;NULL;NULL;NULL;NULL;NULL;NULL;19;0;3;19;0;0.157894737;NULL;NULL;NULL;NULL;NULL;NULL;NULL;NULL;NULL;NULL;NULL;NULL;No
Male;Yes;No;11;8;8;0;8;1;0;6;6;0;6;1;0;6;6;0;6;1;0;3;3;0;3;1;0;3;3;0;3;1;0;4;4;0;4;1;0;1;1;0;1;1;0;1;1;0;1;1;0;2;2;0;2;1;0;4;4;0;4;1;0;3;2;1;3;0.666666667;0.333333333;5;2;3;5;0.4;0.6;4;4;0;4;1;0;7;7;0;7;1;0;3;3;0;3;1;0;3;3;0;3;1;0;4;3;1;4;0.75;0.25;4;3;1;4;0.75;0.25;1;1;0;1;1;0;2;0;2;2;0;1;NULL;NULL;NULL;NULL;NULL;NULL;1;0;1;1;0;1;5;1;4;5;0.2;0.8;1;0;1;1;0;1;NULL;NULL;NULL;NULL;NULL;NULL;4;2;2;4;0.5;0.5;18;1;1;18;0.055555556;0.055555556;26;0;4;26;0;0.153846154;NULL;NULL;NULL;NULL;NULL;NULL;21;1;3;21;0.047619048;0.142857143;NULL;NULL;NULL;NULL;NULL;NULL;NULL;NULL;NULL;NULL;NULL;NULL;No
Female;Yes;No;11;8;8;0;8;1;0;8;8;0;8;1;0;4;4;0;4;1;0;3;3;0;3;1;0;5;5;0;5;1;0;4;4;0;4;1;0;8;8;0;8;1;0;7;7;0;7;1;0;2;1;1;2;0.5;0.5;7;7;0;7;1;0;5;5;0;5;1;0;8;8;0;8;1;0;7;5;2;7;0.714285714;0.285714286;9;9;0;9;1;0;4;4;0;4;1;0;3;3;0;3;1;0;5;5;0;5;1;0;4;4;0;4;1;0;4;4;0;4;1;0;3;1;2;3;0.333333333;0.666666667;NULL;NULL;NULL;NULL;NULL;NULL;7;7;0;7;1;0;7;7;0;7;1;0;8;8;0;8;1;0;NULL;NULL;NULL;NULL;NULL;NULL;9;8;1;9;0.888888889;0.111111111;30;2;1;30;0.066666667;0.033333333;32;5;0;32;0.15625;0;NULL;NULL;NULL;NULL;NULL;NULL;21;3;1;21;0.142857143;0.047619048;NULL;NULL;NULL;NULL;NULL;NULL;NULL;NULL;NULL;NULL;NULL;NULL;No
Male;Yes;No;11;10;10;0;10;1;0;10;10;0;10;1;0;8;8;0;8;1;0;3;3;0;3;1;0;7;7;0;7;1;0;7;6;1;7;0.857142857;0.142857143;7;6;1;7;0.857142857;0.142857143;6;5;1;6;0.833333333;0.166666667;4;3;1;4;0.75;0.25;7;7;0;7;1;0;6;5;1;6;0.833333333;0.166666667;7;7;0;7;1;0;6;4;2;6;0.666666667;0.333333333;8;8;0;8;1;0;6;6;0;6;1;0;7;4;3;7;0.571428571;0.428571429;7;7;0;7;1;0;5;4;1;5;0.8;0.2;4;3;1;4;0.75;0.25;4;2;2;4;0.5;0.5;NULL;NULL;NULL;NULL;NULL;NULL;6;5;1;6;0.833333333;0.166666667;7;7;0;7;1;0;5;4;1;5;0.8;0.2;NULL;NULL;NULL;NULL;NULL;NULL;10;6;4;10;0.6;0.4;52;3;2;52;0.057692308;0.038461538;32;5;0;32;0.15625;0;NULL;NULL;NULL;NULL;NULL;NULL;21;1;3;21;0.047619048;0.142857143;NULL;NULL;NULL;NULL;NULL;NULL;NULL;NULL;NULL;NULL;NULL;NULL;No
Male;Yes;No;11;9;9;0;9;1;0;8;8;0;8;1;0;7;7;0;7;1;0;3;3;0;3;1;0;5;5;0;5;1;0;4;3;1;4;0.75;0.25;5;5;0;5;1;0;3;3;0;3;1;0;3;2;1;3;0.666666667;0.333333333;7;7;0;7;1;0;3;3;0;3;1;0;5;4;1;5;0.8;0.2;5;5;0;5;1;0;8;8;0;8;1;0;6;6;0;6;1;0;4;3;1;4;0.75;0.25;3;3;0;3;1;0;3;3;0;3;1;0;2;1;1;2;0.5;0.5;5;0;5;5;0;1;NULL;NULL;NULL;NULL;NULL;NULL;7;7;0;7;1;0;6;6;0;6;1;0;3;3;0;3;1;0;NULL;NULL;NULL;NULL;NULL;NULL;8;5;3;8;625;375;42;1;3;42;0.023809524;0.071428571;32;4;1;32;125;0.03125;NULL;NULL;NULL;NULL;NULL;NULL;21;3;1;21;0.142857143;0.047619048;NULL;NULL;NULL;NULL;NULL;NULL;NULL;NULL;NULL;NULL;NULL;NULL;No
Male;Yes;No;11;2;0;2;2;0;1;7;7;0;7;1;0;6;6;0;6;1;0;4;4;0;4;1;0;7;7;0;7;1;0;7;7;0;7;1;0;6;6;0;6;1;0;6;6;0;6;1;0;2;2;0;2;1;0;9;9;0;9;1;0;7;7;0;7;1;0;7;6;1;7;0.857142857;0.142857143;4;4;0;4;1;0;8;8;0;8;1;0;2;2;0;2;1;0;5;5;0;5;1;0;5;5;0;5;1;0;4;3;1;4;0.75;0.25;4;3;1;4;0.75;0.25;2;2;0;2;1;0;NULL;NULL;NULL;NULL;NULL;NULL;5;4;1;5;0.8;0.2;5;3;2;5;0.6;0.4;4;4;0;4;1;0;NULL;NULL;NULL;NULL;NULL;NULL;8;3;5;8;375;625;18;2;0;18;0.111111111;0;30;4;0;30;0.133333333;0;NULL;NULL;NULL;NULL;NULL;NULL;21;2;2;21;0.095238095;0.095238095;NULL;NULL;NULL;NULL;NULL;NULL;NULL;NULL;NULL;NULL;NULL;NULL;No
Female;Yes;No;11;10;10;0;10;1;0;10;10;0;10;1;0;9;9;0;9;1;0;2;2;0;2;1;0;9;9;0;9;1;0;5;4;1;5;0.8;0.2;4;4;0;4;1;0;5;5;0;5;1;0;4;4;0;4;1;0;9;9;0;9;1;0;6;6;0;6;1;0;5;5;0;5;1;0;4;4;0;4;1;0;10;10;0;10;1;0;3;3;0;3;1;0;7;7;0;7;1;0;5;5;0;5;1;0;3;2;1;3;0.666666667;0.333333333;3;3;0;3;1;0;2;0;2;2;0;1;NULL;NULL;NULL;NULL;NULL;NULL;7;7;0;7;1;0;8;8;0;8;1;0;6;6;0;6;1;0;NULL;NULL;NULL;NULL;NULL;NULL;7;7;0;7;1;0;66;4;2;66;0.060606061;0.03030303;38;4;2;38;0.105263158;0.052631579;NULL;NULL;NULL;NULL;NULL;NULL;21;0;4;21;0;0.19047619;NULL;NULL;NULL;NULL;NULL;NULL;NULL;NULL;NULL;NULL;NULL;NULL;No
Female;Yes;No;11;10;10;0;10;1;0;10;10;0;10;1;0;13;13;0;13;1;0;7;7;0;7;1;0;5;5;0;5;1;0;6;5;1;6;0.833333333;0.166666667;8;8;0;8;1;0;10;10;0;10;1;0;4;4;0;4;1;0;11;11;0;11;1;0;9;9;0;9;1;0;7;7;0;7;1;0;8;7;1;8;875;125;10;10;0;10;1;0;6;6;0;6;1;0;8;8;0;8;1;0;7;7;0;7;1;0;5;5;0;5;1;0;5;4;1;5;0.8;0.2;3;3;0;3;1;0;NULL;NULL;NULL;NULL;NULL;NULL;7;5;2;7;0.714285714;0.285714286;8;7;1;8;875;125;6;6;0;6;1;0;NULL;NULL;NULL;NULL;NULL;NULL;13;9;4;13;0.692307692;0.307692308;40;2;2;40;0.05;0.05;54;8;0;54;0.148148148;0;NULL;NULL;NULL;NULL;NULL;NULL;21;3;1;21;0.142857143;0.047619048;NULL;NULL;NULL;NULL;NULL;NULL;NULL;NULL;NULL;NULL;NULL;NULL;No
Female;Yes;No;11;7;7;0;7;1;0;8;8;0;8;1;0;8;7;1;8;875;125;4;4;0;4;1;0;7;7;0;7;1;0;6;4;2;6;0.666666667;0.333333333;5;4;1;5;0.8;0.2;6;6;0;6;1;0;3;3;0;3;1;0;7;7;0;7;1;0;6;6;0;6;1;0;8;7;1;8;875;125;6;4;2;6;0.666666667;0.333333333;10;10;0;10;1;0;5;5;0;5;1;0;7;7;0;7;1;0;5;5;0;5;1;0;4;4;0;4;1;0;4;4;0;4;1;0;5;2;3;5;0.4;0.6;NULL;NULL;NULL;NULL;NULL;NULL;5;3;2;5;0.6;0.4;7;6;1;7;0.857142857;0.142857143;5;5;0;5;1;0;NULL;NULL;NULL;NULL;NULL;NULL;10;7;3;10;0.7;0.3;32;2;1;32;0.0625;0.03125;32;5;0;32;0.15625;0;NULL;NULL;NULL;NULL;NULL;NULL;21;1;3;21;0.047619048;0.142857143;NULL;NULL;NULL;NULL;NULL;NULL;NULL;NULL;NULL;NULL;NULL;NULL;No
Female;Yes;No;11;8;8;0;8;1;0;9;9;0;9;1;0;6;6;0;6;1;0;4;4;0;4;1;0;7;7;0;7;1;0;5;4;1;5;0.8;0.2;5;5;0;5;1;0;5;5;0;5;1;0;3;3;0;3;1;0;8;8;0;8;1;0;5;3;2;5;0.6;0.4;5;5;0;5;1;0;5;3;2;5;0.6;0.4;9;9;0;9;1;0;6;6;0;6;1;0;6;6;0;6;1;0;7;6;1;7;0.857142857;0.142857143;6;6;0;6;1;0;4;3;1;4;0.75;0.25;5;3;2;5;0.6;0.4;NULL;NULL;NULL;NULL;NULL;NULL;3;3;0;3;1;0;5;4;1;5;0.8;0.2;7;7;0;7;1;0;NULL;NULL;NULL;NULL;NULL;NULL;14;12;2;14;0.857142857;0.142857143;18;2;0;18;0.111111111;0;36;5;0;36;0.138888889;0;NULL;NULL;NULL;NULL;NULL;NULL;21;1;3;21;0.047619048;0.142857143;NULL;NULL;NULL;NULL;NULL;NULL;NULL;NULL;NULL;NULL;NULL;NULL;No
Male;Yes;No;11;9;9;0;9;1;0;10;10;0;10;1;0;8;8;0;8;1;0;2;2;0;2;1;0;4;4;0;4;1;0;7;5;2;7;0.714285714;0.285714286;6;6;0;6;1;0;4;4;0;4;1;0;4;4;0;4;1;0;7;7;0;7;1;0;3;3;0;3;1;0;6;6;0;6;1;0;4;4;0;4;1;0;8;8;0;8;1;0;1;1;0;1;1;0;7;7;0;7;1;0;5;3;2;5;0.6;0.4;4;2;2;4;0.5;0.5;4;3;1;4;0.75;0.25;5;2;3;5;0.4;0.6;NULL;NULL;NULL;NULL;NULL;NULL;7;5;2;7;0.714285714;0.285714286;7;6;1;7;0.857142857;0.142857143;5;5;0;5;1;0;NULL;NULL;NULL;NULL;NULL;NULL;11;7;4;11;0.636363636;0.363636364;36;2;1;36;0.055555556;0.027777778;20;3;0;20;0.15;0;NULL;NULL;NULL;NULL;NULL;NULL;21;3;1;21;0.142857143;0.047619048;NULL;NULL;NULL;NULL;NULL;NULL;NULL;NULL;NULL;NULL;NULL;NULL;No
Male;Yes;No;11;11;11;0;11;1;0;12;12;0;12;1;0;9;9;0;9;1;0;3;3;0;3;1;0;5;5;0;5;1;0;3;3;0;3;1;0;8;8;0;8;1;0;7;7;0;7;1;0;3;3;0;3;1;0;10;10;0;10;1;0;3;2;1;3;0.666666667;0.333333333;5;5;0;5;1;0;5;4;1;5;0.8;0.2;8;8;0;8;1;0;5;5;0;5;1;0;3;3;0;3;1;0;7;7;0;7;1;0;7;7;0;7;1;0;6;4;2;6;0.666666667;0.333333333;3;1;2;3;0.333333333;0.666666667;NULL;NULL;NULL;NULL;NULL;NULL;4;3;1;4;0.75;0.25;6;5;1;6;0.833333333;0.166666667;7;6;1;7;0.857142857;0.142857143;NULL;NULL;NULL;NULL;NULL;NULL;7;7;0;7;1;0;46;3;1;46;0.065217391;0.02173913;44;4;2;44;0.090909091;0.045454545;NULL;NULL;NULL;NULL;NULL;NULL;21;1;3;21;0.047619048;0.142857143;NULL;NULL;NULL;NULL;NULL;NULL;NULL;NULL;NULL;NULL;NULL;NULL;No
Male;Yes;No;11;12;11;1;12;0.916666667;0.083333333;13;13;0;13;1;0;11;11;0;11;1;0;5;5;0;5;1;0;6;6;0;6;1;0;5;5;0;5;1;0;7;7;0;7;1;0;4;4;0;4;1;0;5;4;1;5;0.8;0.2;10;10;0;10;1;0;4;4;0;4;1;0;5;3;2;5;0.6;0.4;5;4;1;5;0.8;0.2;12;12;0;12;1;0;7;7;0;7;1;0;5;5;0;5;1;0;8;6;2;8;0.75;0.25;6;6;0;6;1;0;4;2;2;4;0.5;0.5;5;2;3;5;0.4;0.6;NULL;NULL;NULL;NULL;NULL;NULL;7;4;3;7;0.571428571;0.428571429;6;3;3;6;0.5;0.5;5;4;1;5;0.8;0.2;NULL;NULL;NULL;NULL;NULL;NULL;14;12;2;14;0.857142857;0.142857143;72;3;3;72;0.041666667;0.041666667;64;9;0;64;0.140625;0;NULL;NULL;NULL;NULL;NULL;NULL;21;1;3;21;0.047619048;0.142857143;NULL;NULL;NULL;NULL;NULL;NULL;NULL;NULL;NULL;NULL;NULL;NULL;No
Male;Yes;No;11;10;10;0;10;1;0;8;6;2;8;0.75;0.25;7;7;0;7;1;0;1;1;0;1;1;0;5;4;1;5;0.8;0.2;7;5;2;7;0.714285714;0.285714286;2;0;2;2;0;1;5;5;0;5;1;0;6;3;3;6;0.5;0.5;8;8;0;8;1;0;2;2;0;2;1;0;5;5;0;5;1;0;6;2;4;6;0.333333333;0.666666667;9;9;0;9;1;0;5;5;0;5;1;0;5;5;0;5;1;0;7;7;0;7;1;0;35;5;30;35;0.142857143;0.857142857;18;2;16;18;0.111111111;0.888888889;26;5;21;26;0.192307692;0.807692308;NULL;NULL;NULL;NULL;NULL;NULL;4;3;1;4;0.75;0.25;14;9;5;14;0.642857143;0.357142857;3;3;0;3;1;0;NULL;NULL;NULL;NULL;NULL;NULL;7;3;4;7;0.428571429;0.571428571;44;3;1;44;0.068181818;0.022727273;30;4;0;30;0.133333333;0;NULL;NULL;NULL;NULL;NULL;NULL;21;2;2;21;0.095238095;0.095238095;NULL;NULL;NULL;NULL;NULL;NULL;NULL;NULL;NULL;NULL;NULL;NULL;No
Female;Yes;No;11;10;10;0;10;1;0;10;10;0;10;1;0;8;8;0;8;1;0;5;5;0;5;1;0;5;3;2;5;0.6;0.4;4;3;1;4;0.75;0.25;8;8;0;8;1;0;4;4;0;4;1;0;5;5;0;5;1;0;9;9;0;9;1;0;7;7;0;7;1;0;7;3;4;7;0.428571429;0.571428571;2;1;1;2;0.5;0.5;10;10;0;10;1;0;5;5;0;5;1;0;6;6;0;6;1;0;4;4;0;4;1;0;6;5;1;6;0.833333333;0.166666667;6;4;2;6;0.666666667;0.333333333;3;1;2;3;0.333333333;0.666666667;NULL;NULL;NULL;NULL;NULL;NULL;3;3;0;3;1;0;7;7;0;7;1;0;5;3;2;5;0.6;0.4;NULL;NULL;NULL;NULL;NULL;NULL;9;7;2;9;0.777777778;0.222222222;20;0;2;20;0;0.1;24;2;1;24;0.083333333;0.041666667;NULL;NULL;NULL;NULL;NULL;NULL;21;1;3;21;0.047619048;0.142857143;NULL;NULL;NULL;NULL;NULL;NULL;NULL;NULL;NULL;NULL;NULL;NULL;No
Male;Yes;No;11;11;11;0;11;1;0;9;9;0;9;1;0;6;5;1;6;0.833333333;0.166666667;6;4;2;6;0.666666667;0.333333333;4;4;0;4;1;0;5;5;0;5;1;0;6;6;0;6;1;0;5;5;0;5;1;0;4;4;0;4;1;0;10;10;0;10;1;0;4;2;2;4;0.5;0.5;4;3;1;4;0.75;0.25;5;4;1;5;0.8;0.2;9;9;0;9;1;0;6;6;0;6;1;0;5;5;0;5;1;0;8;5;3;8;625;375;6;6;0;6;1;0;5;4;1;5;0.8;0.2;5;3;2;5;0.6;0.4;NULL;NULL;NULL;NULL;NULL;NULL;10;7;3;10;0.7;0.3;7;5;2;7;0.714285714;0.285714286;5;4;1;5;0.8;0.2;NULL;NULL;NULL;NULL;NULL;NULL;15;11;4;15;0.733333333;0.266666667;44;1;3;44;0.022727273;0.068181818;40;4;2;40;0.1;0.05;NULL;NULL;NULL;NULL;NULL;NULL;21;3;1;21;0.142857143;0.047619048;NULL;NULL;NULL;NULL;NULL;NULL;NULL;NULL;NULL;NULL;NULL;NULL;No
Male;Yes;No;11;5;5;0;5;1;0;7;7;0;7;1;0;5;5;0;5;1;0;2;2;0;2;1;0;4;4;0;4;1;0;3;3;0;3;1;0;5;5;0;5;1;0;4;3;1;4;0.75;0.25;3;3;0;3;1;0;7;7;0;7;1;0;3;2;1;3;0.666666667;0.333333333;4;4;0;4;1;0;4;4;0;4;1;0;7;7;0;7;1;0;2;2;0;2;1;0;3;3;0;3;1;0;2;2;0;2;1;0;2;1;1;2;0.5;0.5;3;3;0;3;1;0;2;0;2;2;0;1;NULL;NULL;NULL;NULL;NULL;NULL;5;4;1;5;0.8;0.2;5;5;0;5;1;0;3;3;0;3;1;0;NULL;NULL;NULL;NULL;NULL;NULL;3;2;1;3;0.666666667;0.333333333;2;0;0;2;0;0;26;4;0;26;0.153846154;0;NULL;NULL;NULL;NULL;NULL;NULL;18;1;2;18;0.055555556;0.111111111;NULL;NULL;NULL;NULL;NULL;NULL;NULL;NULL;NULL;NULL;NULL;NULL;No
Male;Yes;No;11;8;8;0;8;1;0;7;7;0;7;1;0;6;6;0;6;1;0;3;3;0;3;1;0;6;6;0;6;1;0;4;3;1;4;0.75;0.25;5;5;0;5;1;0;5;5;0;5;1;0;3;2;1;3;0.666666667;0.333333333;3;0;3;3;0;1;4;4;0;4;1;0;5;4;1;5;0.8;0.2;7;4;3;7;0.571428571;0.428571429;8;8;0;8;1;0;5;5;0;5;1;0;3;3;0;3;1;0;5;5;0;5;1;0;6;5;1;6;0.833333333;0.166666667;5;5;0;5;1;0;5;2;3;5;0.4;0.6;NULL;NULL;NULL;NULL;NULL;NULL;6;4;2;6;0.666666667;0.333333333;1;1;0;1;1;0;3;3;0;3;1;0;NULL;NULL;NULL;NULL;NULL;NULL;6;1;5;6;0.166666667;0.833333333;0;0;0;0;0;0;12;2;0;12;0.166666667;0;NULL;NULL;NULL;NULL;NULL;NULL;16;1;1;16;0.0625;0.0625;NULL;NULL;NULL;NULL;NULL;NULL;NULL;NULL;NULL;NULL;NULL;NULL;No
Female;Yes;No;11;10;8;2;10;0.8;0.2;5;4;1;5;0.8;0.2;5;5;0;5;1;0;4;3;1;4;0.75;0.25;8;5;3;8;625;375;2;2;0;2;1;0;9;5;4;9;0.555555556;0.444444444;6;5;1;6;0.833333333;0.166666667;5;4;1;5;0.8;0.2;12;8;4;12;0.666666667;0.333333333;6;4;2;6;0.666666667;0.333333333;4;4;0;4;1;0;6;5;1;6;0.833333333;0.166666667;7;6;1;7;0.857142857;0.142857143;5;5;0;5;1;0;5;5;0;5;1;0;4;4;0;4;1;0;4;4;0;4;1;0;5;5;0;5;1;0;7;0;7;7;0;1;NULL;NULL;NULL;NULL;NULL;NULL;6;5;1;6;0.833333333;0.166666667;7;7;0;7;1;0;6;6;0;6;1;0;NULL;NULL;NULL;NULL;NULL;NULL;9;8;1;9;0.888888889;0.111111111;30;3;0;30;0.1;0;38;6;0;38;0.157894737;0;NULL;NULL;NULL;NULL;NULL;NULL;21;2;2;21;0.095238095;0.095238095;NULL;NULL;NULL;NULL;NULL;NULL;NULL;NULL;NULL;NULL;NULL;NULL;No
Male;Yes;No;11;6;6;0;6;1;0;6;6;0;6;1;0;3;3;0;3;1;0;1;1;0;1;1;0;6;6;0;6;1;0;4;3;1;4;0.75;0.25;4;4;0;4;1;0;3;3;0;3;1;0;3;3;0;3;1;0;6;6;0;6;1;0;3;2;1;3;0.666666667;0.333333333;4;3;1;4;0.75;0.25;3;1;2;3;0.333333333;0.666666667;6;6;0;6;1;0;2;2;0;2;1;0;3;3;0;3;1;0;4;4;0;4;1;0;2;1;1;2;0.5;0.5;5;3;2;5;0.6;0.4;4;1;3;4;0.25;0.75;NULL;NULL;NULL;NULL;NULL;NULL;5;5;0;5;1;0;7;5;2;7;0.714285714;0.285714286;5;4;1;5;0.8;0.2;NULL;NULL;NULL;NULL;NULL;NULL;11;10;1;11;0.909090909;0.090909091;40;2;2;40;0.05;0.05;12;1;1;12;0.083333333;0.083333333;NULL;NULL;NULL;NULL;NULL;NULL;21;1;3;21;0.047619048;0.142857143;NULL;NULL;NULL;NULL;NULL;NULL;NULL;NULL;NULL;NULL;NULL;NULL;No
Male;Yes;Yes;11;8;8;0;8;1;0;6;6;0;6;1;0;5;4;1;5;0.8;0.2;3;3;0;3;1;0;4;4;0;4;1;0;4;0;4;4;0;1;4;2;2;4;0.5;0.5;7;5;2;7;0.714285714;0.285714286;3;2;1;3;0.666666667;0.333333333;4;4;0;4;1;0;3;3;0;3;1;0;2;2;0;2;1;0;2;1;1;2;0.5;0.5;7;7;0;7;1;0;1;1;0;1;1;0;4;2;2;4;0.5;0.5;4;3;1;4;0.75;0.25;1;0;1;1;0;1;6;2;4;6;0.333333333;0.666666667;5;1;4;5;0.2;0.8;NULL;NULL;NULL;NULL;NULL;NULL;4;1;3;4;0.25;0.75;37;5;32;37;0.135135135;0.864864865;2;1;1;2;0.5;0.5;NULL;NULL;NULL;NULL;NULL;NULL;6;1;5;6;0.166666667;0.833333333;30;2;1;30;0.066666667;0.033333333;22;2;1;22;0.090909091;0.045454545;NULL;NULL;NULL;NULL;NULL;NULL;21;0;4;21;0;0.19047619;NULL;NULL;NULL;NULL;NULL;NULL;NULL;NULL;NULL;NULL;NULL;NULL;No
Female;Yes;No;11;7;7;0;7;1;0;8;8;0;8;1;0;5;5;0;5;1;0;5;0;5;5;0;1;5;5;0;5;1;0;4;4;0;4;1;0;1;0;1;1;0;1;3;3;0;3;1;0;2;2;0;2;1;0;5;5;0;5;1;0;3;3;0;3;1;0;4;4;0;4;1;0;1;0;1;1;0;1;6;6;0;6;1;0;4;4;0;4;1;0;5;5;0;5;1;0;5;4;1;5;0.8;0.2;4;4;0;4;1;0;3;2;1;3;0.666666667;0.333333333;4;1;3;4;0.25;0.75;NULL;NULL;NULL;NULL;NULL;NULL;5;3;2;5;0.6;0.4;3;3;0;3;1;0;2;1;1;2;0.5;0.5;NULL;NULL;NULL;NULL;NULL;NULL;5;2;3;5;0.4;0.6;26;2;0;26;0.076923077;0;12;1;1;12;0.083333333;0.083333333;NULL;NULL;NULL;NULL;NULL;NULL;21;2;2;21;0.095238095;0.095238095;NULL;NULL;NULL;NULL;NULL;NULL;NULL;NULL;NULL;NULL;NULL;NULL;No
Female;Yes;No;11;2;0;2;2;0;1;4;3;1;4;0.75;0.25;1;0;1;1;0;1;3;0;3;3;0;1;3;0;3;3;0;1;5;1;4;5;0.2;0.8;2;0;2;2;0;1;8;1;7;8;125;875;7;1;6;7;0.142857143;0.857142857;2;1;1;2;0.5;0.5;16;1;15;16;0.0625;0.9375;5;1;4;5;0.2;0.8;9;0;9;9;0;1;5;1;4;5;0.2;0.8;9;1;8;9;0.111111111;0.888888889;13;2;11;13;0.153846154;0.846153846;11;1;10;11;0.090909091;0.909090909;4;1;3;4;0.25;0.75;2;0;2;2;0;1;9;1;8;9;0.111111111;0.888888889;NULL;NULL;NULL;NULL;NULL;NULL;9;0;9;9;0;1;8;1;7;8;125;875;0;0;0;0;0;0;NULL;NULL;NULL;NULL;NULL;NULL;1;0;1;1;0;1;12;0;1;12;0;0.083333333;8;0;1;8;0;125;NULL;NULL;NULL;NULL;NULL;NULL;14;0;1;14;0;0.071428571;NULL;NULL;NULL;NULL;NULL;NULL;NULL;NULL;NULL;NULL;NULL;NULL;No
Female;Yes;No;11;8;8;0;8;1;0;8;8;0;8;1;0;6;6;0;6;1;0;2;2;0;2;1;0;5;5;0;5;1;0;4;3;1;4;0.75;0.25;1;0;1;1;0;1;5;3;2;5;0.6;0.4;2;2;0;2;1;0;5;0;5;5;0;1;5;3;2;5;0.6;0.4;7;7;0;7;1;0;6;3;3;6;0.5;0.5;6;6;0;6;1;0;3;2;1;3;0.666666667;0.333333333;5;5;0;5;1;0;4;4;0;4;1;0;4;4;0;4;1;0;5;3;2;5;0.6;0.4;3;2;1;3;0.666666667;0.333333333;NULL;NULL;NULL;NULL;NULL;NULL;8;4;4;8;0.5;0.5;7;5;2;7;0.714285714;0.285714286;4;1;3;4;0.25;0.75;NULL;NULL;NULL;NULL;NULL;NULL;9;8;1;9;0.888888889;0.111111111;34;1;2;34;0.029411765;0.058823529;20;3;0;20;0.15;0;NULL;NULL;NULL;NULL;NULL;NULL;21;0;4;21;0;0.19047619;NULL;NULL;NULL;NULL;NULL;NULL;NULL;NULL;NULL;NULL;NULL;NULL;No
Female;No;No;11;5;4;1;5;0.8;0.2;7;7;0;7;1;0;6;6;0;6;1;0;3;3;0;3;1;0;4;3;1;4;0.75;0.25;1;1;0;1;1;0;5;5;0;5;1;0;6;6;0;6;1;0;3;3;0;3;1;0;8;8;0;8;1;0;5;4;1;5;0.8;0.2;4;4;0;4;1;0;3;3;0;3;1;0;8;8;0;8;1;0;4;4;0;4;1;0;4;4;0;4;1;0;4;4;0;4;1;0;5;0;5;5;0;1;5;4;1;5;0.8;0.2;5;3;2;5;0.6;0.4;NULL;NULL;NULL;NULL;NULL;NULL;5;3;2;5;0.6;0.4;8;5;3;8;625;375;6;6;0;6;1;0;NULL;NULL;NULL;NULL;NULL;NULL;8;6;2;8;0.75;0.25;32;2;1;32;0.0625;0.03125;24;1;2;24;0.041666667;0.083333333;NULL;NULL;NULL;NULL;NULL;NULL;21;1;3;21;0.047619048;0.142857143;NULL;NULL;NULL;NULL;NULL;NULL;NULL;NULL;NULL;NULL;NULL;NULL;No
Female;No;No;11;11;11;0;11;1;0;7;7;0;7;1;0;8;8;0;8;1;0;2;2;0;2;1;0;5;5;0;5;1;0;3;3;0;3;1;0;4;4;0;4;1;0;6;6;0;6;1;0;5;2;3;5;0.4;0.6;5;5;0;5;1;0;4;4;0;4;1;0;5;5;0;5;1;0;4;2;2;4;0.5;0.5;2;2;0;2;1;0;4;4;0;4;1;0;2;2;0;2;1;0;6;6;0;6;1;0;5;5;0;5;1;0;5;3;2;5;0.6;0.4;5;1;4;5;0.2;0.8;NULL;NULL;NULL;NULL;NULL;NULL;5;3;2;5;0.6;0.4;3;0;3;3;0;1;2;2;0;2;1;0;NULL;NULL;NULL;NULL;NULL;NULL;8;5;3;8;625;375;30;2;1;30;0.066666667;0.033333333;18;2;1;18;0.111111111;0.055555556;NULL;NULL;NULL;NULL;NULL;NULL;21;1;3;21;0.047619048;0.142857143;NULL;NULL;NULL;NULL;NULL;NULL;NULL;NULL;NULL;NULL;NULL;NULL;No
Male;Yes;No;11;5;5;0;5;1;0;8;7;1;8;875;125;4;4;0;4;1;0;4;3;1;4;0.75;0.25;1;1;0;1;1;0;3;0;3;3;0;1;5;4;1;5;0.8;0.2;4;3;1;4;0.75;0.25;1;1;0;1;1;0;2;0;2;2;0;1;4;4;0;4;1;0;5;4;1;5;0.8;0.2;4;2;2;4;0.5;0.5;6;6;0;6;1;0;4;4;0;4;1;0;5;4;1;5;0.8;0.2;5;4;1;5;0.8;0.2;3;0;3;3;0;1;4;3;1;4;0.75;0.25;4;1;3;4;0.25;0.75;NULL;NULL;NULL;NULL;NULL;NULL;3;3;0;3;1;0;5;4;1;5;0.8;0.2;4;4;0;4;1;0;NULL;NULL;NULL;NULL;NULL;NULL;7;7;0;7;1;0;18;1;1;18;0.055555556;0.055555556;14;1;1;14;0.071428571;0.071428571;NULL;NULL;NULL;NULL;NULL;NULL;17;1;1;17;0.058823529;0.058823529;NULL;NULL;NULL;NULL;NULL;NULL;NULL;NULL;NULL;NULL;NULL;NULL;No
Male;Yes;No;11;7;7;0;7;1;0;7;7;0;7;1;0;6;6;0;6;1;0;3;3;0;3;1;0;5;5;0;5;1;0;4;4;0;4;1;0;5;5;0;5;1;0;5;5;0;5;1;0;2;1;1;2;0.5;0.5;5;5;0;5;1;0;4;4;0;4;1;0;3;3;0;3;1;0;3;3;0;3;1;0;6;6;0;6;1;0;3;3;0;3;1;0;4;4;0;4;1;0;5;5;0;5;1;0;1;0;1;1;0;1;4;3;1;4;0.75;0.25;2;0;2;2;0;1;NULL;NULL;NULL;NULL;NULL;NULL;7;5;2;7;0.714285714;0.285714286;7;5;2;7;0.714285714;0.285714286;6;5;1;6;0.833333333;0.166666667;NULL;NULL;NULL;NULL;NULL;NULL;8;5;3;8;625;375;32;3;0;32;0.09375;0;18;2;1;18;0.111111111;0.055555556;NULL;NULL;NULL;NULL;NULL;NULL;15;0;2;15;0;0.133333333;NULL;NULL;NULL;NULL;NULL;NULL;NULL;NULL;NULL;NULL;NULL;NULL;No
Female;Yes;No;11;2;0;2;2;0;1;6;6;0;6;1;0;5;5;0;5;1;0;3;3;0;3;1;0;4;4;0;4;1;0;2;2;0;2;1;0;4;4;0;4;1;0;3;3;0;3;1;0;2;1;1;2;0.5;0.5;6;6;0;6;1;0;2;2;0;2;1;0;3;3;0;3;1;0;4;2;2;4;0.5;0.5;5;3;2;5;0.6;0.4;4;4;0;4;1;0;3;3;0;3;1;0;2;2;0;2;1;0;4;4;0;4;1;0;4;4;0;4;1;0;3;1;2;3;0.333333333;0.666666667;NULL;NULL;NULL;NULL;NULL;NULL;3;3;0;3;1;0;5;4;1;5;0.8;0.2;3;3;0;3;1;0;NULL;NULL;NULL;NULL;NULL;NULL;6;6;0;6;1;0;26;2;0;26;0.076923077;0;25;3;0;25;0.12;0;NULL;NULL;NULL;NULL;NULL;NULL;19;0;3;19;0;0.157894737;NULL;NULL;NULL;NULL;NULL;NULL;NULL;NULL;NULL;NULL;NULL;NULL;No
Male;No;No;11;4;4;0;4;1;0;5;5;0;5;1;0;5;5;0;5;1;0;3;3;0;3;1;0;6;6;0;6;1;0;4;4;0;4;1;0;6;6;0;6;1;0;6;6;0;6;1;0;4;4;0;4;1;0;7;7;0;7;1;0;4;1;3;4;0.25;0.75;6;5;1;6;0.833333333;0.166666667;5;4;1;5;0.8;0.2;6;6;0;6;1;0;2;2;0;2;1;0;3;3;0;3;1;0;2;2;0;2;1;0;2;2;0;2;1;0;4;1;3;4;0.25;0.75;5;2;3;5;0.4;0.6;NULL;NULL;NULL;NULL;NULL;NULL;6;6;0;6;1;0;8;4;4;8;0.5;0.5;9;4;5;9;0.444444444;0.555555556;NULL;NULL;NULL;NULL;NULL;NULL;8;7;1;8;875;125;42;3;1;42;0.071428571;0.023809524;40;2;3;40;0.05;75;NULL;NULL;NULL;NULL;NULL;NULL;21;2;2;21;0.095238095;0.095238095;NULL;NULL;NULL;NULL;NULL;NULL;NULL;NULL;NULL;NULL;NULL;NULL;No
Male;No;No;11;1;0;1;1;0;1;5;5;0;5;1;0;5;5;0;5;1;0;5;4;1;5;0.8;0.2;6;6;0;6;1;0;3;2;1;3;0.666666667;0.333333333;5;5;0;5;1;0;5;5;0;5;1;0;2;2;0;2;1;0;6;6;0;6;1;0;4;3;1;4;0.75;0.25;5;5;0;5;1;0;4;4;0;4;1;0;7;7;0;7;1;0;6;6;0;6;1;0;6;6;0;6;1;0;7;7;0;7;1;0;5;5;0;5;1;0;4;3;1;4;0.75;0.25;2;1;1;2;0.5;0.5;NULL;NULL;NULL;NULL;NULL;NULL;6;3;3;6;0.5;0.5;5;4;1;5;0.8;0.2;5;5;0;5;1;0;NULL;NULL;NULL;NULL;NULL;NULL;12;7;5;12;0.583333333;0.416666667;30;2;1;30;0.066666667;0.033333333;32;5;0;32;0.15625;0;NULL;NULL;NULL;NULL;NULL;NULL;21;2;2;21;0.095238095;0.095238095;NULL;NULL;NULL;NULL;NULL;NULL;NULL;NULL;NULL;NULL;NULL;NULL;No
Male;Yes;Yes;11;6;5;1;6;0.833333333;0.166666667;7;7;0;7;1;0;6;6;0;6;1;0;2;2;0;2;1;0;4;4;0;4;1;0;3;3;0;3;1;0;3;3;0;3;1;0;3;3;0;3;1;0;6;4;2;6;0.666666667;0.333333333;7;7;0;7;1;0;3;3;0;3;1;0;3;1;2;3;0.333333333;0.666666667;3;3;0;3;1;0;8;8;0;8;1;0;1;1;0;1;1;0;4;4;0;4;1;0;4;3;1;4;0.75;0.25;2;2;0;2;1;0;4;3;1;4;0.75;0.25;2;1;1;2;0.5;0.5;NULL;NULL;NULL;NULL;NULL;NULL;3;3;0;3;1;0;1;1;0;1;1;0;2;0;2;2;0;1;NULL;NULL;NULL;NULL;NULL;NULL;7;3;4;7;0.428571429;0.571428571;18;1;1;18;0.055555556;0.055555556;26;2;2;26;0.076923077;0.076923077;NULL;NULL;NULL;NULL;NULL;NULL;19;0;3;19;0;0.157894737;NULL;NULL;NULL;NULL;NULL;NULL;NULL;NULL;NULL;NULL;NULL;NULL;No
Male;Yes;No;11;7;7;0;7;1;0;8;8;0;8;1;0;9;9;0;9;1;0;3;3;0;3;1;0;5;5;0;5;1;0;2;2;0;2;1;0;4;4;0;4;1;0;5;4;1;5;0.8;0.2;1;1;0;1;1;0;6;6;0;6;1;0;4;3;1;4;0.75;0.25;4;4;0;4;1;0;4;2;2;4;0.5;0.5;9;9;0;9;1;0;1;1;0;1;1;0;4;4;0;4;1;0;4;3;1;4;0.75;0.25;6;3;3;6;0.5;0.5;4;1;3;4;0.25;0.75;3;1;2;3;0.333333333;0.666666667;NULL;NULL;NULL;NULL;NULL;NULL;6;6;0;6;1;0;5;4;1;5;0.8;0.2;3;3;0;3;1;0;NULL;NULL;NULL;NULL;NULL;NULL;7;2;5;7;0.285714286;0.714285714;24;1;1;24;0.041666667;0.041666667;12;1;1;12;0.083333333;0.083333333;NULL;NULL;NULL;NULL;NULL;NULL;21;2;2;21;0.095238095;0.095238095;NULL;NULL;NULL;NULL;NULL;NULL;NULL;NULL;NULL;NULL;NULL;NULL;No
Female;Yes;No;11;4;4;0;4;1;0;5;5;0;5;1;0;4;4;0;4;1;0;1;1;0;1;1;0;3;3;0;3;1;0;2;0;2;2;0;1;1;0;1;1;0;1;4;4;0;4;1;0;2;2;0;2;1;0;5;5;0;5;1;0;4;4;0;4;1;0;4;4;0;4;1;0;3;0;3;3;0;1;3;2;1;3;0.666666667;0.333333333;1;1;0;1;1;0;4;4;0;4;1;0;3;3;0;3;1;0;6;3;3;6;0.5;0.5;4;3;1;4;0.75;0.25;3;2;1;3;0.666666667;0.333333333;NULL;NULL;NULL;NULL;NULL;NULL;4;2;2;4;0.5;0.5;5;4;1;5;0.8;0.2;5;5;0;5;1;0;NULL;NULL;NULL;NULL;NULL;NULL;8;7;1;8;875;125;26;2;0;26;0.076923077;0;18;2;1;18;0.111111111;0.055555556;NULL;NULL;NULL;NULL;NULL;NULL;21;1;3;21;0.047619048;0.142857143;NULL;NULL;NULL;NULL;NULL;NULL;NULL;NULL;NULL;NULL;NULL;NULL;No
Female;Yes;No;11;6;6;0;6;1;0;9;9;0;9;1;0;7;7;0;7;1;0;4;4;0;4;1;0;4;4;0;4;1;0;6;6;0;6;1;0;7;7;0;7;1;0;5;5;0;5;1;0;6;6;0;6;1;0;10;10;0;10;1;0;6;6;0;6;1;0;6;5;1;6;0.833333333;0.166666667;6;6;0;6;1;0;10;10;0;10;1;0;4;4;0;4;1;0;6;6;0;6;1;0;7;6;1;7;0.857142857;0.142857143;5;5;0;5;1;0;6;6;0;6;1;0;4;3;1;4;0.75;0.25;NULL;NULL;NULL;NULL;NULL;NULL;6;6;0;6;1;0;5;5;0;5;1;0;5;5;0;5;1;0;NULL;NULL;NULL;NULL;NULL;NULL;9;8;1;9;0.888888889;0.111111111;40;4;0;40;0.1;0;14;2;0;14;0.142857143;0;NULL;NULL;NULL;NULL;NULL;NULL;21;3;1;21;0.142857143;0.047619048;NULL;NULL;NULL;NULL;NULL;NULL;NULL;NULL;NULL;NULL;NULL;NULL;No
Male;Yes;No;11;6;6;0;6;1;0;5;3;2;5;0.6;0.4;3;2;1;3;0.666666667;0.333333333;3;2;1;3;0.666666667;0.333333333;5;3;2;5;0.6;0.4;6;5;1;6;0.833333333;0.166666667;4;2;2;4;0.5;0.5;6;5;1;6;0.833333333;0.166666667;3;2;1;3;0.666666667;0.333333333;4;0;4;4;0;1;5;4;1;5;0.8;0.2;2;2;0;2;1;0;4;1;3;4;0.25;0.75;7;6;1;7;0.857142857;0.142857143;1;1;0;1;1;0;2;2;0;2;1;0;4;2;2;4;0.5;0.5;5;0;5;5;0;1;2;1;1;2;0.5;0.5;4;2;2;4;0.5;0.5;NULL;NULL;NULL;NULL;NULL;NULL;5;4;1;5;0.8;0.2;3;2;1;3;0.666666667;0.333333333;2;2;0;2;1;0;NULL;NULL;NULL;NULL;NULL;NULL;3;2;1;3;0.666666667;0.333333333;30;1;2;30;0.033333333;0.066666667;18;2;1;18;0.111111111;0.055555556;NULL;NULL;NULL;NULL;NULL;NULL;18;2;1;18;0.111111111;0.055555556;NULL;NULL;NULL;NULL;NULL;NULL;NULL;NULL;NULL;NULL;NULL;NULL;No
Male;Yes;Yes;11;6;6;0;6;1;0;9;9;0;9;1;0;6;6;0;6;1;0;3;3;0;3;1;0;1;0;1;1;0;1;3;0;3;3;0;1;4;4;0;4;1;0;5;5;0;5;1;0;4;3;1;4;0.75;0.25;6;6;0;6;1;0;2;1;1;2;0.5;0.5;3;3;0;3;1;0;6;5;1;6;0.833333333;0.166666667;10;10;0;10;1;0;6;6;0;6;1;0;4;4;0;4;1;0;4;4;0;4;1;0;4;1;3;4;0.25;0.75;3;1;2;3;0.333333333;0.666666667;6;2;4;6;0.333333333;0.666666667;NULL;NULL;NULL;NULL;NULL;NULL;3;3;0;3;1;0;5;4;1;5;0.8;0.2;5;5;0;5;1;0;NULL;NULL;NULL;NULL;NULL;NULL;7;2;5;7;0.285714286;0.714285714;16;0;1;16;0;0.0625;22;2;1;22;0.090909091;0.045454545;NULL;NULL;NULL;NULL;NULL;NULL;19;1;2;19;0.052631579;0.105263158;NULL;NULL;NULL;NULL;NULL;NULL;NULL;NULL;NULL;NULL;NULL;NULL;No
Male;Yes;No;11;11;11;0;11;1;0;8;8;0;8;1;0;8;8;0;8;1;0;4;4;0;4;1;0;5;3;2;5;0.6;0.4;6;4;2;6;0.666666667;0.333333333;8;8;0;8;1;0;6;5;1;6;0.833333333;0.166666667;5;4;1;5;0.8;0.2;11;3;8;11;0.272727273;0.727272727;5;5;0;5;1;0;9;8;1;9;0.888888889;0.111111111;6;5;1;6;0.833333333;0.166666667;10;10;0;10;1;0;5;5;0;5;1;0;7;7;0;7;1;0;6;6;0;6;1;0;5;5;0;5;1;0;4;3;1;4;0.75;0.25;5;2;3;5;0.4;0.6;NULL;NULL;NULL;NULL;NULL;NULL;11;10;1;11;0.909090909;0.090909091;10;10;0;10;1;0;9;9;0;9;1;0;NULL;NULL;NULL;NULL;NULL;NULL;15;12;3;15;0.8;0.2;52;3;2;52;0.057692308;0.038461538;48;7;0;48;0.145833333;0;NULL;NULL;NULL;NULL;NULL;NULL;21;4;0;21;0.19047619;0;NULL;NULL;NULL;NULL;NULL;NULL;NULL;NULL;NULL;NULL;NULL;NULL;No
Female;Yes;No;11;9;9;0;9;1;0;8;8;0;8;1;0;7;7;0;7;1;0;4;4;0;4;1;0;6;6;0;6;1;0;5;4;1;5;0.8;0.2;3;3;0;3;1;0;6;6;0;6;1;0;4;4;0;4;1;0;6;6;0;6;1;0;7;7;0;7;1;0;5;3;2;5;0.6;0.4;6;6;0;6;1;0;8;8;0;8;1;0;6;6;0;6;1;0;4;4;0;4;1;0;5;5;0;5;1;0;4;4;0;4;1;0;6;1;5;6;0.166666667;0.833333333;3;2;1;3;0.666666667;0.333333333;NULL;NULL;NULL;NULL;NULL;NULL;3;3;0;3;1;0;6;5;1;6;0.833333333;0.166666667;5;5;0;5;1;0;NULL;NULL;NULL;NULL;NULL;NULL;7;7;0;7;1;0;40;3;1;40;75;25;12;1;1;12;0.083333333;0.083333333;NULL;NULL;NULL;NULL;NULL;NULL;21;2;2;21;0.095238095;0.095238095;NULL;NULL;NULL;NULL;NULL;NULL;NULL;NULL;NULL;NULL;NULL;NULL;No
Male;Yes;No;11;4;4;0;4;1;0;6;6;0;6;1;0;6;6;0;6;1;0;3;2;1;3;0.666666667;0.333333333;4;4;0;4;1;0;3;2;1;3;0.666666667;0.333333333;4;4;0;4;1;0;5;5;0;5;1;0;4;4;0;4;1;0;6;6;0;6;1;0;5;4;1;5;0.8;0.2;6;6;0;6;1;0;4;4;0;4;1;0;8;8;0;8;1;0;5;5;0;5;1;0;5;5;0;5;1;0;5;5;0;5;1;0;5;5;0;5;1;0;3;3;0;3;1;0;2;2;0;2;1;0;NULL;NULL;NULL;NULL;NULL;NULL;5;5;0;5;1;0;5;5;0;5;1;0;4;3;1;4;0.75;0.25;NULL;NULL;NULL;NULL;NULL;NULL;2;2;0;2;1;0;12;0;1;12;0;0.083333333;24;3;0;24;125;0;NULL;NULL;NULL;NULL;NULL;NULL;21;3;1;21;0.142857143;0.047619048;NULL;NULL;NULL;NULL;NULL;NULL;NULL;NULL;NULL;NULL;NULL;NULL;No
Male;No;No;11;6;6;0;6;1;0;7;7;0;7;1;0;8;8;0;8;1;0;2;2;0;2;1;0;6;6;0;6;1;0;3;1;2;3;0.333333333;0.666666667;7;7;0;7;1;0;3;3;0;3;1;0;5;4;1;5;0.8;0.2;6;6;0;6;1;0;5;5;0;5;1;0;5;5;0;5;1;0;4;4;0;4;1;0;7;7;0;7;1;0;6;6;0;6;1;0;5;5;0;5;1;0;4;4;0;4;1;0;4;4;0;4;1;0;2;2;0;2;1;0;3;2;1;3;0.666666667;0.333333333;NULL;NULL;NULL;NULL;NULL;NULL;9;6;3;9;0.666666667;0.333333333;4;3;1;4;0.75;0.25;6;4;2;6;0.666666667;0.333333333;NULL;NULL;NULL;NULL;NULL;NULL;8;6;2;8;0.75;0.25;32;2;1;32;0.0625;0.03125;40;6;0;40;0.15;0;NULL;NULL;NULL;NULL;NULL;NULL;21;1;3;21;0.047619048;0.142857143;NULL;NULL;NULL;NULL;NULL;NULL;NULL;NULL;NULL;NULL;NULL;NULL;No
Female;Yes;No;11;8;8;0;8;1;0;8;8;0;8;1;0;8;8;0;8;1;0;3;3;0;3;1;0;2;0;2;2;0;1;3;3;0;3;1;0;7;7;0;7;1;0;4;4;0;4;1;0;6;5;1;6;0.833333333;0.166666667;6;6;0;6;1;0;5;5;0;5;1;0;3;3;0;3;1;0;5;4;1;5;0.8;0.2;8;8;0;8;1;0;4;4;0;4;1;0;6;6;0;6;1;0;4;4;0;4;1;0;4;4;0;4;1;0;2;2;0;2;1;0;2;1;1;2;0.5;0.5;NULL;NULL;NULL;NULL;NULL;NULL;3;1;2;3;0.333333333;0.666666667;3;3;0;3;1;0;2;2;0;2;1;0;NULL;NULL;NULL;NULL;NULL;NULL;5;3;2;5;0.6;0.4;30;2;1;30;0.066666667;0.033333333;12;0;2;12;0;0.166666667;NULL;NULL;NULL;NULL;NULL;NULL;21;4;0;21;0.19047619;0;NULL;NULL;NULL;NULL;NULL;NULL;NULL;NULL;NULL;NULL;NULL;NULL;No
Male;Yes;No;11;7;7;0;7;1;0;7;7;0;7;1;0;6;6;0;6;1;0;3;3;0;3;1;0;6;6;0;6;1;0;2;0;2;2;0;1;6;6;0;6;1;0;5;5;0;5;1;0;3;3;0;3;1;0;7;7;0;7;1;0;5;5;0;5;1;0;6;6;0;6;1;0;5;5;0;5;1;0;9;9;0;9;1;0;4;4;0;4;1;0;4;4;0;4;1;0;3;3;0;3;1;0;5;4;1;5;0.8;0.2;3;3;0;3;1;0;5;4;1;5;0.8;0.2;NULL;NULL;NULL;NULL;NULL;NULL;6;6;0;6;1;0;7;4;3;7;0.571428571;0.428571429;4;4;0;4;1;0;NULL;NULL;NULL;NULL;NULL;NULL;9;7;2;9;0.777777778;0.222222222;18;1;1;18;0.055555556;0.055555556;26;3;1;26;0.115384615;0.038461538;NULL;NULL;NULL;NULL;NULL;NULL;21;2;2;21;0.095238095;0.095238095;NULL;NULL;NULL;NULL;NULL;NULL;NULL;NULL;NULL;NULL;NULL;NULL;No
Female;Yes;No;11;6;6;0;6;1;0;8;8;0;8;1;0;8;8;0;8;1;0;2;2;0;2;1;0;6;5;1;6;0.833333333;0.166666667;4;4;0;4;1;0;6;6;0;6;1;0;6;5;1;6;0.833333333;0.166666667;3;3;0;3;1;0;6;6;0;6;1;0;4;4;0;4;1;0;5;5;0;5;1;0;6;6;0;6;1;0;9;9;0;9;1;0;4;4;0;4;1;0;3;3;0;3;1;0;4;4;0;4;1;0;5;5;0;5;1;0;6;4;2;6;0.666666667;0.333333333;5;2;3;5;0.4;0.6;NULL;NULL;NULL;NULL;NULL;NULL;5;3;2;5;0.6;0.4;6;6;0;6;1;0;6;6;0;6;1;0;NULL;NULL;NULL;NULL;NULL;NULL;11;5;6;11;0.454545455;0.545454545;52;4;1;52;0.076923077;0.019230769;28;1;3;28;0.035714286;0.107142857;NULL;NULL;NULL;NULL;NULL;NULL;21;0;4;21;0;0.19047619;NULL;NULL;NULL;NULL;NULL;NULL;NULL;NULL;NULL;NULL;NULL;NULL;No
Male;Yes;No;11;1;1;0;1;1;0;1;0;1;1;0;1;4;4;0;4;1;0;3;3;0;3;1;0;5;5;0;5;1;0;4;1;3;4;0.25;0.75;5;5;0;5;1;0;6;5;1;6;0.833333333;0.166666667;3;3;0;3;1;0;7;6;1;7;0.857142857;0.142857143;4;4;0;4;1;0;6;5;1;6;0.833333333;0.166666667;4;3;1;4;0.75;0.25;3;3;0;3;1;0;3;1;2;3;0.333333333;0.666666667;4;3;1;4;0.75;0.25;3;3;0;3;1;0;4;4;0;4;1;0;5;5;0;5;1;0;4;0;4;4;0;1;NULL;NULL;NULL;NULL;NULL;NULL;7;7;0;7;1;0;4;4;0;4;1;0;5;5;0;5;1;0;NULL;NULL;NULL;NULL;NULL;NULL;11;8;3;11;0.727272727;0.272727273;24;0;2;24;0;0.083333333;18;0;3;18;0;0.166666667;NULL;NULL;NULL;NULL;NULL;NULL;21;1;3;21;0.047619048;0.142857143;NULL;NULL;NULL;NULL;NULL;NULL;NULL;NULL;NULL;NULL;NULL;NULL;No
Female;Yes;No;11;6;6;0;6;1;0;9;9;0;9;1;0;8;8;0;8;1;0;4;4;0;4;1;0;5;5;0;5;1;0;7;3;4;7;0.428571429;0.571428571;8;8;0;8;1;0;4;4;0;4;1;0;3;3;0;3;1;0;5;5;0;5;1;0;4;4;0;4;1;0;1;1;0;1;1;0;4;3;1;4;0.75;0.25;8;8;0;8;1;0;3;3;0;3;1;0;6;6;0;6;1;0;3;3;0;3;1;0;2;2;0;2;1;0;4;2;2;4;0.5;0.5;3;3;0;3;1;0;NULL;NULL;NULL;NULL;NULL;NULL;3;3;0;3;1;0;7;7;0;7;1;0;7;7;0;7;1;0;NULL;NULL;NULL;NULL;NULL;NULL;7;7;0;7;1;0;32;3;0;32;0.09375;0;32;5;0;32;0.15625;0;NULL;NULL;NULL;NULL;NULL;NULL;21;2;2;21;0.095238095;0.095238095;NULL;NULL;NULL;NULL;NULL;NULL;NULL;NULL;NULL;NULL;NULL;NULL;No
Female;Yes;No;11;10;10;0;10;1;0;7;7;0;7;1;0;6;6;0;6;1;0;2;2;0;2;1;0;4;4;0;4;1;0;3;3;0;3;1;0;4;4;0;4;1;0;2;2;0;2;1;0;2;2;0;2;1;0;5;5;0;5;1;0;4;4;0;4;1;0;4;4;0;4;1;0;5;4;1;5;0.8;0.2;11;10;1;11;0.909090909;0.090909091;7;7;0;7;1;0;6;6;0;6;1;0;6;6;0;6;1;0;3;3;0;3;1;0;3;3;0;3;1;0;2;2;0;2;1;0;NULL;NULL;NULL;NULL;NULL;NULL;6;5;1;6;0.833333333;0.166666667;6;5;1;6;0.833333333;0.166666667;6;6;0;6;1;0;NULL;NULL;NULL;NULL;NULL;NULL;16;8;8;16;0.5;0.5;56;5;0;56;0.089285714;0;38;4;2;38;0.105263158;0.052631579;NULL;NULL;NULL;NULL;NULL;NULL;21;3;1;21;0.142857143;0.047619048;NULL;NULL;NULL;NULL;NULL;NULL;NULL;NULL;NULL;NULL;NULL;NULL;No
Female;Yes;No;11;8;8;0;8;1;0;8;8;0;8;1;0;7;7;0;7;1;0;3;3;0;3;1;0;2;2;0;2;1;0;4;4;0;4;1;0;1;0;1;1;0;1;5;5;0;5;1;0;3;3;0;3;1;0;9;9;0;9;1;0;4;3;1;4;0.75;0.25;4;4;0;4;1;0;4;4;0;4;1;0;8;8;0;8;1;0;4;4;0;4;1;0;4;4;0;4;1;0;7;7;0;7;1;0;2;2;0;2;1;0;5;3;2;5;0.6;0.4;3;2;1;3;0.666666667;0.333333333;NULL;NULL;NULL;NULL;NULL;NULL;6;5;1;6;0.833333333;0.166666667;8;6;2;8;0.75;0.25;5;5;0;5;1;0;NULL;NULL;NULL;NULL;NULL;NULL;11;7;4;11;0.636363636;0.363636364;50;3;1;50;0.06;0.02;32;4;1;32;125;0.03125;NULL;NULL;NULL;NULL;NULL;NULL;21;1;3;21;0.047619048;0.142857143;NULL;NULL;NULL;NULL;NULL;NULL;NULL;NULL;NULL;NULL;NULL;NULL;No
Male;Yes;No;11;8;8;0;8;1;0;7;7;0;7;1;0;6;6;0;6;1;0;4;3;1;4;0.75;0.25;4;4;0;4;1;0;5;5;0;5;1;0;8;8;0;8;1;0;5;5;0;5;1;0;4;4;0;4;1;0;9;9;0;9;1;0;4;4;0;4;1;0;4;2;2;4;0.5;0.5;5;4;1;5;0.8;0.2;8;8;0;8;1;0;4;4;0;4;1;0;4;4;0;4;1;0;5;5;0;5;1;0;6;6;0;6;1;0;3;2;1;3;0.666666667;0.333333333;3;1;2;3;0.333333333;0.666666667;NULL;NULL;NULL;NULL;NULL;NULL;5;3;2;5;0.6;0.4;5;5;0;5;1;0;5;4;1;5;0.8;0.2;NULL;NULL;NULL;NULL;NULL;NULL;8;4;4;8;0.5;0.5;60;1;4;60;0.016666667;0.066666667;34;3;2;34;0.088235294;0.058823529;NULL;NULL;NULL;NULL;NULL;NULL;21;0;4;21;0;0.19047619;NULL;NULL;NULL;NULL;NULL;NULL;NULL;NULL;NULL;NULL;NULL;NULL;No
Female;Yes;No;11;11;11;0;11;1;0;11;11;0;11;1;0;10;10;0;10;1;0;5;5;0;5;1;0;6;6;0;6;1;0;5;5;0;5;1;0;7;7;0;7;1;0;7;7;0;7;1;0;6;6;0;6;1;0;8;7;1;8;875;125;6;6;0;6;1;0;6;6;0;6;1;0;6;5;1;6;0.833333333;0.166666667;10;10;0;10;1;0;5;5;0;5;1;0;5;5;0;5;1;0;6;6;0;6;1;0;8;7;1;8;875;125;6;4;2;6;0.666666667;0.333333333;4;2;2;4;0.5;0.5;NULL;NULL;NULL;NULL;NULL;NULL;7;7;0;7;1;0;5;5;0;5;1;0;8;8;0;8;1;0;NULL;NULL;NULL;NULL;NULL;NULL;9;7;2;9;0.777777778;0.222222222;30;2;1;30;0.066666667;0.033333333;18;2;1;18;0.111111111;0.055555556;NULL;NULL;NULL;NULL;NULL;NULL;21;3;1;21;0.142857143;0.047619048;NULL;NULL;NULL;NULL;NULL;NULL;NULL;NULL;NULL;NULL;NULL;NULL;No
Male;No;No;11;9;9;0;9;1;0;8;8;0;8;1;0;7;7;0;7;1;0;2;2;0;2;1;0;8;8;0;8;1;0;5;5;0;5;1;0;5;5;0;5;1;0;5;5;0;5;1;0;2;2;0;2;1;0;7;7;0;7;1;0;6;6;0;6;1;0;5;5;0;5;1;0;6;6;0;6;1;0;9;9;0;9;1;0;4;4;0;4;1;0;8;8;0;8;1;0;7;7;0;7;1;0;3;0;3;3;0;1;3;3;0;3;1;0;1;0;1;1;0;1;NULL;NULL;NULL;NULL;NULL;NULL;5;4;1;5;0.8;0.2;1;1;0;1;1;0;6;6;0;6;1;0;NULL;NULL;NULL;NULL;NULL;NULL;12;9;3;12;0.75;0.25;10;0;1;10;0;0.1;24;3;0;24;125;0;NULL;NULL;NULL;NULL;NULL;NULL;21;3;1;21;0.142857143;0.047619048;NULL;NULL;NULL;NULL;NULL;NULL;NULL;NULL;NULL;NULL;NULL;NULL;No
Male;Yes;No;11;8;8;0;8;1;0;6;6;0;6;1;0;4;2;2;4;0.5;0.5;2;2;0;2;1;0;5;5;0;5;1;0;3;3;0;3;1;0;2;2;0;2;1;0;3;3;0;3;1;0;1;1;0;1;1;0;7;7;0;7;1;0;4;4;0;4;1;0;4;4;0;4;1;0;2;2;0;2;1;0;8;8;0;8;1;0;4;4;0;4;1;0;3;3;0;3;1;0;3;3;0;3;1;0;4;3;1;4;0.75;0.25;5;5;0;5;1;0;2;0;2;2;0;1;NULL;NULL;NULL;NULL;NULL;NULL;3;3;0;3;1;0;3;3;0;3;1;0;4;4;0;4;1;0;NULL;NULL;NULL;NULL;NULL;NULL;5;2;3;5;0.4;0.6;18;1;1;18;0.055555556;0.055555556;18;2;1;18;0.111111111;0.055555556;NULL;NULL;NULL;NULL;NULL;NULL;18;1;2;18;0.055555556;0.111111111;NULL;NULL;NULL;NULL;NULL;NULL;NULL;NULL;NULL;NULL;NULL;NULL;No
Male;Yes;No;11;9;9;0;9;1;0;8;8;0;8;1;0;6;6;0;6;1;0;9;0;9;9;0;1;3;1;2;3;0.333333333;0.666666667;4;3;1;4;0.75;0.25;4;4;0;4;1;0;8;8;0;8;1;0;6;6;0;6;1;0;7;7;0;7;1;0;6;6;0;6;1;0;6;5;1;6;0.833333333;0.166666667;6;3;3;6;0.5;0.5;8;8;0;8;1;0;6;6;0;6;1;0;7;7;0;7;1;0;7;7;0;7;1;0;2;0;2;2;0;1;6;4;2;6;0.666666667;0.333333333;3;2;1;3;0.666666667;0.333333333;NULL;NULL;NULL;NULL;NULL;NULL;6;4;2;6;0.666666667;0.333333333;7;6;1;7;0.857142857;0.142857143;4;4;0;4;1;0;NULL;NULL;NULL;NULL;NULL;NULL;8;4;4;8;0.5;0.5;40;3;1;40;75;25;32;5;0;32;0.15625;0;NULL;NULL;NULL;NULL;NULL;NULL;21;3;1;21;0.142857143;0.047619048;NULL;NULL;NULL;NULL;NULL;NULL;NULL;NULL;NULL;NULL;NULL;NULL;No
Male;Yes;No;11;8;8;0;8;1;0;8;8;0;8;1;0;7;7;0;7;1;0;1;1;0;1;1;0;6;6;0;6;1;0;5;5;0;5;1;0;5;5;0;5;1;0;4;4;0;4;1;0;2;0;2;2;0;1;6;6;0;6;1;0;4;4;0;4;1;0;3;3;0;3;1;0;4;3;1;4;0.75;0.25;9;9;0;9;1;0;4;4;0;4;1;0;4;4;0;4;1;0;4;4;0;4;1;0;3;3;0;3;1;0;3;0;3;3;0;1;2;1;1;2;0.5;0.5;NULL;NULL;NULL;NULL;NULL;NULL;3;2;1;3;0.666666667;0.333333333;6;5;1;6;0.833333333;0.166666667;3;3;0;3;1;0;NULL;NULL;NULL;NULL;NULL;NULL;8;5;3;8;625;375;42;3;1;42;0.071428571;0.023809524;26;3;1;26;0.115384615;0.038461538;NULL;NULL;NULL;NULL;NULL;NULL;21;1;3;21;0.047619048;0.142857143;NULL;NULL;NULL;NULL;NULL;NULL;NULL;NULL;NULL;NULL;NULL;NULL;No
Male;Yes;No;11;6;6;0;6;1;0;8;8;0;8;1;0;6;6;0;6;1;0;4;3;1;4;0.75;0.25;4;4;0;4;1;0;4;3;1;4;0.75;0.25;3;3;0;3;1;0;3;2;1;3;0.666666667;0.333333333;2;2;0;2;1;0;6;6;0;6;1;0;7;6;1;7;0.857142857;0.142857143;4;2;2;4;0.5;0.5;5;3;2;5;0.6;0.4;8;8;0;8;1;0;3;3;0;3;1;0;4;4;0;4;1;0;7;7;0;7;1;0;5;5;0;5;1;0;4;2;2;4;0.5;0.5;5;3;2;5;0.6;0.4;NULL;NULL;NULL;NULL;NULL;NULL;6;5;1;6;0.833333333;0.166666667;5;4;1;5;0.8;0.2;4;2;2;4;0.5;0.5;NULL;NULL;NULL;NULL;NULL;NULL;12;3;9;12;0.25;0.75;40;2;2;40;0.05;0.05;26;2;2;26;0.076923077;0.076923077;NULL;NULL;NULL;NULL;NULL;NULL;21;4;0;21;0.19047619;0;NULL;NULL;NULL;NULL;NULL;NULL;NULL;NULL;NULL;NULL;NULL;NULL;No
Female;Yes;No;11;6;6;0;6;1;0;6;6;0;6;1;0;7;7;0;7;1;0;5;5;0;5;1;0;2;0;2;2;0;1;3;3;0;3;1;0;6;6;0;6;1;0;8;8;0;8;1;0;3;3;0;3;1;0;7;7;0;7;1;0;6;5;1;6;0.833333333;0.166666667;3;3;0;3;1;0;6;5;1;6;0.833333333;0.166666667;7;7;0;7;1;0;5;5;0;5;1;0;5;5;0;5;1;0;3;3;0;3;1;0;2;1;1;2;0.5;0.5;4;4;0;4;1;0;3;0;3;3;0;1;NULL;NULL;NULL;NULL;NULL;NULL;6;5;1;6;0.833333333;0.166666667;5;4;1;5;0.8;0.2;5;5;0;5;1;0;NULL;NULL;NULL;NULL;NULL;NULL;3;1;2;3;0.333333333;0.666666667;26;2;0;26;0.076923077;0;18;2;1;18;0.111111111;0.055555556;NULL;NULL;NULL;NULL;NULL;NULL;21;3;1;21;0.142857143;0.047619048;NULL;NULL;NULL;NULL;NULL;NULL;NULL;NULL;NULL;NULL;NULL;NULL;No
Male;Yes;No;11;11;11;0;11;1;0;9;9;0;9;1;0;7;7;0;7;1;0;5;5;0;5;1;0;5;5;0;5;1;0;3;2;1;3;0.666666667;0.333333333;3;3;0;3;1;0;5;5;0;5;1;0;1;1;0;1;1;0;8;8;0;8;1;0;5;5;0;5;1;0;5;5;0;5;1;0;4;3;1;4;0.75;0.25;9;9;0;9;1;0;5;5;0;5;1;0;4;4;0;4;1;0;3;3;0;3;1;0;5;5;0;5;1;0;5;0;5;5;0;1;5;1;4;5;0.2;0.8;NULL;NULL;NULL;NULL;NULL;NULL;7;6;1;7;0.857142857;0.142857143;4;3;1;4;0.75;0.25;6;4;2;6;0.666666667;0.333333333;NULL;NULL;NULL;NULL;NULL;NULL;10;9;1;10;0.9;0.1;18;2;0;18;0.111111111;0;32;5;0;32;0.15625;0;NULL;NULL;NULL;NULL;NULL;NULL;21;3;1;21;0.142857143;0.047619048;NULL;NULL;NULL;NULL;NULL;NULL;NULL;NULL;NULL;NULL;NULL;NULL;No
Female;Yes;No;11;6;6;0;6;1;0;7;7;0;7;1;0;7;7;0;7;1;0;4;4;0;4;1;0;5;0;5;5;0;1;4;4;0;4;1;0;3;3;0;3;1;0;3;3;0;3;1;0;2;2;0;2;1;0;5;0;5;5;0;1;6;6;0;6;1;0;3;3;0;3;1;0;7;4;3;7;0.571428571;0.428571429;7;7;0;7;1;0;4;4;0;4;1;0;6;6;0;6;1;0;3;3;0;3;1;0;5;0;5;5;0;1;5;4;1;5;0.8;0.2;1;0;1;1;0;1;NULL;NULL;NULL;NULL;NULL;NULL;5;5;0;5;1;0;7;7;0;7;1;0;3;3;0;3;1;0;NULL;NULL;NULL;NULL;NULL;NULL;6;4;2;6;0.666666667;0.333333333;18;1;1;18;0.055555556;0.055555556;14;2;0;14;0.142857143;0;NULL;NULL;NULL;NULL;NULL;NULL;21;3;1;21;0.142857143;0.047619048;NULL;NULL;NULL;NULL;NULL;NULL;NULL;NULL;NULL;NULL;NULL;NULL;No
Male;Yes;No;11;9;9;0;9;1;0;9;9;0;9;1;0;7;7;0;7;1;0;5;5;0;5;1;0;5;5;0;5;1;0;5;5;0;5;1;0;7;7;0;7;1;0;6;6;0;6;1;0;4;4;0;4;1;0;7;7;0;7;1;0;7;6;1;7;0.857142857;0.142857143;4;4;0;4;1;0;6;5;1;6;0.833333333;0.166666667;7;7;0;7;1;0;5;5;0;5;1;0;5;5;0;5;1;0;6;5;1;6;0.833333333;0.166666667;5;5;0;5;1;0;3;2;1;3;0.666666667;0.333333333;5;1;4;5;0.2;0.8;NULL;NULL;NULL;NULL;NULL;NULL;6;6;0;6;1;0;6;3;3;6;0.5;0.5;6;5;1;6;0.833333333;0.166666667;NULL;NULL;NULL;NULL;NULL;NULL;12;9;3;12;0.75;0.25;54;4;1;54;0.074074074;0.018518519;40;2;4;40;0.05;0.1;NULL;NULL;NULL;NULL;NULL;NULL;21;3;1;21;0.142857143;0.047619048;NULL;NULL;NULL;NULL;NULL;NULL;NULL;NULL;NULL;NULL;NULL;NULL;No
Female;Yes;No;11;9;9;0;9;1;0;10;10;0;10;1;0;5;5;0;5;1;0;5;5;0;5;1;0;5;5;0;5;1;0;7;6;1;7;0.857142857;0.142857143;7;6;1;7;0.857142857;0.142857143;6;6;0;6;1;0;2;1;1;2;0.5;0.5;10;10;0;10;1;0;5;4;1;5;0.8;0.2;6;6;0;6;1;0;7;7;0;7;1;0;8;8;0;8;1;0;4;4;0;4;1;0;6;6;0;6;1;0;4;4;0;4;1;0;5;5;0;5;1;0;6;5;1;6;0.833333333;0.166666667;5;4;1;5;0.8;0.2;NULL;NULL;NULL;NULL;NULL;NULL;4;4;0;4;1;0;7;7;0;7;1;0;5;5;0;5;1;0;NULL;NULL;NULL;NULL;NULL;NULL;10;7;3;10;0.7;0.3;34;3;0;34;0.088235294;0;34;4;1;34;0.117647059;0.029411765;NULL;NULL;NULL;NULL;NULL;NULL;21;3;1;21;0.142857143;0.047619048;NULL;NULL;NULL;NULL;NULL;NULL;NULL;NULL;NULL;NULL;NULL;NULL;No
Female;Yes;No;11;8;8;0;8;1;0;6;6;0;6;1;0;8;8;0;8;1;0;3;3;0;3;1;0;7;6;1;7;0.857142857;0.142857143;7;4;3;7;0.571428571;0.428571429;7;7;0;7;1;0;3;3;0;3;1;0;3;3;0;3;1;0;8;8;0;8;1;0;5;5;0;5;1;0;3;1;2;3;0.333333333;0.666666667;5;5;0;5;1;0;8;8;0;8;1;0;1;1;0;1;1;0;6;6;0;6;1;0;5;5;0;5;1;0;5;5;0;5;1;0;3;2;1;3;0.666666667;0.333333333;2;2;0;2;1;0;NULL;NULL;NULL;NULL;NULL;NULL;5;5;0;5;1;0;3;3;0;3;1;0;5;5;0;5;1;0;NULL;NULL;NULL;NULL;NULL;NULL;4;3;1;4;0.75;0.25;48;3;1;48;0.0625;0.020833333;18;3;0;18;0.166666667;0;NULL;NULL;NULL;NULL;NULL;NULL;21;2;2;21;0.095238095;0.095238095;NULL;NULL;NULL;NULL;NULL;NULL;NULL;NULL;NULL;NULL;NULL;NULL;No
Female;Yes;No;11;11;11;0;11;1;0;7;7;0;7;1;0;6;6;0;6;1;0;3;3;0;3;1;0;8;8;0;8;1;0;4;0;4;4;0;1;5;5;0;5;1;0;4;3;1;4;0.75;0.25;3;3;0;3;1;0;1;0;1;1;0;1;4;3;1;4;0.75;0.25;6;5;1;6;0.833333333;0.166666667;6;2;4;6;0.333333333;0.666666667;9;9;0;9;1;0;1;1;0;1;1;0;5;4;1;5;0.8;0.2;5;5;0;5;1;0;3;1;2;3;0.333333333;0.666666667;4;2;2;4;0.5;0.5;5;1;4;5;0.2;0.8;NULL;NULL;NULL;NULL;NULL;NULL;6;2;4;6;0.333333333;0.666666667;7;6;1;7;0.857142857;0.142857143;5;5;0;5;1;0;NULL;NULL;NULL;NULL;NULL;NULL;13;11;2;13;0.846153846;0.153846154;18;2;0;18;0.111111111;0;22;3;0;22;0.136363636;0;NULL;NULL;NULL;NULL;NULL;NULL;21;2;2;21;0.095238095;0.095238095;NULL;NULL;NULL;NULL;NULL;NULL;NULL;NULL;NULL;NULL;NULL;NULL;No
Female;Yes;No;11;8;8;0;8;1;0;6;6;0;6;1;0;5;4;1;5;0.8;0.2;1;0;1;1;0;1;4;0;4;4;0;1;3;2;1;3;0.666666667;0.333333333;6;6;0;6;1;0;5;4;1;5;0.8;0.2;6;4;2;6;0.666666667;0.333333333;6;6;0;6;1;0;5;1;4;5;0.2;0.8;3;3;0;3;1;0;5;5;0;5;1;0;8;8;0;8;1;0;6;6;0;6;1;0;6;6;0;6;1;0;4;2;2;4;0.5;0.5;4;3;1;4;0.75;0.25;5;4;1;5;0.8;0.2;4;0;4;4;0;1;NULL;NULL;NULL;NULL;NULL;NULL;5;4;1;5;0.8;0.2;6;5;1;6;0.833333333;0.166666667;3;1;2;3;0.333333333;0.666666667;NULL;NULL;NULL;NULL;NULL;NULL;10;7;3;10;0.7;0.3;12;0;1;12;0;0.083333333;32;4;1;32;125;0.03125;NULL;NULL;NULL;NULL;NULL;NULL;21;2;2;21;0.095238095;0.095238095;NULL;NULL;NULL;NULL;NULL;NULL;NULL;NULL;NULL;NULL;NULL;NULL;No
Male;Yes;No;11;8;8;0;8;1;0;9;9;0;9;1;0;6;6;0;6;1;0;3;3;0;3;1;0;4;4;0;4;1;0;4;0;4;4;0;1;5;5;0;5;1;0;5;5;0;5;1;0;4;3;1;4;0.75;0.25;8;8;0;8;1;0;4;4;0;4;1;0;3;3;0;3;1;0;6;6;0;6;1;0;9;9;0;9;1;0;5;5;0;5;1;0;4;4;0;4;1;0;6;6;0;6;1;0;5;3;2;5;0.6;0.4;6;4;2;6;0.666666667;0.333333333;4;0;4;4;0;1;NULL;NULL;NULL;NULL;NULL;NULL;7;7;0;7;1;0;7;5;2;7;0.714285714;0.285714286;8;8;0;8;1;0;NULL;NULL;NULL;NULL;NULL;NULL;9;4;5;9;0.444444444;0.555555556;18;2;0;18;0.111111111;0;24;3;0;24;125;0;NULL;NULL;NULL;NULL;NULL;NULL;21;1;3;21;0.047619048;0.142857143;NULL;NULL;NULL;NULL;NULL;NULL;NULL;NULL;NULL;NULL;NULL;NULL;No
Male;Yes;No;11;7;7;0;7;1;0;11;11;0;11;1;0;9;8;1;9;0.888888889;0.111111111;3;3;0;3;1;0;8;8;0;8;1;0;8;6;2;8;0.75;0.25;6;6;0;6;1;0;7;7;0;7;1;0;4;2;2;4;0.5;0.5;10;10;0;10;1;0;6;5;1;6;0.833333333;0.166666667;6;3;3;6;0.5;0.5;7;6;1;7;0.857142857;0.142857143;9;9;0;9;1;0;4;4;0;4;1;0;4;4;0;4;1;0;3;2;1;3;0.666666667;0.333333333;3;2;1;3;0.666666667;0.333333333;6;5;1;6;0.833333333;0.166666667;5;4;1;5;0.8;0.2;NULL;NULL;NULL;NULL;NULL;NULL;6;5;1;6;0.833333333;0.166666667;6;6;0;6;1;0;4;4;0;4;1;0;NULL;NULL;NULL;NULL;NULL;NULL;14;13;1;14;0.928571429;0.071428571;42;2;2;42;0.047619048;0.047619048;32;4;1;32;125;0.03125;NULL;NULL;NULL;NULL;NULL;NULL;21;4;0;21;0.19047619;0;NULL;NULL;NULL;NULL;NULL;NULL;NULL;NULL;NULL;NULL;NULL;NULL;No
Female;Yes;No;11;6;6;0;6;1;0;9;9;0;9;1;0;6;6;0;6;1;0;2;2;0;2;1;0;4;4;0;4;1;0;6;5;1;6;0.833333333;0.166666667;5;4;1;5;0.8;0.2;1;1;0;1;1;0;3;3;0;3;1;0;5;4;1;5;0.8;0.2;2;2;0;2;1;0;6;6;0;6;1;0;3;1;2;3;0.333333333;0.666666667;6;6;0;6;1;0;4;4;0;4;1;0;2;2;0;2;1;0;4;4;0;4;1;0;5;0;5;5;0;1;6;3;3;6;0.5;0.5;3;0;3;3;0;1;NULL;NULL;NULL;NULL;NULL;NULL;6;6;0;6;1;0;7;4;3;7;0.571428571;0.428571429;4;3;1;4;0.75;0.25;NULL;NULL;NULL;NULL;NULL;NULL;7;7;0;7;1;0;18;1;1;18;0.055555556;0.055555556;26;3;1;26;0.115384615;0.038461538;NULL;NULL;NULL;NULL;NULL;NULL;21;0;4;21;0;0.19047619;NULL;NULL;NULL;NULL;NULL;NULL;NULL;NULL;NULL;NULL;NULL;NULL;No
Male;Yes;Yes;11;8;8;0;8;1;0;7;7;0;7;1;0;6;6;0;6;1;0;3;3;0;3;1;0;3;3;0;3;1;0;5;4;1;5;0.8;0.2;5;5;0;5;1;0;5;5;0;5;1;0;3;3;0;3;1;0;5;5;0;5;1;0;2;2;0;2;1;0;5;4;1;5;0.8;0.2;5;5;0;5;1;0;8;8;0;8;1;0;4;4;0;4;1;0;4;4;0;4;1;0;5;5;0;5;1;0;5;4;1;5;0.8;0.2;4;3;1;4;0.75;0.25;1;0;1;1;0;1;NULL;NULL;NULL;NULL;NULL;NULL;6;4;2;6;0.666666667;0.333333333;6;5;1;6;0.833333333;0.166666667;4;3;1;4;0.75;0.25;NULL;NULL;NULL;NULL;NULL;NULL;9;6;3;9;0.666666667;0.333333333;46;3;1;46;0.065217391;0.02173913;22;2;1;22;0.090909091;0.045454545;NULL;NULL;NULL;NULL;NULL;NULL;21;3;1;21;0.142857143;0.047619048;NULL;NULL;NULL;NULL;NULL;NULL;NULL;NULL;NULL;NULL;NULL;NULL;No
Female;Yes;No;11;9;9;0;9;1;0;6;6;0;6;1;0;5;5;0;5;1;0;3;3;0;3;1;0;6;6;0;6;1;0;3;3;0;3;1;0;4;4;0;4;1;0;6;6;0;6;1;0;6;6;0;6;1;0;8;8;0;8;1;0;4;4;0;4;1;0;3;3;0;3;1;0;6;6;0;6;1;0;8;8;0;8;1;0;4;4;0;4;1;0;6;6;0;6;1;0;7;7;0;7;1;0;3;3;0;3;1;0;3;2;1;3;0.666666667;0.333333333;5;2;3;5;0.4;0.6;NULL;NULL;NULL;NULL;NULL;NULL;8;6;2;8;0.75;0.25;5;4;1;5;0.8;0.2;4;4;0;4;1;0;NULL;NULL;NULL;NULL;NULL;NULL;9;6;3;9;0.666666667;0.333333333;38;1;2;38;0.026315789;0.052631579;28;1;3;28;0.035714286;0.107142857;NULL;NULL;NULL;NULL;NULL;NULL;21;2;2;21;0.095238095;0.095238095;NULL;NULL;NULL;NULL;NULL;NULL;NULL;NULL;NULL;NULL;NULL;NULL;No
Female;Yes;No;11;5;5;0;5;1;0;6;6;0;6;1;0;6;6;0;6;1;0;4;4;0;4;1;0;4;4;0;4;1;0;3;3;0;3;1;0;6;6;0;6;1;0;2;2;0;2;1;0;2;2;0;2;1;0;5;0;5;5;0;1;4;3;1;4;0.75;0.25;4;1;3;4;0.25;0.75;5;5;0;5;1;0;7;7;0;7;1;0;3;3;0;3;1;0;6;6;0;6;1;0;4;4;0;4;1;0;5;4;1;5;0.8;0.2;5;4;1;5;0.8;0.2;2;1;1;2;0.5;0.5;NULL;NULL;NULL;NULL;NULL;NULL;6;6;0;6;1;0;7;6;1;7;0.857142857;0.142857143;4;3;1;4;0.75;0.25;NULL;NULL;NULL;NULL;NULL;NULL;9;5;4;9;0.555555556;0.444444444;30;3;0;30;0.1;0;32;5;0;32;0.15625;0;NULL;NULL;NULL;NULL;NULL;NULL;21;1;3;21;0.047619048;0.142857143;NULL;NULL;NULL;NULL;NULL;NULL;NULL;NULL;NULL;NULL;NULL;NULL;No
Female;Yes;No;11;8;8;0;8;1;0;9;9;0;9;1;0;8;8;0;8;1;0;4;4;0;4;1;0;5;5;0;5;1;0;3;2;1;3;0.666666667;0.333333333;7;7;0;7;1;0;3;3;0;3;1;0;3;3;0;3;1;0;8;7;1;8;875;125;2;2;0;2;1;0;8;8;0;8;1;0;6;2;4;6;0.333333333;0.666666667;7;7;0;7;1;0;2;2;0;2;1;0;4;4;0;4;1;0;7;7;0;7;1;0;3;3;0;3;1;0;4;4;0;4;1;0;3;1;2;3;0.333333333;0.666666667;NULL;NULL;NULL;NULL;NULL;NULL;3;2;1;3;0.666666667;0.333333333;2;2;0;2;1;0;2;2;0;2;1;0;NULL;NULL;NULL;NULL;NULL;NULL;7;6;1;7;0.857142857;0.142857143;20;2;0;20;0.1;0;12;2;0;12;0.166666667;0;NULL;NULL;NULL;NULL;NULL;NULL;21;2;2;21;0.095238095;0.095238095;NULL;NULL;NULL;NULL;NULL;NULL;NULL;NULL;NULL;NULL;NULL;NULL;No
Male;Yes;Yes;11;10;10;0;10;1;0;9;9;0;9;1;0;5;5;0;5;1;0;6;0;6;6;0;1;5;5;0;5;1;0;4;1;3;4;0.25;0.75;4;4;0;4;1;0;6;5;1;6;0.833333333;0.166666667;3;3;0;3;1;0;8;5;3;8;625;375;5;5;0;5;1;0;4;4;0;4;1;0;6;4;2;6;0.666666667;0.333333333;9;9;0;9;1;0;6;6;0;6;1;0;5;4;1;5;0.8;0.2;6;6;0;6;1;0;8;2;6;8;0.25;0.75;4;3;1;4;0.75;0.25;3;0;3;3;0;1;NULL;NULL;NULL;NULL;NULL;NULL;4;4;0;4;1;0;7;6;1;7;0.857142857;0.142857143;6;6;0;6;1;0;NULL;NULL;NULL;NULL;NULL;NULL;9;7;2;9;0.777777778;0.222222222;32;2;1;32;0.0625;0.03125;26;3;1;26;0.115384615;0.038461538;NULL;NULL;NULL;NULL;NULL;NULL;21;2;2;21;0.095238095;0.095238095;NULL;NULL;NULL;NULL;NULL;NULL;NULL;NULL;NULL;NULL;NULL;NULL;No
Female;Yes;No;11;6;6;0;6;1;0;8;7;1;8;875;125;5;5;0;5;1;0;3;3;0;3;1;0;5;5;0;5;1;0;2;0;2;2;0;1;4;4;0;4;1;0;4;4;0;4;1;0;2;2;0;2;1;0;4;4;0;4;1;0;4;4;0;4;1;0;3;3;0;3;1;0;6;6;0;6;1;0;8;8;0;8;1;0;5;5;0;5;1;0;4;4;0;4;1;0;6;6;0;6;1;0;4;4;0;4;1;0;7;5;2;7;0.714285714;0.285714286;4;4;0;4;1;0;NULL;NULL;NULL;NULL;NULL;NULL;6;4;2;6;0.666666667;0.333333333;5;4;1;5;0.8;0.2;4;4;0;4;1;0;NULL;NULL;NULL;NULL;NULL;NULL;9;7;2;9;0.777777778;0.222222222;40;4;0;40;0.1;0;18;2;1;18;0.111111111;0.055555556;NULL;NULL;NULL;NULL;NULL;NULL;21;2;2;21;0.095238095;0.095238095;NULL;NULL;NULL;NULL;NULL;NULL;NULL;NULL;NULL;NULL;NULL;NULL;No
Female;Yes;No;11;6;6;0;6;1;0;6;6;0;6;1;0;6;6;0;6;1;0;5;5;0;5;1;0;3;1;2;3;0.333333333;0.666666667;2;2;0;2;1;0;4;4;0;4;1;0;3;3;0;3;1;0;4;4;0;4;1;0;4;4;0;4;1;0;3;3;0;3;1;0;4;1;3;4;0.25;0.75;3;3;0;3;1;0;8;8;0;8;1;0;5;5;0;5;1;0;4;4;0;4;1;0;5;5;0;5;1;0;2;2;0;2;1;0;3;3;0;3;1;0;3;1;2;3;0.333333333;0.666666667;NULL;NULL;NULL;NULL;NULL;NULL;4;4;0;4;1;0;9;9;0;9;1;0;4;4;0;4;1;0;NULL;NULL;NULL;NULL;NULL;NULL;10;9;1;10;0.9;0.1;10;0;1;10;0;0.1;26;3;0;26;0.115384615;0;NULL;NULL;NULL;NULL;NULL;NULL;21;3;1;21;0.142857143;0.047619048;NULL;NULL;NULL;NULL;NULL;NULL;NULL;NULL;NULL;NULL;NULL;NULL;No
Female;Yes;No;11;7;7;0;7;1;0;7;7;0;7;1;0;5;5;0;5;1;0;5;5;0;5;1;0;1;1;0;1;1;0;3;3;0;3;1;0;7;7;0;7;1;0;6;6;0;6;1;0;4;4;0;4;1;0;8;8;0;8;1;0;6;4;2;6;0.666666667;0.333333333;5;5;0;5;1;0;6;4;2;6;0.666666667;0.333333333;8;8;0;8;1;0;4;4;0;4;1;0;6;6;0;6;1;0;4;4;0;4;1;0;5;4;1;5;0.8;0.2;9;0;9;9;0;1;4;1;3;4;0.25;0.75;NULL;NULL;NULL;NULL;NULL;NULL;6;4;2;6;0.666666667;0.333333333;6;2;4;6;0.333333333;0.666666667;5;5;0;5;1;0;NULL;NULL;NULL;NULL;NULL;NULL;8;3;5;8;375;625;24;1;1;24;0.041666667;0.041666667;32;4;1;32;125;0.03125;NULL;NULL;NULL;NULL;NULL;NULL;21;3;1;21;0.142857143;0.047619048;NULL;NULL;NULL;NULL;NULL;NULL;NULL;NULL;NULL;NULL;NULL;NULL;No
Male;Yes;No;11;10;10;0;10;1;0;10;9;1;10;0.9;0.1;8;8;0;8;1;0;4;4;0;4;1;0;3;3;0;3;1;0;6;5;1;6;0.833333333;0.166666667;4;4;0;4;1;0;7;7;0;7;1;0;3;3;0;3;1;0;8;8;0;8;1;0;4;4;0;4;1;0;3;2;1;3;0.666666667;0.333333333;6;5;1;6;0.833333333;0.166666667;9;9;0;9;1;0;7;7;0;7;1;0;7;7;0;7;1;0;7;7;0;7;1;0;7;7;0;7;1;0;6;5;1;6;0.833333333;0.166666667;5;1;4;5;0.2;0.8;NULL;NULL;NULL;NULL;NULL;NULL;7;6;1;7;0.857142857;0.142857143;6;5;1;6;0.833333333;0.166666667;7;7;0;7;1;0;NULL;NULL;NULL;NULL;NULL;NULL;10;5;5;10;0.5;0.5;36;2;1;36;0.055555556;0.027777778;18;2;1;18;0.111111111;0.055555556;NULL;NULL;NULL;NULL;NULL;NULL;21;4;0;21;0.19047619;0;NULL;NULL;NULL;NULL;NULL;NULL;NULL;NULL;NULL;NULL;NULL;NULL;No
Male;Yes;No;11;9;9;0;9;1;0;8;8;0;8;1;0;7;7;0;7;1;0;3;3;0;3;1;0;5;5;0;5;1;0;4;4;0;4;1;0;5;5;0;5;1;0;6;6;0;6;1;0;3;2;1;3;0.666666667;0.333333333;7;7;0;7;1;0;5;5;0;5;1;0;4;4;0;4;1;0;4;4;0;4;1;0;8;8;0;8;1;0;6;6;0;6;1;0;7;7;0;7;1;0;5;5;0;5;1;0;4;3;1;4;0.75;0.25;4;3;1;4;0.75;0.25;2;1;1;2;0.5;0.5;NULL;NULL;NULL;NULL;NULL;NULL;5;4;1;5;0.8;0.2;6;5;1;6;0.833333333;0.166666667;6;6;0;6;1;0;NULL;NULL;NULL;NULL;NULL;NULL;7;5;2;7;0.714285714;0.285714286;18;2;0;18;0.111111111;0;12;2;0;12;0.166666667;0;NULL;NULL;NULL;NULL;NULL;NULL;21;3;1;21;0.142857143;0.047619048;NULL;NULL;NULL;NULL;NULL;NULL;NULL;NULL;NULL;NULL;NULL;NULL;No
Male;Yes;No;11;13;12;1;13;0.923076923;0.076923077;10;10;0;10;1;0;5;5;0;5;1;0;3;3;0;3;1;0;4;4;0;4;1;0;4;2;2;4;0.5;0.5;4;4;0;4;1;0;4;4;0;4;1;0;1;0;1;1;0;1;4;2;2;4;0.5;0.5;6;5;1;6;0.833333333;0.166666667;4;3;1;4;0.75;0.25;5;2;3;5;0.4;0.6;9;9;0;9;1;0;7;7;0;7;1;0;7;7;0;7;1;0;5;4;1;5;0.8;0.2;5;0;5;5;0;1;2;1;1;2;0.5;0.5;6;3;3;6;0.5;0.5;NULL;NULL;NULL;NULL;NULL;NULL;4;4;0;4;1;0;8;6;2;8;0.75;0.25;6;5;1;6;0.833333333;0.166666667;NULL;NULL;NULL;NULL;NULL;NULL;8;7;1;8;875;125;40;2;2;40;0.05;0.05;18;3;0;18;0.166666667;0;NULL;NULL;NULL;NULL;NULL;NULL;21;2;2;21;0.095238095;0.095238095;NULL;NULL;NULL;NULL;NULL;NULL;NULL;NULL;NULL;NULL;NULL;NULL;No
Male;Yes;Yes;11;10;10;0;10;1;0;8;8;0;8;1;0;6;6;0;6;1;0;3;3;0;3;1;0;8;8;0;8;1;0;3;2;1;3;0.666666667;0.333333333;4;4;0;4;1;0;3;2;1;3;0.666666667;0.333333333;3;2;1;3;0.666666667;0.333333333;7;7;0;7;1;0;3;2;1;3;0.666666667;0.333333333;4;4;0;4;1;0;5;4;1;5;0.8;0.2;9;9;0;9;1;0;6;6;0;6;1;0;6;6;0;6;1;0;3;3;0;3;1;0;4;2;2;4;0.5;0.5;2;2;0;2;1;0;2;2;0;2;1;0;NULL;NULL;NULL;NULL;NULL;NULL;4;2;2;4;0.5;0.5;6;5;1;6;0.833333333;0.166666667;4;2;2;4;0.5;0.5;NULL;NULL;NULL;NULL;NULL;NULL;5;2;3;5;0.4;0.6;30;2;1;30;0.066666667;0.033333333;16;1;1;16;0.0625;0.0625;NULL;NULL;NULL;NULL;NULL;NULL;21;3;1;21;0.142857143;0.047619048;NULL;NULL;NULL;NULL;NULL;NULL;NULL;NULL;NULL;NULL;NULL;NULL;No
Male;Yes;No;11;10;10;0;10;1;0;8;7;1;8;875;125;6;6;0;6;1;0;2;2;0;2;1;0;3;0;3;3;0;1;5;5;0;5;1;0;6;6;0;6;1;0;7;5;2;7;0.714285714;0.285714286;1;1;0;1;1;0;9;9;0;9;1;0;3;3;0;3;1;0;6;5;1;6;0.833333333;0.166666667;6;4;2;6;0.666666667;0.333333333;9;9;0;9;1;0;5;5;0;5;1;0;2;2;0;2;1;0;4;4;0;4;1;0;3;2;1;3;0.666666667;0.333333333;3;1;2;3;0.333333333;0.666666667;4;2;2;4;0.5;0.5;NULL;NULL;NULL;NULL;NULL;NULL;3;3;0;3;1;0;5;5;0;5;1;0;5;5;0;5;1;0;NULL;NULL;NULL;NULL;NULL;NULL;8;7;1;8;875;125;40;4;0;40;0.1;0;18;3;0;18;0.166666667;0;NULL;NULL;NULL;NULL;NULL;NULL;21;2;2;21;0.095238095;0.095238095;NULL;NULL;NULL;NULL;NULL;NULL;NULL;NULL;NULL;NULL;NULL;NULL;No
Male;Yes;No;11;12;12;0;12;1;0;12;12;0;12;1;0;7;7;0;7;1;0;4;4;0;4;1;0;9;9;0;9;1;0;4;3;1;4;0.75;0.25;5;4;1;5;0.8;0.2;3;3;0;3;1;0;4;3;1;4;0.75;0.25;7;6;1;7;0.857142857;0.142857143;4;3;1;4;0.75;0.25;6;0;6;6;0;1;1;0;1;1;0;1;11;11;0;11;1;0;5;5;0;5;1;0;5;5;0;5;1;0;3;3;0;3;1;0;5;3;2;5;0.6;0.4;5;2;3;5;0.4;0.6;4;0;4;4;0;1;NULL;NULL;NULL;NULL;NULL;NULL;10;9;1;10;0.9;0.1;5;5;0;5;1;0;7;4;3;7;0.571428571;0.428571429;NULL;NULL;NULL;NULL;NULL;NULL;8;4;4;8;0.5;0.5;28;1;1;28;0.035714286;0.035714286;32;3;1;32;0.09375;0.03125;NULL;NULL;NULL;NULL;NULL;NULL;21;2;2;21;0.095238095;0.095238095;NULL;NULL;NULL;NULL;NULL;NULL;NULL;NULL;NULL;NULL;NULL;NULL;No
Male;Yes;Yes;11;10;10;0;10;1;0;7;7;0;7;1;0;1;0;1;1;0;1;6;6;0;6;1;0;5;4;1;5;0.8;0.2;4;4;0;4;1;0;6;6;0;6;1;0;8;6;2;8;0.75;0.25;3;3;0;3;1;0;6;6;0;6;1;0;6;5;1;6;0.833333333;0.166666667;3;1;2;3;0.333333333;0.666666667;7;6;1;7;0.857142857;0.142857143;9;9;0;9;1;0;4;4;0;4;1;0;7;7;0;7;1;0;6;6;0;6;1;0;5;5;0;5;1;0;4;0;4;4;0;1;9;0;9;9;0;1;NULL;NULL;NULL;NULL;NULL;NULL;6;6;0;6;1;0;8;6;2;8;0.75;0.25;7;6;1;7;0.857142857;0.142857143;NULL;NULL;NULL;NULL;NULL;NULL;15;6;9;15;0.4;0.6;34;1;2;34;0.029411765;0.058823529;54;0;7;54;0;0.12962963;NULL;NULL;NULL;NULL;NULL;NULL;21;0;4;21;0;0.19047619;NULL;NULL;NULL;NULL;NULL;NULL;NULL;NULL;NULL;NULL;NULL;NULL;No
Female;Yes;No;11;9;9;0;9;1;0;6;6;0;6;1;0;5;5;0;5;1;0;3;3;0;3;1;0;6;6;0;6;1;0;7;6;1;7;0.857142857;0.142857143;5;5;0;5;1;0;5;4;1;5;0.8;0.2;3;2;1;3;0.666666667;0.333333333;4;4;0;4;1;0;4;3;1;4;0.75;0.25;4;3;1;4;0.75;0.25;5;5;0;5;1;0;7;7;0;7;1;0;6;6;0;6;1;0;5;4;1;5;0.8;0.2;5;5;0;5;1;0;3;3;0;3;1;0;4;2;2;4;0.5;0.5;3;1;2;3;0.333333333;0.666666667;NULL;NULL;NULL;NULL;NULL;NULL;4;2;2;4;0.5;0.5;5;4;1;5;0.8;0.2;5;5;0;5;1;0;NULL;NULL;NULL;NULL;NULL;NULL;8;5;3;8;625;375;38;3;0;38;0.078947368;0;18;2;1;18;0.111111111;0.055555556;NULL;NULL;NULL;NULL;NULL;NULL;21;2;2;21;0.095238095;0.095238095;NULL;NULL;NULL;NULL;NULL;NULL;NULL;NULL;NULL;NULL;NULL;NULL;No
Male;Yes;No;11;11;11;0;11;1;0;8;7;1;8;875;125;7;7;0;7;1;0;6;6;0;6;1;0;5;4;1;5;0.8;0.2;5;5;0;5;1;0;7;7;0;7;1;0;4;4;0;4;1;0;4;3;1;4;0.75;0.25;8;8;0;8;1;0;5;3;2;5;0.6;0.4;4;4;0;4;1;0;7;7;0;7;1;0;9;9;0;9;1;0;6;6;0;6;1;0;6;6;0;6;1;0;5;5;0;5;1;0;4;4;0;4;1;0;4;3;1;4;0.75;0.25;4;1;3;4;0.25;0.75;NULL;NULL;NULL;NULL;NULL;NULL;5;5;0;5;1;0;7;6;1;7;0.857142857;0.142857143;6;6;0;6;1;0;NULL;NULL;NULL;NULL;NULL;NULL;7;5;2;7;0.714285714;0.285714286;52;3;2;52;0.057692308;0.038461538;26;2;2;26;0.076923077;0.076923077;NULL;NULL;NULL;NULL;NULL;NULL;21;2;2;21;0.095238095;0.095238095;NULL;NULL;NULL;NULL;NULL;NULL;NULL;NULL;NULL;NULL;NULL;NULL;No
Male;Yes;Yes;11;13;9;4;13;0.692307692;0.307692308;10;10;0;10;1;0;6;5;1;6;0.833333333;0.166666667;4;1;3;4;0.25;0.75;5;5;0;5;1;0;2;0;2;2;0;1;0;0;0;0;0;0;5;4;1;5;0.8;0.2;5;4;1;5;0.8;0.2;4;2;2;4;0.5;0.5;6;5;1;6;0.833333333;0.166666667;6;4;2;6;0.666666667;0.333333333;6;6;0;6;1;0;9;9;0;9;1;0;6;6;0;6;1;0;5;4;1;5;0.8;0.2;4;4;0;4;1;0;6;2;4;6;0.333333333;0.666666667;6;3;3;6;0.5;0.5;5;1;4;5;0.2;0.8;NULL;NULL;NULL;NULL;NULL;NULL;2;2;0;2;1;0;6;5;1;6;0.833333333;0.166666667;4;4;0;4;1;0;NULL;NULL;NULL;NULL;NULL;NULL;7;5;2;7;0.714285714;0.285714286;30;1;2;30;0.033333333;0.066666667;18;0;3;18;0;0.166666667;NULL;NULL;NULL;NULL;NULL;NULL;21;0;4;21;0;0.19047619;NULL;NULL;NULL;NULL;NULL;NULL;NULL;NULL;NULL;NULL;NULL;NULL;No
Female;Yes;No;11;4;2;2;4;0.5;0.5;9;9;0;9;1;0;6;6;0;6;1;0;5;5;0;5;1;0;3;0;3;3;0;1;5;5;0;5;1;0;6;6;0;6;1;0;4;4;0;4;1;0;3;2;1;3;0.666666667;0.333333333;5;2;3;5;0.4;0.6;4;4;0;4;1;0;6;6;0;6;1;0;5;4;1;5;0.8;0.2;10;10;0;10;1;0;7;7;0;7;1;0;7;7;0;7;1;0;6;4;2;6;0.666666667;0.333333333;4;3;1;4;0.75;0.25;6;4;2;6;0.666666667;0.333333333;4;2;2;4;0.5;0.5;NULL;NULL;NULL;NULL;NULL;NULL;4;2;2;4;0.5;0.5;8;8;0;8;1;0;5;4;1;5;0.8;0.2;NULL;NULL;NULL;NULL;NULL;NULL;6;5;1;6;0.833333333;0.166666667;0;0;0;0;0;0;18;3;0;18;0.166666667;0;NULL;NULL;NULL;NULL;NULL;NULL;21;3;1;21;0.142857143;0.047619048;NULL;NULL;NULL;NULL;NULL;NULL;NULL;NULL;NULL;NULL;NULL;NULL;No
Male;Yes;No;11;12;12;0;12;1;0;9;9;0;9;1;0;9;8;1;9;0.888888889;0.111111111;2;2;0;2;1;0;5;5;0;5;1;0;4;3;1;4;0.75;0.25;1;1;0;1;1;0;5;5;0;5;1;0;3;3;0;3;1;0;6;6;0;6;1;0;5;5;0;5;1;0;4;4;0;4;1;0;5;3;2;5;0.6;0.4;9;8;1;9;0.888888889;0.111111111;3;3;0;3;1;0;6;6;0;6;1;0;6;5;1;6;0.833333333;0.166666667;6;4;2;6;0.666666667;0.333333333;5;5;0;5;1;0;6;1;5;6;0.166666667;0.833333333;NULL;NULL;NULL;NULL;NULL;NULL;7;6;1;7;0.857142857;0.142857143;5;5;0;5;1;0;5;5;0;5;1;0;NULL;NULL;NULL;NULL;NULL;NULL;9;4;5;9;0.444444444;0.555555556;40;4;0;40;0.1;0;18;2;1;18;0.111111111;0.055555556;NULL;NULL;NULL;NULL;NULL;NULL;15;1;2;15;0.066666667;0.133333333;NULL;NULL;NULL;NULL;NULL;NULL;NULL;NULL;NULL;NULL;NULL;NULL;No
Male;Yes;No;11;12;12;0;12;1;0;12;12;0;12;1;0;7;6;1;7;0.857142857;0.142857143;3;2;1;3;0.666666667;0.333333333;5;5;0;5;1;0;7;7;0;7;1;0;8;8;0;8;1;0;6;6;0;6;1;0;4;2;2;4;0.5;0.5;9;9;0;9;1;0;6;5;1;6;0.833333333;0.166666667;6;6;0;6;1;0;6;6;0;6;1;0;7;7;0;7;1;0;5;5;0;5;1;0;6;6;0;6;1;0;5;4;1;5;0.8;0.2;6;5;1;6;0.833333333;0.166666667;7;5;2;7;0.714285714;0.285714286;5;4;1;5;0.8;0.2;NULL;NULL;NULL;NULL;NULL;NULL;10;10;0;10;1;0;8;7;1;8;875;125;6;6;0;6;1;0;NULL;NULL;NULL;NULL;NULL;NULL;10;9;1;10;0.9;0.1;62;5;1;62;0.080645161;0.016129032;58;3;5;58;0.051724138;0.086206897;NULL;NULL;NULL;NULL;NULL;NULL;21;3;1;21;0.142857143;0.047619048;NULL;NULL;NULL;NULL;NULL;NULL;NULL;NULL;NULL;NULL;NULL;NULL;No
Male;Yes;No;11;0;0;0;0;0;0;7;7;0;7;1;0;7;7;0;7;1;0;4;4;0;4;1;0;6;6;0;6;1;0;5;4;1;5;0.8;0.2;6;6;0;6;1;0;4;4;0;4;1;0;2;1;1;2;0.5;0.5;4;1;3;4;0.25;0.75;3;3;0;3;1;0;6;5;1;6;0.833333333;0.166666667;4;4;0;4;1;0;7;7;0;7;1;0;0;0;0;0;0;0;4;4;0;4;1;0;2;2;0;2;1;0;4;4;0;4;1;0;4;4;0;4;1;0;5;2;3;5;0.4;0.6;NULL;NULL;NULL;NULL;NULL;NULL;6;2;4;6;0.333333333;0.666666667;7;5;2;7;0.714285714;0.285714286;6;6;0;6;1;0;NULL;NULL;NULL;NULL;NULL;NULL;7;4;3;7;0.571428571;0.428571429;40;4;0;40;0.1;0;18;3;0;18;0.166666667;0;NULL;NULL;NULL;NULL;NULL;NULL;21;4;0;21;0.19047619;0;NULL;NULL;NULL;NULL;NULL;NULL;NULL;NULL;NULL;NULL;NULL;NULL;No
Female;Yes;No;11;7;7;0;7;1;0;10;10;0;10;1;0;9;9;0;9;1;0;7;7;0;7;1;0;6;6;0;6;1;0;7;5;2;7;0.714285714;0.285714286;1;1;0;1;1;0;3;3;0;3;1;0;4;4;0;4;1;0;7;7;0;7;1;0;5;4;1;5;0.8;0.2;4;4;0;4;1;0;4;4;0;4;1;0;8;8;0;8;1;0;6;6;0;6;1;0;5;5;0;5;1;0;6;6;0;6;1;0;4;1;3;4;0.25;0.75;2;2;0;2;1;0;3;3;0;3;1;0;NULL;NULL;NULL;NULL;NULL;NULL;5;4;1;5;0.8;0.2;3;3;0;3;1;0;4;4;0;4;1;0;NULL;NULL;NULL;NULL;NULL;NULL;6;4;2;6;0.666666667;0.333333333;0;0;0;0;0;0;12;2;0;12;0.166666667;0;NULL;NULL;NULL;NULL;NULL;NULL;21;2;2;21;0.095238095;0.095238095;NULL;NULL;NULL;NULL;NULL;NULL;NULL;NULL;NULL;NULL;NULL;NULL;No
Male;Yes;No;11;10;10;0;10;1;0;9;9;0;9;1;0;6;6;0;6;1;0;2;1;1;2;0.5;0.5;7;7;0;7;1;0;4;3;1;4;0.75;0.25;6;6;0;6;1;0;2;0;2;2;0;1;3;3;0;3;1;0;5;5;0;5;1;0;3;3;0;3;1;0;5;4;1;5;0.8;0.2;5;3;2;5;0.6;0.4;8;8;0;8;1;0;6;5;1;6;0.833333333;0.166666667;5;5;0;5;1;0;3;3;0;3;1;0;3;2;1;3;0.666666667;0.333333333;4;3;1;4;0.75;0.25;4;0;4;4;0;1;NULL;NULL;NULL;NULL;NULL;NULL;7;7;0;7;1;0;7;3;4;7;0.428571429;0.571428571;4;3;1;4;0.75;0.25;NULL;NULL;NULL;NULL;NULL;NULL;5;3;2;5;0.6;0.4;32;2;1;32;0.0625;0.03125;38;4;2;38;0.105263158;0.052631579;NULL;NULL;NULL;NULL;NULL;NULL;22;2;2;22;0.090909091;0.090909091;NULL;NULL;NULL;NULL;NULL;NULL;NULL;NULL;NULL;NULL;NULL;NULL;No
Male;Yes;No;11;11;11;0;11;1;0;10;10;0;10;1;0;8;8;0;8;1;0;1;1;0;1;1;0;8;8;0;8;1;0;6;6;0;6;1;0;6;6;0;6;1;0;5;3;2;5;0.6;0.4;3;3;0;3;1;0;7;7;0;7;1;0;4;4;0;4;1;0;3;3;0;3;1;0;5;4;1;5;0.8;0.2;11;11;0;11;1;0;6;6;0;6;1;0;6;6;0;6;1;0;6;6;0;6;1;0;4;4;0;4;1;0;6;4;2;6;0.666666667;0.333333333;6;1;5;6;0.166666667;0.833333333;NULL;NULL;NULL;NULL;NULL;NULL;9;8;1;9;0.888888889;0.111111111;5;2;3;5;0.4;0.6;0;0;0;0;0;0;NULL;NULL;NULL;NULL;NULL;NULL;12;9;3;12;0.75;0.25;34;0;3;34;0;0.088235294;38;3;3;38;0.078947368;0.078947368;NULL;NULL;NULL;NULL;NULL;NULL;21;1;3;21;0.047619048;0.142857143;NULL;NULL;NULL;NULL;NULL;NULL;NULL;NULL;NULL;NULL;NULL;NULL;No
Female;Yes;No;11;12;12;0;12;1;0;12;12;0;12;1;0;7;7;0;7;1;0;4;3;1;4;0.75;0.25;4;1;3;4;0.25;0.75;3;3;0;3;1;0;7;7;0;7;1;0;6;6;0;6;1;0;4;3;1;4;0.75;0.25;7;7;0;7;1;0;7;6;1;7;0.857142857;0.142857143;5;5;0;5;1;0;5;3;2;5;0.6;0.4;9;9;0;9;1;0;6;6;0;6;1;0;4;4;0;4;1;0;6;6;0;6;1;0;6;4;2;6;0.666666667;0.333333333;3;0;3;3;0;1;2;1;1;2;0.5;0.5;NULL;NULL;NULL;NULL;NULL;NULL;5;4;1;5;0.8;0.2;5;5;0;5;1;0;6;6;0;6;1;0;NULL;NULL;NULL;NULL;NULL;NULL;7;5;2;7;0.714285714;0.285714286;30;2;1;30;0.066666667;0.033333333;26;3;1;26;0.115384615;0.038461538;NULL;NULL;NULL;NULL;NULL;NULL;21;1;3;21;0.047619048;0.142857143;NULL;NULL;NULL;NULL;NULL;NULL;NULL;NULL;NULL;NULL;NULL;NULL;No
Female;Yes;No;11;12;12;0;12;1;0;10;10;0;10;1;0;8;8;0;8;1;0;3;3;0;3;1;0;2;0;2;2;0;1;1;1;0;1;1;0;5;5;0;5;1;0;7;6;1;7;0.857142857;0.142857143;4;4;0;4;1;0;7;6;1;7;0.857142857;0.142857143;6;5;1;6;0.833333333;0.166666667;5;5;0;5;1;0;6;4;2;6;0.666666667;0.333333333;9;9;0;9;1;0;6;6;0;6;1;0;6;6;0;6;1;0;5;5;0;5;1;0;3;2;1;3;0.666666667;0.333333333;3;2;1;3;0.666666667;0.333333333;0;0;0;0;0;0;NULL;NULL;NULL;NULL;NULL;NULL;5;5;0;5;1;0;7;7;0;7;1;0;5;5;0;5;1;0;NULL;NULL;NULL;NULL;NULL;NULL;12;11;1;12;0.916666667;0.083333333;18;2;0;18;0.111111111;0;40;5;1;40;125;25;NULL;NULL;NULL;NULL;NULL;NULL;21;3;1;21;0.142857143;0.047619048;NULL;NULL;NULL;NULL;NULL;NULL;NULL;NULL;NULL;NULL;NULL;NULL;No
Male;Yes;No;11;12;12;0;12;1;0;12;12;0;12;1;0;4;4;0;4;1;0;4;3;1;4;0.75;0.25;4;2;2;4;0.5;0.5;3;2;1;3;0.666666667;0.333333333;5;5;0;5;1;0;3;3;0;3;1;0;3;3;0;3;1;0;6;6;0;6;1;0;4;3;1;4;0.75;0.25;4;3;1;4;0.75;0.25;5;4;1;5;0.8;0.2;8;8;0;8;1;0;4;4;0;4;1;0;5;5;0;5;1;0;3;3;0;3;1;0;5;5;0;5;1;0;4;3;1;4;0.75;0.25;4;1;3;4;0.25;0.75;NULL;NULL;NULL;NULL;NULL;NULL;5;3;2;5;0.6;0.4;6;5;1;6;0.833333333;0.166666667;8;8;0;8;1;0;NULL;NULL;NULL;NULL;NULL;NULL;13;12;1;13;0.923076923;0.076923077;40;4;0;40;0.1;0;18;2;1;18;0.111111111;0.055555556;NULL;NULL;NULL;NULL;NULL;NULL;21;3;1;21;0.142857143;0.047619048;NULL;NULL;NULL;NULL;NULL;NULL;NULL;NULL;NULL;NULL;NULL;NULL;No
Male;Yes;No;11;2;0;2;2;0;1;9;9;0;9;1;0;8;7;1;8;875;125;7;0;7;7;0;1;3;0;3;3;0;1;5;5;0;5;1;0;7;7;0;7;1;0;5;4;1;5;0.8;0.2;2;2;0;2;1;0;7;7;0;7;1;0;5;3;2;5;0.6;0.4;7;6;1;7;0.857142857;0.142857143;6;3;3;6;0.5;0.5;9;9;0;9;1;0;5;5;0;5;1;0;6;6;0;6;1;0;4;4;0;4;1;0;5;4;1;5;0.8;0.2;5;1;4;5;0.2;0.8;11;1;10;11;0.090909091;0.909090909;NULL;NULL;NULL;NULL;NULL;NULL;5;3;2;5;0.6;0.4;6;5;1;6;0.833333333;0.166666667;5;3;2;5;0.6;0.4;NULL;NULL;NULL;NULL;NULL;NULL;8;6;2;8;0.75;0.25;40;4;0;40;0.1;0;18;3;0;18;0.166666667;0;NULL;NULL;NULL;NULL;NULL;NULL;21;3;1;21;0.142857143;0.047619048;NULL;NULL;NULL;NULL;NULL;NULL;NULL;NULL;NULL;NULL;NULL;NULL;No
Male;Yes;No;11;12;12;0;12;1;0;10;10;0;10;1;0;7;7;0;7;1;0;5;3;2;5;0.6;0.4;5;5;0;5;1;0;3;0;3;3;0;1;5;5;0;5;1;0;8;7;1;8;875;125;3;2;1;3;0.666666667;0.333333333;7;4;3;7;0.571428571;0.428571429;6;6;0;6;1;0;8;5;3;8;625;375;3;3;0;3;1;0;10;10;0;10;1;0;6;5;1;6;0.833333333;0.166666667;5;3;2;5;0.6;0.4;5;4;1;5;0.8;0.2;4;4;0;4;1;0;3;1;2;3;0.333333333;0.666666667;2;1;1;2;0.5;0.5;NULL;NULL;NULL;NULL;NULL;NULL;7;6;1;7;0.857142857;0.142857143;9;4;5;9;0.444444444;0.555555556;9;7;2;9;0.777777778;0.222222222;NULL;NULL;NULL;NULL;NULL;NULL;12;6;6;12;0.5;0.5;66;2;4;66;0.03030303;0.060606061;46;3;4;46;0.065217391;0.086956522;NULL;NULL;NULL;NULL;NULL;NULL;21;4;0;21;0.19047619;0;NULL;NULL;NULL;NULL;NULL;NULL;NULL;NULL;NULL;NULL;NULL;NULL;No
Male;Yes;No;11;10;10;0;10;1;0;7;7;0;7;1;0;4;4;0;4;1;0;5;0;5;5;0;1;26;3;23;26;0.115384615;0.884615385;29;4;25;29;0.137931034;0.862068966;12;0;12;12;0;1;8;2;6;8;0.25;0.75;6;0;6;6;0;1;9;4;5;9;0.444444444;0.555555556;2;0;2;2;0;1;6;1;5;6;0.166666667;0.833333333;10;2;8;10;0.2;0.8;8;7;1;8;875;125;4;4;0;4;1;0;4;4;0;4;1;0;5;1;4;5;0.2;0.8;31;3;28;31;0.096774194;0.903225806;25;3;22;25;0.12;0.88;24;2;22;24;0.083333333;0.916666667;NULL;NULL;NULL;NULL;NULL;NULL;17;7;10;17;0.411764706;0.588235294;92;20;72;92;0.217391304;0.782608696;49;10;39;49;0.204081633;0.795918367;NULL;NULL;NULL;NULL;NULL;NULL;25;2;23;25;0.08;0.92;210;0;18;210;0;0.085714286;118;2;14;118;0.016949153;0.118644068;NULL;NULL;NULL;NULL;NULL;NULL;16;0;3;16;0;0.1875;NULL;NULL;NULL;NULL;NULL;NULL;NULL;NULL;NULL;NULL;NULL;NULL;No
Female;Yes;No;11;10;10;0;10;1;0;9;9;0;9;1;0;8;7;1;8;875;125;4;3;1;4;0.75;0.25;6;6;0;6;1;0;5;4;1;5;0.8;0.2;6;6;0;6;1;0;6;6;0;6;1;0;4;3;1;4;0.75;0.25;6;5;1;6;0.833333333;0.166666667;5;3;2;5;0.6;0.4;4;4;0;4;1;0;3;2;1;3;0.666666667;0.333333333;9;8;1;9;0.888888889;0.111111111;4;4;0;4;1;0;5;5;0;5;1;0;5;3;2;5;0.6;0.4;5;3;2;5;0.6;0.4;5;2;3;5;0.4;0.6;3;0;3;3;0;1;NULL;NULL;NULL;NULL;NULL;NULL;4;4;0;4;1;0;4;3;1;4;0.75;0.25;5;5;0;5;1;0;NULL;NULL;NULL;NULL;NULL;NULL;11;7;4;11;0.636363636;0.363636364;44;3;1;44;0.068181818;0.022727273;26;3;1;26;0.115384615;0.038461538;NULL;NULL;NULL;NULL;NULL;NULL;21;2;2;21;0.095238095;0.095238095;NULL;NULL;NULL;NULL;NULL;NULL;NULL;NULL;NULL;NULL;NULL;NULL;No
Male;Yes;No;11;9;9;0;9;1;0;9;9;0;9;1;0;6;6;0;6;1;0;5;5;0;5;1;0;4;4;0;4;1;0;4;4;0;4;1;0;1;0;1;1;0;1;5;5;0;5;1;0;4;4;0;4;1;0;5;5;0;5;1;0;3;3;0;3;1;0;5;2;3;5;0.4;0.6;3;0;3;3;0;1;6;6;0;6;1;0;4;4;0;4;1;0;3;3;0;3;1;0;2;2;0;2;1;0;3;3;0;3;1;0;4;3;1;4;0.75;0.25;4;1;3;4;0.25;0.75;NULL;NULL;NULL;NULL;NULL;NULL;5;5;0;5;1;0;3;2;1;3;0.666666667;0.333333333;4;2;2;4;0.5;0.5;NULL;NULL;NULL;NULL;NULL;NULL;8;7;1;8;875;125;14;0;1;14;0;0.071428571;18;1;2;18;0.055555556;0.111111111;NULL;NULL;NULL;NULL;NULL;NULL;21;2;2;21;0.095238095;0.095238095;NULL;NULL;NULL;NULL;NULL;NULL;NULL;NULL;NULL;NULL;NULL;NULL;No
Female;Yes;No;11;8;0;8;8;0;1;12;12;0;12;1;0;8;8;0;8;1;0;4;4;0;4;1;0;6;6;0;6;1;0;4;3;1;4;0.75;0.25;6;6;0;6;1;0;5;4;1;5;0.8;0.2;3;2;1;3;0.666666667;0.333333333;9;8;1;9;0.888888889;0.111111111;3;3;0;3;1;0;5;5;0;5;1;0;5;4;1;5;0.8;0.2;9;9;0;9;1;0;7;7;0;7;1;0;6;6;0;6;1;0;7;7;0;7;1;0;4;1;3;4;0.25;0.75;4;3;1;4;0.75;0.25;1;1;0;1;1;0;NULL;NULL;NULL;NULL;NULL;NULL;4;4;0;4;1;0;7;4;3;7;0.571428571;0.428571429;5;5;0;5;1;0;NULL;NULL;NULL;NULL;NULL;NULL;10;7;3;10;0.7;0.3;48;2;2;48;0.041666667;0.041666667;38;0;6;38;0;0.157894737;NULL;NULL;NULL;NULL;NULL;NULL;21;2;2;21;0.095238095;0.095238095;NULL;NULL;NULL;NULL;NULL;NULL;NULL;NULL;NULL;NULL;NULL;NULL;No
Female;Yes;No;11;7;1;6;7;0.142857143;0.857142857;2;0;2;2;0;1;8;0;8;8;0;1;1;0;1;1;0;1;20;4;16;20;0.2;0.8;45;5;40;45;0.111111111;0.888888889;9;9;0;9;1;0;3;3;0;3;1;0;2;1;1;2;0.5;0.5;6;6;0;6;1;0;5;5;0;5;1;0;4;4;0;4;1;0;7;6;1;7;0.857142857;0.142857143;10;10;0;10;1;0;5;5;0;5;1;0;5;4;1;5;0.8;0.2;6;6;0;6;1;0;4;4;0;4;1;0;6;2;4;6;0.333333333;0.666666667;4;2;2;4;0.5;0.5;NULL;NULL;NULL;NULL;NULL;NULL;9;3;6;9;0.333333333;0.666666667;9;6;3;9;0.666666667;0.333333333;6;4;2;6;0.666666667;0.333333333;NULL;NULL;NULL;NULL;NULL;NULL;16;10;6;16;625;375;54;2;3;54;0.037037037;0.055555556;38;1;5;38;0.026315789;0.131578947;NULL;NULL;NULL;NULL;NULL;NULL;21;2;2;21;0.095238095;0.095238095;NULL;NULL;NULL;NULL;NULL;NULL;NULL;NULL;NULL;NULL;NULL;NULL;No
Female;Yes;No;11;6;3;3;6;0.5;0.5;6;6;0;6;1;0;7;7;0;7;1;0;8;8;0;8;1;0;7;7;0;7;1;0;4;1;3;4;0.25;0.75;6;6;0;6;1;0;6;4;2;6;0.666666667;0.333333333;3;3;0;3;1;0;11;8;3;11;0.727272727;0.272727273;4;4;0;4;1;0;7;7;0;7;1;0;2;0;2;2;0;1;7;6;1;7;0.857142857;0.142857143;7;7;0;7;1;0;5;5;0;5;1;0;5;5;0;5;1;0;3;3;0;3;1;0;6;1;5;6;0.166666667;0.833333333;4;2;2;4;0.5;0.5;NULL;NULL;NULL;NULL;NULL;NULL;5;3;2;5;0.6;0.4;3;3;0;3;1;0;6;6;0;6;1;0;NULL;NULL;NULL;NULL;NULL;NULL;13;9;4;13;0.692307692;0.307692308;40;2;2;40;0.05;0.05;12;2;0;12;0.166666667;0;NULL;NULL;NULL;NULL;NULL;NULL;21;3;1;21;0.142857143;0.047619048;NULL;NULL;NULL;NULL;NULL;NULL;NULL;NULL;NULL;NULL;NULL;NULL;No
Male;Yes;No;11;14;14;0;14;1;0;10;10;0;10;1;0;7;7;0;7;1;0;4;4;0;4;1;0;7;5;2;7;0.714285714;0.285714286;6;0;6;6;0;1;4;4;0;4;1;0;6;3;3;6;0.5;0.5;4;3;1;4;0.75;0.25;34;14;20;34;0.411764706;0.588235294;44;2;42;44;0.045454545;0.954545455;35;5;30;35;0.142857143;0.857142857;44;10;34;44;0.227272727;0.772727273;11;10;1;11;0.909090909;0.090909091;7;7;0;7;1;0;6;6;0;6;1;0;13;2;11;13;0.153846154;0.846153846;46;6;40;46;0.130434783;0.869565217;42;6;36;42;0.142857143;0.857142857;53;7;46;53;0.132075472;0.867924528;NULL;NULL;NULL;NULL;NULL;NULL;83;21;62;83;0.253012048;0.746987952;66;18;48;66;0.272727273;0.727272727;56;14;42;56;0.25;0.75;NULL;NULL;NULL;NULL;NULL;NULL;50;6;44;50;0.12;0.88;64;0;6;64;0;0.09375;32;2;3;32;0.0625;0.09375;NULL;NULL;NULL;NULL;NULL;NULL;21;1;3;21;0.047619048;0.142857143;NULL;NULL;NULL;NULL;NULL;NULL;NULL;NULL;NULL;NULL;NULL;NULL;No
Female;Yes;No;11;13;13;0;13;1;0;10;10;0;10;1;0;10;10;0;10;1;0;3;3;0;3;1;0;4;0;4;4;0;1;4;2;2;4;0.5;0.5;4;4;0;4;1;0;3;3;0;3;1;0;3;2;1;3;0.666666667;0.333333333;8;8;0;8;1;0;3;3;0;3;1;0;8;7;1;8;875;125;6;6;0;6;1;0;10;10;0;10;1;0;6;6;0;6;1;0;6;6;0;6;1;0;4;4;0;4;1;0;5;4;1;5;0.8;0.2;6;3;3;6;0.5;0.5;5;3;2;5;0.6;0.4;NULL;NULL;NULL;NULL;NULL;NULL;6;5;1;6;0.833333333;0.166666667;7;6;1;7;0.857142857;0.142857143;6;6;0;6;1;0;NULL;NULL;NULL;NULL;NULL;NULL;9;7;2;9;0.777777778;0.222222222;40;1;3;40;25;75;26;2;2;26;0.076923077;0.076923077;NULL;NULL;NULL;NULL;NULL;NULL;21;3;1;21;0.142857143;0.047619048;NULL;NULL;NULL;NULL;NULL;NULL;NULL;NULL;NULL;NULL;NULL;NULL;No
Male;Yes;No;11;11;11;0;11;1;0;12;12;0;12;1;0;10;9;1;10;0.9;0.1;17;6;11;17;0.352941176;0.647058824;8;2;6;8;0.25;0.75;5;0;5;5;0;1;7;6;1;7;0.857142857;0.142857143;7;4;3;7;0.571428571;0.428571429;4;2;2;4;0.5;0.5;25;5;20;25;0.2;0.8;3;0;3;3;0;1;2;1;1;2;0.5;0.5;4;3;1;4;0.75;0.25;9;8;1;9;0.888888889;0.111111111;6;6;0;6;1;0;4;4;0;4;1;0;3;2;1;3;0.666666667;0.333333333;5;4;1;5;0.8;0.2;4;3;1;4;0.75;0.25;25;1;24;25;0.04;0.96;NULL;NULL;NULL;NULL;NULL;NULL;7;6;1;7;0.857142857;0.142857143;6;3;3;6;0.5;0.5;15;7;8;15;0.466666667;0.533333333;NULL;NULL;NULL;NULL;NULL;NULL;13;4;9;13;0.307692308;0.692307692;18;0;2;18;0;0.111111111;28;2;1;28;0.071428571;0.035714286;NULL;NULL;NULL;NULL;NULL;NULL;21;2;2;21;0.095238095;0.095238095;NULL;NULL;NULL;NULL;NULL;NULL;NULL;NULL;NULL;NULL;NULL;NULL;No
Male;Yes;No;11;13;13;0;13;1;0;12;12;0;12;1;0;8;8;0;8;1;0;4;4;0;4;1;0;8;7;1;8;875;125;3;3;0;3;1;0;6;6;0;6;1;0;6;5;1;6;0.833333333;0.166666667;2;2;0;2;1;0;10;9;1;10;0.9;0.1;5;5;0;5;1;0;4;3;1;4;0.75;0.25;7;7;0;7;1;0;11;11;0;11;1;0;8;8;0;8;1;0;7;7;0;7;1;0;8;8;0;8;1;0;5;5;0;5;1;0;5;2;3;5;0.4;0.6;4;3;1;4;0.75;0.25;NULL;NULL;NULL;NULL;NULL;NULL;6;5;1;6;0.833333333;0.166666667;7;6;1;7;0.857142857;0.142857143;7;7;0;7;1;0;NULL;NULL;NULL;NULL;NULL;NULL;11;6;5;11;0.545454545;0.454545455;42;3;1;42;0.071428571;0.023809524;18;3;0;18;0.166666667;0;NULL;NULL;NULL;NULL;NULL;NULL;21;3;1;21;0.142857143;0.047619048;NULL;NULL;NULL;NULL;NULL;NULL;NULL;NULL;NULL;NULL;NULL;NULL;No
Female;Yes;No;11;12;12;0;12;1;0;11;11;0;11;1;0;6;6;0;6;1;0;4;4;0;4;1;0;6;6;0;6;1;0;3;1;2;3;0.333333333;0.666666667;4;4;0;4;1;0;7;7;0;7;1;0;3;3;0;3;1;0;8;8;0;8;1;0;4;4;0;4;1;0;6;4;2;6;0.666666667;0.333333333;4;2;2;4;0.5;0.5;8;8;0;8;1;0;7;7;0;7;1;0;7;4;3;7;0.571428571;0.428571429;4;4;0;4;1;0;5;5;0;5;1;0;3;2;1;3;0.666666667;0.333333333;4;2;2;4;0.5;0.5;NULL;NULL;NULL;NULL;NULL;NULL;3;3;0;3;1;0;4;3;1;4;0.75;0.25;3;3;0;3;1;0;NULL;NULL;NULL;NULL;NULL;NULL;7;6;1;7;0.857142857;0.142857143;30;2;1;30;0.066666667;0.033333333;26;3;1;26;0.115384615;0.038461538;NULL;NULL;NULL;NULL;NULL;NULL;21;2;2;21;0.095238095;0.095238095;NULL;NULL;NULL;NULL;NULL;NULL;NULL;NULL;NULL;NULL;NULL;NULL;No
Female;Yes;Yes;11;13;13;0;13;1;0;11;10;1;11;0.909090909;0.090909091;5;1;4;5;0.2;0.8;3;3;0;3;1;0;5;5;0;5;1;0;4;4;0;4;1;0;8;8;0;8;1;0;4;3;1;4;0.75;0.25;6;2;4;6;0.333333333;0.666666667;8;8;0;8;1;0;5;4;1;5;0.8;0.2;5;5;0;5;1;0;5;4;1;5;0.8;0.2;9;9;0;9;1;0;6;5;1;6;0.833333333;0.166666667;8;8;0;8;1;0;5;5;0;5;1;0;4;4;0;4;1;0;5;4;1;5;0.8;0.2;3;1;2;3;0.333333333;0.666666667;NULL;NULL;NULL;NULL;NULL;NULL;3;0;3;3;0;1;5;4;1;5;0.8;0.2;5;2;3;5;0.4;0.6;NULL;NULL;NULL;NULL;NULL;NULL;8;6;2;8;0.75;0.25;18;2;0;18;0.111111111;0;12;0;2;12;0;0.166666667;NULL;NULL;NULL;NULL;NULL;NULL;21;2;2;21;0.095238095;0.095238095;NULL;NULL;NULL;NULL;NULL;NULL;NULL;NULL;NULL;NULL;NULL;NULL;No
Male;Yes;No;11;11;11;0;11;1;0;8;8;0;8;1;0;7;7;0;7;1;0;3;3;0;3;1;0;6;4;2;6;0.666666667;0.333333333;5;4;1;5;0.8;0.2;1;0;1;1;0;1;5;4;1;5;0.8;0.2;4;4;0;4;1;0;7;7;0;7;1;0;3;2;1;3;0.666666667;0.333333333;4;0;4;4;0;1;4;1;3;4;0.25;0.75;9;9;0;9;1;0;7;7;0;7;1;0;5;5;0;5;1;0;5;4;1;5;0.8;0.2;5;4;1;5;0.8;0.2;7;4;3;7;0.571428571;0.428571429;6;0;6;6;0;1;NULL;NULL;NULL;NULL;NULL;NULL;5;3;2;5;0.6;0.4;8;7;1;8;875;125;5;3;2;5;0.6;0.4;NULL;NULL;NULL;NULL;NULL;NULL;11;10;1;11;0.909090909;0.090909091;54;2;3;54;0.037037037;0.055555556;24;2;1;24;0.083333333;0.041666667;NULL;NULL;NULL;NULL;NULL;NULL;21;2;2;21;0.095238095;0.095238095;NULL;NULL;NULL;NULL;NULL;NULL;NULL;NULL;NULL;NULL;NULL;NULL;No
Female;Yes;No;11;13;13;0;13;1;0;6;5;1;6;0.833333333;0.166666667;7;7;0;7;1;0;3;2;1;3;0.666666667;0.333333333;6;6;0;6;1;0;7;1;6;7;0.142857143;0.857142857;3;3;0;3;1;0;4;2;2;4;0.5;0.5;3;3;0;3;1;0;6;5;1;6;0.833333333;0.166666667;4;3;1;4;0.75;0.25;7;3;4;7;0.428571429;0.571428571;4;3;1;4;0.75;0.25;9;8;1;9;0.888888889;0.111111111;1;0;1;1;0;1;4;4;0;4;1;0;4;2;2;4;0.5;0.5;6;2;4;6;0.333333333;0.666666667;5;0;5;5;0;1;1;0;1;1;0;1;NULL;NULL;NULL;NULL;NULL;NULL;4;3;1;4;0.75;0.25;8;5;3;8;625;375;5;4;1;5;0.8;0.2;NULL;NULL;NULL;NULL;NULL;NULL;9;6;3;9;0.666666667;0.333333333;62;3;3;62;0.048387097;0.048387097;32;3;2;32;0.09375;0.0625;NULL;NULL;NULL;NULL;NULL;NULL;21;1;3;21;0.047619048;0.142857143;NULL;NULL;NULL;NULL;NULL;NULL;NULL;NULL;NULL;NULL;NULL;NULL;No
Female;Yes;No;11;12;11;1;12;0.916666667;0.083333333;10;10;0;10;1;0;7;6;1;7;0.857142857;0.142857143;4;4;0;4;1;0;7;7;0;7;1;0;5;1;4;5;0.2;0.8;6;5;1;6;0.833333333;0.166666667;3;3;0;3;1;0;4;1;3;4;0.25;0.75;9;8;1;9;0.888888889;0.111111111;5;2;3;5;0.4;0.6;7;6;1;7;0.857142857;0.142857143;9;8;1;9;0.888888889;0.111111111;9;7;2;9;0.777777778;0.222222222;7;6;1;7;0.857142857;0.142857143;5;5;0;5;1;0;5;4;1;5;0.8;0.2;5;3;2;5;0.6;0.4;4;3;1;4;0.75;0.25;5;2;3;5;0.4;0.6;NULL;NULL;NULL;NULL;NULL;NULL;12;9;3;12;0.75;0.25;9;6;3;9;0.666666667;0.333333333;7;6;1;7;0.857142857;0.142857143;NULL;NULL;NULL;NULL;NULL;NULL;15;10;5;15;0.666666667;0.333333333;40;1;3;40;25;75;32;4;1;32;125;0.03125;NULL;NULL;NULL;NULL;NULL;NULL;21;3;1;21;0.142857143;0.047619048;NULL;NULL;NULL;NULL;NULL;NULL;NULL;NULL;NULL;NULL;NULL;NULL;No
Female;Yes;No;11;10;10;0;10;1;0;9;9;0;9;1;0;6;6;0;6;1;0;5;5;0;5;1;0;6;6;0;6;1;0;5;5;0;5;1;0;5;5;0;5;1;0;7;7;0;7;1;0;3;3;0;3;1;0;8;8;0;8;1;0;4;4;0;4;1;0;6;5;1;6;0.833333333;0.166666667;6;6;0;6;1;0;9;9;0;9;1;0;5;5;0;5;1;0;6;6;0;6;1;0;3;3;0;3;1;0;2;2;0;2;1;0;5;5;0;5;1;0;2;1;1;2;0.5;0.5;NULL;NULL;NULL;NULL;NULL;NULL;5;5;0;5;1;0;7;4;3;7;0.571428571;0.428571429;6;6;0;6;1;0;NULL;NULL;NULL;NULL;NULL;NULL;7;7;0;7;1;0;18;1;1;18;0.055555556;0.055555556;18;3;0;18;0.166666667;0;NULL;NULL;NULL;NULL;NULL;NULL;21;2;2;21;0.095238095;0.095238095;NULL;NULL;NULL;NULL;NULL;NULL;NULL;NULL;NULL;NULL;NULL;NULL;No
Male;Yes;Yes;11;50;20;30;50;0.4;0.6;41;8;33;41;0.195121951;0.804878049;48;7;41;48;0.145833333;0.854166667;46;3;43;46;0.065217391;0.934782609;43;9;34;43;0.209302326;0.790697674;44;7;37;44;0.159090909;0.840909091;47;8;39;47;0.170212766;0.829787234;26;5;21;26;0.192307692;0.807692308;53;10;43;53;0.188679245;0.811320755;61;17;44;61;0.278688525;0.721311475;59;9;50;59;0.152542373;0.847457627;13;5;8;13;0.384615385;0.615384615;26;3;23;26;0.115384615;0.884615385;11;7;4;11;0.636363636;0.363636364;21;1;20;21;0.047619048;0.952380952;46;2;44;46;0.043478261;0.956521739;23;1;22;23;0.043478261;0.956521739;56;3;53;56;0.053571429;0.946428571;26;4;22;26;0.153846154;0.846153846;58;7;51;58;0.120689655;0.879310345;NULL;NULL;NULL;NULL;NULL;NULL;106;27;79;106;0.254716981;0.745283019;26;6;20;26;0.230769231;0.769230769;57;11;46;57;0.192982456;0.807017544;NULL;NULL;NULL;NULL;NULL;NULL;25;4;21;25;0.16;0.84;144;0;12;144;0;0.083333333;102;0;14;102;0;0.137254902;NULL;NULL;NULL;NULL;NULL;NULL;22;1;3;22;0.045454545;0.136363636;NULL;NULL;NULL;NULL;NULL;NULL;NULL;NULL;NULL;NULL;NULL;NULL;No
Male;Yes;No;11;13;12;1;13;0.923076923;0.076923077;8;7;1;8;875;125;7;7;0;7;1;0;3;3;0;3;1;0;2;2;0;2;1;0;5;5;0;5;1;0;4;4;0;4;1;0;5;3;2;5;0.6;0.4;4;4;0;4;1;0;5;5;0;5;1;0;7;5;2;7;0.714285714;0.285714286;3;2;1;3;0.666666667;0.333333333;4;2;2;4;0.5;0.5;7;7;0;7;1;0;6;6;0;6;1;0;6;6;0;6;1;0;5;4;1;5;0.8;0.2;5;3;2;5;0.6;0.4;4;1;3;4;0.25;0.75;4;1;3;4;0.25;0.75;NULL;NULL;NULL;NULL;NULL;NULL;4;4;0;4;1;0;8;4;4;8;0.5;0.5;7;6;1;7;0.857142857;0.142857143;NULL;NULL;NULL;NULL;NULL;NULL;8;3;5;8;375;625;12;0;1;12;0;0.083333333;32;2;3;32;0.0625;0.09375;NULL;NULL;NULL;NULL;NULL;NULL;21;0;4;21;0;0.19047619;NULL;NULL;NULL;NULL;NULL;NULL;NULL;NULL;NULL;NULL;NULL;NULL;No
Female;Yes;No;11;13;13;0;13;1;0;12;12;0;12;1;0;10;10;0;10;1;0;8;6;2;8;0.75;0.25;6;6;0;6;1;0;6;5;1;6;0.833333333;0.166666667;8;7;1;8;875;125;5;5;0;5;1;0;6;6;0;6;1;0;8;7;1;8;875;125;9;8;1;9;0.888888889;0.111111111;7;7;0;7;1;0;7;4;3;7;0.571428571;0.428571429;10;10;0;10;1;0;8;8;0;8;1;0;10;9;1;10;0.9;0.1;6;5;1;6;0.833333333;0.166666667;6;5;1;6;0.833333333;0.166666667;7;5;2;7;0.714285714;0.285714286;7;3;4;7;0.428571429;0.571428571;NULL;NULL;NULL;NULL;NULL;NULL;7;6;1;7;0.857142857;0.142857143;5;5;0;5;1;0;7;6;1;7;0.857142857;0.142857143;NULL;NULL;NULL;NULL;NULL;NULL;15;10;5;15;0.666666667;0.333333333;60;4;1;60;0.066666667;0.016666667;38;5;1;38;0.131578947;0.026315789;NULL;NULL;NULL;NULL;NULL;NULL;21;2;2;21;0.095238095;0.095238095;NULL;NULL;NULL;NULL;NULL;NULL;NULL;NULL;NULL;NULL;NULL;NULL;No
Female;Yes;No;11;8;8;0;8;1;0;9;9;0;9;1;0;9;8;1;9;0.888888889;0.111111111;4;4;0;4;1;0;6;6;0;6;1;0;4;4;0;4;1;0;4;4;0;4;1;0;3;3;0;3;1;0;4;3;1;4;0.75;0.25;6;6;0;6;1;0;3;3;0;3;1;0;4;3;1;4;0.75;0.25;5;4;1;5;0.8;0.2;7;7;0;7;1;0;5;5;0;5;1;0;4;4;0;4;1;0;6;6;0;6;1;0;1;1;0;1;1;0;5;2;3;5;0.4;0.6;3;3;0;3;1;0;NULL;NULL;NULL;NULL;NULL;NULL;4;3;1;4;0.75;0.25;7;4;3;7;0.571428571;0.428571429;3;2;1;3;0.666666667;0.333333333;NULL;NULL;NULL;NULL;NULL;NULL;12;11;1;12;0.916666667;0.083333333;40;3;1;40;75;25;28;1;3;28;0.035714286;0.107142857;NULL;NULL;NULL;NULL;NULL;NULL;21;3;1;21;0.142857143;0.047619048;NULL;NULL;NULL;NULL;NULL;NULL;NULL;NULL;NULL;NULL;NULL;NULL;No
Female;Yes;No;11;12;12;0;12;1;0;11;11;0;11;1;0;8;8;0;8;1;0;5;2;3;5;0.4;0.6;5;5;0;5;1;0;2;1;1;2;0.5;0.5;0;0;0;0;0;0;7;6;1;7;0.857142857;0.142857143;4;4;0;4;1;0;10;10;0;10;1;0;6;5;1;6;0.833333333;0.166666667;7;5;2;7;0.714285714;0.285714286;6;4;2;6;0.666666667;0.333333333;10;10;0;10;1;0;2;1;1;2;0.5;0.5;7;7;0;7;1;0;5;5;0;5;1;0;5;2;3;5;0.4;0.6;6;3;3;6;0.5;0.5;5;0;5;5;0;1;NULL;NULL;NULL;NULL;NULL;NULL;5;5;0;5;1;0;7;3;4;7;0.428571429;0.571428571;6;5;1;6;0.833333333;0.166666667;NULL;NULL;NULL;NULL;NULL;NULL;10;7;3;10;0.7;0.3;62;4;2;62;0.064516129;0.032258065;32;5;0;32;0.15625;0;NULL;NULL;NULL;NULL;NULL;NULL;21;4;0;21;0.19047619;0;NULL;NULL;NULL;NULL;NULL;NULL;NULL;NULL;NULL;NULL;NULL;NULL;No
Female;Yes;No;11;11;11;0;11;1;0;1;0;1;1;0;1;7;7;0;7;1;0;3;1;2;3;0.333333333;0.666666667;4;4;0;4;1;0;7;6;1;7;0.857142857;0.142857143;6;6;0;6;1;0;5;5;0;5;1;0;2;2;0;2;1;0;7;7;0;7;1;0;5;5;0;5;1;0;6;5;1;6;0.833333333;0.166666667;5;5;0;5;1;0;9;9;0;9;1;0;4;4;0;4;1;0;5;5;0;5;1;0;5;5;0;5;1;0;6;0;6;6;0;1;8;6;2;8;0.75;0.25;6;4;2;6;0.666666667;0.333333333;NULL;NULL;NULL;NULL;NULL;NULL;5;1;4;5;0.2;0.8;9;6;3;9;0.666666667;0.333333333;6;4;2;6;0.666666667;0.333333333;NULL;NULL;NULL;NULL;NULL;NULL;13;7;6;13;0.538461538;0.461538462;40;2;2;40;0.05;0.05;32;1;4;32;0.03125;125;NULL;NULL;NULL;NULL;NULL;NULL;21;3;1;21;0.142857143;0.047619048;NULL;NULL;NULL;NULL;NULL;NULL;NULL;NULL;NULL;NULL;NULL;NULL;No
Male;Yes;No;11;12;12;0;12;1;0;7;7;0;7;1;0;8;8;0;8;1;0;4;2;2;4;0.5;0.5;6;6;0;6;1;0;3;3;0;3;1;0;4;4;0;4;1;0;6;6;0;6;1;0;4;4;0;4;1;0;10;10;0;10;1;0;5;5;0;5;1;0;4;4;0;4;1;0;5;5;0;5;1;0;10;10;0;10;1;0;5;5;0;5;1;0;5;4;1;5;0.8;0.2;5;5;0;5;1;0;3;3;0;3;1;0;7;6;1;7;0.857142857;0.142857143;3;0;3;3;0;1;NULL;NULL;NULL;NULL;NULL;NULL;5;4;1;5;0.8;0.2;7;6;1;7;0.857142857;0.142857143;7;5;2;7;0.714285714;0.285714286;NULL;NULL;NULL;NULL;NULL;NULL;12;9;3;12;0.75;0.25;40;3;1;40;75;25;40;4;2;40;0.1;0.05;NULL;NULL;NULL;NULL;NULL;NULL;21;1;3;21;0.047619048;0.142857143;NULL;NULL;NULL;NULL;NULL;NULL;NULL;NULL;NULL;NULL;NULL;NULL;No
Female;Yes;No;11;12;12;0;12;1;0;11;11;0;11;1;0;7;7;0;7;1;0;6;0;6;6;0;1;5;5;0;5;1;0;4;0;4;4;0;1;3;3;0;3;1;0;6;4;2;6;0.666666667;0.333333333;4;2;2;4;0.5;0.5;8;5;3;8;625;375;9;0;9;9;0;1;6;4;2;6;0.666666667;0.333333333;7;5;2;7;0.714285714;0.285714286;9;9;0;9;1;0;5;5;0;5;1;0;6;4;2;6;0.666666667;0.333333333;5;5;0;5;1;0;4;4;0;4;1;0;8;7;1;8;875;125;14;1;13;14;0.071428571;0.928571429;NULL;NULL;NULL;NULL;NULL;NULL;7;6;1;7;0.857142857;0.142857143;10;10;0;10;1;0;6;6;0;6;1;0;NULL;NULL;NULL;NULL;NULL;NULL;10;4;6;10;0.4;0.6;60;3;2;60;0.05;0.033333333;30;3;1;30;0.1;0.033333333;NULL;NULL;NULL;NULL;NULL;NULL;23;2;2;23;0.086956522;0.086956522;NULL;NULL;NULL;NULL;NULL;NULL;NULL;NULL;NULL;NULL;NULL;NULL;No
Female;Yes;No;11;11;11;0;11;1;0;9;9;0;9;1;0;8;8;0;8;1;0;5;5;0;5;1;0;7;7;0;7;1;0;3;3;0;3;1;0;8;8;0;8;1;0;5;4;1;5;0.8;0.2;4;3;1;4;0.75;0.25;7;7;0;7;1;0;5;5;0;5;1;0;5;4;1;5;0.8;0.2;4;3;1;4;0.75;0.25;9;9;0;9;1;0;6;6;0;6;1;0;6;5;1;6;0.833333333;0.166666667;6;6;0;6;1;0;5;5;0;5;1;0;5;5;0;5;1;0;4;3;1;4;0.75;0.25;NULL;NULL;NULL;NULL;NULL;NULL;4;3;1;4;0.75;0.25;4;2;2;4;0.5;0.5;6;5;1;6;0.833333333;0.166666667;NULL;NULL;NULL;NULL;NULL;NULL;11;8;3;11;0.727272727;0.272727273;44;2;2;44;0.045454545;0.045454545;32;4;1;32;125;0.03125;NULL;NULL;NULL;NULL;NULL;NULL;21;2;2;21;0.095238095;0.095238095;NULL;NULL;NULL;NULL;NULL;NULL;NULL;NULL;NULL;NULL;NULL;NULL;No
Female;Yes;No;11;9;9;0;9;1;0;7;7;0;7;1;0;7;7;0;7;1;0;6;6;0;6;1;0;6;6;0;6;1;0;1;0;1;1;0;1;3;3;0;3;1;0;5;5;0;5;1;0;2;1;1;2;0.5;0.5;4;4;0;4;1;0;3;3;0;3;1;0;6;5;1;6;0.833333333;0.166666667;5;4;1;5;0.8;0.2;10;10;0;10;1;0;6;6;0;6;1;0;6;6;0;6;1;0;5;5;0;5;1;0;5;5;0;5;1;0;2;2;0;2;1;0;3;1;2;3;0.333333333;0.666666667;NULL;NULL;NULL;NULL;NULL;NULL;4;2;2;4;0.5;0.5;6;4;2;6;0.666666667;0.333333333;7;7;0;7;1;0;NULL;NULL;NULL;NULL;NULL;NULL;10;5;5;10;0.5;0.5;44;4;0;44;0.090909091;0;32;3;2;32;0.09375;0.0625;NULL;NULL;NULL;NULL;NULL;NULL;21;2;2;21;0.095238095;0.095238095;NULL;NULL;NULL;NULL;NULL;NULL;NULL;NULL;NULL;NULL;NULL;NULL;No
Male;Yes;No;11;11;11;0;11;1;0;11;11;0;11;1;0;8;8;0;8;1;0;5;5;0;5;1;0;4;4;0;4;1;0;3;3;0;3;1;0;5;5;0;5;1;0;3;3;0;3;1;0;4;4;0;4;1;0;10;10;0;10;1;0;3;3;0;3;1;0;6;5;1;6;0.833333333;0.166666667;5;4;1;5;0.8;0.2;8;8;0;8;1;0;4;4;0;4;1;0;6;5;1;6;0.833333333;0.166666667;4;3;1;4;0.75;0.25;6;5;1;6;0.833333333;0.166666667;6;4;2;6;0.666666667;0.333333333;5;4;1;5;0.8;0.2;NULL;NULL;NULL;NULL;NULL;NULL;5;4;1;5;0.8;0.2;8;5;3;8;625;375;8;7;1;8;875;125;NULL;NULL;NULL;NULL;NULL;NULL;10;7;3;10;0.7;0.3;40;3;1;40;75;25;32;2;3;32;0.0625;0.09375;NULL;NULL;NULL;NULL;NULL;NULL;21;3;1;21;0.142857143;0.047619048;NULL;NULL;NULL;NULL;NULL;NULL;NULL;NULL;NULL;NULL;NULL;NULL;No
Female;Yes;No;11;11;11;0;11;1;0;7;6;1;7;0.857142857;0.142857143;10;10;0;10;1;0;3;3;0;3;1;0;7;7;0;7;1;0;3;3;0;3;1;0;5;5;0;5;1;0;4;4;0;4;1;0;4;1;3;4;0.25;0.75;6;6;0;6;1;0;4;4;0;4;1;0;5;3;2;5;0.6;0.4;3;2;1;3;0.666666667;0.333333333;9;9;0;9;1;0;4;4;0;4;1;0;6;6;0;6;1;0;3;3;0;3;1;0;3;3;0;3;1;0;5;2;3;5;0.4;0.6;2;0;2;2;0;1;NULL;NULL;NULL;NULL;NULL;NULL;5;5;0;5;1;0;7;5;2;7;0.714285714;0.285714286;5;4;1;5;0.8;0.2;NULL;NULL;NULL;NULL;NULL;NULL;6;3;3;6;0.5;0.5;58;2;3;58;0.034482759;0.051724138;18;3;0;18;0.166666667;0;NULL;NULL;NULL;NULL;NULL;NULL;21;2;2;21;0.095238095;0.095238095;NULL;NULL;NULL;NULL;NULL;NULL;NULL;NULL;NULL;NULL;NULL;NULL;No
Female;Yes;No;11;8;8;0;8;1;0;7;7;0;7;1;0;8;8;0;8;1;0;4;4;0;4;1;0;4;0;4;4;0;1;2;0;2;2;0;1;6;6;0;6;1;0;5;4;1;5;0.8;0.2;1;1;0;1;1;0;7;7;0;7;1;0;5;3;2;5;0.6;0.4;5;5;0;5;1;0;5;2;3;5;0.4;0.6;7;7;0;7;1;0;4;4;0;4;1;0;4;4;0;4;1;0;5;5;0;5;1;0;4;2;2;4;0.5;0.5;6;1;5;6;0.166666667;0.833333333;2;1;1;2;0.5;0.5;NULL;NULL;NULL;NULL;NULL;NULL;7;4;3;7;0.571428571;0.428571429;3;3;0;3;1;0;5;5;0;5;1;0;NULL;NULL;NULL;NULL;NULL;NULL;9;6;3;9;0.666666667;0.333333333;16;0;1;16;0;0.0625;32;4;1;32;125;0.03125;NULL;NULL;NULL;NULL;NULL;NULL;21;2;2;21;0.095238095;0.095238095;NULL;NULL;NULL;NULL;NULL;NULL;NULL;NULL;NULL;NULL;NULL;NULL;No
Male;Yes;Yes;11;10;10;0;10;1;0;8;8;0;8;1;0;7;7;0;7;1;0;10;0;10;10;0;1;3;3;0;3;1;0;4;2;2;4;0.5;0.5;7;7;0;7;1;0;8;8;0;8;1;0;4;4;0;4;1;0;9;9;0;9;1;0;6;6;0;6;1;0;1;1;0;1;1;0;4;3;1;4;0.75;0.25;7;7;0;7;1;0;6;6;0;6;1;0;4;3;1;4;0.75;0.25;6;6;0;6;1;0;4;4;0;4;1;0;3;2;1;3;0.666666667;0.333333333;1;1;0;1;1;0;NULL;NULL;NULL;NULL;NULL;NULL;5;4;1;5;0.8;0.2;5;4;1;5;0.8;0.2;14;2;12;14;0.142857143;0.857142857;NULL;NULL;NULL;NULL;NULL;NULL;8;4;4;8;0.5;0.5;40;3;1;40;75;25;26;1;3;26;0.038461538;0.115384615;NULL;NULL;NULL;NULL;NULL;NULL;21;1;3;21;0.047619048;0.142857143;NULL;NULL;NULL;NULL;NULL;NULL;NULL;NULL;NULL;NULL;NULL;NULL;No
Female;Yes;No;11;12;12;0;12;1;0;8;8;0;8;1;0;6;0;6;6;0;1;4;3;1;4;0.75;0.25;7;6;1;7;0.857142857;0.142857143;5;4;1;5;0.8;0.2;8;7;1;8;875;125;6;3;3;6;0.5;0.5;4;3;1;4;0.75;0.25;9;7;2;9;0.777777778;0.222222222;7;6;1;7;0.857142857;0.142857143;9;6;3;9;0.666666667;0.333333333;5;3;2;5;0.6;0.4;9;9;0;9;1;0;4;4;0;4;1;0;8;6;2;8;0.75;0.25;4;3;1;4;0.75;0.25;5;3;2;5;0.6;0.4;6;3;3;6;0.5;0.5;6;3;3;6;0.5;0.5;NULL;NULL;NULL;NULL;NULL;NULL;5;2;3;5;0.4;0.6;7;6;1;7;0.857142857;0.142857143;5;3;2;5;0.6;0.4;NULL;NULL;NULL;NULL;NULL;NULL;11;6;5;11;0.545454545;0.454545455;36;1;2;36;0.027777778;0.055555556;22;2;1;22;0.090909091;0.045454545;NULL;NULL;NULL;NULL;NULL;NULL;21;2;2;21;0.095238095;0.095238095;NULL;NULL;NULL;NULL;NULL;NULL;NULL;NULL;NULL;NULL;NULL;NULL;No
Male;Yes;No;11;10;10;0;10;1;0;7;7;0;7;1;0;4;4;0;4;1;0;4;4;0;4;1;0;5;5;0;5;1;0;5;0;5;5;0;1;2;1;1;2;0.5;0.5;3;3;0;3;1;0;2;0;2;2;0;1;6;6;0;6;1;0;3;2;1;3;0.666666667;0.333333333;3;3;0;3;1;0;5;3;2;5;0.6;0.4;9;9;0;9;1;0;4;4;0;4;1;0;6;5;1;6;0.833333333;0.166666667;5;5;0;5;1;0;4;4;0;4;1;0;3;2;1;3;0.666666667;0.333333333;6;2;4;6;0.333333333;0.666666667;NULL;NULL;NULL;NULL;NULL;NULL;5;4;1;5;0.8;0.2;3;2;1;3;0.666666667;0.333333333;3;3;0;3;1;0;NULL;NULL;NULL;NULL;NULL;NULL;4;2;2;4;0.5;0.5;32;2;1;32;0.0625;0.03125;24;3;1;24;125;0.041666667;NULL;NULL;NULL;NULL;NULL;NULL;21;3;1;21;0.142857143;0.047619048;NULL;NULL;NULL;NULL;NULL;NULL;NULL;NULL;NULL;NULL;NULL;NULL;No
Female;Yes;No;11;11;11;0;11;1;0;8;7;1;8;875;125;5;5;0;5;1;0;3;3;0;3;1;0;4;4;0;4;1;0;4;4;0;4;1;0;5;4;1;5;0.8;0.2;4;4;0;4;1;0;4;3;1;4;0.75;0.25;3;0;3;3;0;1;8;5;3;8;625;375;7;4;3;7;0.571428571;0.428571429;6;3;3;6;0.5;0.5;8;8;0;8;1;0;7;6;1;7;0.857142857;0.142857143;4;4;0;4;1;0;3;3;0;3;1;0;5;5;0;5;1;0;4;1;3;4;0.25;0.75;5;2;3;5;0.4;0.6;NULL;NULL;NULL;NULL;NULL;NULL;5;5;0;5;1;0;6;5;1;6;0.833333333;0.166666667;6;4;2;6;0.666666667;0.333333333;NULL;NULL;NULL;NULL;NULL;NULL;8;5;3;8;625;375;40;2;2;40;0.05;0.05;32;4;1;32;125;0.03125;NULL;NULL;NULL;NULL;NULL;NULL;21;1;3;21;0.047619048;0.142857143;NULL;NULL;NULL;NULL;NULL;NULL;NULL;NULL;NULL;NULL;NULL;NULL;No
Female;Yes;No;11;13;13;0;13;1;0;10;10;0;10;1;0;8;8;0;8;1;0;3;3;0;3;1;0;8;8;0;8;1;0;6;5;1;6;0.833333333;0.166666667;6;5;1;6;0.833333333;0.166666667;4;4;0;4;1;0;2;2;0;2;1;0;8;8;0;8;1;0;5;5;0;5;1;0;6;5;1;6;0.833333333;0.166666667;5;5;0;5;1;0;10;10;0;10;1;0;6;6;0;6;1;0;7;7;0;7;1;0;6;6;0;6;1;0;4;3;1;4;0.75;0.25;4;3;1;4;0.75;0.25;4;1;3;4;0.25;0.75;NULL;NULL;NULL;NULL;NULL;NULL;5;3;2;5;0.6;0.4;7;4;3;7;0.571428571;0.428571429;8;7;1;8;875;125;NULL;NULL;NULL;NULL;NULL;NULL;8;7;1;8;875;125;40;2;2;40;0.05;0.05;26;3;1;26;0.115384615;0.038461538;NULL;NULL;NULL;NULL;NULL;NULL;21;3;1;21;0.142857143;0.047619048;NULL;NULL;NULL;NULL;NULL;NULL;NULL;NULL;NULL;NULL;NULL;NULL;No
Female;Yes;No;11;11;11;0;11;1;0;9;9;0;9;1;0;5;3;2;5;0.6;0.4;7;0;7;7;0;1;5;5;0;5;1;0;5;4;1;5;0.8;0.2;6;6;0;6;1;0;6;5;1;6;0.833333333;0.166666667;4;3;1;4;0.75;0.25;8;8;0;8;1;0;4;3;1;4;0.75;0.25;5;4;1;5;0.8;0.2;6;5;1;6;0.833333333;0.166666667;10;10;0;10;1;0;8;7;1;8;875;125;4;4;0;4;1;0;7;7;0;7;1;0;6;4;2;6;0.666666667;0.333333333;5;1;4;5;0.2;0.8;2;0;2;2;0;1;NULL;NULL;NULL;NULL;NULL;NULL;6;4;2;6;0.666666667;0.333333333;6;4;2;6;0.666666667;0.333333333;6;5;1;6;0.833333333;0.166666667;NULL;NULL;NULL;NULL;NULL;NULL;13;11;2;13;0.846153846;0.153846154;50;3;1;50;0.06;0.02;18;2;1;18;0.111111111;0.055555556;NULL;NULL;NULL;NULL;NULL;NULL;21;2;2;21;0.095238095;0.095238095;NULL;NULL;NULL;NULL;NULL;NULL;NULL;NULL;NULL;NULL;NULL;NULL;No
Female;Yes;No;11;10;10;0;10;1;0;10;10;0;10;1;0;8;8;0;8;1;0;5;5;0;5;1;0;7;7;0;7;1;0;6;6;0;6;1;0;5;5;0;5;1;0;4;4;0;4;1;0;3;3;0;3;1;0;9;9;0;9;1;0;6;6;0;6;1;0;6;6;0;6;1;0;7;7;0;7;1;0;9;9;0;9;1;0;3;3;0;3;1;0;7;6;1;7;0.857142857;0.142857143;3;3;0;3;1;0;3;3;0;3;1;0;6;5;1;6;0.833333333;0.166666667;3;1;2;3;0.333333333;0.666666667;NULL;NULL;NULL;NULL;NULL;NULL;5;4;1;5;0.8;0.2;6;5;1;6;0.833333333;0.166666667;6;6;0;6;1;0;NULL;NULL;NULL;NULL;NULL;NULL;8;7;1;8;875;125;30;2;1;30;0.066666667;0.033333333;28;3;1;28;0.107142857;0.035714286;NULL;NULL;NULL;NULL;NULL;NULL;21;2;2;21;0.095238095;0.095238095;NULL;NULL;NULL;NULL;NULL;NULL;NULL;NULL;NULL;NULL;NULL;NULL;No
Male;Yes;No;11;11;11;0;11;1;0;8;8;0;8;1;0;8;8;0;8;1;0;5;5;0;5;1;0;5;5;0;5;1;0;7;7;0;7;1;0;0;0;0;0;0;0;5;5;0;5;1;0;3;1;2;3;0.333333333;0.666666667;8;7;1;8;875;125;5;5;0;5;1;0;7;4;3;7;0.571428571;0.428571429;9;5;4;9;0.555555556;0.444444444;8;8;0;8;1;0;7;7;0;7;1;0;4;4;0;4;1;0;6;6;0;6;1;0;3;3;0;3;1;0;3;2;1;3;0.666666667;0.333333333;8;3;5;8;375;625;NULL;NULL;NULL;NULL;NULL;NULL;11;9;2;11;0.818181818;0.181818182;5;3;2;5;0.6;0.4;7;7;0;7;1;0;NULL;NULL;NULL;NULL;NULL;NULL;9;7;2;9;0.777777778;0.222222222;62;3;3;62;0.048387097;0.048387097;32;3;2;32;0.09375;0.0625;NULL;NULL;NULL;NULL;NULL;NULL;21;2;2;21;0.095238095;0.095238095;NULL;NULL;NULL;NULL;NULL;NULL;NULL;NULL;NULL;NULL;NULL;NULL;No
Female;Yes;No;11;12;12;0;12;1;0;9;9;0;9;1;0;9;9;0;9;1;0;3;3;0;3;1;0;7;6;1;7;0.857142857;0.142857143;4;2;2;4;0.5;0.5;5;4;1;5;0.8;0.2;4;3;1;4;0.75;0.25;2;1;1;2;0.5;0.5;10;10;0;10;1;0;5;4;1;5;0.8;0.2;4;3;1;4;0.75;0.25;4;3;1;4;0.75;0.25;9;9;0;9;1;0;7;7;0;7;1;0;6;3;3;6;0.5;0.5;5;5;0;5;1;0;6;0;6;6;0;1;4;3;1;4;0.75;0.25;5;1;4;5;0.2;0.8;NULL;NULL;NULL;NULL;NULL;NULL;7;4;3;7;0.571428571;0.428571429;8;8;0;8;1;0;5;4;1;5;0.8;0.2;NULL;NULL;NULL;NULL;NULL;NULL;10;7;3;10;0.7;0.3;40;1;3;40;25;75;26;2;2;26;0.076923077;0.076923077;NULL;NULL;NULL;NULL;NULL;NULL;21;3;1;21;0.142857143;0.047619048;NULL;NULL;NULL;NULL;NULL;NULL;NULL;NULL;NULL;NULL;NULL;NULL;No
Male;Yes;No;11;8;8;0;8;1;0;8;8;0;8;1;0;6;0;6;6;0;1;4;4;0;4;1;0;5;5;0;5;1;0;4;4;0;4;1;0;6;6;0;6;1;0;3;2;1;3;0.666666667;0.333333333;4;4;0;4;1;0;2;2;0;2;1;0;3;2;1;3;0.666666667;0.333333333;5;4;1;5;0.8;0.2;4;4;0;4;1;0;6;6;0;6;1;0;4;4;0;4;1;0;6;6;0;6;1;0;4;4;0;4;1;0;5;5;0;5;1;0;3;2;1;3;0.666666667;0.333333333;4;4;0;4;1;0;NULL;NULL;NULL;NULL;NULL;NULL;4;4;0;4;1;0;5;5;0;5;1;0;4;4;0;4;1;0;NULL;NULL;NULL;NULL;NULL;NULL;9;8;1;9;0.888888889;0.111111111;40;3;1;40;75;25;18;3;0;18;0.166666667;0;NULL;NULL;NULL;NULL;NULL;NULL;21;0;4;21;0;0.19047619;NULL;NULL;NULL;NULL;NULL;NULL;NULL;NULL;NULL;NULL;NULL;NULL;No
Male;Yes;No;11;8;8;0;8;1;0;11;11;0;11;1;0;6;6;0;6;1;0;8;0;8;8;0;1;1;1;0;1;1;0;6;6;0;6;1;0;4;4;0;4;1;0;5;5;0;5;1;0;3;3;0;3;1;0;6;6;0;6;1;0;6;6;0;6;1;0;5;5;0;5;1;0;6;6;0;6;1;0;8;8;0;8;1;0;6;6;0;6;1;0;5;5;0;5;1;0;6;6;0;6;1;0;5;0;5;5;0;1;2;1;1;2;0.5;0.5;3;0;3;3;0;1;NULL;NULL;NULL;NULL;NULL;NULL;4;4;0;4;1;0;7;7;0;7;1;0;5;5;0;5;1;0;NULL;NULL;NULL;NULL;NULL;NULL;14;13;1;14;0.928571429;0.071428571;32;2;1;32;0.0625;0.03125;38;5;1;38;0.131578947;0.026315789;NULL;NULL;NULL;NULL;NULL;NULL;21;2;2;21;0.095238095;0.095238095;NULL;NULL;NULL;NULL;NULL;NULL;NULL;NULL;NULL;NULL;NULL;NULL;No
Male;Yes;No;11;34;10;24;34;0.294117647;0.705882353;14;2;12;14;0.142857143;0.857142857;18;0;18;18;0;1;21;2;19;21;0.095238095;0.904761905;27;3;24;27;0.111111111;0.888888889;41;2;39;41;0.048780488;0.951219512;30;4;26;30;0.133333333;0.866666667;42;2;40;42;0.047619048;0.952380952;11;0;11;11;0;1;10;4;6;10;0.4;0.6;8;0;8;8;0;1;27;1;26;27;0.037037037;0.962962963;9;2;7;9;0.222222222;0.777777778;10;10;0;10;1;0;6;6;0;6;1;0;7;7;0;7;1;0;6;6;0;6;1;0;44;5;39;44;0.113636364;0.886363636;53;8;45;53;0.150943396;0.849056604;42;2;40;42;0.047619048;0.952380952;NULL;NULL;NULL;NULL;NULL;NULL;91;25;66;91;0.274725275;0.725274725;85;14;71;85;0.164705882;0.835294118;81;21;60;81;0.259259259;0.740740741;NULL;NULL;NULL;NULL;NULL;NULL;28;12;16;28;0.428571429;0.571428571;169;0;15;169;0;0.088757396;103;4;10;103;0.038834951;0.097087379;NULL;NULL;NULL;NULL;NULL;NULL;21;2;2;21;0.095238095;0.095238095;NULL;NULL;NULL;NULL;NULL;NULL;NULL;NULL;NULL;NULL;NULL;NULL;No
Female;Yes;No;11;9;9;0;9;1;0;8;8;0;8;1;0;7;7;0;7;1;0;3;3;0;3;1;0;2;0;2;2;0;1;3;2;1;3;0.666666667;0.333333333;5;5;0;5;1;0;3;3;0;3;1;0;4;4;0;4;1;0;7;7;0;7;1;0;2;2;0;2;1;0;0;0;0;0;0;0;4;4;0;4;1;0;8;8;0;8;1;0;4;4;0;4;1;0;5;5;0;5;1;0;5;5;0;5;1;0;4;4;0;4;1;0;2;2;0;2;1;0;3;1;2;3;0.333333333;0.666666667;NULL;NULL;NULL;NULL;NULL;NULL;5;4;1;5;0.8;0.2;5;5;0;5;1;0;5;5;0;5;1;0;NULL;NULL;NULL;NULL;NULL;NULL;5;2;3;5;0.4;0.6;30;3;0;30;0.1;0;18;3;0;18;0.166666667;0;NULL;NULL;NULL;NULL;NULL;NULL;21;2;2;21;0.095238095;0.095238095;NULL;NULL;NULL;NULL;NULL;NULL;NULL;NULL;NULL;NULL;NULL;NULL;No
Male;Yes;No;11;9;9;0;9;1;0;9;8;1;9;0.888888889;0.111111111;7;7;0;7;1;0;6;6;0;6;1;0;4;4;0;4;1;0;2;0;2;2;0;1;3;3;0;3;1;0;4;4;0;4;1;0;2;2;0;2;1;0;7;7;0;7;1;0;5;5;0;5;1;0;6;6;0;6;1;0;6;6;0;6;1;0;7;7;0;7;1;0;6;6;0;6;1;0;6;6;0;6;1;0;6;6;0;6;1;0;3;3;0;3;1;0;4;2;2;4;0.5;0.5;9;2;7;9;0.222222222;0.777777778;NULL;NULL;NULL;NULL;NULL;NULL;5;2;3;5;0.4;0.6;7;7;0;7;1;0;6;6;0;6;1;0;NULL;NULL;NULL;NULL;NULL;NULL;14;13;1;14;0.928571429;0.071428571;44;3;1;44;0.068181818;0.022727273;34;1;4;34;0.029411765;0.117647059;NULL;NULL;NULL;NULL;NULL;NULL;21;2;2;21;0.095238095;0.095238095;NULL;NULL;NULL;NULL;NULL;NULL;NULL;NULL;NULL;NULL;NULL;NULL;No
Male;Yes;No;11;11;11;0;11;1;0;11;11;0;11;1;0;7;7;0;7;1;0;4;4;0;4;1;0;7;7;0;7;1;0;4;4;0;4;1;0;5;4;1;5;0.8;0.2;4;4;0;4;1;0;5;5;0;5;1;0;7;7;0;7;1;0;6;4;2;6;0.666666667;0.333333333;6;6;0;6;1;0;3;1;2;3;0.333333333;0.666666667;10;10;0;10;1;0;5;5;0;5;1;0;6;6;0;6;1;0;7;6;1;7;0.857142857;0.142857143;4;4;0;4;1;0;4;3;1;4;0.75;0.25;3;0;3;3;0;1;NULL;NULL;NULL;NULL;NULL;NULL;6;5;1;6;0.833333333;0.166666667;7;7;0;7;1;0;6;6;0;6;1;0;NULL;NULL;NULL;NULL;NULL;NULL;7;2;5;7;0.285714286;0.714285714;30;3;0;30;0.1;0;18;1;2;18;0.055555556;0.111111111;NULL;NULL;NULL;NULL;NULL;NULL;21;3;1;21;0.142857143;0.047619048;NULL;NULL;NULL;NULL;NULL;NULL;NULL;NULL;NULL;NULL;NULL;NULL;No
Male;Yes;No;11;12;12;0;12;1;0;11;11;0;11;1;0;9;9;0;9;1;0;5;5;0;5;1;0;6;6;0;6;1;0;5;3;2;5;0.6;0.4;7;7;0;7;1;0;5;5;0;5;1;0;3;3;0;3;1;0;9;9;0;9;1;0;4;2;2;4;0.5;0.5;5;5;0;5;1;0;5;5;0;5;1;0;10;10;0;10;1;0;5;4;1;5;0.8;0.2;8;7;1;8;875;125;5;5;0;5;1;0;3;3;0;3;1;0;4;4;0;4;1;0;5;1;4;5;0.2;0.8;NULL;NULL;NULL;NULL;NULL;NULL;13;11;2;13;0.846153846;0.153846154;9;8;1;9;0.888888889;0.111111111;8;7;1;8;875;125;NULL;NULL;NULL;NULL;NULL;NULL;18;13;5;18;0.722222222;0.277777778;64;5;1;64;0.078125;0.015625;54;5;3;54;0.092592593;0.055555556;NULL;NULL;NULL;NULL;NULL;NULL;21;3;1;21;0.142857143;0.047619048;NULL;NULL;NULL;NULL;NULL;NULL;NULL;NULL;NULL;NULL;NULL;NULL;No
Female;Yes;No;11;10;10;0;10;1;0;9;9;0;9;1;0;6;5;1;6;0.833333333;0.166666667;5;5;0;5;1;0;5;5;0;5;1;0;5;5;0;5;1;0;5;5;0;5;1;0;4;4;0;4;1;0;5;3;2;5;0.6;0.4;5;5;0;5;1;0;3;3;0;3;1;0;5;5;0;5;1;0;5;5;0;5;1;0;8;8;0;8;1;0;4;4;0;4;1;0;3;3;0;3;1;0;6;6;0;6;1;0;6;4;2;6;0.666666667;0.333333333;3;2;1;3;0.666666667;0.333333333;3;1;2;3;0.333333333;0.666666667;NULL;NULL;NULL;NULL;NULL;NULL;5;4;1;5;0.8;0.2;4;3;1;4;0.75;0.25;4;4;0;4;1;0;NULL;NULL;NULL;NULL;NULL;NULL;12;11;1;12;0.916666667;0.083333333;44;3;1;44;0.068181818;0.022727273;20;3;0;20;0.15;0;NULL;NULL;NULL;NULL;NULL;NULL;18;1;2;18;0.055555556;0.111111111;NULL;NULL;NULL;NULL;NULL;NULL;NULL;NULL;NULL;NULL;NULL;NULL;No
Male;Yes;No;11;11;11;0;11;1;0;10;10;0;10;1;0;6;6;0;6;1;0;4;3;1;4;0.75;0.25;6;6;0;6;1;0;4;4;0;4;1;0;2;2;0;2;1;0;5;5;0;5;1;0;2;1;1;2;0.5;0.5;8;7;1;8;875;125;4;3;1;4;0.75;0.25;5;4;1;5;0.8;0.2;4;2;2;4;0.5;0.5;8;7;1;8;875;125;4;4;0;4;1;0;4;4;0;4;1;0;4;4;0;4;1;0;3;2;1;3;0.666666667;0.333333333;3;2;1;3;0.666666667;0.333333333;5;2;3;5;0.4;0.6;NULL;NULL;NULL;NULL;NULL;NULL;10;6;4;10;0.6;0.4;5;4;1;5;0.8;0.2;5;4;1;5;0.8;0.2;NULL;NULL;NULL;NULL;NULL;NULL;12;8;4;12;0.666666667;0.333333333;56;2;3;56;0.035714286;0.053571429;40;2;4;40;0.05;0.1;NULL;NULL;NULL;NULL;NULL;NULL;21;2;2;21;0.095238095;0.095238095;NULL;NULL;NULL;NULL;NULL;NULL;NULL;NULL;NULL;NULL;NULL;NULL;No
Female;Yes;No;11;6;6;0;6;1;0;9;9;0;9;1;0;5;5;0;5;1;0;4;4;0;4;1;0;5;5;0;5;1;0;4;4;0;4;1;0;7;7;0;7;1;0;4;4;0;4;1;0;3;3;0;3;1;0;8;8;0;8;1;0;4;3;1;4;0.75;0.25;5;5;0;5;1;0;4;4;0;4;1;0;9;9;0;9;1;0;0;0;0;0;0;0;6;6;0;6;1;0;7;6;1;7;0.857142857;0.142857143;6;5;1;6;0.833333333;0.166666667;4;2;2;4;0.5;0.5;2;1;1;2;0.5;0.5;NULL;NULL;NULL;NULL;NULL;NULL;7;7;0;7;1;0;4;4;0;4;1;0;5;5;0;5;1;0;NULL;NULL;NULL;NULL;NULL;NULL;10;9;1;10;0.9;0.1;52;5;0;52;0.096153846;0;18;2;1;18;0.111111111;0.055555556;NULL;NULL;NULL;NULL;NULL;NULL;21;2;2;21;0.095238095;0.095238095;NULL;NULL;NULL;NULL;NULL;NULL;NULL;NULL;NULL;NULL;NULL;NULL;No
Male;Yes;No;11;10;10;0;10;1;0;10;10;0;10;1;0;9;9;0;9;1;0;7;6;1;7;0.857142857;0.142857143;6;6;0;6;1;0;8;7;1;8;875;125;6;6;0;6;1;0;9;9;0;9;1;0;6;5;1;6;0.833333333;0.166666667;10;10;0;10;1;0;6;6;0;6;1;0;7;6;1;7;0.857142857;0.142857143;5;5;0;5;1;0;10;10;0;10;1;0;8;8;0;8;1;0;9;9;0;9;1;0;9;8;1;9;0.888888889;0.111111111;8;8;0;8;1;0;7;6;1;7;0.857142857;0.142857143;5;4;1;5;0.8;0.2;NULL;NULL;NULL;NULL;NULL;NULL;5;4;1;5;0.8;0.2;5;3;2;5;0.6;0.4;7;5;2;7;0.714285714;0.285714286;NULL;NULL;NULL;NULL;NULL;NULL;9;6;3;9;0.666666667;0.333333333;24;2;0;24;0.083333333;0;12;0;2;12;0;0.166666667;NULL;NULL;NULL;NULL;NULL;NULL;21;3;1;21;0.142857143;0.047619048;NULL;NULL;NULL;NULL;NULL;NULL;NULL;NULL;NULL;NULL;NULL;NULL;No
Female;Yes;No;11;9;9;0;9;1;0;11;11;0;11;1;0;6;6;0;6;1;0;1;1;0;1;1;0;8;8;0;8;1;0;4;4;0;4;1;0;3;3;0;3;1;0;6;6;0;6;1;0;2;2;0;2;1;0;5;5;0;5;1;0;4;4;0;4;1;0;4;3;1;4;0.75;0.25;2;2;0;2;1;0;8;8;0;8;1;0;5;5;0;5;1;0;4;4;0;4;1;0;5;5;0;5;1;0;6;5;1;6;0.833333333;0.166666667;5;5;0;5;1;0;5;1;4;5;0.2;0.8;NULL;NULL;NULL;NULL;NULL;NULL;5;4;1;5;0.8;0.2;5;4;1;5;0.8;0.2;4;2;2;4;0.5;0.5;NULL;NULL;NULL;NULL;NULL;NULL;10;7;3;10;0.7;0.3;32;2;1;32;0.0625;0.03125;18;1;2;18;0.055555556;0.111111111;NULL;NULL;NULL;NULL;NULL;NULL;21;0;4;21;0;0.19047619;NULL;NULL;NULL;NULL;NULL;NULL;NULL;NULL;NULL;NULL;NULL;NULL;No
Female;Yes;No;11;11;11;0;11;1;0;10;10;0;10;1;0;7;7;0;7;1;0;4;4;0;4;1;0;8;8;0;8;1;0;3;3;0;3;1;0;6;6;0;6;1;0;5;4;1;5;0.8;0.2;2;2;0;2;1;0;9;9;0;9;1;0;7;7;0;7;1;0;3;2;1;3;0.666666667;0.333333333;9;8;1;9;0.888888889;0.111111111;11;11;0;11;1;0;6;6;0;6;1;0;6;6;0;6;1;0;6;6;0;6;1;0;6;6;0;6;1;0;5;5;0;5;1;0;5;2;3;5;0.4;0.6;NULL;NULL;NULL;NULL;NULL;NULL;5;4;1;5;0.8;0.2;7;6;1;7;0.857142857;0.142857143;6;4;2;6;0.666666667;0.333333333;NULL;NULL;NULL;NULL;NULL;NULL;8;4;4;8;0.5;0.5;40;3;1;40;75;25;18;2;1;18;0.111111111;0.055555556;NULL;NULL;NULL;NULL;NULL;NULL;21;3;1;21;0.142857143;0.047619048;NULL;NULL;NULL;NULL;NULL;NULL;NULL;NULL;NULL;NULL;NULL;NULL;No
Female;Yes;No;11;9;9;0;9;1;0;10;10;0;10;1;0;8;8;0;8;1;0;3;3;0;3;1;0;6;6;0;6;1;0;4;3;1;4;0.75;0.25;5;5;0;5;1;0;4;4;0;4;1;0;5;3;2;5;0.6;0.4;9;9;0;9;1;0;5;5;0;5;1;0;6;5;1;6;0.833333333;0.166666667;5;5;0;5;1;0;11;11;0;11;1;0;8;8;0;8;1;0;5;5;0;5;1;0;6;6;0;6;1;0;6;6;0;6;1;0;5;3;2;5;0.6;0.4;6;3;3;6;0.5;0.5;NULL;NULL;NULL;NULL;NULL;NULL;5;4;1;5;0.8;0.2;6;4;2;6;0.666666667;0.333333333;5;5;0;5;1;0;NULL;NULL;NULL;NULL;NULL;NULL;9;2;7;9;0.222222222;0.777777778;28;1;1;28;0.035714286;0.035714286;34;3;2;34;0.088235294;0.058823529;NULL;NULL;NULL;NULL;NULL;NULL;21;2;2;21;0.095238095;0.095238095;NULL;NULL;NULL;NULL;NULL;NULL;NULL;NULL;NULL;NULL;NULL;NULL;No
Male;Yes;No;11;9;9;0;9;1;0;8;8;0;8;1;0;6;6;0;6;1;0;4;4;0;4;1;0;2;0;2;2;0;1;2;2;0;2;1;0;8;7;1;8;875;125;3;3;0;3;1;0;2;2;0;2;1;0;6;6;0;6;1;0;4;4;0;4;1;0;5;5;0;5;1;0;5;5;0;5;1;0;10;10;0;10;1;0;5;5;0;5;1;0;4;4;0;4;1;0;4;4;0;4;1;0;4;4;0;4;1;0;3;2;1;3;0.666666667;0.333333333;5;1;4;5;0.2;0.8;NULL;NULL;NULL;NULL;NULL;NULL;4;3;1;4;0.75;0.25;5;5;0;5;1;0;3;3;0;3;1;0;NULL;NULL;NULL;NULL;NULL;NULL;5;2;3;5;0.4;0.6;40;4;0;40;0.1;0;18;3;0;18;0.166666667;0;NULL;NULL;NULL;NULL;NULL;NULL;21;3;1;21;0.142857143;0.047619048;NULL;NULL;NULL;NULL;NULL;NULL;NULL;NULL;NULL;NULL;NULL;NULL;No
Female;Yes;No;11;10;10;0;10;1;0;7;7;0;7;1;0;8;8;0;8;1;0;6;6;0;6;1;0;7;7;0;7;1;0;5;5;0;5;1;0;5;5;0;5;1;0;8;8;0;8;1;0;4;4;0;4;1;0;8;8;0;8;1;0;6;6;0;6;1;0;5;5;0;5;1;0;6;4;2;6;0.666666667;0.333333333;9;9;0;9;1;0;6;6;0;6;1;0;5;5;0;5;1;0;7;7;0;7;1;0;5;5;0;5;1;0;3;3;0;3;1;0;2;1;1;2;0.5;0.5;NULL;NULL;NULL;NULL;NULL;NULL;4;3;1;4;0.75;0.25;7;5;2;7;0.714285714;0.285714286;6;6;0;6;1;0;NULL;NULL;NULL;NULL;NULL;NULL;12;11;1;12;0.916666667;0.083333333;32;3;0;32;0.09375;0;26;3;1;26;0.115384615;0.038461538;NULL;NULL;NULL;NULL;NULL;NULL;21;2;2;21;0.095238095;0.095238095;NULL;NULL;NULL;NULL;NULL;NULL;NULL;NULL;NULL;NULL;NULL;NULL;No
Female;Yes;No;11;10;10;0;10;1;0;9;9;0;9;1;0;7;7;0;7;1;0;2;2;0;2;1;0;3;2;1;3;0.666666667;0.333333333;6;6;0;6;1;0;7;7;0;7;1;0;8;7;1;8;875;125;4;4;0;4;1;0;8;7;1;8;875;125;4;4;0;4;1;0;5;5;0;5;1;0;4;4;0;4;1;0;9;9;0;9;1;0;8;8;0;8;1;0;7;6;1;7;0.857142857;0.142857143;4;4;0;4;1;0;5;4;1;5;0.8;0.2;3;2;1;3;0.666666667;0.333333333;5;2;3;5;0.4;0.6;NULL;NULL;NULL;NULL;NULL;NULL;5;2;3;5;0.4;0.6;9;6;3;9;0.666666667;0.333333333;4;3;1;4;0.75;0.25;NULL;NULL;NULL;NULL;NULL;NULL;10;6;4;10;0.6;0.4;52;3;2;52;0.057692308;0.038461538;18;0;3;18;0;0.166666667;NULL;NULL;NULL;NULL;NULL;NULL;21;0;4;21;0;0.19047619;NULL;NULL;NULL;NULL;NULL;NULL;NULL;NULL;NULL;NULL;NULL;NULL;No
Female;Yes;No;11;13;13;0;13;1;0;8;8;0;8;1;0;8;8;0;8;1;0;2;2;0;2;1;0;6;6;0;6;1;0;2;2;0;2;1;0;6;6;0;6;1;0;5;5;0;5;1;0;5;4;1;5;0.8;0.2;8;8;0;8;1;0;4;3;1;4;0.75;0.25;6;5;1;6;0.833333333;0.166666667;8;6;2;8;0.75;0.25;10;10;0;10;1;0;7;7;0;7;1;0;7;7;0;7;1;0;6;6;0;6;1;0;6;5;1;6;0.833333333;0.166666667;5;5;0;5;1;0;4;0;4;4;0;1;NULL;NULL;NULL;NULL;NULL;NULL;5;4;1;5;0.8;0.2;10;9;1;10;0.9;0.1;7;5;2;7;0.714285714;0.285714286;NULL;NULL;NULL;NULL;NULL;NULL;15;11;4;15;0.733333333;0.266666667;44;2;2;44;0.045454545;0.045454545;38;4;2;38;0.105263158;0.052631579;NULL;NULL;NULL;NULL;NULL;NULL;21;1;3;21;0.047619048;0.142857143;NULL;NULL;NULL;NULL;NULL;NULL;NULL;NULL;NULL;NULL;NULL;NULL;No
Male;Yes;No;11;12;11;1;12;0.916666667;0.083333333;11;11;0;11;1;0;9;9;0;9;1;0;6;6;0;6;1;0;7;7;0;7;1;0;6;4;2;6;0.666666667;0.333333333;8;8;0;8;1;0;7;6;1;7;0.857142857;0.142857143;2;2;0;2;1;0;13;13;0;13;1;0;7;5;2;7;0.714285714;0.285714286;5;5;0;5;1;0;7;6;1;7;0.857142857;0.142857143;10;10;0;10;1;0;6;5;1;6;0.833333333;0.166666667;6;6;0;6;1;0;6;6;0;6;1;0;7;7;0;7;1;0;5;2;3;5;0.4;0.6;5;2;3;5;0.4;0.6;NULL;NULL;NULL;NULL;NULL;NULL;6;6;0;6;1;0;6;6;0;6;1;0;6;6;0;6;1;0;NULL;NULL;NULL;NULL;NULL;NULL;9;6;3;9;0.666666667;0.333333333;30;1;2;30;0.033333333;0.066666667;18;1;2;18;0.055555556;0.111111111;NULL;NULL;NULL;NULL;NULL;NULL;21;1;3;21;0.047619048;0.142857143;NULL;NULL;NULL;NULL;NULL;NULL;NULL;NULL;NULL;NULL;NULL;NULL;No
Male;Yes;No;11;12;12;0;12;1;0;11;11;0;11;1;0;7;7;0;7;1;0;5;5;0;5;1;0;8;7;1;8;875;125;8;7;1;8;875;125;6;6;0;6;1;0;5;4;1;5;0.8;0.2;5;5;0;5;1;0;8;8;0;8;1;0;5;5;0;5;1;0;8;7;1;8;875;125;5;5;0;5;1;0;11;10;1;11;0.909090909;0.090909091;8;8;0;8;1;0;6;6;0;6;1;0;8;7;1;8;875;125;5;3;2;5;0.6;0.4;6;5;1;6;0.833333333;0.166666667;6;3;3;6;0.5;0.5;NULL;NULL;NULL;NULL;NULL;NULL;9;7;2;9;0.777777778;0.222222222;8;6;2;8;0.75;0.25;8;8;0;8;1;0;NULL;NULL;NULL;NULL;NULL;NULL;13;9;4;13;0.692307692;0.307692308;44;3;1;44;0.068181818;0.022727273;32;5;0;32;0.15625;0;NULL;NULL;NULL;NULL;NULL;NULL;21;3;1;21;0.142857143;0.047619048;NULL;NULL;NULL;NULL;NULL;NULL;NULL;NULL;NULL;NULL;NULL;NULL;No
Female;Yes;No;11;11;11;0;11;1;0;9;9;0;9;1;0;7;7;0;7;1;0;3;3;0;3;1;0;5;5;0;5;1;0;2;2;0;2;1;0;5;5;0;5;1;0;4;4;0;4;1;0;2;0;2;2;0;1;8;8;0;8;1;0;6;5;1;6;0.833333333;0.166666667;2;1;1;2;0.5;0.5;7;5;2;7;0.714285714;0.285714286;8;8;0;8;1;0;7;7;0;7;1;0;7;7;0;7;1;0;4;4;0;4;1;0;3;3;0;3;1;0;4;3;1;4;0.75;0.25;5;2;3;5;0.4;0.6;NULL;NULL;NULL;NULL;NULL;NULL;5;5;0;5;1;0;7;7;0;7;1;0;5;5;0;5;1;0;NULL;NULL;NULL;NULL;NULL;NULL;13;12;1;13;0.923076923;0.076923077;40;3;1;40;75;25;32;4;1;32;125;0.03125;NULL;NULL;NULL;NULL;NULL;NULL;21;0;4;21;0;0.19047619;NULL;NULL;NULL;NULL;NULL;NULL;NULL;NULL;NULL;NULL;NULL;NULL;No
Male;Yes;No;11;1;0;1;1;0;1;8;8;0;8;1;0;5;5;0;5;1;0;3;3;0;3;1;0;4;4;0;4;1;0;5;5;0;5;1;0;8;8;0;8;1;0;6;6;0;6;1;0;3;2;1;3;0.666666667;0.333333333;8;8;0;8;1;0;6;5;1;6;0.833333333;0.166666667;5;4;1;5;0.8;0.2;4;4;0;4;1;0;10;7;3;10;0.7;0.3;4;3;1;4;0.75;0.25;6;6;0;6;1;0;7;7;0;7;1;0;7;6;1;7;0.857142857;0.142857143;6;4;2;6;0.666666667;0.333333333;5;1;4;5;0.2;0.8;NULL;NULL;NULL;NULL;NULL;NULL;5;3;2;5;0.6;0.4;5;5;0;5;1;0;3;2;1;3;0.666666667;0.333333333;NULL;NULL;NULL;NULL;NULL;NULL;7;5;2;7;0.714285714;0.285714286;20;1;1;20;0.05;0.05;22;2;1;22;0.090909091;0.045454545;NULL;NULL;NULL;NULL;NULL;NULL;21;0;4;21;0;0.19047619;NULL;NULL;NULL;NULL;NULL;NULL;NULL;NULL;NULL;NULL;NULL;NULL;No
Female;Yes;No;11;13;13;0;13;1;0;11;11;0;11;1;0;9;8;1;9;0.888888889;0.111111111;5;4;1;5;0.8;0.2;7;6;1;7;0.857142857;0.142857143;6;5;1;6;0.833333333;0.166666667;6;6;0;6;1;0;6;6;0;6;1;0;3;2;1;3;0.666666667;0.333333333;10;10;0;10;1;0;3;3;0;3;1;0;4;4;0;4;1;0;6;3;3;6;0.5;0.5;10;10;0;10;1;0;8;8;0;8;1;0;8;7;1;8;875;125;4;4;0;4;1;0;9;7;2;9;0.777777778;0.222222222;5;4;1;5;0.8;0.2;4;3;1;4;0.75;0.25;NULL;NULL;NULL;NULL;NULL;NULL;4;1;3;4;0.25;0.75;5;5;0;5;1;0;8;8;0;8;1;0;NULL;NULL;NULL;NULL;NULL;NULL;12;9;3;12;0.75;0.25;26;2;0;26;0.076923077;0;18;3;0;18;0.166666667;0;NULL;NULL;NULL;NULL;NULL;NULL;21;2;2;21;0.095238095;0.095238095;NULL;NULL;NULL;NULL;NULL;NULL;NULL;NULL;NULL;NULL;NULL;NULL;No
Female;Yes;No;11;11;11;0;11;1;0;10;10;0;10;1;0;8;8;0;8;1;0;3;3;0;3;1;0;9;9;0;9;1;0;6;5;1;6;0.833333333;0.166666667;5;5;0;5;1;0;7;7;0;7;1;0;4;3;1;4;0.75;0.25;9;9;0;9;1;0;5;5;0;5;1;0;6;5;1;6;0.833333333;0.166666667;4;4;0;4;1;0;10;10;0;10;1;0;5;5;0;5;1;0;6;6;0;6;1;0;7;7;0;7;1;0;5;5;0;5;1;0;4;4;0;4;1;0;4;1;3;4;0.25;0.75;NULL;NULL;NULL;NULL;NULL;NULL;6;4;2;6;0.666666667;0.333333333;7;6;1;7;0.857142857;0.142857143;6;6;0;6;1;0;NULL;NULL;NULL;NULL;NULL;NULL;11;6;5;11;0.545454545;0.454545455;46;3;1;46;0.065217391;0.02173913;26;2;2;26;0.076923077;0.076923077;NULL;NULL;NULL;NULL;NULL;NULL;21;3;1;21;0.142857143;0.047619048;NULL;NULL;NULL;NULL;NULL;NULL;NULL;NULL;NULL;NULL;NULL;NULL;No
Male;Yes;No;11;8;8;0;8;1;0;10;10;0;10;1;0;9;9;0;9;1;0;5;5;0;5;1;0;6;6;0;6;1;0;5;5;0;5;1;0;6;6;0;6;1;0;6;6;0;6;1;0;5;5;0;5;1;0;8;8;0;8;1;0;3;3;0;3;1;0;5;5;0;5;1;0;6;5;1;6;0.833333333;0.166666667;10;10;0;10;1;0;9;9;0;9;1;0;6;6;0;6;1;0;7;7;0;7;1;0;4;4;0;4;1;0;5;5;0;5;1;0;3;1;2;3;0.333333333;0.666666667;NULL;NULL;NULL;NULL;NULL;NULL;6;6;0;6;1;0;5;4;1;5;0.8;0.2;5;5;0;5;1;0;NULL;NULL;NULL;NULL;NULL;NULL;13;11;2;13;0.846153846;0.153846154;34;1;2;34;0.029411765;0.058823529;18;3;0;18;0.166666667;0;NULL;NULL;NULL;NULL;NULL;NULL;21;2;2;21;0.095238095;0.095238095;NULL;NULL;NULL;NULL;NULL;NULL;NULL;NULL;NULL;NULL;NULL;NULL;No
Male;Yes;No;11;11;11;0;11;1;0;6;6;0;6;1;0;9;7;2;9;0.777777778;0.222222222;9;0;9;9;0;1;5;5;0;5;1;0;7;6;1;7;0.857142857;0.142857143;5;4;1;5;0.8;0.2;4;2;2;4;0.5;0.5;4;3;1;4;0.75;0.25;8;7;1;8;875;125;6;4;2;6;0.666666667;0.333333333;6;4;2;6;0.666666667;0.333333333;5;1;4;5;0.2;0.8;7;7;0;7;1;0;3;3;0;3;1;0;4;3;1;4;0.75;0.25;4;4;0;4;1;0;5;1;4;5;0.2;0.8;6;3;3;6;0.5;0.5;3;1;2;3;0.333333333;0.666666667;NULL;NULL;NULL;NULL;NULL;NULL;8;7;1;8;875;125;9;6;3;9;0.666666667;0.333333333;6;4;2;6;0.666666667;0.333333333;NULL;NULL;NULL;NULL;NULL;NULL;12;9;3;12;0.75;0.25;26;2;0;26;0.076923077;0;40;2;4;40;0.05;0.1;NULL;NULL;NULL;NULL;NULL;NULL;21;0;4;21;0;0.19047619;NULL;NULL;NULL;NULL;NULL;NULL;NULL;NULL;NULL;NULL;NULL;NULL;No
Male;Yes;No;11;12;12;0;12;1;0;10;10;0;10;1;0;7;7;0;7;1;0;6;3;3;6;0.5;0.5;5;4;1;5;0.8;0.2;5;1;4;5;0.2;0.8;5;5;0;5;1;0;4;4;0;4;1;0;3;3;0;3;1;0;7;7;0;7;1;0;4;3;1;4;0.75;0.25;5;5;0;5;1;0;5;4;1;5;0.8;0.2;11;10;1;11;0.909090909;0.090909091;7;7;0;7;1;0;7;7;0;7;1;0;7;5;2;7;0.714285714;0.285714286;6;6;0;6;1;0;6;6;0;6;1;0;4;0;4;4;0;1;NULL;NULL;NULL;NULL;NULL;NULL;7;5;2;7;0.714285714;0.285714286;10;9;1;10;0.9;0.1;8;8;0;8;1;0;NULL;NULL;NULL;NULL;NULL;NULL;12;9;3;12;0.75;0.25;58;2;3;58;0.034482759;0.051724138;38;5;1;38;0.131578947;0.026315789;NULL;NULL;NULL;NULL;NULL;NULL;21;3;1;21;0.142857143;0.047619048;NULL;NULL;NULL;NULL;NULL;NULL;NULL;NULL;NULL;NULL;NULL;NULL;No
Male;Yes;No;11;11;11;0;11;1;0;11;11;0;11;1;0;7;6;1;7;0.857142857;0.142857143;3;3;0;3;1;0;6;6;0;6;1;0;6;6;0;6;1;0;5;5;0;5;1;0;5;5;0;5;1;0;5;4;1;5;0.8;0.2;9;9;0;9;1;0;3;3;0;3;1;0;5;4;1;5;0.8;0.2;4;4;0;4;1;0;8;7;1;8;875;125;6;6;0;6;1;0;5;5;0;5;1;0;4;3;1;4;0.75;0.25;5;5;0;5;1;0;6;3;3;6;0.5;0.5;6;2;4;6;0.333333333;0.666666667;NULL;NULL;NULL;NULL;NULL;NULL;5;4;1;5;0.8;0.2;6;4;2;6;0.666666667;0.333333333;3;3;0;3;1;0;NULL;NULL;NULL;NULL;NULL;NULL;10;3;7;10;0.3;0.7;46;3;1;46;0.065217391;0.02173913;26;4;0;26;0.153846154;0;NULL;NULL;NULL;NULL;NULL;NULL;21;3;1;21;0.142857143;0.047619048;NULL;NULL;NULL;NULL;NULL;NULL;NULL;NULL;NULL;NULL;NULL;NULL;No
Female;Yes;No;11;11;11;0;11;1;0;9;9;0;9;1;0;10;10;0;10;1;0;4;4;0;4;1;0;6;6;0;6;1;0;6;6;0;6;1;0;6;6;0;6;1;0;7;7;0;7;1;0;3;3;0;3;1;0;7;7;0;7;1;0;4;4;0;4;1;0;7;7;0;7;1;0;7;7;0;7;1;0;11;11;0;11;1;0;7;7;0;7;1;0;8;8;0;8;1;0;4;4;0;4;1;0;4;4;0;4;1;0;6;3;3;6;0.5;0.5;3;0;3;3;0;1;NULL;NULL;NULL;NULL;NULL;NULL;4;3;1;4;0.75;0.25;8;8;0;8;1;0;5;4;1;5;0.8;0.2;NULL;NULL;NULL;NULL;NULL;NULL;14;13;1;14;0.928571429;0.071428571;62;4;2;62;0.064516129;0.032258065;18;2;1;18;0.111111111;0.055555556;NULL;NULL;NULL;NULL;NULL;NULL;21;3;1;21;0.142857143;0.047619048;NULL;NULL;NULL;NULL;NULL;NULL;NULL;NULL;NULL;NULL;NULL;NULL;No
Female;Yes;No;11;9;8;1;9;0.888888889;0.111111111;8;8;0;8;1;0;5;5;0;5;1;0;4;4;0;4;1;0;5;5;0;5;1;0;7;6;1;7;0.857142857;0.142857143;1;1;0;1;1;0;6;3;3;6;0.5;0.5;2;2;0;2;1;0;7;7;0;7;1;0;4;4;0;4;1;0;4;2;2;4;0.5;0.5;4;4;0;4;1;0;8;8;0;8;1;0;6;6;0;6;1;0;4;4;0;4;1;0;5;4;1;5;0.8;0.2;4;4;0;4;1;0;4;1;3;4;0.25;0.75;2;1;1;2;0.5;0.5;NULL;NULL;NULL;NULL;NULL;NULL;5;4;1;5;0.8;0.2;4;3;1;4;0.75;0.25;2;2;0;2;1;0;NULL;NULL;NULL;NULL;NULL;NULL;7;5;2;7;0.714285714;0.285714286;28;2;0;28;0.071428571;0;16;2;0;16;125;0;NULL;NULL;NULL;NULL;NULL;NULL;21;2;2;21;0.095238095;0.095238095;NULL;NULL;NULL;NULL;NULL;NULL;NULL;NULL;NULL;NULL;NULL;NULL;No
Female;Yes;No;11;11;11;0;11;1;0;11;11;0;11;1;0;8;8;0;8;1;0;4;4;0;4;1;0;2;0;2;2;0;1;5;5;0;5;1;0;7;7;0;7;1;0;4;4;0;4;1;0;6;5;1;6;0.833333333;0.166666667;10;10;0;10;1;0;8;7;1;8;875;125;6;5;1;6;0.833333333;0.166666667;6;6;0;6;1;0;8;8;0;8;1;0;6;6;0;6;1;0;6;6;0;6;1;0;5;5;0;5;1;0;6;6;0;6;1;0;5;4;1;5;0.8;0.2;3;2;1;3;0.666666667;0.333333333;NULL;NULL;NULL;NULL;NULL;NULL;5;5;0;5;1;0;7;7;0;7;1;0;5;5;0;5;1;0;NULL;NULL;NULL;NULL;NULL;NULL;12;11;1;12;0.916666667;0.083333333;40;4;0;40;0.1;0;18;3;0;18;0.166666667;0;NULL;NULL;NULL;NULL;NULL;NULL;21;3;1;21;0.142857143;0.047619048;NULL;NULL;NULL;NULL;NULL;NULL;NULL;NULL;NULL;NULL;NULL;NULL;No
Female;Yes;No;11;9;9;0;9;1;0;9;9;0;9;1;0;6;6;0;6;1;0;4;4;0;4;1;0;4;4;0;4;1;0;5;4;1;5;0.8;0.2;5;5;0;5;1;0;4;4;0;4;1;0;3;3;0;3;1;0;7;7;0;7;1;0;5;5;0;5;1;0;5;5;0;5;1;0;5;5;0;5;1;0;8;8;0;8;1;0;6;6;0;6;1;0;4;4;0;4;1;0;4;4;0;4;1;0;4;1;3;4;0.25;0.75;3;2;1;3;0.666666667;0.333333333;2;0;2;2;0;1;NULL;NULL;NULL;NULL;NULL;NULL;6;5;1;6;0.833333333;0.166666667;9;9;0;9;1;0;8;8;0;8;1;0;NULL;NULL;NULL;NULL;NULL;NULL;12;8;4;12;0.666666667;0.333333333;30;1;2;30;0.033333333;0.066666667;18;2;1;18;0.111111111;0.055555556;NULL;NULL;NULL;NULL;NULL;NULL;21;2;2;21;0.095238095;0.095238095;NULL;NULL;NULL;NULL;NULL;NULL;NULL;NULL;NULL;NULL;NULL;NULL;No
Female;Yes;No;11;4;4;0;4;1;0;7;7;0;7;1;0;6;6;0;6;1;0;4;4;0;4;1;0;6;6;0;6;1;0;5;5;0;5;1;0;8;8;0;8;1;0;4;4;0;4;1;0;3;3;0;3;1;0;8;8;0;8;1;0;6;6;0;6;1;0;4;4;0;4;1;0;5;5;0;5;1;0;10;10;0;10;1;0;7;7;0;7;1;0;6;6;0;6;1;0;4;4;0;4;1;0;7;7;0;7;1;0;7;5;2;7;0.714285714;0.285714286;4;1;3;4;0.25;0.75;NULL;NULL;NULL;NULL;NULL;NULL;5;4;1;5;0.8;0.2;6;6;0;6;1;0;4;4;0;4;1;0;NULL;NULL;NULL;NULL;NULL;NULL;9;6;3;9;0.666666667;0.333333333;40;3;1;40;75;25;18;2;1;18;0.111111111;0.055555556;NULL;NULL;NULL;NULL;NULL;NULL;21;4;0;21;0.19047619;0;NULL;NULL;NULL;NULL;NULL;NULL;NULL;NULL;NULL;NULL;NULL;NULL;No
Female;Yes;No;11;11;11;0;11;1;0;9;9;0;9;1;0;9;9;0;9;1;0;5;5;0;5;1;0;4;4;0;4;1;0;6;6;0;6;1;0;6;6;0;6;1;0;5;4;1;5;0.8;0.2;4;3;1;4;0.75;0.25;8;8;0;8;1;0;7;7;0;7;1;0;6;6;0;6;1;0;6;6;0;6;1;0;9;9;0;9;1;0;4;4;0;4;1;0;6;6;0;6;1;0;6;6;0;6;1;0;8;7;1;8;875;125;7;5;2;7;0.714285714;0.285714286;6;3;3;6;0.5;0.5;NULL;NULL;NULL;NULL;NULL;NULL;6;6;0;6;1;0;7;7;0;7;1;0;7;7;0;7;1;0;NULL;NULL;NULL;NULL;NULL;NULL;2;2;0;2;1;0;30;2;1;30;0.066666667;0.033333333;18;3;0;18;0.166666667;0;NULL;NULL;NULL;NULL;NULL;NULL;21;3;1;21;0.142857143;0.047619048;NULL;NULL;NULL;NULL;NULL;NULL;NULL;NULL;NULL;NULL;NULL;NULL;No
Female;No;No;11;8;8;0;8;1;0;7;7;0;7;1;0;8;8;0;8;1;0;3;3;0;3;1;0;4;4;0;4;1;0;7;6;1;7;0.857142857;0.142857143;4;4;0;4;1;0;5;5;0;5;1;0;2;2;0;2;1;0;7;7;0;7;1;0;4;4;0;4;1;0;3;1;2;3;0.333333333;0.666666667;6;4;2;6;0.666666667;0.333333333;6;5;1;6;0.833333333;0.166666667;4;4;0;4;1;0;5;5;0;5;1;0;7;7;0;7;1;0;7;7;0;7;1;0;6;2;4;6;0.333333333;0.666666667;6;1;5;6;0.166666667;0.833333333;NULL;NULL;NULL;NULL;NULL;NULL;10;8;2;10;0.8;0.2;8;7;1;8;875;125;7;3;4;7;0.428571429;0.571428571;NULL;NULL;NULL;NULL;NULL;NULL;8;6;2;8;0.75;0.25;40;3;1;40;75;25;32;3;2;32;0.09375;0.0625;NULL;NULL;NULL;NULL;NULL;NULL;21;0;4;21;0;0.19047619;NULL;NULL;NULL;NULL;NULL;NULL;NULL;NULL;NULL;NULL;NULL;NULL;No
Female;Yes;No;11;5;5;0;5;1;0;9;9;0;9;1;0;8;8;0;8;1;0;3;3;0;3;1;0;7;7;0;7;1;0;4;3;1;4;0.75;0.25;7;7;0;7;1;0;6;6;0;6;1;0;5;5;0;5;1;0;10;10;0;10;1;0;6;6;0;6;1;0;5;5;0;5;1;0;6;5;1;6;0.833333333;0.166666667;9;9;0;9;1;0;5;5;0;5;1;0;7;7;0;7;1;0;4;4;0;4;1;0;6;6;0;6;1;0;3;2;1;3;0.666666667;0.333333333;4;1;3;4;0.25;0.75;NULL;NULL;NULL;NULL;NULL;NULL;5;5;0;5;1;0;6;6;0;6;1;0;7;7;0;7;1;0;NULL;NULL;NULL;NULL;NULL;NULL;13;9;4;13;0.692307692;0.307692308;48;3;1;48;0.0625;0.020833333;38;5;1;38;0.131578947;0.026315789;NULL;NULL;NULL;NULL;NULL;NULL;21;3;1;21;0.142857143;0.047619048;NULL;NULL;NULL;NULL;NULL;NULL;NULL;NULL;NULL;NULL;NULL;NULL;Yes
Female;Yes;No;11;5;5;0;5;1;0;5;5;0;5;1;0;5;5;0;5;1;0;2;2;0;2;1;0;5;4;1;5;0.8;0.2;4;4;0;4;1;0;5;5;0;5;1;0;3;3;0;3;1;0;2;2;0;2;1;0;3;3;0;3;1;0;2;2;0;2;1;0;3;3;0;3;1;0;4;3;1;4;0.75;0.25;6;6;0;6;1;0;3;3;0;3;1;0;4;4;0;4;1;0;4;4;0;4;1;0;2;1;1;2;0.5;0.5;1;0;1;1;0;1;4;0;4;4;0;1;NULL;NULL;NULL;NULL;NULL;NULL;4;3;1;4;0.75;0.25;4;4;0;4;1;0;2;1;1;2;0.5;0.5;NULL;NULL;NULL;NULL;NULL;NULL;7;7;0;7;1;0;18;1;1;18;0.055555556;0.055555556;18;3;0;18;0.166666667;0;NULL;NULL;NULL;NULL;NULL;NULL;21;1;3;21;0.047619048;0.142857143;NULL;NULL;NULL;NULL;NULL;NULL;NULL;NULL;NULL;NULL;NULL;NULL;Yes
Female;Yes;No;11;8;8;0;8;1;0;7;6;1;7;0.857142857;0.142857143;7;7;0;7;1;0;4;0;4;4;0;1;4;4;0;4;1;0;4;4;0;4;1;0;4;4;0;4;1;0;3;3;0;3;1;0;3;3;0;3;1;0;7;7;0;7;1;0;4;4;0;4;1;0;5;5;0;5;1;0;3;2;1;3;0.666666667;0.333333333;7;7;0;7;1;0;6;6;0;6;1;0;5;5;0;5;1;0;5;5;0;5;1;0;6;6;0;6;1;0;2;1;1;2;0.5;0.5;3;3;0;3;1;0;NULL;NULL;NULL;NULL;NULL;NULL;5;5;0;5;1;0;5;4;1;5;0.8;0.2;4;4;0;4;1;0;NULL;NULL;NULL;NULL;NULL;NULL;8;6;2;8;0.75;0.25;22;2;0;22;0.090909091;0;26;1;3;26;0.038461538;0.115384615;NULL;NULL;NULL;NULL;NULL;NULL;21;0;4;21;0;0.19047619;NULL;NULL;NULL;NULL;NULL;NULL;NULL;NULL;NULL;NULL;NULL;NULL;Yes
Male;Yes;Yes;11;10;9;1;10;0.9;0.1;8;8;0;8;1;0;8;8;0;8;1;0;2;2;0;2;1;0;4;4;0;4;1;0;3;3;0;3;1;0;3;3;0;3;1;0;3;3;0;3;1;0;3;1;2;3;0.333333333;0.666666667;6;6;0;6;1;0;5;4;1;5;0.8;0.2;5;4;1;5;0.8;0.2;6;2;4;6;0.333333333;0.666666667;8;8;0;8;1;0;4;4;0;4;1;0;4;3;1;4;0.75;0.25;5;4;1;5;0.8;0.2;5;2;3;5;0.4;0.6;10;1;9;10;0.1;0.9;6;0;6;6;0;1;NULL;NULL;NULL;NULL;NULL;NULL;5;2;3;5;0.4;0.6;7;6;1;7;0.857142857;0.142857143;7;3;4;7;0.428571429;0.571428571;NULL;NULL;NULL;NULL;NULL;NULL;9;5;4;9;0.555555556;0.444444444;30;3;0;30;0.1;0;24;1;2;24;0.041666667;0.083333333;NULL;NULL;NULL;NULL;NULL;NULL;21;1;3;21;0.047619048;0.142857143;NULL;NULL;NULL;NULL;NULL;NULL;NULL;NULL;NULL;NULL;NULL;NULL;Yes
Male;Yes;Yes;11;13;13;0;13;1;0;7;7;0;7;1;0;6;6;0;6;1;0;4;4;0;4;1;0;4;4;0;4;1;0;3;3;0;3;1;0;2;2;0;2;1;0;5;4;1;5;0.8;0.2;3;2;1;3;0.666666667;0.333333333;3;0;3;3;0;1;1;1;0;1;1;0;3;2;1;3;0.666666667;0.333333333;7;4;3;7;0.571428571;0.428571429;12;11;1;12;0.916666667;0.083333333;4;4;0;4;1;0;6;5;1;6;0.833333333;0.166666667;5;4;1;5;0.8;0.2;2;0;2;2;0;1;4;2;2;4;0.5;0.5;3;1;2;3;0.333333333;0.666666667;NULL;NULL;NULL;NULL;NULL;NULL;5;2;3;5;0.4;0.6;9;5;4;9;0.555555556;0.444444444;3;2;1;3;0.666666667;0.333333333;NULL;NULL;NULL;NULL;NULL;NULL;10;7;3;10;0.7;0.3;48;2;2;48;0.041666667;0.041666667;24;1;2;24;0.041666667;0.083333333;NULL;NULL;NULL;NULL;NULL;NULL;21;2;2;21;0.095238095;0.095238095;NULL;NULL;NULL;NULL;NULL;NULL;NULL;NULL;NULL;NULL;NULL;NULL;Yes
Female;Yes;No;11;9;9;0;9;1;0;8;8;0;8;1;0;7;7;0;7;1;0;4;4;0;4;1;0;7;7;0;7;1;0;6;5;1;6;0.833333333;0.166666667;6;6;0;6;1;0;6;4;2;6;0.666666667;0.333333333;4;0;4;4;0;1;7;7;0;7;1;0;5;4;1;5;0.8;0.2;5;4;1;5;0.8;0.2;6;4;2;6;0.666666667;0.333333333;9;9;0;9;1;0;6;6;0;6;1;0;5;5;0;5;1;0;6;5;1;6;0.833333333;0.166666667;4;2;2;4;0.5;0.5;5;3;2;5;0.6;0.4;3;0;3;3;0;1;NULL;NULL;NULL;NULL;NULL;NULL;5;4;1;5;0.8;0.2;6;1;5;6;0.166666667;0.833333333;4;2;2;4;0.5;0.5;NULL;NULL;NULL;NULL;NULL;NULL;7;2;5;7;0.285714286;0.714285714;28;2;0;28;0.071428571;0;38;1;5;38;0.026315789;0.131578947;NULL;NULL;NULL;NULL;NULL;NULL;21;0;4;21;0;0.19047619;NULL;NULL;NULL;NULL;NULL;NULL;NULL;NULL;NULL;NULL;NULL;NULL;Yes
Female;Yes;No;11;11;11;0;11;1;0;10;10;0;10;1;0;9;8;1;9;0.888888889;0.111111111;4;4;0;4;1;0;9;9;0;9;1;0;5;3;2;5;0.6;0.4;6;6;0;6;1;0;7;7;0;7;1;0;6;4;2;6;0.666666667;0.333333333;9;9;0;9;1;0;6;5;1;6;0.833333333;0.166666667;5;4;1;5;0.8;0.2;2;2;0;2;1;0;11;11;0;11;1;0;7;7;0;7;1;0;4;4;0;4;1;0;7;7;0;7;1;0;4;4;0;4;1;0;3;2;1;3;0.666666667;0.333333333;4;3;1;4;0.75;0.25;NULL;NULL;NULL;NULL;NULL;NULL;5;5;0;5;1;0;3;3;0;3;1;0;3;3;0;3;1;0;NULL;NULL;NULL;NULL;NULL;NULL;11;8;3;11;0.727272727;0.272727273;40;3;1;40;75;25;32;4;1;32;125;0.03125;NULL;NULL;NULL;NULL;NULL;NULL;21;2;2;21;0.095238095;0.095238095;NULL;NULL;NULL;NULL;NULL;NULL;NULL;NULL;NULL;NULL;NULL;NULL;Yes
Male;Yes;No;11;10;10;0;10;1;0;10;10;0;10;1;0;6;6;0;6;1;0;11;0;11;11;0;1;4;4;0;4;1;0;2;1;1;2;0.5;0.5;3;3;0;3;1;0;5;4;1;5;0.8;0.2;2;2;0;2;1;0;5;5;0;5;1;0;1;1;0;1;1;0;4;3;1;4;0.75;0.25;2;2;0;2;1;0;9;9;0;9;1;0;6;6;0;6;1;0;6;6;0;6;1;0;6;6;0;6;1;0;4;3;1;4;0.75;0.25;1;1;0;1;1;0;2;0;2;2;0;1;NULL;NULL;NULL;NULL;NULL;NULL;4;0;4;4;0;1;3;3;0;3;1;0;1;1;0;1;1;0;NULL;NULL;NULL;NULL;NULL;NULL;5;3;2;5;0.6;0.4;18;0;2;18;0;0.111111111;18;1;2;18;0.055555556;0.111111111;NULL;NULL;NULL;NULL;NULL;NULL;21;2;2;21;0.095238095;0.095238095;NULL;NULL;NULL;NULL;NULL;NULL;NULL;NULL;NULL;NULL;NULL;NULL;Yes
Male;Yes;Yes;11;8;6;2;8;0.75;0.25;9;9;0;9;1;0;6;6;0;6;1;0;4;4;0;4;1;0;6;6;0;6;1;0;3;3;0;3;1;0;5;5;0;5;1;0;4;4;0;4;1;0;3;3;0;3;1;0;7;7;0;7;1;0;5;5;0;5;1;0;4;4;0;4;1;0;3;3;0;3;1;0;7;7;0;7;1;0;5;5;0;5;1;0;7;6;1;7;0.857142857;0.142857143;5;5;0;5;1;0;5;4;1;5;0.8;0.2;3;1;2;3;0.333333333;0.666666667;2;0;2;2;0;1;NULL;NULL;NULL;NULL;NULL;NULL;6;6;0;6;1;0;3;2;1;3;0.666666667;0.333333333;2;1;1;2;0.5;0.5;NULL;NULL;NULL;NULL;NULL;NULL;13;12;1;13;0.923076923;0.076923077;34;3;0;34;0.088235294;0;24;3;0;24;125;0;NULL;NULL;NULL;NULL;NULL;NULL;21;1;3;21;0.047619048;0.142857143;NULL;NULL;NULL;NULL;NULL;NULL;NULL;NULL;NULL;NULL;NULL;NULL;Yes
Female;Yes;No;11;10;10;0;10;1;0;9;9;0;9;1;0;7;7;0;7;1;0;2;2;0;2;1;0;5;3;2;5;0.6;0.4;4;4;0;4;1;0;7;7;0;7;1;0;5;5;0;5;1;0;1;1;0;1;1;0;7;7;0;7;1;0;4;3;1;4;0.75;0.25;4;2;2;4;0.5;0.5;3;3;0;3;1;0;7;7;0;7;1;0;1;1;0;1;1;0;4;4;0;4;1;0;0;0;0;0;0;0;0;0;0;0;0;0;3;3;0;3;1;0;1;1;0;1;1;0;NULL;NULL;NULL;NULL;NULL;NULL;0;0;0;0;0;0;4;2;2;4;0.5;0.5;2;1;1;2;0.5;0.5;NULL;NULL;NULL;NULL;NULL;NULL;9;7;2;9;0.777777778;0.222222222;2;0;0;2;0;0;0;0;0;0;0;0;NULL;NULL;NULL;NULL;NULL;NULL;12;1;1;12;0.083333333;0.083333333;NULL;NULL;NULL;NULL;NULL;NULL;NULL;NULL;NULL;NULL;NULL;NULL;Yes
Female;Yes;Yes;11;14;14;0;14;1;0;6;6;0;6;1;0;6;6;0;6;1;0;2;1;1;2;0.5;0.5;6;6;0;6;1;0;5;4;1;5;0.8;0.2;4;4;0;4;1;0;5;4;1;5;0.8;0.2;2;2;0;2;1;0;6;6;0;6;1;0;5;5;0;5;1;0;4;2;2;4;0.5;0.5;3;2;1;3;0.666666667;0.333333333;10;10;0;10;1;0;2;0;2;2;0;1;6;5;1;6;0.833333333;0.166666667;7;7;0;7;1;0;4;2;2;4;0.5;0.5;3;2;1;3;0.666666667;0.333333333;2;1;1;2;0.5;0.5;NULL;NULL;NULL;NULL;NULL;NULL;6;5;1;6;0.833333333;0.166666667;8;6;2;8;0.75;0.25;7;5;2;7;0.714285714;0.285714286;NULL;NULL;NULL;NULL;NULL;NULL;12;9;3;12;0.75;0.25;42;3;1;42;0.071428571;0.023809524;26;2;2;26;0.076923077;0.076923077;NULL;NULL;NULL;NULL;NULL;NULL;21;2;2;21;0.095238095;0.095238095;NULL;NULL;NULL;NULL;NULL;NULL;NULL;NULL;NULL;NULL;NULL;NULL;Yes
Male;Yes;No;11;12;11;1;12;0.916666667;0.083333333;10;10;0;10;1;0;9;9;0;9;1;0;4;4;0;4;1;0;11;11;0;11;1;0;4;3;1;4;0.75;0.25;8;8;0;8;1;0;6;6;0;6;1;0;3;1;2;3;0.333333333;0.666666667;6;5;1;6;0.833333333;0.166666667;5;5;0;5;1;0;6;6;0;6;1;0;4;3;1;4;0.75;0.25;10;10;0;10;1;0;6;6;0;6;1;0;8;8;0;8;1;0;8;8;0;8;1;0;5;5;0;5;1;0;7;4;3;7;0.571428571;0.428571429;3;2;1;3;0.666666667;0.333333333;NULL;NULL;NULL;NULL;NULL;NULL;5;4;1;5;0.8;0.2;5;5;0;5;1;0;6;5;1;6;0.833333333;0.166666667;NULL;NULL;NULL;NULL;NULL;NULL;8;3;5;8;375;625;36;3;0;36;0.083333333;0;26;2;1;26;0.076923077;0.038461538;NULL;NULL;NULL;NULL;NULL;NULL;21;3;1;21;0.142857143;0.047619048;NULL;NULL;NULL;NULL;NULL;NULL;NULL;NULL;NULL;NULL;NULL;NULL;Yes
Female;Yes;No;11;8;8;0;8;1;0;5;5;0;5;1;0;7;1;6;7;0.142857143;0.857142857;5;0;5;5;0;1;4;4;0;4;1;0;6;3;3;6;0.5;0.5;7;7;0;7;1;0;2;2;0;2;1;0;5;3;2;5;0.6;0.4;6;6;0;6;1;0;4;2;2;4;0.5;0.5;6;4;2;6;0.666666667;0.333333333;2;0;2;2;0;1;7;7;0;7;1;0;4;4;0;4;1;0;4;4;0;4;1;0;4;4;0;4;1;0;4;2;2;4;0.5;0.5;7;0;7;7;0;1;4;0;4;4;0;1;NULL;NULL;NULL;NULL;NULL;NULL;5;3;2;5;0.6;0.4;5;4;1;5;0.8;0.2;2;1;1;2;0.5;0.5;NULL;NULL;NULL;NULL;NULL;NULL;1;1;0;1;1;0;30;3;0;30;0.1;0;18;3;0;18;0.166666667;0;NULL;NULL;NULL;NULL;NULL;NULL;21;2;2;21;0.095238095;0.095238095;NULL;NULL;NULL;NULL;NULL;NULL;NULL;NULL;NULL;NULL;NULL;NULL;Yes
Male;Yes;No;11;10;9;1;10;0.9;0.1;8;8;0;8;1;0;5;5;0;5;1;0;4;3;1;4;0.75;0.25;1;0;1;1;0;1;3;3;0;3;1;0;2;2;0;2;1;0;3;1;2;3;0.333333333;0.666666667;2;1;1;2;0.5;0.5;6;5;1;6;0.833333333;0.166666667;2;1;1;2;0.5;0.5;1;1;0;1;1;0;3;2;1;3;0.666666667;0.333333333;5;4;1;5;0.8;0.2;4;4;0;4;1;0;4;4;0;4;1;0;4;4;0;4;1;0;3;3;0;3;1;0;3;0;3;3;0;1;1;1;0;1;1;0;NULL;NULL;NULL;NULL;NULL;NULL;5;4;1;5;0.8;0.2;1;0;1;1;0;1;3;3;0;3;1;0;NULL;NULL;NULL;NULL;NULL;NULL;3;1;2;3;0.333333333;0.666666667;18;1;1;18;0.055555556;0.055555556;12;1;1;12;0.083333333;0.083333333;NULL;NULL;NULL;NULL;NULL;NULL;21;1;3;21;0.047619048;0.142857143;NULL;NULL;NULL;NULL;NULL;NULL;NULL;NULL;NULL;NULL;NULL;NULL;Yes
Female;Yes;No;11;7;7;0;7;1;0;7;7;0;7;1;0;5;5;0;5;1;0;4;4;0;4;1;0;7;7;0;7;1;0;6;6;0;6;1;0;6;6;0;6;1;0;5;5;0;5;1;0;2;1;1;2;0.5;0.5;4;4;0;4;1;0;3;3;0;3;1;0;4;3;1;4;0.75;0.25;2;1;1;2;0.5;0.5;8;8;0;8;1;0;6;6;0;6;1;0;6;6;0;6;1;0;3;3;0;3;1;0;3;3;0;3;1;0;4;2;2;4;0.5;0.5;3;2;1;3;0.666666667;0.333333333;NULL;NULL;NULL;NULL;NULL;NULL;5;5;0;5;1;0;4;3;1;4;0.75;0.25;1;0;1;1;0;1;NULL;NULL;NULL;NULL;NULL;NULL;8;7;1;8;875;125;22;1;1;22;0.045454545;0.045454545;12;2;0;12;0.166666667;0;NULL;NULL;NULL;NULL;NULL;NULL;21;0;4;21;0;0.19047619;NULL;NULL;NULL;NULL;NULL;NULL;NULL;NULL;NULL;NULL;NULL;NULL;Yes
Male;Yes;No;11;14;14;0;14;1;0;14;14;0;14;1;0;12;12;0;12;1;0;3;3;0;3;1;0;8;7;1;8;875;125;5;5;0;5;1;0;7;7;0;7;1;0;4;3;1;4;0.75;0.25;3;3;0;3;1;0;9;8;1;9;0.888888889;0.111111111;7;5;2;7;0.714285714;0.285714286;5;4;1;5;0.8;0.2;7;5;2;7;0.714285714;0.285714286;10;10;0;10;1;0;4;4;0;4;1;0;7;7;0;7;1;0;6;5;1;6;0.833333333;0.166666667;8;7;1;8;875;125;5;4;1;5;0.8;0.2;4;2;2;4;0.5;0.5;NULL;NULL;NULL;NULL;NULL;NULL;6;4;2;6;0.666666667;0.333333333;7;6;1;7;0.857142857;0.142857143;5;5;0;5;1;0;NULL;NULL;NULL;NULL;NULL;NULL;10;5;5;10;0.5;0.5;52;3;2;52;0.057692308;0.038461538;12;2;0;12;0.166666667;0;NULL;NULL;NULL;NULL;NULL;NULL;21;3;1;21;0.142857143;0.047619048;NULL;NULL;NULL;NULL;NULL;NULL;NULL;NULL;NULL;NULL;NULL;NULL;Yes
Male;Yes;No;11;10;10;0;10;1;0;8;8;0;8;1;0;5;5;0;5;1;0;2;2;0;2;1;0;3;3;0;3;1;0;4;3;1;4;0.75;0.25;0;0;0;0;0;0;4;4;0;4;1;0;3;3;0;3;1;0;6;6;0;6;1;0;3;3;0;3;1;0;3;2;1;3;0.666666667;0.333333333;3;2;1;3;0.666666667;0.333333333;8;8;0;8;1;0;5;5;0;5;1;0;6;6;0;6;1;0;4;4;0;4;1;0;3;3;0;3;1;0;3;3;0;3;1;0;2;0;2;2;0;1;NULL;NULL;NULL;NULL;NULL;NULL;5;3;2;5;0.6;0.4;4;2;2;4;0.5;0.5;2;1;1;2;0.5;0.5;NULL;NULL;NULL;NULL;NULL;NULL;9;7;2;9;0.777777778;0.222222222;14;1;0;14;0.071428571;0;18;3;0;18;0.166666667;0;NULL;NULL;NULL;NULL;NULL;NULL;19;0;3;19;0;0.157894737;NULL;NULL;NULL;NULL;NULL;NULL;NULL;NULL;NULL;NULL;NULL;NULL;Yes
Female;Yes;No;11;7;7;0;7;1;0;7;7;0;7;1;0;5;5;0;5;1;0;3;3;0;3;1;0;5;5;0;5;1;0;4;3;1;4;0.75;0.25;4;4;0;4;1;0;5;4;1;5;0.8;0.2;2;2;0;2;1;0;8;8;0;8;1;0;1;1;0;1;1;0;5;5;0;5;1;0;3;1;2;3;0.333333333;0.666666667;6;6;0;6;1;0;5;5;0;5;1;0;4;4;0;4;1;0;4;4;0;4;1;0;4;4;0;4;1;0;2;2;0;2;1;0;3;1;2;3;0.333333333;0.666666667;NULL;NULL;NULL;NULL;NULL;NULL;4;3;1;4;0.75;0.25;4;2;2;4;0.5;0.5;3;1;2;3;0.333333333;0.666666667;NULL;NULL;NULL;NULL;NULL;NULL;5;2;3;5;0.4;0.6;26;1;1;26;0.038461538;0.038461538;18;2;1;18;0.111111111;0.055555556;NULL;NULL;NULL;NULL;NULL;NULL;21;1;3;21;0.047619048;0.142857143;NULL;NULL;NULL;NULL;NULL;NULL;NULL;NULL;NULL;NULL;NULL;NULL;Yes
Female;Yes;No;12;4;2;2;4;0.5;0.5;3;1;2;3;0.333333333;0.666666667;3;0;3;3;0;1;4;0;4;4;0;1;2;0;2;2;0;1;2;0;2;2;0;1;3;3;0;3;1;0;3;2;1;3;0.666666667;0.333333333;6;1;5;6;0.166666667;0.833333333;6;0;6;6;0;1;1;0;1;1;0;1;2;0;2;2;0;1;4;0;4;4;0;1;4;3;1;4;0.75;0.25;6;1;5;6;0.166666667;0.833333333;7;6;1;7;0.857142857;0.142857143;4;3;1;4;0.75;0.25;1;0;1;1;0;1;4;0;4;4;0;1;3;0;3;3;0;1;7;1;6;7;0.142857143;0.857142857;8;4;4;8;0.5;0.5;8;4;4;8;0.5;0.5;4;2;2;4;0.5;0.5;5;1;4;5;0.2;0.8;4;2;2;4;0.5;0.5;28;0;2;28;0;0.071428571;18;1;2;18;0.055555556;0.111111111;NULL;NULL;NULL;NULL;NULL;NULL;21;0;4;21;0;0.19047619;60;1;8;60;0.016666667;0.133333333;76;0;24;76;0;0.315789474;No
Female;Yes;No;12;8;8;0;8;1;0;6;6;0;6;1;0;7;7;0;7;1;0;2;2;0;2;1;0;4;4;0;4;1;0;5;5;0;5;1;0;5;3;2;5;0.6;0.4;3;3;0;3;1;0;2;2;0;2;1;0;6;6;0;6;1;0;4;3;1;4;0.75;0.25;3;3;0;3;1;0;5;1;4;5;0.2;0.8;7;7;0;7;1;0;5;5;0;5;1;0;3;3;0;3;1;0;4;4;0;4;1;0;3;2;1;3;0.666666667;0.333333333;3;2;1;3;0.666666667;0.333333333;5;2;3;5;0.4;0.6;3;2;1;3;0.666666667;0.333333333;8;7;1;8;875;125;5;3;2;5;0.6;0.4;3;2;1;3;0.666666667;0.333333333;4;3;1;4;0.75;0.25;6;4;2;6;0.666666667;0.333333333;32;2;1;32;0.0625;0.03125;28;3;1;28;0.107142857;0.035714286;NULL;NULL;NULL;NULL;NULL;NULL;21;1;3;21;0.047619048;0.142857143;38;2;4;38;0.052631579;0.105263158;39;3;4;39;0.076923077;0.102564103;No
Female;Yes;No;12;10;10;0;10;1;0;6;6;0;6;1;0;6;6;0;6;1;0;2;2;0;2;1;0;5;5;0;5;1;0;4;2;2;4;0.5;0.5;6;6;0;6;1;0;4;3;1;4;0.75;0.25;1;1;0;1;1;0;6;6;0;6;1;0;4;4;0;4;1;0;3;1;2;3;0.333333333;0.666666667;5;5;0;5;1;0;9;9;0;9;1;0;5;5;0;5;1;0;5;4;1;5;0.8;0.2;6;6;0;6;1;0;3;3;0;3;1;0;2;1;1;2;0.5;0.5;2;1;1;2;0.5;0.5;2;1;1;2;0.5;0.5;3;3;0;3;1;0;5;5;0;5;1;0;6;6;0;6;1;0;4;3;1;4;0.75;0.25;7;6;1;7;0.857142857;0.142857143;18;2;0;18;0.111111111;0;30;3;1;30;0.1;0.033333333;NULL;NULL;NULL;NULL;NULL;NULL;21;1;3;21;0.047619048;0.142857143;58;3;6;58;0.051724138;0.103448276;48;3;6;48;0.0625;125;No
Male;Yes;Yes;12;11;11;0;11;1;0;10;10;0;10;1;0;8;8;0;8;1;0;3;2;1;3;0.666666667;0.333333333;7;7;0;7;1;0;4;4;0;4;1;0;6;6;0;6;1;0;6;5;1;6;0.833333333;0.166666667;1;1;0;1;1;0;9;9;0;9;1;0;4;3;1;4;0.75;0.25;2;2;0;2;1;0;4;4;0;4;1;0;10;10;0;10;1;0;4;4;0;4;1;0;4;4;0;4;1;0;3;3;0;3;1;0;5;4;1;5;0.8;0.2;5;4;1;5;0.8;0.2;3;3;0;3;1;0;1;1;0;1;1;0;5;4;1;5;0.8;0.2;4;4;0;4;1;0;4;4;0;4;1;0;4;3;1;4;0.75;0.25;5;2;3;5;0.4;0.6;30;2;1;30;0.066666667;0.033333333;18;2;1;18;0.111111111;0.055555556;NULL;NULL;NULL;NULL;NULL;NULL;21;2;2;21;0.095238095;0.095238095;35;4;0;35;0.114285714;0;26;4;0;26;0.153846154;0;No
Female;Yes;No;12;8;8;0;8;1;0;7;7;0;7;1;0;9;9;0;9;1;0;3;3;0;3;1;0;6;6;0;6;1;0;6;5;1;6;0.833333333;0.166666667;7;7;0;7;1;0;3;3;0;3;1;0;4;4;0;4;1;0;6;6;0;6;1;0;5;5;0;5;1;0;5;4;1;5;0.8;0.2;2;2;0;2;1;0;9;9;0;9;1;0;3;3;0;3;1;0;6;6;0;6;1;0;4;4;0;4;1;0;3;3;0;3;1;0;3;3;0;3;1;0;1;1;0;1;1;0;2;2;0;2;1;0;5;4;1;5;0.8;0.2;4;3;1;4;0.75;0.25;2;2;0;2;1;0;4;4;0;4;1;0;2;2;0;2;1;0;34;3;0;34;0.088235294;0;22;3;0;22;0.136363636;0;NULL;NULL;NULL;NULL;NULL;NULL;21;2;2;21;0.095238095;0.095238095;43;3;2;43;0.069767442;0.046511628;34;3;2;34;0.088235294;0.058823529;No
Female;Yes;No;12;7;7;0;7;1;0;8;8;0;8;1;0;8;8;0;8;1;0;3;3;0;3;1;0;7;7;0;7;1;0;3;3;0;3;1;0;3;3;0;3;1;0;6;6;0;6;1;0;4;4;0;4;1;0;8;8;0;8;1;0;4;4;0;4;1;0;4;4;0;4;1;0;5;5;0;5;1;0;7;7;0;7;1;0;4;4;0;4;1;0;6;6;0;6;1;0;5;5;0;5;1;0;5;5;0;5;1;0;2;2;0;2;1;0;2;0;2;2;0;1;1;1;0;1;1;0;5;5;0;5;1;0;5;5;0;5;1;0;4;4;0;4;1;0;4;4;0;4;1;0;4;3;1;4;0.75;0.25;2;0;0;2;0;0;26;3;1;26;0.115384615;0.038461538;NULL;NULL;NULL;NULL;NULL;NULL;21;2;2;21;0.095238095;0.095238095;60;2;8;60;0.033333333;0.133333333;49;2;8;49;0.040816327;0.163265306;No
Male;Yes;No;12;13;13;0;13;1;0;11;11;0;11;1;0;7;7;0;7;1;0;6;6;0;6;1;0;7;7;0;7;1;0;7;6;1;7;0.857142857;0.142857143;6;6;0;6;1;0;5;5;0;5;1;0;5;5;0;5;1;0;8;8;0;8;1;0;5;5;0;5;1;0;5;3;2;5;0.6;0.4;5;5;0;5;1;0;9;9;0;9;1;0;5;5;0;5;1;0;4;4;0;4;1;0;4;4;0;4;1;0;7;7;0;7;1;0;4;1;3;4;0.25;0.75;3;1;2;3;0.333333333;0.666666667;3;2;1;3;0.666666667;0.333333333;10;10;0;10;1;0;5;5;0;5;1;0;5;5;0;5;1;0;2;1;1;2;0.5;0.5;8;3;5;8;375;625;40;1;3;40;25;75;38;6;0;38;0.157894737;0;NULL;NULL;NULL;NULL;NULL;NULL;21;2;2;21;0.095238095;0.095238095;35;4;0;35;0.114285714;0;35;4;2;35;0.114285714;0.057142857;No
Female;Yes;No;12;8;8;0;8;1;0;9;9;0;9;1;0;7;7;0;7;1;0;4;4;0;4;1;0;7;6;1;7;0.857142857;0.142857143;5;1;4;5;0.2;0.8;6;6;0;6;1;0;6;4;2;6;0.666666667;0.333333333;4;4;0;4;1;0;8;8;0;8;1;0;5;5;0;5;1;0;3;3;0;3;1;0;7;4;3;7;0.571428571;0.428571429;10;10;0;10;1;0;6;6;0;6;1;0;5;5;0;5;1;0;6;6;0;6;1;0;5;5;0;5;1;0;4;4;0;4;1;0;5;2;3;5;0.4;0.6;5;1;4;5;0.2;0.8;5;5;0;5;1;0;5;5;0;5;1;0;4;4;0;4;1;0;3;3;0;3;1;0;10;7;3;10;0.7;0.3;42;4;0;42;0.095238095;0;38;5;1;38;0.131578947;0.026315789;NULL;NULL;NULL;NULL;NULL;NULL;21;3;1;21;0.142857143;0.047619048;35;4;0;35;0.114285714;0;26;4;0;26;0.153846154;0;No
Female;Yes;No;12;8;8;0;8;1;0;9;9;0;9;1;0;7;7;0;7;1;0;3;3;0;3;1;0;5;5;0;5;1;0;3;3;0;3;1;0;6;6;0;6;1;0;5;4;1;5;0.8;0.2;2;2;0;2;1;0;6;6;0;6;1;0;7;7;0;7;1;0;5;3;2;5;0.6;0.4;4;4;0;4;1;0;10;10;0;10;1;0;6;6;0;6;1;0;7;6;1;7;0.857142857;0.142857143;3;3;0;3;1;0;4;4;0;4;1;0;4;4;0;4;1;0;2;1;1;2;0.5;0.5;2;0;2;2;0;1;5;5;0;5;1;0;5;5;0;5;1;0;3;3;0;3;1;0;3;3;0;3;1;0;10;5;5;10;0.5;0.5;40;3;1;40;75;25;12;1;1;12;0.083333333;0.083333333;NULL;NULL;NULL;NULL;NULL;NULL;21;0;4;21;0;0.19047619;49;4;4;49;0.081632653;0.081632653;26;4;0;26;0.153846154;0;No
Male;Yes;No;12;2;0;2;2;0;1;5;5;0;5;1;0;6;6;0;6;1;0;5;0;5;5;0;1;4;1;3;4;0.25;0.75;7;6;1;7;0.857142857;0.142857143;5;5;0;5;1;0;5;4;1;5;0.8;0.2;8;2;6;8;0.25;0.75;7;7;0;7;1;0;4;3;1;4;0.75;0.25;3;3;0;3;1;0;5;0;5;5;0;1;8;8;0;8;1;0;4;3;1;4;0.75;0.25;6;3;3;6;0.5;0.5;7;3;4;7;0.428571429;0.571428571;8;5;3;8;625;375;11;0;11;11;0;1;9;4;5;9;0.444444444;0.555555556;14;2;12;14;0.142857143;0.857142857;7;2;5;7;0.285714286;0.714285714;9;7;2;9;0.777777778;0.222222222;22;8;14;22;0.363636364;0.636363636;11;3;8;11;0.272727273;0.727272727;9;4;5;9;0.444444444;0.555555556;56;2;3;56;0.035714286;0.053571429;50;0;7;50;0;0.14;NULL;NULL;NULL;NULL;NULL;NULL;21;1;3;21;0.047619048;0.142857143;88;2;14;88;0.022727273;0.159090909;101;1;24;101;0.00990099;0.237623762;No
Male;Yes;No;12;6;6;0;6;1;0;7;7;0;7;1;0;3;0;3;3;0;1;4;1;3;4;0.25;0.75;3;0;3;3;0;1;14;3;11;14;0.214285714;0.785714286;6;1;5;6;0.166666667;0.833333333;3;2;1;3;0.666666667;0.333333333;4;1;3;4;0.25;0.75;6;5;1;6;0.833333333;0.166666667;4;1;3;4;0.25;0.75;3;3;0;3;1;0;5;4;1;5;0.8;0.2;5;5;0;5;1;0;4;3;1;4;0.75;0.25;4;4;0;4;1;0;2;2;0;2;1;0;10;1;9;10;0.1;0.9;4;0;4;4;0;1;4;1;3;4;0.25;0.75;11;0;11;11;0;1;8;4;4;8;0.5;0.5;5;2;3;5;0.4;0.6;3;1;2;3;0.333333333;0.666666667;3;1;2;3;0.333333333;0.666666667;7;2;5;7;0.285714286;0.714285714;42;3;1;42;0.071428571;0.023809524;26;1;3;26;0.038461538;0.115384615;NULL;NULL;NULL;NULL;NULL;NULL;21;1;3;21;0.047619048;0.142857143;76;1;12;76;0.013157895;0.157894737;39;3;4;39;0.076923077;0.102564103;No
Male;Yes;Yes;12;12;12;0;12;1;0;10;10;0;10;1;0;7;7;0;7;1;0;3;3;0;3;1;0;5;5;0;5;1;0;3;3;0;3;1;0;4;4;0;4;1;0;3;3;0;3;1;0;2;2;0;2;1;0;7;7;0;7;1;0;5;5;0;5;1;0;5;4;1;5;0.8;0.2;4;3;1;4;0.75;0.25;9;9;0;9;1;0;4;4;0;4;1;0;5;4;1;5;0.8;0.2;6;5;1;6;0.833333333;0.166666667;2;0;2;2;0;1;3;2;1;3;0.666666667;0.333333333;4;2;2;4;0.5;0.5;5;2;3;5;0.4;0.6;4;2;2;4;0.5;0.5;6;5;1;6;0.833333333;0.166666667;4;3;1;4;0.75;0.25;3;2;1;3;0.666666667;0.333333333;7;7;0;7;1;0;36;2;1;36;0.055555556;0.027777778;24;2;1;24;0.083333333;0.041666667;NULL;NULL;NULL;NULL;NULL;NULL;21;1;3;21;0.047619048;0.142857143;49;3;4;49;0.06122449;0.081632653;72;1;16;72;0.013888889;0.222222222;No
Female;Yes;No;12;6;6;0;6;1;0;7;7;0;7;1;0;6;6;0;6;1;0;3;3;0;3;1;0;6;6;0;6;1;0;3;3;0;3;1;0;5;4;1;5;0.8;0.2;4;4;0;4;1;0;5;5;0;5;1;0;6;6;0;6;1;0;4;3;1;4;0.75;0.25;4;3;1;4;0.75;0.25;4;3;1;4;0.75;0.25;5;4;1;5;0.8;0.2;4;4;0;4;1;0;3;3;0;3;1;0;4;3;1;4;0.75;0.25;4;4;0;4;1;0;4;2;2;4;0.5;0.5;1;0;1;1;0;1;3;2;1;3;0.666666667;0.333333333;6;4;2;6;0.666666667;0.333333333;1;0;1;1;0;1;2;2;0;2;1;0;2;0;2;2;0;1;8;7;1;8;875;125;28;1;1;28;0.035714286;0.035714286;24;2;1;24;0.083333333;0.041666667;NULL;NULL;NULL;NULL;NULL;NULL;14;1;1;14;0.071428571;0.071428571;38;0;4;38;0;0.105263158;50;2;8;50;0.04;0.16;No
Female;Yes;No;12;3;1;2;3;0.333333333;0.666666667;6;6;0;6;1;0;6;5;1;6;0.833333333;0.166666667;2;1;1;2;0.5;0.5;6;6;0;6;1;0;5;5;0;5;1;0;4;4;0;4;1;0;8;7;1;8;875;125;3;3;0;3;1;0;7;7;0;7;1;0;4;4;0;4;1;0;5;5;0;5;1;0;4;3;1;4;0.75;0.25;7;7;0;7;1;0;5;5;0;5;1;0;4;4;0;4;1;0;4;4;0;4;1;0;4;4;0;4;1;0;2;2;0;2;1;0;6;6;0;6;1;0;2;2;0;2;1;0;7;7;0;7;1;0;4;3;1;4;0.75;0.25;6;6;0;6;1;0;7;3;4;7;0.428571429;0.571428571;10;7;3;10;0.7;0.3;8;0;0;8;0;0;26;4;0;26;0.153846154;0;NULL;NULL;NULL;NULL;NULL;NULL;21;0;4;21;0;0.19047619;44;2;2;44;0.045454545;0.045454545;26;4;0;26;0.153846154;0;No
Female;No;No;12;8;8;0;8;1;0;7;7;0;7;1;0;9;9;0;9;1;0;3;3;0;3;1;0;5;5;0;5;1;0;3;3;0;3;1;0;6;6;0;6;1;0;4;4;0;4;1;0;6;5;1;6;0.833333333;0.166666667;3;0;3;3;0;1;6;6;0;6;1;0;2;2;0;2;1;0;7;7;0;7;1;0;8;8;0;8;1;0;4;4;0;4;1;0;6;6;0;6;1;0;6;6;0;6;1;0;2;1;1;2;0.5;0.5;3;2;1;3;0.666666667;0.333333333;3;0;3;3;0;1;5;3;2;5;0.6;0.4;4;3;1;4;0.75;0.25;6;1;5;6;0.166666667;0.833333333;4;3;1;4;0.75;0.25;3;2;1;3;0.666666667;0.333333333;12;11;1;12;0.916666667;0.083333333;32;2;1;32;0.0625;0.03125;32;4;1;32;125;0.03125;NULL;NULL;NULL;NULL;NULL;NULL;21;3;1;21;0.142857143;0.047619048;61;1;8;61;0.016393443;0.131147541;50;2;8;50;0.04;0.16;No
Male;No;No;12;8;8;0;8;1;0;7;7;0;7;1;0;6;6;0;6;1;0;3;3;0;3;1;0;4;4;0;4;1;0;5;2;3;5;0.4;0.6;6;6;0;6;1;0;4;3;1;4;0.75;0.25;3;3;0;3;1;0;6;6;0;6;1;0;3;3;0;3;1;0;3;2;1;3;0.666666667;0.333333333;5;0;5;5;0;1;6;6;0;6;1;0;2;2;0;2;1;0;3;3;0;3;1;0;7;7;0;7;1;0;6;1;5;6;0.166666667;0.833333333;2;2;0;2;1;0;6;3;3;6;0.5;0.5;5;3;2;5;0.6;0.4;5;3;2;5;0.6;0.4;3;2;1;3;0.666666667;0.333333333;7;4;3;7;0.571428571;0.428571429;18;0;2;18;0;0.111111111;20;0;3;20;0;0.15;21;1;3;21;0.047619048;0.142857143;NULL;NULL;NULL;NULL;0;0;NULL;NULL;NULL;NULL;NULL;NULL;NULL;NULL;NULL;NULL;0;0;NULL;NULL;NULL;NULL;0;0;NULL;NULL;NULL;NULL;0;0;No
Male;Yes;No;12;8;8;0;8;1;0;7;7;0;7;1;0;7;7;0;7;1;0;3;2;1;3;0.666666667;0.333333333;5;5;0;5;1;0;3;3;0;3;1;0;5;4;1;5;0.8;0.2;5;5;0;5;1;0;4;3;1;4;0.75;0.25;5;5;0;5;1;0;3;3;0;3;1;0;4;3;1;4;0.75;0.25;6;5;1;6;0.833333333;0.166666667;10;9;1;10;0.9;0.1;4;4;0;4;1;0;4;3;1;4;0.75;0.25;7;6;1;7;0.857142857;0.142857143;4;0;4;4;0;1;3;2;1;3;0.666666667;0.333333333;5;1;4;5;0.2;0.8;4;0;4;4;0;1;4;3;1;4;0.75;0.25;8;6;2;8;0.75;0.25;4;3;1;4;0.75;0.25;4;4;0;4;1;0;6;3;3;6;0.5;0.5;48;2;2;48;0.041666667;0.041666667;32;2;3;32;0.0625;0.09375;NULL;NULL;NULL;NULL;NULL;NULL;21;2;2;21;0.095238095;0.095238095;59;3;6;59;0.050847458;0.101694915;45;3;6;45;0.066666667;0.133333333;No
Male;Yes;Yes;12;9;9;0;9;1;0;9;9;0;9;1;0;7;7;0;7;1;0;6;6;0;6;1;0;5;5;0;5;1;0;3;3;0;3;1;0;6;6;0;6;1;0;5;4;1;5;0.8;0.2;2;2;0;2;1;0;8;8;0;8;1;0;5;5;0;5;1;0;4;3;1;4;0.75;0.25;5;4;1;5;0.8;0.2;8;8;0;8;1;0;5;5;0;5;1;0;5;5;0;5;1;0;4;4;0;4;1;0;4;4;0;4;1;0;5;4;1;5;0.8;0.2;3;1;2;3;0.333333333;0.666666667;4;0;4;4;0;1;7;5;2;7;0.714285714;0.285714286;4;4;0;4;1;0;5;4;1;5;0.8;0.2;5;3;2;5;0.6;0.4;13;10;3;13;0.769230769;0.230769231;16;1;0;16;0.0625;0;24;3;0;24;125;0;NULL;NULL;NULL;NULL;NULL;NULL;21;2;2;21;0.095238095;0.095238095;73;3;10;73;0.04109589;0.136986301;63;2;10;63;0.031746032;0.158730159;No
Male;Yes;No;12;8;8;0;8;1;0;6;6;0;6;1;0;5;5;0;5;1;0;2;2;0;2;1;0;7;7;0;7;1;0;2;0;2;2;0;1;4;4;0;4;1;0;5;5;0;5;1;0;4;4;0;4;1;0;7;6;1;7;0.857142857;0.142857143;5;4;1;5;0.8;0.2;6;6;0;6;1;0;6;3;3;6;0.5;0.5;7;7;0;7;1;0;5;5;0;5;1;0;6;5;1;6;0.833333333;0.166666667;5;5;0;5;1;0;5;4;1;5;0.8;0.2;5;4;1;5;0.8;0.2;4;1;3;4;0.25;0.75;13;1;12;13;0.076923077;0.923076923;4;3;1;4;0.75;0.25;5;4;1;5;0.8;0.2;5;5;0;5;1;0;5;4;1;5;0.8;0.2;6;3;3;6;0.5;0.5;20;1;1;20;0.05;0.05;18;0;3;18;0;0.166666667;NULL;NULL;NULL;NULL;NULL;NULL;21;2;2;21;0.095238095;0.095238095;75;1;14;75;0.013333333;0.186666667;73;0;18;73;0;0.246575342;No
Male;Yes;No;12;3;3;0;3;1;0;8;8;0;8;1;0;7;7;0;7;1;0;4;4;0;4;1;0;5;5;0;5;1;0;4;3;1;4;0.75;0.25;4;4;0;4;1;0;6;6;0;6;1;0;3;3;0;3;1;0;7;7;0;7;1;0;4;3;1;4;0.75;0.25;5;5;0;5;1;0;7;4;3;7;0.571428571;0.428571429;10;10;0;10;1;0;5;5;0;5;1;0;4;4;0;4;1;0;4;4;0;4;1;0;3;3;0;3;1;0;6;0;6;6;0;1;3;0;3;3;0;1;3;0;3;3;0;1;5;4;1;5;0.8;0.2;4;4;0;4;1;0;4;4;0;4;1;0;4;3;1;4;0.75;0.25;7;7;0;7;1;0;40;4;0;40;0.1;0;10;0;1;10;0;0.1;NULL;NULL;NULL;NULL;NULL;NULL;17;1;2;17;0.058823529;0.117647059;45;4;2;45;0.088888889;0.044444444;52;1;12;52;0.019230769;0.230769231;No
Male;Yes;No;12;8;8;0;8;1;0;9;9;0;9;1;0;8;8;0;8;1;0;9;0;9;9;0;1;6;6;0;6;1;0;4;4;0;4;1;0;7;7;0;7;1;0;6;6;0;6;1;0;4;4;0;4;1;0;4;4;0;4;1;0;4;4;0;4;1;0;4;3;1;4;0.75;0.25;4;3;1;4;0.75;0.25;7;7;0;7;1;0;5;5;0;5;1;0;3;3;0;3;1;0;3;3;0;3;1;0;3;3;0;3;1;0;7;5;2;7;0.714285714;0.285714286;3;0;3;3;0;1;2;1;1;2;0.5;0.5;3;3;0;3;1;0;3;2;1;3;0.666666667;0.333333333;2;2;0;2;1;0;2;2;0;2;1;0;8;5;3;8;625;375;10;0;1;10;0;0.1;12;1;1;12;0.083333333;0.083333333;NULL;NULL;NULL;NULL;NULL;NULL;21;2;2;21;0.095238095;0.095238095;47;0;6;47;0;0.127659574;41;2;6;41;0.048780488;0.146341463;No
Female;Yes;No;12;8;8;0;8;1;0;7;7;0;7;1;0;7;7;0;7;1;0;1;1;0;1;1;0;8;7;1;8;875;125;4;4;0;4;1;0;5;5;0;5;1;0;5;5;0;5;1;0;5;5;0;5;1;0;6;6;0;6;1;0;4;3;1;4;0.75;0.25;6;6;0;6;1;0;4;2;2;4;0.5;0.5;10;10;0;10;1;0;1;1;0;1;1;0;5;5;0;5;1;0;3;3;0;3;1;0;4;1;3;4;0.25;0.75;4;4;0;4;1;0;3;0;3;3;0;1;3;2;1;3;0.666666667;0.333333333;7;6;1;7;0.857142857;0.142857143;6;6;0;6;1;0;6;6;0;6;1;0;5;5;0;5;1;0;12;11;1;12;0.916666667;0.083333333;18;2;0;18;0.111111111;0;46;5;1;46;0.108695652;0.02173913;NULL;NULL;NULL;NULL;NULL;NULL;21;1;3;21;0.047619048;0.142857143;46;4;2;46;0.086956522;0.043478261;50;2;8;50;0.04;0.16;No
Female;Yes;No;12;10;10;0;10;1;0;11;11;0;11;1;0;9;9;0;9;1;0;9;9;0;9;1;0;4;4;0;4;1;0;3;2;1;3;0.666666667;0.333333333;6;6;0;6;1;0;3;3;0;3;1;0;5;5;0;5;1;0;12;12;0;12;1;0;6;5;1;6;0.833333333;0.166666667;3;3;0;3;1;0;6;6;0;6;1;0;11;11;0;11;1;0;6;5;1;6;0.833333333;0.166666667;7;7;0;7;1;0;7;7;0;7;1;0;6;6;0;6;1;0;5;3;2;5;0.6;0.4;1;1;0;1;1;0;3;3;0;3;1;0;5;4;1;5;0.8;0.2;5;5;0;5;1;0;4;4;0;4;1;0;4;4;0;4;1;0;2;2;0;2;1;0;18;2;0;18;0.111111111;0;32;5;0;32;0.15625;0;NULL;NULL;NULL;NULL;NULL;NULL;21;2;2;21;0.095238095;0.095238095;35;4;0;35;0.114285714;0;45;3;6;45;0.066666667;0.133333333;No
Male;Yes;Yes;12;8;8;0;8;1;0;9;9;0;9;1;0;7;5;2;7;0.714285714;0.285714286;4;4;0;4;1;0;2;2;0;2;1;0;3;3;0;3;1;0;1;1;0;1;1;0;5;4;1;5;0.8;0.2;2;2;0;2;1;0;3;0;3;3;0;1;5;5;0;5;1;0;4;4;0;4;1;0;7;4;3;7;0.571428571;0.428571429;9;9;0;9;1;0;3;3;0;3;1;0;3;3;0;3;1;0;3;3;0;3;1;0;3;2;1;3;0.666666667;0.333333333;4;3;1;4;0.75;0.25;1;1;0;1;1;0;6;1;5;6;0.166666667;0.833333333;6;6;0;6;1;0;5;5;0;5;1;0;4;4;0;4;1;0;5;3;2;5;0.6;0.4;8;5;3;8;625;375;30;2;1;30;0.066666667;0.033333333;18;2;1;18;0.111111111;0.055555556;NULL;NULL;NULL;NULL;NULL;NULL;21;0;4;21;0;0.19047619;35;4;0;35;0.114285714;0;58;2;8;58;0.034482759;0.137931034;No
Female;Yes;No;12;10;10;0;10;1;0;9;8;1;9;0.888888889;0.111111111;6;6;0;6;1;0;4;4;0;4;1;0;5;4;1;5;0.8;0.2;5;5;0;5;1;0;4;4;0;4;1;0;3;3;0;3;1;0;2;2;0;2;1;0;5;5;0;5;1;0;5;3;2;5;0.6;0.4;5;4;1;5;0.8;0.2;7;5;2;7;0.714285714;0.285714286;9;9;0;9;1;0;5;5;0;5;1;0;4;2;2;4;0.5;0.5;6;6;0;6;1;0;5;3;2;5;0.6;0.4;5;5;0;5;1;0;4;1;3;4;0.25;0.75;3;2;1;3;0.666666667;0.333333333;8;6;2;8;0.75;0.25;7;6;1;7;0.857142857;0.142857143;6;6;0;6;1;0;7;6;1;7;0.857142857;0.142857143;14;12;2;14;0.857142857;0.142857143;36;2;1;36;0.055555556;0.027777778;32;4;1;32;125;0.03125;NULL;NULL;NULL;NULL;NULL;NULL;21;3;1;21;0.142857143;0.047619048;35;4;0;35;0.114285714;0;26;4;0;26;0.153846154;0;No
Male;Yes;No;12;8;8;0;8;1;0;10;10;0;10;1;0;7;7;0;7;1;0;4;3;1;4;0.75;0.25;2;1;1;2;0.5;0.5;4;0;4;4;0;1;0;0;0;0;0;0;5;5;0;5;1;0;4;4;0;4;1;0;8;6;2;8;0.75;0.25;5;4;1;5;0.8;0.2;4;4;0;4;1;0;5;4;1;5;0.8;0.2;9;9;0;9;1;0;4;4;0;4;1;0;4;4;0;4;1;0;3;2;1;3;0.666666667;0.333333333;5;4;1;5;0.8;0.2;5;3;2;5;0.6;0.4;3;2;1;3;0.666666667;0.333333333;2;2;0;2;1;0;8;4;4;8;0.5;0.5;7;5;2;7;0.714285714;0.285714286;6;6;0;6;1;0;6;5;1;6;0.833333333;0.166666667;16;13;3;16;0.8125;0.1875;58;4;1;58;0.068965517;0.017241379;42;3;3;42;0.071428571;0.071428571;NULL;NULL;NULL;NULL;NULL;NULL;21;1;3;21;0.047619048;0.142857143;72;3;8;72;0.041666667;0.111111111;97;2;18;97;0.020618557;0.18556701;No
Male;Yes;No;12;10;10;0;10;1;0;9;9;0;9;1;0;9;9;0;9;1;0;2;2;0;2;1;0;6;5;1;6;0.833333333;0.166666667;4;3;1;4;0.75;0.25;4;4;0;4;1;0;3;2;1;3;0.666666667;0.333333333;4;2;2;4;0.5;0.5;6;6;0;6;1;0;1;1;0;1;1;0;5;5;0;5;1;0;3;3;0;3;1;0;8;8;0;8;1;0;6;5;1;6;0.833333333;0.166666667;5;5;0;5;1;0;4;4;0;4;1;0;4;4;0;4;1;0;4;0;4;4;0;1;3;1;2;3;0.333333333;0.666666667;4;1;3;4;0.25;0.75;5;3;2;5;0.6;0.4;5;5;0;5;1;0;3;2;1;3;0.666666667;0.333333333;5;4;1;5;0.8;0.2;16;15;1;16;0.9375;0.0625;62;6;0;62;0.096774194;0;18;3;0;18;0.166666667;0;NULL;NULL;NULL;NULL;NULL;NULL;21;3;1;21;0.142857143;0.047619048;35;4;0;35;0.114285714;0;89;2;16;89;0.02247191;0.179775281;No
Female;Yes;No;12;11;11;0;11;1;0;11;11;0;11;1;0;7;7;0;7;1;0;3;3;0;3;1;0;8;8;0;8;1;0;3;2;1;3;0.666666667;0.333333333;5;5;0;5;1;0;9;8;1;9;0.888888889;0.111111111;3;3;0;3;1;0;9;8;1;9;0.888888889;0.111111111;4;3;1;4;0.75;0.25;3;3;0;3;1;0;7;7;0;7;1;0;8;8;0;8;1;0;5;5;0;5;1;0;7;5;2;7;0.714285714;0.285714286;4;4;0;4;1;0;4;4;0;4;1;0;5;4;1;5;0.8;0.2;4;2;2;4;0.5;0.5;8;1;7;8;125;875;8;3;5;8;375;625;8;6;2;8;0.75;0.25;4;4;0;4;1;0;5;5;0;5;1;0;13;10;3;13;0.769230769;0.230769231;58;3;2;58;0.051724138;0.034482759;38;5;1;38;0.131578947;0.026315789;NULL;NULL;NULL;NULL;NULL;NULL;21;1;3;21;0.047619048;0.142857143;75;3;8;75;0.04;0.106666667;66;3;10;66;0.045454545;0.151515152;No
Male;Yes;No;12;11;11;0;11;1;0;12;12;0;12;1;0;5;5;0;5;1;0;3;3;0;3;1;0;5;5;0;5;1;0;6;5;1;6;0.833333333;0.166666667;1;0;1;1;0;1;3;3;0;3;1;0;1;0;1;1;0;1;4;1;3;4;0.25;0.75;4;3;1;4;0.75;0.25;0;0;0;0;0;0;7;6;1;7;0.857142857;0.142857143;11;11;0;11;1;0;6;6;0;6;1;0;6;5;1;6;0.833333333;0.166666667;5;5;0;5;1;0;2;0;2;2;0;1;3;2;1;3;0.666666667;0.333333333;3;2;1;3;0.666666667;0.333333333;5;0;5;5;0;1;5;5;0;5;1;0;7;4;3;7;0.571428571;0.428571429;6;5;1;6;0.833333333;0.166666667;6;5;1;6;0.833333333;0.166666667;11;7;4;11;0.636363636;0.363636364;20;0;2;20;0;0.1;32;3;2;32;0.09375;0.0625;NULL;NULL;NULL;NULL;NULL;NULL;21;2;2;21;0.095238095;0.095238095;60;1;8;60;0.016666667;0.133333333;102;1;24;102;0.009803922;0.235294118;No
Female;Yes;No;12;11;11;0;11;1;0;12;12;0;12;1;0;5;5;0;5;1;0;5;5;0;5;1;0;5;5;0;5;1;0;4;4;0;4;1;0;3;3;0;3;1;0;6;6;0;6;1;0;3;0;3;3;0;1;5;5;0;5;1;0;5;0;5;5;0;1;7;6;1;7;0.857142857;0.142857143;5;3;2;5;0.6;0.4;9;9;0;9;1;0;7;6;1;7;0.857142857;0.142857143;3;2;1;3;0.666666667;0.333333333;5;3;2;5;0.6;0.4;5;2;3;5;0.4;0.6;6;2;4;6;0.333333333;0.666666667;4;1;3;4;0.25;0.75;5;1;4;5;0.2;0.8;4;3;1;4;0.75;0.25;10;5;5;10;0.5;0.5;17;9;8;17;0.529411765;0.470588235;60;11;49;60;0.183333333;0.816666667;10;5;5;10;0.5;0.5;34;2;1;34;0.058823529;0.029411765;34;2;3;34;0.058823529;0.088235294;NULL;NULL;NULL;NULL;NULL;NULL;21;1;3;21;0.047619048;0.142857143;75;4;8;75;0.053333333;0.106666667;171;2;46;171;0.011695906;0.269005848;No
Male;Yes;No;12;10;10;0;10;1;0;11;11;0;11;1;0;9;9;0;9;1;0;3;3;0;3;1;0;3;0;3;3;0;1;6;5;1;6;0.833333333;0.166666667;6;6;0;6;1;0;3;3;0;3;1;0;4;4;0;4;1;0;7;7;0;7;1;0;4;3;1;4;0.75;0.25;5;4;1;5;0.8;0.2;1;1;0;1;1;0;8;7;1;8;875;125;6;6;0;6;1;0;6;6;0;6;1;0;6;4;2;6;0.666666667;0.333333333;5;4;1;5;0.8;0.2;8;2;6;8;0.25;0.75;3;0;3;3;0;1;7;2;5;7;0.285714286;0.714285714;7;6;1;7;0.857142857;0.142857143;5;4;1;5;0.8;0.2;5;4;1;5;0.8;0.2;4;2;2;4;0.5;0.5;6;2;4;6;0.333333333;0.666666667;40;1;3;40;25;75;32;1;4;32;0.03125;125;NULL;NULL;NULL;NULL;NULL;NULL;21;0;4;21;0;0.19047619;64;3;6;64;0.046875;0.09375;136;1;30;136;0.007352941;0.220588235;No
Female;Yes;No;12;8;5;3;8;625;375;15;9;6;15;0.6;0.4;8;7;1;8;875;125;6;6;0;6;1;0;3;0;3;3;0;1;4;3;1;4;0.75;0.25;7;5;2;7;0.714285714;0.285714286;4;4;0;4;1;0;1;1;0;1;1;0;3;0;3;3;0;1;3;0;3;3;0;1;7;4;3;7;0.571428571;0.428571429;4;2;2;4;0.5;0.5;11;9;2;11;0.818181818;0.181818182;4;4;0;4;1;0;4;4;0;4;1;0;7;7;0;7;1;0;5;5;0;5;1;0;4;0;4;4;0;1;4;0;4;4;0;1;0;0;0;0;0;0;6;4;2;6;0.666666667;0.333333333;8;5;3;8;625;375;2;0;2;2;0;1;5;5;0;5;1;0;7;5;2;7;0.714285714;0.285714286;22;1;1;22;0.045454545;0.045454545;18;1;2;18;0.055555556;0.111111111;NULL;NULL;NULL;NULL;NULL;NULL;21;0;4;21;0;0.19047619;81;1;14;81;0.012345679;0.172839506;57;1;14;57;0.01754386;0.245614035;No
Female;Yes;No;12;12;11;1;12;0.916666667;0.083333333;12;12;0;12;1;0;9;9;0;9;1;0;4;4;0;4;1;0;5;5;0;5;1;0;5;3;2;5;0.6;0.4;4;4;0;4;1;0;5;2;3;5;0.4;0.6;5;4;1;5;0.8;0.2;7;7;0;7;1;0;5;3;2;5;0.6;0.4;4;4;0;4;1;0;4;3;1;4;0.75;0.25;7;7;0;7;1;0;6;6;0;6;1;0;5;5;0;5;1;0;6;6;0;6;1;0;5;4;1;5;0.8;0.2;5;3;2;5;0.6;0.4;5;0;5;5;0;1;4;0;4;4;0;1;8;5;3;8;625;375;6;6;0;6;1;0;4;2;2;4;0.5;0.5;5;4;1;5;0.8;0.2;9;6;3;9;0.666666667;0.333333333;34;2;1;34;0.058823529;0.029411765;18;2;1;18;0.111111111;0.055555556;NULL;NULL;NULL;NULL;NULL;NULL;21;2;2;21;0.095238095;0.095238095;59;3;6;59;0.050847458;0.101694915;108;1;26;108;0.009259259;0.240740741;No
Female;Yes;No;12;13;13;0;13;1;0;10;10;0;10;1;0;6;6;0;6;1;0;5;4;1;5;0.8;0.2;7;7;0;7;1;0;4;3;1;4;0.75;0.25;4;3;1;4;0.75;0.25;6;6;0;6;1;0;1;1;0;1;1;0;8;8;0;8;1;0;6;6;0;6;1;0;6;5;1;6;0.833333333;0.166666667;6;5;1;6;0.833333333;0.166666667;9;9;0;9;1;0;5;5;0;5;1;0;7;6;1;7;0.857142857;0.142857143;6;6;0;6;1;0;6;6;0;6;1;0;6;4;2;6;0.666666667;0.333333333;3;2;1;3;0.666666667;0.333333333;2;1;1;2;0.5;0.5;5;3;2;5;0.6;0.4;7;7;0;7;1;0;6;4;2;6;0.666666667;0.333333333;6;6;0;6;1;0;10;5;5;10;0.5;0.5;38;2;1;38;0.052631579;0.026315789;26;4;0;26;0.153846154;0;NULL;NULL;NULL;NULL;NULL;NULL;21;2;2;21;0.095238095;0.095238095;35;4;0;35;0.114285714;0;48;3;6;48;0.0625;125;No
Female;Yes;No;12;9;9;0;9;1;0;7;7;0;7;1;0;9;9;0;9;1;0;4;4;0;4;1;0;5;5;0;5;1;0;5;5;0;5;1;0;8;8;0;8;1;0;5;4;1;5;0.8;0.2;2;2;0;2;1;0;7;7;0;7;1;0;4;4;0;4;1;0;6;5;1;6;0.833333333;0.166666667;7;6;1;7;0.857142857;0.142857143;10;10;0;10;1;0;5;5;0;5;1;0;5;5;0;5;1;0;4;4;0;4;1;0;0;0;0;0;0;0;4;3;1;4;0.75;0.25;6;4;2;6;0.666666667;0.333333333;6;2;4;6;0.333333333;0.666666667;4;2;2;4;0.5;0.5;7;6;1;7;0.857142857;0.142857143;6;6;0;6;1;0;6;5;1;6;0.833333333;0.166666667;13;11;2;13;0.846153846;0.153846154;46;1;3;46;0.02173913;0.065217391;32;4;1;32;125;0.03125;NULL;NULL;NULL;NULL;NULL;NULL;21;2;2;21;0.095238095;0.095238095;56;3;4;56;0.053571429;0.071428571;47;3;6;47;0.063829787;0.127659574;No
Male;Yes;No;12;0;0;0;0;0;0;7;6;1;7;0.857142857;0.142857143;2;2;0;2;1;0;2;2;0;2;1;0;3;3;0;3;1;0;4;2;2;4;0.5;0.5;5;5;0;5;1;0;5;5;0;5;1;0;3;3;0;3;1;0;8;8;0;8;1;0;4;4;0;4;1;0;2;1;1;2;0.5;0.5;3;3;0;3;1;0;8;8;0;8;1;0;6;6;0;6;1;0;7;7;0;7;1;0;5;5;0;5;1;0;4;0;4;4;0;1;1;1;0;1;1;0;4;0;4;4;0;1;6;1;5;6;0.166666667;0.833333333;5;4;1;5;0.8;0.2;7;5;2;7;0.714285714;0.285714286;4;4;0;4;1;0;5;4;1;5;0.8;0.2;12;11;1;12;0.916666667;0.083333333;40;2;2;40;0.05;0.05;26;3;1;26;0.115384615;0.038461538;NULL;NULL;NULL;NULL;NULL;NULL;21;2;2;21;0.095238095;0.095238095;35;4;0;35;0.114285714;0;74;2;14;74;0.027027027;0.189189189;No
Male;Yes;No;12;2;2;0;2;1;0;7;6;1;7;0.857142857;0.142857143;4;4;0;4;1;0;5;5;0;5;1;0;4;4;0;4;1;0;4;4;0;4;1;0;4;4;0;4;1;0;0;0;0;0;0;0;2;2;0;2;1;0;4;4;0;4;1;0;0;0;0;0;0;0;0;0;0;0;0;0;5;5;0;5;1;0;5;5;0;5;1;0;3;3;0;3;1;0;3;3;0;3;1;0;0;0;0;0;0;0;4;4;0;4;1;0;2;2;0;2;1;0;3;2;1;3;0.666666667;0.333333333;0;0;0;0;0;0;2;2;0;2;1;0;3;3;0;3;1;0;5;5;0;5;1;0;6;6;0;6;1;0;3;2;1;3;0.666666667;0.333333333;0;0;0;0;0;0;6;0;1;6;0;0.166666667;NULL;NULL;NULL;NULL;NULL;NULL;21;3;1;21;0.142857143;0.047619048;35;4;0;35;0.114285714;0;35;4;2;35;0.114285714;0.057142857;No
Female;Yes;No;12;9;2;7;9;0.222222222;0.777777778;12;12;0;12;1;0;9;9;0;9;1;0;4;4;0;4;1;0;7;6;1;7;0.857142857;0.142857143;5;4;1;5;0.8;0.2;5;5;0;5;1;0;6;6;0;6;1;0;4;4;0;4;1;0;8;8;0;8;1;0;5;5;0;5;1;0;5;4;1;5;0.8;0.2;4;4;0;4;1;0;11;11;0;11;1;0;7;7;0;7;1;0;6;5;1;6;0.833333333;0.166666667;5;5;0;5;1;0;5;5;0;5;1;0;5;3;2;5;0.6;0.4;4;1;3;4;0.25;0.75;5;3;2;5;0.6;0.4;7;5;2;7;0.714285714;0.285714286;8;8;0;8;1;0;6;6;0;6;1;0;5;5;0;5;1;0;8;5;3;8;625;375;40;2;2;40;0.05;0.05;32;4;1;32;125;0.03125;NULL;NULL;NULL;NULL;NULL;NULL;21;3;1;21;0.142857143;0.047619048;45;4;2;45;0.088888889;0.044444444;53;4;6;53;0.075471698;0.113207547;No
Male;Yes;Yes;12;12;12;0;12;1;0;10;9;1;10;0.9;0.1;8;8;0;8;1;0;4;4;0;4;1;0;5;5;0;5;1;0;3;1;2;3;0.333333333;0.666666667;2;2;0;2;1;0;6;5;1;6;0.833333333;0.166666667;2;2;0;2;1;0;7;7;0;7;1;0;1;1;0;1;1;0;3;3;0;3;1;0;4;2;2;4;0.5;0.5;9;9;0;9;1;0;3;3;0;3;1;0;4;4;0;4;1;0;6;5;1;6;0.833333333;0.166666667;3;3;0;3;1;0;6;1;5;6;0.166666667;0.833333333;3;1;2;3;0.333333333;0.666666667;3;0;3;3;0;1;6;6;0;6;1;0;4;2;2;4;0.5;0.5;3;3;0;3;1;0;3;3;0;3;1;0;5;2;3;5;0.4;0.6;34;2;1;34;0.058823529;0.029411765;18;2;1;18;0.111111111;0.055555556;NULL;NULL;NULL;NULL;NULL;NULL;21;2;2;21;0.095238095;0.095238095;35;4;0;35;0.114285714;0;81;3;14;81;0.037037037;0.172839506;No
Male;Yes;No;12;9;9;0;9;1;0;10;10;0;10;1;0;4;4;0;4;1;0;2;2;0;2;1;0;3;3;0;3;1;0;4;3;1;4;0.75;0.25;5;3;2;5;0.6;0.4;6;5;1;6;0.833333333;0.166666667;4;4;0;4;1;0;7;7;0;7;1;0;2;1;1;2;0.5;0.5;4;3;1;4;0.75;0.25;4;1;3;4;0.25;0.75;8;8;0;8;1;0;4;4;0;4;1;0;4;4;0;4;1;0;4;4;0;4;1;0;6;5;1;6;0.833333333;0.166666667;3;2;1;3;0.666666667;0.333333333;5;2;3;5;0.4;0.6;5;3;2;5;0.6;0.4;5;4;1;5;0.8;0.2;5;4;1;5;0.8;0.2;3;3;0;3;1;0;4;3;1;4;0.75;0.25;9;7;2;9;0.777777778;0.222222222;40;2;2;40;0.05;0.05;32;3;2;32;0.09375;0.0625;NULL;NULL;NULL;NULL;NULL;NULL;21;2;2;21;0.095238095;0.095238095;57;4;4;57;0.070175439;0.070175439;59;3;8;59;0.050847458;0.13559322;No
Female;Yes;No;12;9;9;0;9;1;0;9;9;0;9;1;0;5;5;0;5;1;0;5;5;0;5;1;0;4;4;0;4;1;0;6;6;0;6;1;0;2;2;0;2;1;0;5;5;0;5;1;0;1;1;0;1;1;0;8;8;0;8;1;0;4;4;0;4;1;0;6;5;1;6;0.833333333;0.166666667;6;6;0;6;1;0;8;8;0;8;1;0;6;6;0;6;1;0;6;5;1;6;0.833333333;0.166666667;5;5;0;5;1;0;4;4;0;4;1;0;4;3;1;4;0.75;0.25;5;2;3;5;0.4;0.6;7;1;6;7;0.142857143;0.857142857;7;7;0;7;1;0;7;7;0;7;1;0;6;6;0;6;1;0;6;5;1;6;0.833333333;0.166666667;14;13;1;14;0.928571429;0.071428571;40;3;1;40;75;25;24;3;0;24;125;0;NULL;NULL;NULL;NULL;NULL;NULL;21;3;1;21;0.142857143;0.047619048;68;4;6;68;0.058823529;0.088235294;99;2;18;99;0.02020202;0.181818182;No
Male;Yes;No;12;14;14;0;14;1;0;12;12;0;12;1;0;4;3;1;4;0.75;0.25;4;4;0;4;1;0;11;1;10;11;0.090909091;0.909090909;4;4;0;4;1;0;5;5;0;5;1;0;6;5;1;6;0.833333333;0.166666667;2;1;1;2;0.5;0.5;31;11;20;31;0.35483871;0.64516129;49;4;45;49;0.081632653;0.918367347;5;2;3;5;0.4;0.6;6;5;1;6;0.833333333;0.166666667;9;9;0;9;1;0;2;2;0;2;1;0;6;6;0;6;1;0;8;4;4;8;0.5;0.5;36;5;31;36;0.138888889;0.861111111;40;5;35;40;125;875;17;1;16;17;0.058823529;0.941176471;3;2;1;3;0.666666667;0.333333333;6;5;1;6;0.833333333;0.166666667;5;5;0;5;1;0;3;3;0;3;1;0;4;3;1;4;0.75;0.25;10;3;7;10;0.3;0.7;20;1;1;20;0.05;0.05;26;3;1;26;0.115384615;0.038461538;NULL;NULL;NULL;NULL;NULL;NULL;21;1;3;21;0.047619048;0.142857143;46;4;2;46;0.086956522;0.043478261;149;2;32;149;0.013422819;0.214765101;No
Female;Yes;No;12;10;10;0;10;1;0;7;7;0;7;1;0;6;6;0;6;1;0;5;5;0;5;1;0;8;7;1;8;875;125;5;3;2;5;0.6;0.4;6;6;0;6;1;0;6;5;1;6;0.833333333;0.166666667;2;2;0;2;1;0;7;7;0;7;1;0;3;2;1;3;0.666666667;0.333333333;0;0;0;0;0;0;8;8;0;8;1;0;8;8;0;8;1;0;8;8;0;8;1;0;5;5;0;5;1;0;5;3;2;5;0.6;0.4;3;3;0;3;1;0;4;2;2;4;0.5;0.5;4;3;1;4;0.75;0.25;3;0;3;3;0;1;8;7;1;8;875;125;6;4;2;6;0.666666667;0.333333333;8;8;0;8;1;0;7;6;1;7;0.857142857;0.142857143;11;3;8;11;0.272727273;0.727272727;58;5;0;58;0.086206897;0;32;5;0;32;0.15625;0;NULL;NULL;NULL;NULL;NULL;NULL;21;3;1;21;0.142857143;0.047619048;33;3;0;33;0.090909091;0;24;3;0;24;125;0;No
Female;Yes;No;12;7;7;0;7;1;0;9;9;0;9;1;0;7;7;0;7;1;0;6;6;0;6;1;0;6;6;0;6;1;0;6;6;0;6;1;0;6;6;0;6;1;0;7;7;0;7;1;0;3;3;0;3;1;0;2;1;1;2;0.5;0.5;5;5;0;5;1;0;6;6;0;6;1;0;3;3;0;3;1;0;9;9;0;9;1;0;4;4;0;4;1;0;4;4;0;4;1;0;7;6;1;7;0.857142857;0.142857143;1;1;0;1;1;0;1;0;1;1;0;1;3;3;0;3;1;0;3;2;1;3;0.666666667;0.333333333;8;7;1;8;875;125;9;8;1;9;0.888888889;0.111111111;6;5;1;6;0.833333333;0.166666667;9;9;0;9;1;0;14;12;2;14;0.857142857;0.142857143;30;1;2;30;0.033333333;0.066666667;18;2;1;18;0.111111111;0.055555556;NULL;NULL;NULL;NULL;NULL;NULL;21;3;1;21;0.142857143;0.047619048;35;4;0;35;0.114285714;0;43;3;4;43;0.069767442;0.093023256;No
Female;Yes;No;12;10;10;0;10;1;0;11;11;0;11;1;0;2;0;2;2;0;1;5;5;0;5;1;0;7;7;0;7;1;0;4;4;0;4;1;0;6;6;0;6;1;0;2;0;2;2;0;1;3;3;0;3;1;0;7;7;0;7;1;0;6;0;6;6;0;1;5;5;0;5;1;0;9;5;4;9;0.555555556;0.444444444;9;9;0;9;1;0;7;7;0;7;1;0;7;7;0;7;1;0;5;3;2;5;0.6;0.4;5;4;1;5;0.8;0.2;4;4;0;4;1;0;3;1;2;3;0.333333333;0.666666667;3;0;3;3;0;1;7;6;1;7;0.857142857;0.142857143;8;7;1;8;875;125;7;7;0;7;1;0;10;7;3;10;0.7;0.3;10;8;2;10;0.8;0.2;34;2;1;34;0.058823529;0.029411765;34;3;1;34;0.088235294;0.029411765;NULL;NULL;NULL;NULL;NULL;NULL;21;2;2;21;0.095238095;0.095238095;64;4;6;64;0.0625;0.09375;50;4;8;50;0.08;0.16;No
Female;Yes;No;12;9;9;0;9;1;0;9;9;0;9;1;0;7;7;0;7;1;0;4;4;0;4;1;0;5;5;0;5;1;0;5;5;0;5;1;0;3;3;0;3;1;0;4;4;0;4;1;0;3;3;0;3;1;0;5;5;0;5;1;0;4;4;0;4;1;0;3;3;0;3;1;0;5;5;0;5;1;0;8;8;0;8;1;0;5;5;0;5;1;0;4;4;0;4;1;0;6;6;0;6;1;0;5;5;0;5;1;0;4;3;1;4;0.75;0.25;2;2;0;2;1;0;1;0;1;1;0;1;5;4;1;5;0.8;0.2;5;5;0;5;1;0;7;7;0;7;1;0;7;7;0;7;1;0;12;11;1;12;0.916666667;0.083333333;36;3;0;36;0.083333333;0;30;4;0;30;0.133333333;0;NULL;NULL;NULL;NULL;NULL;NULL;21;4;0;21;0.19047619;0;35;4;0;35;0.114285714;0;59;3;10;59;0.050847458;0.169491525;No
Female;Yes;No;12;11;11;0;11;1;0;11;11;0;11;1;0;7;7;0;7;1;0;8;1;7;8;125;875;5;5;0;5;1;0;5;4;1;5;0.8;0.2;7;6;1;7;0.857142857;0.142857143;5;5;0;5;1;0;5;4;1;5;0.8;0.2;8;7;1;8;875;125;5;1;4;5;0.2;0.8;4;3;1;4;0.75;0.25;3;3;0;3;1;0;1;1;0;1;1;0;8;7;1;8;875;125;6;6;0;6;1;0;7;7;0;7;1;0;6;6;0;6;1;0;6;5;1;6;0.833333333;0.166666667;8;2;6;8;0.25;0.75;8;0;8;8;0;1;7;4;3;7;0.571428571;0.428571429;5;5;0;5;1;0;6;4;2;6;0.666666667;0.333333333;8;6;2;8;0.75;0.25;7;1;6;7;0.142857143;0.857142857;52;3;2;52;0.057692308;0.038461538;18;2;1;18;0.111111111;0.055555556;NULL;NULL;NULL;NULL;NULL;NULL;21;2;2;21;0.095238095;0.095238095;35;4;0;35;0.114285714;0;42;2;8;42;0.047619048;0.19047619;No
Male;Yes;No;12;10;10;0;10;1;0;9;9;0;9;1;0;6;5;1;6;0.833333333;0.166666667;3;2;1;3;0.666666667;0.333333333;2;2;0;2;1;0;3;3;0;3;1;0;4;4;0;4;1;0;3;3;0;3;1;0;1;1;0;1;1;0;8;0;8;8;0;1;3;2;1;3;0.666666667;0.333333333;4;4;0;4;1;0;3;2;1;3;0.666666667;0.333333333;10;10;0;10;1;0;0;0;0;0;0;0;5;5;0;5;1;0;7;4;3;7;0.571428571;0.428571429;2;2;0;2;1;0;7;5;2;7;0.714285714;0.285714286;5;4;1;5;0.8;0.2;3;0;3;3;0;1;5;4;1;5;0.8;0.2;8;7;1;8;875;125;4;4;0;4;1;0;5;4;1;5;0.8;0.2;7;7;0;7;1;0;32;2;1;32;0.0625;0.03125;38;4;2;38;0.105263158;0.052631579;NULL;NULL;NULL;NULL;NULL;NULL;21;1;3;21;0.047619048;0.142857143;47;3;4;47;0.063829787;0.085106383;77;2;14;77;0.025974026;0.181818182;No
Male;Yes;No;12;9;9;0;9;1;0;10;10;0;10;1;0;10;9;1;10;0.9;0.1;2;2;0;2;1;0;5;2;3;5;0.4;0.6;5;4;1;5;0.8;0.2;6;5;1;6;0.833333333;0.166666667;4;4;0;4;1;0;6;6;0;6;1;0;8;7;1;8;875;125;7;5;2;7;0.714285714;0.285714286;5;4;1;5;0.8;0.2;4;2;2;4;0.5;0.5;10;10;0;10;1;0;4;4;0;4;1;0;7;6;1;7;0.857142857;0.142857143;5;5;0;5;1;0;4;4;0;4;1;0;6;5;1;6;0.833333333;0.166666667;5;1;4;5;0.2;0.8;1;0;1;1;0;1;6;4;2;6;0.666666667;0.333333333;4;3;1;4;0.75;0.25;2;1;1;2;0.5;0.5;6;5;1;6;0.833333333;0.166666667;3;1;2;3;0.333333333;0.666666667;30;2;1;30;0.066666667;0.033333333;12;1;1;12;0.083333333;0.083333333;NULL;NULL;NULL;NULL;NULL;NULL;21;1;3;21;0.047619048;0.142857143;54;3;4;54;0.055555556;0.074074074;26;4;0;26;0.153846154;0;No
Female;Yes;No;12;10;10;0;10;1;0;10;10;0;10;1;0;8;8;0;8;1;0;3;3;0;3;1;0;6;6;0;6;1;0;4;4;0;4;1;0;8;8;0;8;1;0;4;4;0;4;1;0;4;4;0;4;1;0;7;7;0;7;1;0;4;4;0;4;1;0;4;4;0;4;1;0;3;2;1;3;0.666666667;0.333333333;9;9;0;9;1;0;8;8;0;8;1;0;5;5;0;5;1;0;6;6;0;6;1;0;5;3;2;5;0.6;0.4;6;4;2;6;0.666666667;0.333333333;7;1;6;7;0.142857143;0.857142857;4;2;2;4;0.5;0.5;9;8;1;9;0.888888889;0.111111111;8;7;1;8;875;125;6;5;1;6;0.833333333;0.166666667;7;7;0;7;1;0;14;11;3;14;0.785714286;0.214285714;40;2;2;40;0.05;0.05;30;3;1;30;0.1;0.033333333;NULL;NULL;NULL;NULL;NULL;NULL;21;4;0;21;0.19047619;0;35;4;0;35;0.114285714;0;35;4;2;35;0.114285714;0.057142857;No
Male;Yes;No;12;12;12;0;12;1;0;7;6;1;7;0.857142857;0.142857143;8;8;0;8;1;0;5;5;0;5;1;0;7;5;2;7;0.714285714;0.285714286;3;3;0;3;1;0;6;6;0;6;1;0;6;6;0;6;1;0;3;3;0;3;1;0;9;9;0;9;1;0;8;8;0;8;1;0;4;4;0;4;1;0;5;5;0;5;1;0;10;10;0;10;1;0;6;6;0;6;1;0;7;7;0;7;1;0;3;1;2;3;0.333333333;0.666666667;7;6;1;7;0.857142857;0.142857143;6;4;2;6;0.666666667;0.333333333;6;3;3;6;0.5;0.5;3;0;3;3;0;1;8;6;2;8;0.75;0.25;6;5;1;6;0.833333333;0.166666667;5;5;0;5;1;0;4;3;1;4;0.75;0.25;9;5;4;9;0.555555556;0.444444444;26;0;2;26;0;0.076923077;48;5;2;48;0.104166667;0.041666667;NULL;NULL;NULL;NULL;NULL;NULL;21;4;0;21;0.19047619;0;61;3;6;61;0.049180328;0.098360656;52;3;6;52;0.057692308;0.115384615;No
Female;Yes;No;12;11;11;0;11;1;0;10;10;0;10;1;0;7;7;0;7;1;0;7;0;7;7;0;1;7;7;0;7;1;0;4;3;1;4;0.75;0.25;9;9;0;9;1;0;5;5;0;5;1;0;2;2;0;2;1;0;8;8;0;8;1;0;8;7;1;8;875;125;4;3;1;4;0.75;0.25;5;3;2;5;0.6;0.4;11;11;0;11;1;0;7;7;0;7;1;0;6;5;1;6;0.833333333;0.166666667;7;7;0;7;1;0;4;4;0;4;1;0;6;4;2;6;0.666666667;0.333333333;3;1;2;3;0.333333333;0.666666667;3;0;3;3;0;1;7;6;1;7;0.857142857;0.142857143;5;5;0;5;1;0;4;4;0;4;1;0;5;5;0;5;1;0;7;3;4;7;0.428571429;0.571428571;28;2;0;28;0.071428571;0;18;1;2;18;0.055555556;0.111111111;NULL;NULL;NULL;NULL;NULL;NULL;21;2;2;21;0.095238095;0.095238095;35;4;0;35;0.114285714;0;51;3;6;51;0.058823529;0.117647059;No
Female;Yes;No;12;8;8;0;8;1;0;12;12;0;12;1;0;7;7;0;7;1;0;6;6;0;6;1;0;6;6;0;6;1;0;5;5;0;5;1;0;5;5;0;5;1;0;6;6;0;6;1;0;3;0;3;3;0;1;8;8;0;8;1;0;3;3;0;3;1;0;5;5;0;5;1;0;6;5;1;6;0.833333333;0.166666667;8;8;0;8;1;0;4;4;0;4;1;0;4;4;0;4;1;0;5;4;1;5;0.8;0.2;4;4;0;4;1;0;4;4;0;4;1;0;3;2;1;3;0.666666667;0.333333333;3;1;2;3;0.333333333;0.666666667;7;6;1;7;0.857142857;0.142857143;7;6;1;7;0.857142857;0.142857143;4;4;0;4;1;0;6;6;0;6;1;0;10;9;1;10;0.9;0.1;40;2;2;40;0.05;0.05;38;4;2;38;0.105263158;0.052631579;NULL;NULL;NULL;NULL;NULL;NULL;21;3;1;21;0.142857143;0.047619048;54;3;4;54;0.055555556;0.074074074;36;3;4;36;0.083333333;0.111111111;No
Male;Yes;No;12;12;11;1;12;0.916666667;0.083333333;9;9;0;9;1;0;7;6;1;7;0.857142857;0.142857143;3;3;0;3;1;0;3;3;0;3;1;0;5;4;1;5;0.8;0.2;7;7;0;7;1;0;5;2;3;5;0.4;0.6;4;1;3;4;0.25;0.75;9;7;2;9;0.777777778;0.222222222;6;5;1;6;0.833333333;0.166666667;5;4;1;5;0.8;0.2;5;5;0;5;1;0;9;9;0;9;1;0;4;4;0;4;1;0;7;7;0;7;1;0;7;3;4;7;0.428571429;0.571428571;4;1;3;4;0.25;0.75;5;2;3;5;0.4;0.6;4;2;2;4;0.5;0.5;3;2;1;3;0.666666667;0.333333333;7;5;2;7;0.714285714;0.285714286;7;5;2;7;0.714285714;0.285714286;6;6;0;6;1;0;7;5;2;7;0.714285714;0.285714286;7;5;2;7;0.714285714;0.285714286;40;2;2;40;0.05;0.05;54;6;2;54;0.111111111;0.037037037;NULL;NULL;NULL;NULL;NULL;NULL;21;4;0;21;0.19047619;0;68;4;6;68;0.058823529;0.088235294;123;1;28;123;0.008130081;0.227642276;No
Female;Yes;No;12;11;11;0;11;1;0;7;7;0;7;1;0;7;7;0;7;1;0;3;1;2;3;0.333333333;0.666666667;3;0;3;3;0;1;3;3;0;3;1;0;4;4;0;4;1;0;6;6;0;6;1;0;3;2;1;3;0.666666667;0.333333333;8;4;4;8;0.5;0.5;6;6;0;6;1;0;6;6;0;6;1;0;6;6;0;6;1;0;8;8;0;8;1;0;5;5;0;5;1;0;3;3;0;3;1;0;4;3;1;4;0.75;0.25;3;2;1;3;0.666666667;0.333333333;3;1;2;3;0.333333333;0.666666667;5;3;2;5;0.6;0.4;4;1;3;4;0.25;0.75;5;5;0;5;1;0;7;5;2;7;0.714285714;0.285714286;4;3;1;4;0.75;0.25;7;3;4;7;0.428571429;0.571428571;8;5;3;8;625;375;20;2;0;20;0.1;0;30;3;1;30;0.1;0.033333333;NULL;NULL;NULL;NULL;NULL;NULL;21;1;3;21;0.047619048;0.142857143;35;4;0;35;0.114285714;0;49;3;6;49;0.06122449;0.12244898;No
Female;Yes;No;12;9;9;0;9;1;0;11;11;0;11;1;0;9;9;0;9;1;0;4;4;0;4;1;0;7;7;0;7;1;0;4;4;0;4;1;0;6;6;0;6;1;0;3;3;0;3;1;0;5;4;1;5;0.8;0.2;7;7;0;7;1;0;5;5;0;5;1;0;4;4;0;4;1;0;5;5;0;5;1;0;9;9;0;9;1;0;4;4;0;4;1;0;4;4;0;4;1;0;5;4;1;5;0.8;0.2;4;3;1;4;0.75;0.25;4;1;3;4;0.25;0.75;2;2;0;2;1;0;5;2;3;5;0.4;0.6;8;7;1;8;875;125;7;6;1;7;0.857142857;0.142857143;5;4;1;5;0.8;0.2;6;4;2;6;0.666666667;0.333333333;15;7;8;15;0.466666667;0.533333333;52;5;0;52;0.096153846;0;38;4;2;38;0.105263158;0.052631579;NULL;NULL;NULL;NULL;NULL;NULL;21;3;1;21;0.142857143;0.047619048;35;4;0;35;0.114285714;0;48;3;6;48;0.0625;125;No
Female;Yes;No;12;9;9;0;9;1;0;10;10;0;10;1;0;6;6;0;6;1;0;4;4;0;4;1;0;7;7;0;7;1;0;4;3;1;4;0.75;0.25;4;4;0;4;1;0;6;6;0;6;1;0;4;2;2;4;0.5;0.5;6;6;0;6;1;0;4;3;1;4;0.75;0.25;3;3;0;3;1;0;6;4;2;6;0.666666667;0.333333333;9;9;0;9;1;0;3;2;1;3;0.666666667;0.333333333;4;4;0;4;1;0;3;3;0;3;1;0;4;2;2;4;0.5;0.5;3;0;3;3;0;1;2;0;2;2;0;1;3;0;3;3;0;1;6;5;1;6;0.833333333;0.166666667;5;4;1;5;0.8;0.2;6;6;0;6;1;0;6;6;0;6;1;0;11;8;3;11;0.727272727;0.272727273;18;2;0;18;0.111111111;0;18;0;3;18;0;0.166666667;NULL;NULL;NULL;NULL;NULL;NULL;21;2;2;21;0.095238095;0.095238095;53;3;4;53;0.056603774;0.075471698;57;3;8;57;0.052631579;0.140350877;No
Female;Yes;No;12;7;6;1;7;0.857142857;0.142857143;10;10;0;10;1;0;8;8;0;8;1;0;2;2;0;2;1;0;8;8;0;8;1;0;5;5;0;5;1;0;6;6;0;6;1;0;4;4;0;4;1;0;2;2;0;2;1;0;7;7;0;7;1;0;6;6;0;6;1;0;5;5;0;5;1;0;3;3;0;3;1;0;8;8;0;8;1;0;5;5;0;5;1;0;4;3;1;4;0.75;0.25;7;7;0;7;1;0;4;4;0;4;1;0;3;1;2;3;0.333333333;0.666666667;1;0;1;1;0;1;4;3;1;4;0.75;0.25;5;5;0;5;1;0;6;4;2;6;0.666666667;0.333333333;0;0;0;0;0;0;0;0;0;0;0;0;7;2;5;7;0.285714286;0.714285714;40;3;1;40;75;25;32;5;0;32;0.15625;0;NULL;NULL;NULL;NULL;NULL;NULL;21;2;2;21;0.095238095;0.095238095;63;2;8;63;0.031746032;0.126984127;47;2;8;47;0.042553191;0.170212766;No
Female;Yes;No;12;11;11;0;11;1;0;11;11;0;11;1;0;9;9;0;9;1;0;2;2;0;2;1;0;4;4;0;4;1;0;5;5;0;5;1;0;5;5;0;5;1;0;6;6;0;6;1;0;5;2;3;5;0.4;0.6;8;8;0;8;1;0;5;5;0;5;1;0;4;4;0;4;1;0;5;4;1;5;0.8;0.2;9;9;0;9;1;0;6;6;0;6;1;0;5;4;1;5;0.8;0.2;6;6;0;6;1;0;4;3;1;4;0.75;0.25;4;3;1;4;0.75;0.25;3;3;0;3;1;0;3;1;2;3;0.333333333;0.666666667;4;3;1;4;0.75;0.25;7;6;1;7;0.857142857;0.142857143;6;6;0;6;1;0;5;4;1;5;0.8;0.2;9;8;1;9;0.888888889;0.111111111;24;1;1;24;0.041666667;0.041666667;30;3;1;30;0.1;0.033333333;NULL;NULL;NULL;NULL;NULL;NULL;21;2;2;21;0.095238095;0.095238095;35;4;0;35;0.114285714;0;26;4;0;26;0.153846154;0;No
Male;Yes;No;12;11;11;0;11;1;0;10;10;0;10;1;0;7;7;0;7;1;0;1;1;0;1;1;0;6;5;1;6;0.833333333;0.166666667;2;2;0;2;1;0;5;5;0;5;1;0;7;6;1;7;0.857142857;0.142857143;2;2;0;2;1;0;8;8;0;8;1;0;5;5;0;5;1;0;6;5;1;6;0.833333333;0.166666667;3;3;0;3;1;0;6;6;0;6;1;0;5;5;0;5;1;0;6;6;0;6;1;0;4;4;0;4;1;0;5;5;0;5;1;0;3;3;0;3;1;0;4;2;2;4;0.5;0.5;2;0;2;2;0;1;6;6;0;6;1;0;5;4;1;5;0.8;0.2;6;6;0;6;1;0;5;1;4;5;0.2;0.8;12;11;1;12;0.916666667;0.083333333;50;4;0;50;0.08;0;18;3;0;18;0.166666667;0;NULL;NULL;NULL;NULL;NULL;NULL;21;4;0;21;0.19047619;0;25;3;0;25;0.12;0;25;2;2;25;0.08;0.08;No
Male;Yes;No;12;10;9;1;10;0.9;0.1;10;9;1;10;0.9;0.1;8;8;0;8;1;0;8;0;8;8;0;1;5;5;0;5;1;0;2;0;2;2;0;1;3;2;1;3;0.666666667;0.333333333;4;4;0;4;1;0;1;1;0;1;1;0;6;0;6;6;0;1;6;4;2;6;0.666666667;0.333333333;5;5;0;5;1;0;4;4;0;4;1;0;9;9;0;9;1;0;7;7;0;7;1;0;7;7;0;7;1;0;8;8;0;8;1;0;5;5;0;5;1;0;7;3;4;7;0.428571429;0.571428571;5;4;1;5;0.8;0.2;4;1;3;4;0.25;0.75;5;3;2;5;0.6;0.4;8;6;2;8;0.75;0.25;7;7;0;7;1;0;6;6;0;6;1;0;9;5;4;9;0.555555556;0.444444444;30;3;0;30;0.1;0;18;3;0;18;0.166666667;0;NULL;NULL;NULL;NULL;NULL;NULL;21;1;3;21;0.047619048;0.142857143;77;2;8;77;0.025974026;0.103896104;63;3;10;63;0.047619048;0.158730159;No
Female;Yes;No;12;10;10;0;10;1;0;9;9;0;9;1;0;3;3;0;3;1;0;2;2;0;2;1;0;4;0;4;4;0;1;5;5;0;5;1;0;7;7;0;7;1;0;5;5;0;5;1;0;2;2;0;2;1;0;10;10;0;10;1;0;4;4;0;4;1;0;6;6;0;6;1;0;5;5;0;5;1;0;9;9;0;9;1;0;7;7;0;7;1;0;7;7;0;7;1;0;4;4;0;4;1;0;7;6;1;7;0.857142857;0.142857143;5;4;1;5;0.8;0.2;3;2;1;3;0.666666667;0.333333333;3;2;1;3;0.666666667;0.333333333;3;1;2;3;0.333333333;0.666666667;7;7;0;7;1;0;5;5;0;5;1;0;5;5;0;5;1;0;6;3;3;6;0.5;0.5;54;3;2;54;0.055555556;0.037037037;32;5;0;32;0.15625;0;NULL;NULL;NULL;NULL;NULL;NULL;21;3;1;21;0.142857143;0.047619048;35;4;0;35;0.114285714;0;26;4;0;26;0.153846154;0;No
Male;Yes;No;12;9;9;0;9;1;0;8;8;0;8;1;0;8;8;0;8;1;0;6;6;0;6;1;0;5;5;0;5;1;0;3;2;1;3;0.666666667;0.333333333;8;8;0;8;1;0;6;6;0;6;1;0;4;2;2;4;0.5;0.5;8;7;1;8;875;125;5;2;3;5;0.4;0.6;4;3;1;4;0.75;0.25;5;4;1;5;0.8;0.2;9;9;0;9;1;0;7;7;0;7;1;0;6;5;1;6;0.833333333;0.166666667;7;6;1;7;0.857142857;0.142857143;4;4;0;4;1;0;6;3;3;6;0.5;0.5;4;1;3;4;0.25;0.75;4;0;4;4;0;1;9;8;1;9;0.888888889;0.111111111;8;5;3;8;625;375;4;4;0;4;1;0;5;3;2;5;0.6;0.4;12;7;5;12;0.583333333;0.416666667;38;2;1;38;0.052631579;0.026315789;32;4;1;32;125;0.03125;NULL;NULL;NULL;NULL;NULL;NULL;21;2;2;21;0.095238095;0.095238095;46;4;2;46;0.086956522;0.043478261;102;2;20;102;0.019607843;0.196078431;No
Female;Yes;No;12;9;9;0;9;1;0;8;8;0;8;1;0;5;5;0;5;1;0;4;4;0;4;1;0;6;6;0;6;1;0;5;5;0;5;1;0;5;4;1;5;0.8;0.2;3;3;0;3;1;0;4;4;0;4;1;0;9;9;0;9;1;0;5;3;2;5;0.6;0.4;4;3;1;4;0.75;0.25;4;4;0;4;1;0;8;8;0;8;1;0;6;6;0;6;1;0;3;3;0;3;1;0;3;3;0;3;1;0;4;4;0;4;1;0;5;4;1;5;0.8;0.2;5;0;5;5;0;1;3;2;1;3;0.666666667;0.333333333;6;6;0;6;1;0;5;4;1;5;0.8;0.2;4;3;1;4;0.75;0.25;5;5;0;5;1;0;9;7;2;9;0.777777778;0.222222222;42;2;2;42;0.047619048;0.047619048;34;4;1;34;0.117647059;0.029411765;NULL;NULL;NULL;NULL;NULL;NULL;21;0;4;21;0;0.19047619;46;4;2;46;0.086956522;0.043478261;45;3;6;45;0.066666667;0.133333333;No
Female;Yes;No;12;10;10;0;10;1;0;10;10;0;10;1;0;8;8;0;8;1;0;5;5;0;5;1;0;4;0;4;4;0;1;6;6;0;6;1;0;7;7;0;7;1;0;7;6;1;7;0.857142857;0.142857143;5;3;2;5;0.6;0.4;8;7;1;8;875;125;5;5;0;5;1;0;7;6;1;7;0.857142857;0.142857143;6;4;2;6;0.666666667;0.333333333;8;8;0;8;1;0;4;3;1;4;0.75;0.25;6;6;0;6;1;0;8;7;1;8;875;125;5;3;2;5;0.6;0.4;5;3;2;5;0.6;0.4;3;1;2;3;0.333333333;0.666666667;6;1;5;6;0.166666667;0.833333333;5;3;2;5;0.6;0.4;5;3;2;5;0.6;0.4;4;3;1;4;0.75;0.25;5;4;1;5;0.8;0.2;14;4;10;14;0.285714286;0.714285714;64;4;2;64;0.0625;0.03125;26;2;2;26;0.076923077;0.076923077;NULL;NULL;NULL;NULL;NULL;NULL;21;2;2;21;0.095238095;0.095238095;35;4;0;35;0.114285714;0;52;3;6;52;0.057692308;0.115384615;No
Male;Yes;Yes;12;8;8;0;8;1;0;7;7;0;7;1;0;6;6;0;6;1;0;4;4;0;4;1;0;7;7;0;7;1;0;5;4;1;5;0.8;0.2;6;5;1;6;0.833333333;0.166666667;6;5;1;6;0.833333333;0.166666667;7;5;2;7;0.714285714;0.285714286;8;8;0;8;1;0;4;4;0;4;1;0;5;4;1;5;0.8;0.2;2;2;0;2;1;0;10;10;0;10;1;0;6;6;0;6;1;0;8;8;0;8;1;0;7;7;0;7;1;0;5;4;1;5;0.8;0.2;7;4;3;7;0.571428571;0.428571429;3;1;2;3;0.333333333;0.666666667;4;1;3;4;0.25;0.75;9;9;0;9;1;0;7;4;3;7;0.571428571;0.428571429;6;6;0;6;1;0;4;3;1;4;0.75;0.25;8;5;3;8;625;375;42;3;1;42;0.071428571;0.023809524;32;5;0;32;0.15625;0;NULL;NULL;NULL;NULL;NULL;NULL;21;2;2;21;0.095238095;0.095238095;58;3;6;58;0.051724138;0.103448276;22;1;2;22;0.045454545;0.090909091;No
Male;Yes;No;12;14;14;0;14;1;0;10;10;0;10;1;0;9;9;0;9;1;0;3;3;0;3;1;0;5;5;0;5;1;0;8;8;0;8;1;0;7;3;4;7;0.428571429;0.571428571;9;7;2;9;0.777777778;0.222222222;5;4;1;5;0.8;0.2;7;7;0;7;1;0;5;5;0;5;1;0;7;6;1;7;0.857142857;0.142857143;6;5;1;6;0.833333333;0.166666667;10;10;0;10;1;0;6;6;0;6;1;0;6;5;1;6;0.833333333;0.166666667;6;6;0;6;1;0;4;2;2;4;0.5;0.5;7;6;1;7;0.857142857;0.142857143;9;3;6;9;0.333333333;0.666666667;4;1;3;4;0.25;0.75;14;11;3;14;0.785714286;0.214285714;9;6;3;9;0.666666667;0.333333333;6;6;0;6;1;0;8;6;2;8;0.75;0.25;12;6;6;12;0.5;0.5;40;2;2;40;0.05;0.05;54;6;1;54;0.111111111;0.018518519;NULL;NULL;NULL;NULL;NULL;NULL;21;1;3;21;0.047619048;0.142857143;78;4;10;78;0.051282051;0.128205128;58;4;8;58;0.068965517;0.137931034;No
Male;Yes;No;12;10;10;0;10;1;0;10;10;0;10;1;0;6;6;0;6;1;0;7;7;0;7;1;0;4;4;0;4;1;0;6;4;2;6;0.666666667;0.333333333;7;7;0;7;1;0;6;6;0;6;1;0;4;3;1;4;0.75;0.25;8;7;1;8;875;125;8;7;1;8;875;125;9;8;1;9;0.888888889;0.111111111;6;5;1;6;0.833333333;0.166666667;9;9;0;9;1;0;5;5;0;5;1;0;6;6;0;6;1;0;4;4;0;4;1;0;6;6;0;6;1;0;6;5;1;6;0.833333333;0.166666667;6;3;3;6;0.5;0.5;3;0;3;3;0;1;9;7;2;9;0.777777778;0.222222222;8;6;2;8;0.75;0.25;7;7;0;7;1;0;6;6;0;6;1;0;11;2;9;11;0.181818182;0.818181818;78;6;1;78;0.076923077;0.012820513;32;4;1;32;125;0.03125;NULL;NULL;NULL;NULL;NULL;NULL;21;3;1;21;0.142857143;0.047619048;45;4;2;45;0.088888889;0.044444444;50;3;6;50;0.06;0.12;No
Female;Yes;No;12;11;11;0;11;1;0;11;11;0;11;1;0;8;8;0;8;1;0;5;5;0;5;1;0;8;8;0;8;1;0;4;4;0;4;1;0;7;7;0;7;1;0;6;5;1;6;0.833333333;0.166666667;3;2;1;3;0.666666667;0.333333333;9;9;0;9;1;0;7;5;2;7;0.714285714;0.285714286;4;4;0;4;1;0;4;3;1;4;0.75;0.25;9;9;0;9;1;0;6;6;0;6;1;0;6;6;0;6;1;0;7;7;0;7;1;0;6;6;0;6;1;0;5;4;1;5;0.8;0.2;4;1;3;4;0.25;0.75;3;2;1;3;0.666666667;0.333333333;6;6;0;6;1;0;5;3;2;5;0.6;0.4;7;7;0;7;1;0;7;6;1;7;0.857142857;0.142857143;8;6;2;8;0.75;0.25;44;4;0;44;0.090909091;0;26;3;1;26;0.115384615;0.038461538;NULL;NULL;NULL;NULL;NULL;NULL;21;3;1;21;0.142857143;0.047619048;35;4;0;35;0.114285714;0;43;3;4;43;0.069767442;0.093023256;No
Female;Yes;No;12;9;9;0;9;1;0;10;10;0;10;1;0;8;8;0;8;1;0;3;3;0;3;1;0;8;8;0;8;1;0;2;2;0;2;1;0;7;7;0;7;1;0;7;7;0;7;1;0;3;2;1;3;0.666666667;0.333333333;9;9;0;9;1;0;7;7;0;7;1;0;4;3;1;4;0.75;0.25;5;5;0;5;1;0;9;9;0;9;1;0;7;7;0;7;1;0;4;4;0;4;1;0;5;4;1;5;0.8;0.2;4;4;0;4;1;0;5;4;1;5;0.8;0.2;4;2;2;4;0.5;0.5;4;2;2;4;0.5;0.5;4;3;1;4;0.75;0.25;8;8;0;8;1;0;5;5;0;5;1;0;5;4;1;5;0.8;0.2;7;4;3;7;0.571428571;0.428571429;30;0;3;30;0;0.1;20;3;0;20;0.15;0;NULL;NULL;NULL;NULL;NULL;NULL;21;2;2;21;0.095238095;0.095238095;53;3;4;53;0.056603774;0.075471698;26;4;0;26;0.153846154;0;No
Male;Yes;No;12;9;9;0;9;1;0;9;9;0;9;1;0;6;0;6;6;0;1;3;3;0;3;1;0;4;4;0;4;1;0;3;3;0;3;1;0;7;7;0;7;1;0;7;7;0;7;1;0;4;4;0;4;1;0;7;7;0;7;1;0;3;3;0;3;1;0;7;7;0;7;1;0;4;4;0;4;1;0;9;9;0;9;1;0;7;7;0;7;1;0;8;8;0;8;1;0;7;7;0;7;1;0;4;4;0;4;1;0;4;3;1;4;0.75;0.25;4;3;1;4;0.75;0.25;2;0;2;2;0;1;9;7;2;9;0.777777778;0.222222222;6;5;1;6;0.833333333;0.166666667;5;5;0;5;1;0;5;5;0;5;1;0;9;8;1;9;0.888888889;0.111111111;42;3;1;42;0.071428571;0.023809524;18;1;2;18;0.055555556;0.111111111;NULL;NULL;NULL;NULL;NULL;NULL;21;3;1;21;0.142857143;0.047619048;53;4;4;53;0.075471698;0.075471698;136;2;28;136;0.014705882;0.205882353;No
Female;Yes;No;12;12;12;0;12;1;0;10;10;0;10;1;0;9;9;0;9;1;0;6;6;0;6;1;0;7;7;0;7;1;0;4;3;1;4;0.75;0.25;5;5;0;5;1;0;7;6;1;7;0.857142857;0.142857143;4;4;0;4;1;0;9;9;0;9;1;0;5;5;0;5;1;0;6;6;0;6;1;0;8;5;3;8;625;375;10;10;0;10;1;0;8;8;0;8;1;0;8;8;0;8;1;0;6;5;1;6;0.833333333;0.166666667;4;4;0;4;1;0;5;5;0;5;1;0;2;2;0;2;1;0;2;1;1;2;0.5;0.5;7;4;3;7;0.571428571;0.428571429;7;7;0;7;1;0;8;8;0;8;1;0;6;5;1;6;0.833333333;0.166666667;13;9;4;13;0.692307692;0.307692308;51;4;0;51;0.078431373;0;24;3;0;24;125;0;NULL;NULL;NULL;NULL;NULL;NULL;21;2;2;21;0.095238095;0.095238095;35;4;0;35;0.114285714;0;74;2;14;74;0.027027027;0.189189189;No
Female;Yes;No;12;13;13;0;13;1;0;11;11;0;11;1;0;9;9;0;9;1;0;6;6;0;6;1;0;7;7;0;7;1;0;6;5;1;6;0.833333333;0.166666667;6;6;0;6;1;0;5;4;1;5;0.8;0.2;3;2;1;3;0.666666667;0.333333333;8;8;0;8;1;0;3;2;1;3;0.666666667;0.333333333;4;4;0;4;1;0;7;6;1;7;0.857142857;0.142857143;9;9;0;9;1;0;5;5;0;5;1;0;7;7;0;7;1;0;4;4;0;4;1;0;1;0;1;1;0;1;4;3;1;4;0.75;0.25;4;2;2;4;0.5;0.5;2;2;0;2;1;0;8;8;0;8;1;0;5;5;0;5;1;0;5;5;0;5;1;0;4;4;0;4;1;0;8;6;2;8;0.75;0.25;40;3;1;40;75;25;32;5;0;32;0.15625;0;NULL;NULL;NULL;NULL;NULL;NULL;21;0;4;21;0;0.19047619;80;3;10;80;0.0375;125;35;4;2;35;0.114285714;0.057142857;No
Male;Yes;No;12;9;9;0;9;1;0;9;9;0;9;1;0;8;8;0;8;1;0;2;2;0;2;1;0;4;4;0;4;1;0;7;7;0;7;1;0;5;5;0;5;1;0;8;7;1;8;875;125;2;2;0;2;1;0;7;7;0;7;1;0;3;3;0;3;1;0;4;4;0;4;1;0;3;3;0;3;1;0;8;7;1;8;875;125;5;5;0;5;1;0;4;4;0;4;1;0;6;5;1;6;0.833333333;0.166666667;6;6;0;6;1;0;6;2;4;6;0.333333333;0.666666667;4;2;2;4;0.5;0.5;3;1;2;3;0.333333333;0.666666667;4;2;2;4;0.5;0.5;4;4;0;4;1;0;4;4;0;4;1;0;6;5;1;6;0.833333333;0.166666667;7;7;0;7;1;0;0;0;0;0;0;0;18;1;2;18;0.055555556;0.111111111;NULL;NULL;NULL;NULL;NULL;NULL;21;3;1;21;0.142857143;0.047619048;58;3;8;58;0.051724138;0.137931034;67;2;10;67;0.029850746;0.149253731;No
Female;Yes;No;12;13;13;0;13;1;0;12;12;0;12;1;0;7;7;0;7;1;0;9;0;9;9;0;1;6;6;0;6;1;0;4;4;0;4;1;0;6;6;0;6;1;0;6;5;1;6;0.833333333;0.166666667;1;1;0;1;1;0;8;8;0;8;1;0;6;6;0;6;1;0;4;3;1;4;0.75;0.25;5;5;0;5;1;0;10;10;0;10;1;0;8;8;0;8;1;0;6;6;0;6;1;0;7;7;0;7;1;0;4;4;0;4;1;0;6;6;0;6;1;0;3;2;1;3;0.666666667;0.333333333;2;1;1;2;0.5;0.5;9;7;2;9;0.777777778;0.222222222;9;7;2;9;0.777777778;0.222222222;6;4;2;6;0.666666667;0.333333333;5;4;1;5;0.8;0.2;11;10;1;11;0.909090909;0.090909091;40;4;0;40;0.1;0;18;1;2;18;0.055555556;0.111111111;NULL;NULL;NULL;NULL;NULL;NULL;21;3;1;21;0.142857143;0.047619048;34;3;0;34;0.088235294;0;26;4;0;26;0.153846154;0;No
Female;Yes;No;12;12;12;0;12;1;0;11;11;0;11;1;0;9;9;0;9;1;0;4;4;0;4;1;0;9;9;0;9;1;0;7;7;0;7;1;0;8;8;0;8;1;0;8;8;0;8;1;0;4;4;0;4;1;0;8;8;0;8;1;0;7;7;0;7;1;0;6;6;0;6;1;0;5;5;0;5;1;0;10;10;0;10;1;0;6;6;0;6;1;0;8;8;0;8;1;0;7;7;0;7;1;0;6;6;0;6;1;0;5;5;0;5;1;0;5;4;1;5;0.8;0.2;2;2;0;2;1;0;15;15;0;15;1;0;10;7;3;10;0.7;0.3;8;8;0;8;1;0;8;8;0;8;1;0;17;14;3;17;0.823529412;0.176470588;40;3;1;40;75;25;54;7;1;54;0.12962963;0.018518519;NULL;NULL;NULL;NULL;NULL;NULL;21;3;1;21;0.142857143;0.047619048;34;3;0;34;0.088235294;0;54;3;8;54;0.055555556;0.148148148;No
Male;Yes;Yes;12;10;10;0;10;1;0;9;9;0;9;1;0;5;5;0;5;1;0;4;3;1;4;0.75;0.25;5;5;0;5;1;0;7;5;2;7;0.714285714;0.285714286;4;3;1;4;0.75;0.25;6;6;0;6;1;0;2;0;2;2;0;1;9;8;1;9;0.888888889;0.111111111;4;4;0;4;1;0;6;4;2;6;0.666666667;0.333333333;4;4;0;4;1;0;8;7;1;8;875;125;0;0;0;0;0;0;5;5;0;5;1;0;4;4;0;4;1;0;6;6;0;6;1;0;5;3;2;5;0.6;0.4;6;3;3;6;0.5;0.5;2;1;1;2;0.5;0.5;5;4;1;5;0.8;0.2;0;0;0;0;0;0;4;4;0;4;1;0;2;2;0;2;1;0;8;4;4;8;0.5;0.5;62;4;2;62;0.064516129;0.032258065;26;2;2;26;0.076923077;0.076923077;NULL;NULL;NULL;NULL;NULL;NULL;21;3;1;21;0.142857143;0.047619048;53;3;4;53;0.056603774;0.075471698;77;1;16;77;0.012987013;0.207792208;No
Female;Yes;No;12;8;8;0;8;1;0;7;7;0;7;1;0;7;7;0;7;1;0;4;4;0;4;1;0;8;8;0;8;1;0;5;5;0;5;1;0;5;5;0;5;1;0;6;6;0;6;1;0;5;5;0;5;1;0;7;7;0;7;1;0;5;5;0;5;1;0;5;3;2;5;0.6;0.4;7;7;0;7;1;0;9;9;0;9;1;0;6;6;0;6;1;0;6;6;0;6;1;0;3;3;0;3;1;0;5;5;0;5;1;0;4;4;0;4;1;0;4;4;0;4;1;0;3;3;0;3;1;0;5;5;0;5;1;0;5;5;0;5;1;0;7;7;0;7;1;0;7;7;0;7;1;0;7;7;0;7;1;0;32;3;0;32;0.09375;0;18;2;1;18;0.111111111;0.055555556;NULL;NULL;NULL;NULL;NULL;NULL;21;4;0;21;0.19047619;0;35;4;0;35;0.114285714;0;45;3;6;45;0.066666667;0.133333333;No
Female;Yes;Yes;12;11;11;0;11;1;0;10;10;0;10;1;0;8;6;2;8;0.75;0.25;5;5;0;5;1;0;7;7;0;7;1;0;4;3;1;4;0.75;0.25;8;4;4;8;0.5;0.5;6;5;1;6;0.833333333;0.166666667;4;2;2;4;0.5;0.5;9;9;0;9;1;0;6;5;1;6;0.833333333;0.166666667;7;6;1;7;0.857142857;0.142857143;9;3;6;9;0.333333333;0.666666667;11;9;2;11;0.818181818;0.181818182;5;5;0;5;1;0;7;5;2;7;0.714285714;0.285714286;4;3;1;4;0.75;0.25;7;3;4;7;0.428571429;0.571428571;7;6;1;7;0.857142857;0.142857143;5;2;3;5;0.4;0.6;4;0;4;4;0;1;6;5;1;6;0.833333333;0.166666667;8;6;2;8;0.75;0.25;5;5;0;5;1;0;7;6;1;7;0.857142857;0.142857143;16;15;1;16;0.9375;0.0625;56;3;2;56;0.053571429;0.035714286;26;1;3;26;0.038461538;0.115384615;NULL;NULL;NULL;NULL;NULL;NULL;21;2;2;21;0.095238095;0.095238095;79;4;8;79;0.050632911;0.101265823;77;3;14;77;0.038961039;0.181818182;No
Male;Yes;No;12;12;12;0;12;1;0;3;0;3;3;0;1;8;7;1;8;875;125;2;1;1;2;0.5;0.5;7;7;0;7;1;0;5;3;2;5;0.6;0.4;8;8;0;8;1;0;5;3;2;5;0.6;0.4;5;2;3;5;0.4;0.6;8;7;1;8;875;125;5;3;2;5;0.6;0.4;7;5;2;7;0.714285714;0.285714286;4;3;1;4;0.75;0.25;9;9;0;9;1;0;7;5;2;7;0.714285714;0.285714286;3;3;0;3;1;0;5;5;0;5;1;0;3;0;3;3;0;1;5;4;1;5;0.8;0.2;4;3;1;4;0.75;0.25;1;1;0;1;1;0;6;3;3;6;0.5;0.5;9;7;2;9;0.777777778;0.222222222;5;4;1;5;0.8;0.2;5;4;1;5;0.8;0.2;15;13;2;15;0.866666667;0.133333333;46;3;1;46;0.065217391;0.02173913;32;2;3;32;0.0625;0.09375;NULL;NULL;NULL;NULL;NULL;NULL;21;2;2;21;0.095238095;0.095238095;34;0;6;34;0;0.176470588;43;0;14;43;0;0.325581395;No
Male;Yes;No;12;15;15;0;15;1;0;13;13;0;13;1;0;10;10;0;10;1;0;6;6;0;6;1;0;6;6;0;6;1;0;4;4;0;4;1;0;6;6;0;6;1;0;6;6;0;6;1;0;5;4;1;5;0.8;0.2;10;10;0;10;1;0;6;5;1;6;0.833333333;0.166666667;5;5;0;5;1;0;4;4;0;4;1;0;11;10;1;11;0.909090909;0.090909091;3;3;0;3;1;0;6;6;0;6;1;0;6;6;0;6;1;0;8;5;3;8;625;375;5;4;1;5;0.8;0.2;4;3;1;4;0.75;0.25;2;2;0;2;1;0;10;8;2;10;0.8;0.2;9;9;0;9;1;0;6;6;0;6;1;0;7;7;0;7;1;0;11;6;5;11;0.545454545;0.454545455;40;2;2;40;0.05;0.05;32;4;1;32;125;0.03125;NULL;NULL;NULL;NULL;NULL;NULL;21;3;1;21;0.142857143;0.047619048;70;3;8;70;0.042857143;0.114285714;45;3;6;45;0.066666667;0.133333333;No
Male;Yes;No;12;11;11;0;11;1;0;7;7;0;7;1;0;7;7;0;7;1;0;3;3;0;3;1;0;4;4;0;4;1;0;4;4;0;4;1;0;3;3;0;3;1;0;4;3;1;4;0.75;0.25;5;5;0;5;1;0;9;7;2;9;0.777777778;0.222222222;3;3;0;3;1;0;4;3;1;4;0.75;0.25;7;7;0;7;1;0;9;9;0;9;1;0;4;4;0;4;1;0;7;7;0;7;1;0;3;3;0;3;1;0;5;4;1;5;0.8;0.2;5;4;1;5;0.8;0.2;4;2;2;4;0.5;0.5;4;2;2;4;0.5;0.5;4;3;1;4;0.75;0.25;6;5;1;6;0.833333333;0.166666667;5;5;0;5;1;0;5;5;0;5;1;0;8;3;5;8;375;625;30;2;1;30;0.066666667;0.033333333;32;2;3;32;0.0625;0.09375;NULL;NULL;NULL;NULL;NULL;NULL;21;2;2;21;0.095238095;0.095238095;72;3;8;72;0.041666667;0.111111111;108;1;26;108;0.009259259;0.240740741;No
Male;Yes;No;12;9;9;0;9;1;0;10;10;0;10;1;0;9;9;0;9;1;0;3;3;0;3;1;0;5;4;1;5;0.8;0.2;4;3;1;4;0.75;0.25;1;1;0;1;1;0;4;4;0;4;1;0;3;3;0;3;1;0;11;1;10;11;0.090909091;0.909090909;4;4;0;4;1;0;5;5;0;5;1;0;5;4;1;5;0.8;0.2;3;3;0;3;1;0;4;4;0;4;1;0;5;5;0;5;1;0;3;3;0;3;1;0;5;3;2;5;0.6;0.4;4;4;0;4;1;0;8;2;6;8;0.25;0.75;3;1;2;3;0.333333333;0.666666667;7;7;0;7;1;0;7;5;2;7;0.714285714;0.285714286;5;5;0;5;1;0;4;3;1;4;0.75;0.25;9;8;1;9;0.888888889;0.111111111;40;4;0;40;0.1;0;38;5;1;38;0.131578947;0.026315789;NULL;NULL;NULL;NULL;NULL;NULL;21;3;1;21;0.142857143;0.047619048;46;4;2;46;0.086956522;0.043478261;59;3;10;59;0.050847458;0.169491525;No
Female;Yes;No;12;9;9;0;9;1;0;10;10;0;10;1;0;8;8;0;8;1;0;4;4;0;4;1;0;6;6;0;6;1;0;6;6;0;6;1;0;6;6;0;6;1;0;5;5;0;5;1;0;2;2;0;2;1;0;8;8;0;8;1;0;5;4;1;5;0.8;0.2;4;4;0;4;1;0;6;5;1;6;0.833333333;0.166666667;8;8;0;8;1;0;4;4;0;4;1;0;6;6;0;6;1;0;7;7;0;7;1;0;5;5;0;5;1;0;2;2;0;2;1;0;4;3;1;4;0.75;0.25;2;1;1;2;0.5;0.5;6;5;1;6;0.833333333;0.166666667;3;3;0;3;1;0;6;6;0;6;1;0;5;5;0;5;1;0;2;2;0;2;1;0;26;2;0;26;0.076923077;0;18;2;1;18;0.111111111;0.055555556;NULL;NULL;NULL;NULL;NULL;NULL;21;3;1;21;0.142857143;0.047619048;35;4;0;35;0.114285714;0;44;3;6;44;0.068181818;0.136363636;No
Male;Yes;No;12;10;10;0;10;1;0;11;11;0;11;1;0;6;6;0;6;1;0;5;5;0;5;1;0;6;6;0;6;1;0;4;4;0;4;1;0;5;5;0;5;1;0;6;6;0;6;1;0;0;0;0;0;0;0;10;10;0;10;1;0;6;6;0;6;1;0;6;6;0;6;1;0;7;5;2;7;0.714285714;0.285714286;7;7;0;7;1;0;3;3;0;3;1;0;6;6;0;6;1;0;3;3;0;3;1;0;4;3;1;4;0.75;0.25;4;4;0;4;1;0;3;2;1;3;0.666666667;0.333333333;3;2;1;3;0.666666667;0.333333333;7;7;0;7;1;0;3;3;0;3;1;0;5;5;0;5;1;0;5;5;0;5;1;0;8;7;1;8;875;125;30;3;0;30;0.1;0;18;3;0;18;0.166666667;0;NULL;NULL;NULL;NULL;NULL;NULL;18;1;2;18;0.055555556;0.111111111;35;4;0;35;0.114285714;0;38;3;4;38;0.078947368;0.105263158;No
Male;Yes;No;12;9;9;0;9;1;0;9;9;0;9;1;0;6;6;0;6;1;0;3;3;0;3;1;0;5;4;1;5;0.8;0.2;5;4;1;5;0.8;0.2;4;4;0;4;1;0;4;3;1;4;0.75;0.25;7;2;5;7;0.285714286;0.714285714;5;5;0;5;1;0;5;3;2;5;0.6;0.4;2;2;0;2;1;0;5;5;0;5;1;0;9;9;0;9;1;0;8;8;0;8;1;0;7;7;0;7;1;0;3;3;0;3;1;0;5;3;2;5;0.6;0.4;3;3;0;3;1;0;2;1;1;2;0.5;0.5;3;1;2;3;0.333333333;0.666666667;7;4;3;7;0.571428571;0.428571429;6;5;1;6;0.833333333;0.166666667;4;3;1;4;0.75;0.25;3;2;1;3;0.666666667;0.333333333;6;3;3;6;0.5;0.5;36;2;1;36;0.055555556;0.027777778;25;2;1;25;0.08;0.04;NULL;NULL;NULL;NULL;NULL;NULL;21;3;1;21;0.142857143;0.047619048;35;4;0;35;0.114285714;0;36;4;3;36;0.111111111;0.083333333;No
Male;Yes;No;12;11;11;0;11;1;0;9;9;0;9;1;0;3;0;3;3;0;1;6;6;0;6;1;0;6;5;1;6;0.833333333;0.166666667;3;1;2;3;0.333333333;0.666666667;7;7;0;7;1;0;7;6;1;7;0.857142857;0.142857143;3;2;1;3;0.666666667;0.333333333;8;8;0;8;1;0;4;3;1;4;0.75;0.25;3;3;0;3;1;0;3;2;1;3;0.666666667;0.333333333;10;10;0;10;1;0;7;7;0;7;1;0;7;7;0;7;1;0;8;8;0;8;1;0;5;4;1;5;0.8;0.2;5;5;0;5;1;0;3;2;1;3;0.666666667;0.333333333;4;4;0;4;1;0;7;5;2;7;0.714285714;0.285714286;4;3;1;4;0.75;0.25;8;7;1;8;875;125;6;6;0;6;1;0;14;13;1;14;0.928571429;0.071428571;56;1;4;56;0.017857143;0.071428571;22;3;0;22;0.136363636;0;NULL;NULL;NULL;NULL;NULL;NULL;21;3;1;21;0.142857143;0.047619048;35;4;0;35;0.114285714;0;67;4;10;67;0.059701493;0.149253731;No
Female;Yes;No;12;1;0;1;1;0;1;10;10;0;10;1;0;9;9;0;9;1;0;5;5;0;5;1;0;5;5;0;5;1;0;4;4;0;4;1;0;5;4;1;5;0.8;0.2;2;2;0;2;1;0;4;3;1;4;0.75;0.25;7;7;0;7;1;0;3;3;0;3;1;0;5;5;0;5;1;0;5;4;1;5;0.8;0.2;9;9;0;9;1;0;6;6;0;6;1;0;4;4;0;4;1;0;6;6;0;6;1;0;5;4;1;5;0.8;0.2;3;3;0;3;1;0;6;4;2;6;0.666666667;0.333333333;4;0;4;4;0;1;8;7;1;8;875;125;6;5;1;6;0.833333333;0.166666667;4;3;1;4;0.75;0.25;6;5;1;6;0.833333333;0.166666667;9;7;2;9;0.777777778;0.222222222;40;3;1;40;75;25;32;3;2;32;0.09375;0.0625;NULL;NULL;NULL;NULL;NULL;NULL;21;1;3;21;0.047619048;0.142857143;114;2;18;114;0.01754386;0.157894737;80;4;12;80;0.05;0.15;No
Female;Yes;No;12;11;11;0;11;1;0;12;12;0;12;1;0;10;10;0;10;1;0;7;7;0;7;1;0;7;7;0;7;1;0;7;6;1;7;0.857142857;0.142857143;8;8;0;8;1;0;8;7;1;8;875;125;4;4;0;4;1;0;9;8;1;9;0.888888889;0.111111111;6;5;1;6;0.833333333;0.166666667;7;6;1;7;0.857142857;0.142857143;6;3;3;6;0.5;0.5;10;10;0;10;1;0;6;6;0;6;1;0;7;7;0;7;1;0;7;7;0;7;1;0;5;3;2;5;0.6;0.4;6;4;2;6;0.666666667;0.333333333;3;1;2;3;0.333333333;0.666666667;4;0;4;4;0;1;5;5;0;5;1;0;5;4;1;5;0.8;0.2;5;5;0;5;1;0;6;6;0;6;1;0;8;6;2;8;0.75;0.25;52;2;3;52;0.038461538;0.057692308;38;3;3;38;0.078947368;0.078947368;NULL;NULL;NULL;NULL;NULL;NULL;21;0;4;21;0;0.19047619;35;4;0;35;0.114285714;0;90;3;16;90;0.033333333;0.177777778;No
Male;Yes;Yes;12;9;8;1;9;0.888888889;0.111111111;31;5;26;31;0.161290323;0.838709677;6;6;0;6;1;0;6;0;6;6;0;1;7;6;1;7;0.857142857;0.142857143;3;3;0;3;1;0;12;2;10;12;0.166666667;0.833333333;54;7;47;54;0.12962963;0.87037037;54;5;49;54;0.092592593;0.907407407;44;7;37;44;0.159090909;0.840909091;43;8;35;43;0.186046512;0.813953488;50;9;41;50;0.18;0.82;54;7;47;54;0.12962963;0.87037037;38;2;36;38;0.052631579;0.947368421;33;3;30;33;0.090909091;0.909090909;50;5;45;50;0.1;0.9;48;3;45;48;0.0625;0.9375;46;2;44;46;0.043478261;0.956521739;53;7;46;53;0.132075472;0.867924528;43;8;35;43;0.186046512;0.813953488;48;5;43;48;0.104166667;0.895833333;49;16;33;49;0.326530612;0.673469388;41;6;35;41;0.146341463;0.853658537;58;8;50;58;0.137931034;0.862068966;53;7;46;53;0.132075472;0.867924528;74;6;68;74;0.081081081;0.918918919;200;0;17;200;0;85;176;1;21;176;0.005681818;0.119318182;NULL;NULL;NULL;NULL;NULL;NULL;22;0;4;22;0;0.181818182;93;0;22;93;0;0.23655914;98;0;20;98;0;0.204081633;No
Female;Yes;No;12;12;12;0;12;1;0;9;9;0;9;1;0;10;10;0;10;1;0;4;4;0;4;1;0;7;7;0;7;1;0;4;4;0;4;1;0;3;2;1;3;0.666666667;0.333333333;6;4;2;6;0.666666667;0.333333333;1;1;0;1;1;0;7;6;1;7;0.857142857;0.142857143;5;5;0;5;1;0;4;4;0;4;1;0;2;2;0;2;1;0;10;8;2;10;0.8;0.2;5;5;0;5;1;0;5;5;0;5;1;0;7;7;0;7;1;0;5;5;0;5;1;0;4;3;1;4;0.75;0.25;3;3;0;3;1;0;2;1;1;2;0.5;0.5;5;5;0;5;1;0;8;7;1;8;875;125;6;6;0;6;1;0;6;6;0;6;1;0;11;10;1;11;0.909090909;0.090909091;18;1;1;18;0.055555556;0.055555556;20;3;0;20;0.15;0;NULL;NULL;NULL;NULL;NULL;NULL;21;0;4;21;0;0.19047619;35;4;0;35;0.114285714;0;60;3;8;60;0.05;0.133333333;No
Female;Yes;No;12;8;5;3;8;625;375;7;0;7;7;0;1;4;2;2;4;0.5;0.5;23;2;21;23;0.086956522;0.913043478;34;3;31;34;0.088235294;0.911764706;5;0;5;5;0;1;5;3;2;5;0.6;0.4;5;3;2;5;0.6;0.4;6;0;6;6;0;1;11;3;8;11;0.272727273;0.727272727;9;1;8;9;0.111111111;0.888888889;7;1;6;7;0.142857143;0.857142857;6;2;4;6;0.333333333;0.666666667;4;3;1;4;0.75;0.25;0;0;0;0;0;0;2;1;1;2;0.5;0.5;0;0;0;0;0;0;2;0;2;2;0;1;4;2;2;4;0.5;0.5;6;0;6;6;0;1;5;0;5;5;0;1;3;0;3;3;0;1;6;3;3;6;0.5;0.5;0;0;0;0;0;0;6;0;6;6;0;1;10;3;7;10;0.3;0.7;54;0;5;54;0;0.092592593;42;4;2;42;0.095238095;0.047619048;NULL;NULL;NULL;NULL;NULL;NULL;21;0;4;21;0;0.19047619;78;2;12;78;0.025641026;0.153846154;73;2;14;73;0.02739726;0.191780822;No
Female;Yes;No;12;10;10;0;10;1;0;10;9;1;10;0.9;0.1;5;0;5;5;0;1;2;2;0;2;1;0;6;6;0;6;1;0;4;3;1;4;0.75;0.25;1;0;1;1;0;1;3;1;2;3;0.333333333;0.666666667;1;0;1;1;0;1;9;2;7;9;0.222222222;0.777777778;5;0;5;5;0;1;4;3;1;4;0.75;0.25;3;1;2;3;0.333333333;0.666666667;9;9;0;9;1;0;4;4;0;4;1;0;5;5;0;5;1;0;6;6;0;6;1;0;3;0;3;3;0;1;6;5;1;6;0.833333333;0.166666667;6;3;3;6;0.5;0.5;5;0;5;5;0;1;8;8;0;8;1;0;8;6;2;8;0.75;0.25;7;4;3;7;0.571428571;0.428571429;5;0;5;5;0;1;9;6;3;9;0.666666667;0.333333333;32;1;2;32;0.03125;0.0625;32;4;1;32;125;0.03125;NULL;NULL;NULL;NULL;NULL;NULL;21;2;2;21;0.095238095;0.095238095;35;4;0;35;0.114285714;0;73;0;26;73;0;0.356164384;No
Male;Yes;No;12;11;11;0;11;1;0;1;0;1;1;0;1;8;8;0;8;1;0;5;5;0;5;1;0;8;8;0;8;1;0;2;0;2;2;0;1;6;6;0;6;1;0;5;5;0;5;1;0;4;2;2;4;0.5;0.5;6;6;0;6;1;0;4;4;0;4;1;0;7;6;1;7;0.857142857;0.142857143;7;6;1;7;0.857142857;0.142857143;10;10;0;10;1;0;4;4;0;4;1;0;6;6;0;6;1;0;6;5;1;6;0.833333333;0.166666667;9;3;6;9;0.333333333;0.666666667;18;0;18;18;0;1;10;1;9;10;0.1;0.9;41;3;38;41;0.073170732;0.926829268;11;9;2;11;0.818181818;0.181818182;9;5;4;9;0.555555556;0.444444444;8;8;0;8;1;0;6;5;1;6;0.833333333;0.166666667;18;14;4;18;0.777777778;0.222222222;77;5;2;77;0.064935065;0.025974026;40;3;3;40;75;75;NULL;NULL;NULL;NULL;NULL;NULL;21;3;1;21;0.142857143;0.047619048;64;3;6;64;0.046875;0.09375;26;4;0;26;0.153846154;0;No
Male;Yes;No;12;11;11;0;11;1;0;12;11;1;12;0.916666667;0.083333333;7;7;0;7;1;0;10;0;10;10;0;1;7;7;0;7;1;0;6;4;2;6;0.666666667;0.333333333;6;6;0;6;1;0;5;5;0;5;1;0;7;6;1;7;0.857142857;0.142857143;9;9;0;9;1;0;6;5;1;6;0.833333333;0.166666667;7;7;0;7;1;0;7;7;0;7;1;0;11;11;0;11;1;0;8;8;0;8;1;0;7;6;1;7;0.857142857;0.142857143;7;7;0;7;1;0;5;4;1;5;0.8;0.2;8;6;2;8;0.75;0.25;5;4;1;5;0.8;0.2;4;3;1;4;0.75;0.25;7;7;0;7;1;0;7;7;0;7;1;0;9;9;0;9;1;0;8;6;2;8;0.75;0.25;14;12;2;14;0.857142857;0.142857143;64;1;5;64;0.015625;0.078125;34;5;0;34;0.147058824;0;NULL;NULL;NULL;NULL;NULL;NULL;21;2;2;21;0.095238095;0.095238095;79;4;8;79;0.050632911;0.101265823;64;3;10;64;0.046875;0.15625;No
Male;Yes;No;12;9;9;0;9;1;0;9;9;0;9;1;0;8;8;0;8;1;0;4;4;0;4;1;0;4;3;1;4;0.75;0.25;3;2;1;3;0.666666667;0.333333333;5;5;0;5;1;0;4;4;0;4;1;0;3;3;0;3;1;0;29;12;17;29;0.413793103;0.586206897;3;3;0;3;1;0;5;5;0;5;1;0;4;4;0;4;1;0;7;7;0;7;1;0;4;4;0;4;1;0;5;5;0;5;1;0;4;4;0;4;1;0;4;3;1;4;0.75;0.25;5;3;2;5;0.6;0.4;3;1;2;3;0.333333333;0.666666667;3;1;2;3;0.333333333;0.666666667;6;4;2;6;0.666666667;0.333333333;8;5;3;8;625;375;6;6;0;6;1;0;7;4;3;7;0.571428571;0.428571429;13;5;8;13;0.384615385;0.615384615;52;2;3;52;0.038461538;0.057692308;44;3;3;44;0.068181818;0.068181818;NULL;NULL;NULL;NULL;NULL;NULL;21;2;2;21;0.095238095;0.095238095;45;4;2;45;0.088888889;0.044444444;53;4;6;53;0.075471698;0.113207547;No
Female;Yes;No;12;9;9;0;9;1;0;8;8;0;8;1;0;5;0;5;5;0;1;3;3;0;3;1;0;5;5;0;5;1;0;5;5;0;5;1;0;4;4;0;4;1;0;4;4;0;4;1;0;3;3;0;3;1;0;7;7;0;7;1;0;4;4;0;4;1;0;2;2;0;2;1;0;4;4;0;4;1;0;8;8;0;8;1;0;7;7;0;7;1;0;6;6;0;6;1;0;7;7;0;7;1;0;5;5;0;5;1;0;4;3;1;4;0.75;0.25;2;1;1;2;0.5;0.5;3;2;1;3;0.666666667;0.333333333;5;4;1;5;0.8;0.2;5;5;0;5;1;0;4;4;0;4;1;0;2;1;1;2;0.5;0.5;7;7;0;7;1;0;30;3;0;30;0.1;0;18;3;0;18;0.166666667;0;NULL;NULL;NULL;NULL;NULL;NULL;16;2;1;16;125;0.0625;86;1;12;86;0.011627907;0.139534884;137;1;32;137;0.00729927;0.233576642;No
Female;Yes;No;12;12;12;0;12;1;0;11;11;0;11;1;0;8;8;0;8;1;0;6;6;0;6;1;0;6;6;0;6;1;0;7;7;0;7;1;0;8;7;1;8;875;125;6;6;0;6;1;0;5;4;1;5;0.8;0.2;9;9;0;9;1;0;4;0;4;4;0;1;4;4;0;4;1;0;5;5;0;5;1;0;9;9;0;9;1;0;8;8;0;8;1;0;6;6;0;6;1;0;7;7;0;7;1;0;5;5;0;5;1;0;3;3;0;3;1;0;2;2;0;2;1;0;3;1;2;3;0.333333333;0.666666667;4;3;1;4;0.75;0.25;5;4;1;5;0.8;0.2;8;8;0;8;1;0;7;5;2;7;0.714285714;0.285714286;9;7;2;9;0.777777778;0.222222222;46;3;1;46;0.065217391;0.02173913;44;5;1;44;0.113636364;0.022727273;NULL;NULL;NULL;NULL;NULL;NULL;21;4;0;21;0.19047619;0;58;3;6;58;0.051724138;0.103448276;40;4;4;40;0.1;0.1;No
Female;Yes;No;12;9;8;1;9;0.888888889;0.111111111;9;9;0;9;1;0;7;7;0;7;1;0;5;5;0;5;1;0;7;7;0;7;1;0;2;2;0;2;1;0;4;4;0;4;1;0;3;3;0;3;1;0;1;1;0;1;1;0;8;8;0;8;1;0;5;5;0;5;1;0;6;5;1;6;0.833333333;0.166666667;5;5;0;5;1;0;8;8;0;8;1;0;5;5;0;5;1;0;5;5;0;5;1;0;4;4;0;4;1;0;3;3;0;3;1;0;3;2;1;3;0.666666667;0.333333333;4;2;2;4;0.5;0.5;3;2;1;3;0.666666667;0.333333333;5;5;0;5;1;0;3;3;0;3;1;0;3;3;0;3;1;0;6;6;0;6;1;0;7;7;0;7;1;0;28;2;0;28;0.071428571;0;32;4;1;32;125;0.03125;NULL;NULL;NULL;NULL;NULL;NULL;21;1;3;21;0.047619048;0.142857143;35;4;0;35;0.114285714;0;26;4;0;26;0.153846154;0;No
Male;Yes;No;12;7;7;0;7;1;0;9;9;0;9;1;0;8;8;0;8;1;0;3;3;0;3;1;0;6;5;1;6;0.833333333;0.166666667;5;3;2;5;0.6;0.4;7;7;0;7;1;0;6;6;0;6;1;0;4;4;0;4;1;0;8;8;0;8;1;0;6;6;0;6;1;0;6;5;1;6;0.833333333;0.166666667;5;5;0;5;1;0;9;9;0;9;1;0;5;5;0;5;1;0;7;7;0;7;1;0;7;7;0;7;1;0;5;5;0;5;1;0;4;2;2;4;0.5;0.5;2;0;2;2;0;1;6;1;5;6;0.166666667;0.833333333;5;4;1;5;0.8;0.2;6;6;0;6;1;0;6;6;0;6;1;0;6;6;0;6;1;0;9;4;5;9;0.444444444;0.555555556;30;2;1;30;0.066666667;0.033333333;32;5;0;32;0.15625;0;NULL;NULL;NULL;NULL;NULL;NULL;21;3;1;21;0.142857143;0.047619048;35;4;0;35;0.114285714;0;34;3;2;34;0.088235294;0.058823529;No
Male;Yes;No;12;9;9;0;9;1;0;7;7;0;7;1;0;8;8;0;8;1;0;6;6;0;6;1;0;6;6;0;6;1;0;2;2;0;2;1;0;6;6;0;6;1;0;4;4;0;4;1;0;2;1;1;2;0.5;0.5;9;9;0;9;1;0;6;6;0;6;1;0;4;4;0;4;1;0;6;5;1;6;0.833333333;0.166666667;8;8;0;8;1;0;6;6;0;6;1;0;7;7;0;7;1;0;6;6;0;6;1;0;5;5;0;5;1;0;7;5;2;7;0.714285714;0.285714286;4;2;2;4;0.5;0.5;4;1;3;4;0.25;0.75;5;5;0;5;1;0;5;5;0;5;1;0;4;4;0;4;1;0;5;5;0;5;1;0;8;7;1;8;875;125;30;3;0;30;0.1;0;20;3;0;20;0.15;0;NULL;NULL;NULL;NULL;NULL;NULL;21;2;2;21;0.095238095;0.095238095;35;4;0;35;0.114285714;0;43;2;6;43;0.046511628;0.139534884;No
Female;Yes;No;12;9;9;0;9;1;0;8;8;0;8;1;0;6;6;0;6;1;0;3;3;0;3;1;0;8;8;0;8;1;0;5;4;1;5;0.8;0.2;4;4;0;4;1;0;7;6;1;7;0.857142857;0.142857143;3;3;0;3;1;0;6;0;6;6;0;1;6;6;0;6;1;0;4;3;1;4;0.75;0.25;4;3;1;4;0.75;0.25;9;9;0;9;1;0;7;7;0;7;1;0;6;6;0;6;1;0;4;4;0;4;1;0;5;5;0;5;1;0;3;2;1;3;0.666666667;0.333333333;3;2;1;3;0.666666667;0.333333333;2;1;1;2;0.5;0.5;5;4;1;5;0.8;0.2;7;6;1;7;0.857142857;0.142857143;6;6;0;6;1;0;6;6;0;6;1;0;8;5;3;8;625;375;50;2;2;50;0.04;0.04;32;4;1;32;125;0.03125;NULL;NULL;NULL;NULL;NULL;NULL;21;3;1;21;0.142857143;0.047619048;35;4;0;35;0.114285714;0;48;3;6;48;0.0625;125;No
Female;Yes;No;12;7;7;0;7;1;0;7;7;0;7;1;0;6;6;0;6;1;0;2;2;0;2;1;0;4;0;4;4;0;1;3;2;1;3;0.666666667;0.333333333;6;6;0;6;1;0;5;4;1;5;0.8;0.2;2;2;0;2;1;0;9;9;0;9;1;0;4;4;0;4;1;0;7;6;1;7;0.857142857;0.142857143;6;6;0;6;1;0;10;10;0;10;1;0;6;6;0;6;1;0;6;6;0;6;1;0;5;5;0;5;1;0;3;3;0;3;1;0;4;2;2;4;0.5;0.5;5;3;2;5;0.6;0.4;2;1;1;2;0.5;0.5;4;3;1;4;0.75;0.25;7;7;0;7;1;0;4;3;1;4;0.75;0.25;3;2;1;3;0.666666667;0.333333333;14;11;3;14;0.785714286;0.214285714;42;3;1;42;0.071428571;0.023809524;26;3;1;26;0.115384615;0.038461538;NULL;NULL;NULL;NULL;NULL;NULL;21;4;0;21;0.19047619;0;50;3;4;50;0.06;0.08;26;4;0;26;0.153846154;0;No
Female;Yes;No;12;7;7;0;7;1;0;8;8;0;8;1;0;5;5;0;5;1;0;3;3;0;3;1;0;3;3;0;3;1;0;5;5;0;5;1;0;4;4;0;4;1;0;5;5;0;5;1;0;3;3;0;3;1;0;6;6;0;6;1;0;5;5;0;5;1;0;4;4;0;4;1;0;6;5;1;6;0.833333333;0.166666667;8;8;0;8;1;0;5;5;0;5;1;0;6;6;0;6;1;0;4;3;1;4;0.75;0.25;4;4;0;4;1;0;5;5;0;5;1;0;5;3;2;5;0.6;0.4;2;1;1;2;0.5;0.5;7;7;0;7;1;0;7;7;0;7;1;0;4;4;0;4;1;0;6;6;0;6;1;0;7;7;0;7;1;0;18;2;0;18;0.111111111;0;26;3;1;26;0.115384615;0.038461538;NULL;NULL;NULL;NULL;NULL;NULL;21;2;2;21;0.095238095;0.095238095;35;4;0;35;0.114285714;0;33;3;2;33;0.090909091;0.060606061;No
Female;Yes;No;12;8;8;0;8;1;0;8;8;0;8;1;0;8;8;0;8;1;0;4;4;0;4;1;0;6;6;0;6;1;0;4;4;0;4;1;0;7;7;0;7;1;0;8;8;0;8;1;0;5;5;0;5;1;0;10;10;0;10;1;0;6;6;0;6;1;0;5;5;0;5;1;0;6;6;0;6;1;0;10;10;0;10;1;0;6;6;0;6;1;0;8;8;0;8;1;0;5;5;0;5;1;0;3;3;0;3;1;0;6;5;1;6;0.833333333;0.166666667;4;4;0;4;1;0;2;1;1;2;0.5;0.5;8;7;1;8;875;125;5;5;0;5;1;0;8;8;0;8;1;0;7;7;0;7;1;0;7;3;4;7;0.428571429;0.571428571;54;5;0;54;0.092592593;0;26;3;1;26;0.115384615;0.038461538;NULL;NULL;NULL;NULL;NULL;NULL;21;4;0;21;0.19047619;0;35;4;0;35;0.114285714;0;31;4;2;31;0.129032258;0.064516129;No
Female;Yes;No;12;7;7;0;7;1;0;8;8;0;8;1;0;7;7;0;7;1;0;6;6;0;6;1;0;2;0;2;2;0;1;4;4;0;4;1;0;6;6;0;6;1;0;3;2;1;3;0.666666667;0.333333333;4;4;0;4;1;0;6;6;0;6;1;0;5;2;3;5;0.4;0.6;6;5;1;6;0.833333333;0.166666667;8;7;1;8;875;125;9;9;0;9;1;0;6;6;0;6;1;0;3;3;0;3;1;0;4;4;0;4;1;0;3;3;0;3;1;0;6;6;0;6;1;0;3;0;3;3;0;1;6;2;4;6;0.333333333;0.666666667;5;4;1;5;0.8;0.2;7;6;1;7;0.857142857;0.142857143;3;3;0;3;1;0;3;3;0;3;1;0;8;5;3;8;625;375;36;2;1;36;0.055555556;0.027777778;12;1;1;12;0.083333333;0.083333333;NULL;NULL;NULL;NULL;NULL;NULL;21;2;2;21;0.095238095;0.095238095;38;3;2;38;0.078947368;0.052631579;50;2;8;50;0.04;0.16;No
Female;Yes;No;12;6;6;0;6;1;0;8;8;0;8;1;0;7;6;1;7;0.857142857;0.142857143;5;5;0;5;1;0;7;6;1;7;0.857142857;0.142857143;4;4;0;4;1;0;5;5;0;5;1;0;4;4;0;4;1;0;3;3;0;3;1;0;8;8;0;8;1;0;3;3;0;3;1;0;5;5;0;5;1;0;5;5;0;5;1;0;8;8;0;8;1;0;4;4;0;4;1;0;7;7;0;7;1;0;4;4;0;4;1;0;5;5;0;5;1;0;3;3;0;3;1;0;5;1;4;5;0.2;0.8;3;1;2;3;0.333333333;0.666666667;4;3;1;4;0.75;0.25;7;7;0;7;1;0;3;3;0;3;1;0;5;5;0;5;1;0;10;7;3;10;0.7;0.3;46;3;1;46;0.065217391;0.02173913;20;0;3;20;0;0.15;NULL;NULL;NULL;NULL;NULL;NULL;21;3;1;21;0.142857143;0.047619048;35;4;0;35;0.114285714;0;34;3;2;34;0.088235294;0.058823529;No
Male;Yes;No;12;7;7;0;7;1;0;7;7;0;7;1;0;6;6;0;6;1;0;3;3;0;3;1;0;5;5;0;5;1;0;4;4;0;4;1;0;6;6;0;6;1;0;5;5;0;5;1;0;3;3;0;3;1;0;5;5;0;5;1;0;5;5;0;5;1;0;4;4;0;4;1;0;6;5;1;6;0.833333333;0.166666667;8;8;0;8;1;0;7;7;0;7;1;0;6;6;0;6;1;0;4;4;0;4;1;0;3;3;0;3;1;0;4;3;1;4;0.75;0.25;3;0;3;3;0;1;1;1;0;1;1;0;5;5;0;5;1;0;7;7;0;7;1;0;5;5;0;5;1;0;4;4;0;4;1;0;10;9;1;10;0.9;0.1;10;1;0;10;0.1;0;6;1;0;6;0.166666667;0;NULL;NULL;NULL;NULL;NULL;NULL;21;2;2;21;0.095238095;0.095238095;35;4;0;35;0.114285714;0;29;3;2;29;0.103448276;0.068965517;No
Male;Yes;No;12;7;7;0;7;1;0;8;8;0;8;1;0;5;5;0;5;1;0;3;3;0;3;1;0;6;6;0;6;1;0;6;5;1;6;0.833333333;0.166666667;5;5;0;5;1;0;8;8;0;8;1;0;4;4;0;4;1;0;8;8;0;8;1;0;4;4;0;4;1;0;5;5;0;5;1;0;8;8;0;8;1;0;7;7;0;7;1;0;5;5;0;5;1;0;5;4;1;5;0.8;0.2;4;4;0;4;1;0;6;6;0;6;1;0;7;6;1;7;0.857142857;0.142857143;2;2;0;2;1;0;5;3;2;5;0.6;0.4;11;10;1;11;0.909090909;0.090909091;4;3;1;4;0.75;0.25;4;4;0;4;1;0;2;1;1;2;0.5;0.5;10;7;3;10;0.7;0.3;30;2;1;30;0.066666667;0.033333333;18;2;1;18;0.111111111;0.055555556;NULL;NULL;NULL;NULL;NULL;NULL;18;1;2;18;0.055555556;0.111111111;35;4;0;35;0.114285714;0;47;2;6;47;0.042553191;0.127659574;No
Male;Yes;No;12;12;12;0;12;1;0;11;11;0;11;1;0;10;10;0;10;1;0;6;6;0;6;1;0;7;7;0;7;1;0;5;4;1;5;0.8;0.2;8;8;0;8;1;0;8;8;0;8;1;0;5;5;0;5;1;0;5;0;5;5;0;1;6;5;1;6;0.833333333;0.166666667;6;6;0;6;1;0;9;7;2;9;0.777777778;0.222222222;10;10;0;10;1;0;7;7;0;7;1;0;8;8;0;8;1;0;6;6;0;6;1;0;5;3;2;5;0.6;0.4;4;3;1;4;0.75;0.25;4;1;3;4;0.25;0.75;2;1;1;2;0.5;0.5;9;8;1;9;0.888888889;0.111111111;9;7;2;9;0.777777778;0.222222222;7;6;1;7;0.857142857;0.142857143;6;6;0;6;1;0;12;7;5;12;0.583333333;0.416666667;50;3;1;50;0.06;0.02;56;6;2;56;0.107142857;0.035714286;NULL;NULL;NULL;NULL;NULL;NULL;21;3;1;21;0.142857143;0.047619048;46;4;2;46;0.086956522;0.043478261;42;3;4;42;0.071428571;0.095238095;No
Male;Yes;No;12;9;9;0;9;1;0;9;9;0;9;1;0;6;6;0;6;1;0;5;5;0;5;1;0;4;4;0;4;1;0;7;5;2;7;0.714285714;0.285714286;5;5;0;5;1;0;6;6;0;6;1;0;2;2;0;2;1;0;9;9;0;9;1;0;4;4;0;4;1;0;7;7;0;7;1;0;7;5;2;7;0.714285714;0.285714286;10;10;0;10;1;0;6;6;0;6;1;0;6;6;0;6;1;0;7;7;0;7;1;0;6;4;2;6;0.666666667;0.333333333;6;6;0;6;1;0;3;0;3;3;0;1;2;0;2;2;0;1;8;6;2;8;0.75;0.25;7;6;1;7;0.857142857;0.142857143;4;4;0;4;1;0;6;6;0;6;1;0;10;5;5;10;0.5;0.5;40;2;2;40;0.05;0.05;18;2;1;18;0.111111111;0.055555556;NULL;NULL;NULL;NULL;NULL;NULL;21;3;1;21;0.142857143;0.047619048;35;4;0;35;0.114285714;0;38;3;4;38;0.078947368;0.105263158;No
Male;Yes;No;12;8;8;0;8;1;0;9;8;1;9;0.888888889;0.111111111;6;6;0;6;1;0;4;4;0;4;1;0;5;5;0;5;1;0;5;5;0;5;1;0;9;9;0;9;1;0;6;6;0;6;1;0;4;4;0;4;1;0;9;9;0;9;1;0;4;3;1;4;0.75;0.25;6;6;0;6;1;0;5;5;0;5;1;0;9;9;0;9;1;0;6;6;0;6;1;0;5;5;0;5;1;0;5;5;0;5;1;0;4;4;0;4;1;0;5;4;1;5;0.8;0.2;3;3;0;3;1;0;4;2;2;4;0.5;0.5;6;4;2;6;0.666666667;0.333333333;6;5;1;6;0.833333333;0.166666667;6;5;1;6;0.833333333;0.166666667;6;5;1;6;0.833333333;0.166666667;13;12;1;13;0.923076923;0.076923077;26;2;0;26;0.076923077;0;18;3;0;18;0.166666667;0;NULL;NULL;NULL;NULL;NULL;NULL;21;3;1;21;0.142857143;0.047619048;35;4;0;35;0.114285714;0;47;3;6;47;0.063829787;0.127659574;No
Female;Yes;No;12;10;10;0;10;1;0;8;8;0;8;1;0;9;9;0;9;1;0;5;2;3;5;0.4;0.6;7;7;0;7;1;0;5;5;0;5;1;0;6;6;0;6;1;0;5;5;0;5;1;0;4;4;0;4;1;0;10;9;1;10;0.9;0.1;5;5;0;5;1;0;6;6;0;6;1;0;6;6;0;6;1;0;9;9;0;9;1;0;9;9;0;9;1;0;7;7;0;7;1;0;4;4;0;4;1;0;7;7;0;7;1;0;6;5;1;6;0.833333333;0.166666667;4;2;2;4;0.5;0.5;4;1;3;4;0.25;0.75;6;6;0;6;1;0;4;4;0;4;1;0;5;5;0;5;1;0;7;7;0;7;1;0;12;7;5;12;0.583333333;0.416666667;30;2;1;30;0.066666667;0.033333333;18;2;1;18;0.111111111;0.055555556;NULL;NULL;NULL;NULL;NULL;NULL;21;4;0;21;0.19047619;0;35;4;0;35;0.114285714;0;62;3;10;62;0.048387097;0.161290323;No
Female;Yes;No;12;7;7;0;7;1;0;9;9;0;9;1;0;9;9;0;9;1;0;6;6;0;6;1;0;5;5;0;5;1;0;3;3;0;3;1;0;9;9;0;9;1;0;9;8;1;9;0.888888889;0.111111111;3;0;3;3;0;1;9;9;0;9;1;0;6;5;1;6;0.833333333;0.166666667;7;6;1;7;0.857142857;0.142857143;4;3;1;4;0.75;0.25;12;11;1;12;0.916666667;0.083333333;5;5;0;5;1;0;9;8;1;9;0.888888889;0.111111111;7;6;1;7;0.857142857;0.142857143;3;2;1;3;0.666666667;0.333333333;5;4;1;5;0.8;0.2;4;1;3;4;0.25;0.75;3;3;0;3;1;0;7;5;2;7;0.714285714;0.285714286;7;4;3;7;0.571428571;0.428571429;6;6;0;6;1;0;7;7;0;7;1;0;11;8;3;11;0.727272727;0.272727273;40;3;1;40;75;25;30;3;1;30;0.1;0.033333333;NULL;NULL;NULL;NULL;NULL;NULL;21;2;2;21;0.095238095;0.095238095;45;4;2;45;0.088888889;0.044444444;37;3;4;37;0.081081081;0.108108108;No
Female;Yes;No;12;4;4;0;4;1;0;7;7;0;7;1;0;6;6;0;6;1;0;2;2;0;2;1;0;6;6;0;6;1;0;5;5;0;5;1;0;4;4;0;4;1;0;6;6;0;6;1;0;4;4;0;4;1;0;7;7;0;7;1;0;6;6;0;6;1;0;5;5;0;5;1;0;7;7;0;7;1;0;8;8;0;8;1;0;4;4;0;4;1;0;6;6;0;6;1;0;2;2;0;2;1;0;3;3;0;3;1;0;5;4;1;5;0.8;0.2;4;1;3;4;0.25;0.75;3;1;2;3;0.333333333;0.666666667;5;5;0;5;1;0;3;3;0;3;1;0;3;3;0;3;1;0;3;3;0;3;1;0;2;2;0;2;1;0;32;3;0;32;0.09375;0;22;2;1;22;0.090909091;0.045454545;NULL;NULL;NULL;NULL;NULL;NULL;21;1;3;21;0.047619048;0.142857143;35;4;0;35;0.114285714;0;54;2;8;54;0.037037037;0.148148148;No
Female;Yes;No;12;7;7;0;7;1;0;6;6;0;6;1;0;5;5;0;5;1;0;4;4;0;4;1;0;5;5;0;5;1;0;3;3;0;3;1;0;6;6;0;6;1;0;5;5;0;5;1;0;3;3;0;3;1;0;5;5;0;5;1;0;5;5;0;5;1;0;5;4;1;5;0.8;0.2;5;5;0;5;1;0;9;9;0;9;1;0;6;6;0;6;1;0;5;5;0;5;1;0;7;7;0;7;1;0;4;4;0;4;1;0;3;1;2;3;0.333333333;0.666666667;3;2;1;3;0.666666667;0.333333333;3;0;3;3;0;1;3;3;0;3;1;0;7;7;0;7;1;0;4;4;0;4;1;0;5;4;1;5;0.8;0.2;7;5;2;7;0.714285714;0.285714286;48;4;0;48;0.083333333;0;18;3;0;18;0.166666667;0;NULL;NULL;NULL;NULL;NULL;NULL;21;3;1;21;0.142857143;0.047619048;35;4;0;35;0.114285714;0;26;4;0;26;0.153846154;0;No
Male;Yes;No;12;8;8;0;8;1;0;9;9;0;9;1;0;7;7;0;7;1;0;4;4;0;4;1;0;5;5;0;5;1;0;2;2;0;2;1;0;8;8;0;8;1;0;5;5;0;5;1;0;3;3;0;3;1;0;8;8;0;8;1;0;4;4;0;4;1;0;6;6;0;6;1;0;6;5;1;6;0.833333333;0.166666667;9;9;0;9;1;0;4;4;0;4;1;0;6;6;0;6;1;0;6;6;0;6;1;0;7;7;0;7;1;0;4;3;1;4;0.75;0.25;6;0;6;6;0;1;4;1;3;4;0.25;0.75;5;5;0;5;1;0;9;9;0;9;1;0;5;5;0;5;1;0;7;7;0;7;1;0;11;7;4;11;0.636363636;0.363636364;34;2;1;34;0.058823529;0.029411765;20;3;0;20;0.15;0;NULL;NULL;NULL;NULL;NULL;NULL;21;3;1;21;0.142857143;0.047619048;45;3;2;45;0.066666667;0.044444444;36;3;4;36;0.083333333;0.111111111;No
Female;Yes;No;12;10;10;0;10;1;0;9;9;0;9;1;0;6;6;0;6;1;0;6;5;1;6;0.833333333;0.166666667;4;1;3;4;0.25;0.75;3;3;0;3;1;0;8;8;0;8;1;0;9;9;0;9;1;0;2;2;0;2;1;0;9;9;0;9;1;0;7;6;1;7;0.857142857;0.142857143;6;6;0;6;1;0;9;7;2;9;0.777777778;0.222222222;10;9;1;10;0.9;0.1;6;6;0;6;1;0;7;7;0;7;1;0;6;6;0;6;1;0;7;6;1;7;0.857142857;0.142857143;4;4;0;4;1;0;4;2;2;4;0.5;0.5;4;3;1;4;0.75;0.25;6;6;0;6;1;0;5;5;0;5;1;0;4;4;0;4;1;0;5;4;1;5;0.8;0.2;13;12;1;13;0.923076923;0.076923077;18;2;0;18;0.111111111;0;18;3;0;18;0.166666667;0;NULL;NULL;NULL;NULL;NULL;NULL;21;4;0;21;0.19047619;0;35;4;0;35;0.114285714;0;26;4;0;26;0.153846154;0;No
Male;Yes;No;12;11;11;0;11;1;0;9;9;0;9;1;0;4;4;0;4;1;0;5;5;0;5;1;0;6;6;0;6;1;0;5;5;0;5;1;0;8;8;0;8;1;0;5;5;0;5;1;0;4;4;0;4;1;0;8;7;1;8;875;125;5;5;0;5;1;0;7;6;1;7;0.857142857;0.142857143;6;4;2;6;0.666666667;0.333333333;9;9;0;9;1;0;5;5;0;5;1;0;6;6;0;6;1;0;6;6;0;6;1;0;4;4;0;4;1;0;5;4;1;5;0.8;0.2;3;0;3;3;0;1;2;0;2;2;0;1;4;4;0;4;1;0;6;5;1;6;0.833333333;0.166666667;6;6;0;6;1;0;6;6;0;6;1;0;9;7;2;9;0.777777778;0.222222222;32;3;0;32;0.09375;0;30;4;0;30;0.133333333;0;NULL;NULL;NULL;NULL;NULL;NULL;21;3;1;21;0.142857143;0.047619048;52;3;4;52;0.057692308;0.076923077;38;3;4;38;0.078947368;0.105263158;No
Male;Yes;No;12;9;9;0;9;1;0;8;8;0;8;1;0;6;6;0;6;1;0;4;4;0;4;1;0;5;5;0;5;1;0;5;5;0;5;1;0;4;4;0;4;1;0;5;5;0;5;1;0;3;3;0;3;1;0;6;6;0;6;1;0;5;5;0;5;1;0;7;7;0;7;1;0;8;7;1;8;875;125;8;8;0;8;1;0;7;7;0;7;1;0;7;7;0;7;1;0;4;4;0;4;1;0;4;4;0;4;1;0;5;5;0;5;1;0;3;2;1;3;0.666666667;0.333333333;2;1;1;2;0.5;0.5;7;7;0;7;1;0;9;8;1;9;0.888888889;0.111111111;6;6;0;6;1;0;7;7;0;7;1;0;13;11;2;13;0.846153846;0.153846154;42;4;0;42;0.095238095;0;26;4;0;26;0.153846154;0;NULL;NULL;NULL;NULL;NULL;NULL;21;4;0;21;0.19047619;0;35;4;0;35;0.114285714;0;26;4;0;26;0.153846154;0;No
Female;Yes;No;12;12;12;0;12;1;0;12;12;0;12;1;0;6;6;0;6;1;0;5;5;0;5;1;0;6;6;0;6;1;0;4;3;1;4;0.75;0.25;5;5;0;5;1;0;4;4;0;4;1;0;4;4;0;4;1;0;10;10;0;10;1;0;5;5;0;5;1;0;3;3;0;3;1;0;6;6;0;6;1;0;10;10;0;10;1;0;8;8;0;8;1;0;7;6;1;7;0.857142857;0.142857143;4;3;1;4;0.75;0.25;4;4;0;4;1;0;6;5;1;6;0.833333333;0.166666667;5;2;3;5;0.4;0.6;5;4;1;5;0.8;0.2;6;6;0;6;1;0;8;8;0;8;1;0;4;4;0;4;1;0;7;7;0;7;1;0;9;7;2;9;0.777777778;0.222222222;32;3;0;32;0.09375;0;22;3;0;22;0.136363636;0;NULL;NULL;NULL;NULL;NULL;NULL;21;4;0;21;0.19047619;0;35;4;0;35;0.114285714;0;36;3;4;36;0.083333333;0.111111111;No
Male;Yes;No;12;7;7;0;7;1;0;9;9;0;9;1;0;5;5;0;5;1;0;3;3;0;3;1;0;4;4;0;4;1;0;6;6;0;6;1;0;4;4;0;4;1;0;3;3;0;3;1;0;6;6;0;6;1;0;6;6;0;6;1;0;6;5;1;6;0.833333333;0.166666667;3;3;0;3;1;0;4;4;0;4;1;0;9;9;0;9;1;0;7;7;0;7;1;0;5;4;1;5;0.8;0.2;4;4;0;4;1;0;4;4;0;4;1;0;5;3;2;5;0.6;0.4;3;2;1;3;0.666666667;0.333333333;4;0;4;4;0;1;7;6;1;7;0.857142857;0.142857143;6;4;2;6;0.666666667;0.333333333;5;5;0;5;1;0;6;6;0;6;1;0;9;4;5;9;0.444444444;0.555555556;38;3;0;38;0.078947368;0;32;4;1;32;125;0.03125;NULL;NULL;NULL;NULL;NULL;NULL;21;3;1;21;0.142857143;0.047619048;46;4;2;46;0.086956522;0.043478261;38;3;4;38;0.078947368;0.105263158;No
Female;Yes;No;12;11;11;0;11;1;0;11;11;0;11;1;0;9;9;0;9;1;0;3;3;0;3;1;0;8;8;0;8;1;0;6;6;0;6;1;0;5;5;0;5;1;0;7;7;0;7;1;0;4;4;0;4;1;0;8;8;0;8;1;0;5;5;0;5;1;0;4;4;0;4;1;0;6;6;0;6;1;0;10;10;0;10;1;0;7;7;0;7;1;0;8;8;0;8;1;0;8;8;0;8;1;0;6;6;0;6;1;0;4;4;0;4;1;0;3;1;2;3;0.333333333;0.666666667;4;4;0;4;1;0;5;4;1;5;0.8;0.2;10;10;0;10;1;0;7;7;0;7;1;0;8;8;0;8;1;0;11;10;1;11;0.909090909;0.090909091;48;4;0;48;0.083333333;0;38;6;0;38;0.157894737;0;NULL;NULL;NULL;NULL;NULL;NULL;21;3;1;21;0.142857143;0.047619048;35;4;0;35;0.114285714;0;37;3;4;37;0.081081081;0.108108108;No
Male;Yes;No;12;8;8;0;8;1;0;7;7;0;7;1;0;5;5;0;5;1;0;2;2;0;2;1;0;5;5;0;5;1;0;5;5;0;5;1;0;5;5;0;5;1;0;3;3;0;3;1;0;3;3;0;3;1;0;5;5;0;5;1;0;3;3;0;3;1;0;4;4;0;4;1;0;5;5;0;5;1;0;9;9;0;9;1;0;4;4;0;4;1;0;3;3;0;3;1;0;4;3;1;4;0.75;0.25;3;3;0;3;1;0;4;3;1;4;0.75;0.25;3;2;1;3;0.666666667;0.333333333;2;0;2;2;0;1;5;5;0;5;1;0;6;6;0;6;1;0;4;4;0;4;1;0;3;1;2;3;0.333333333;0.666666667;7;7;0;7;1;0;10;0;1;10;0;0.1;18;2;1;18;0.111111111;0.055555556;NULL;NULL;NULL;NULL;NULL;NULL;21;3;1;21;0.142857143;0.047619048;35;4;0;35;0.114285714;0;38;2;6;38;0.052631579;0.157894737;No
Male;Yes;No;12;8;8;0;8;1;0;10;10;0;10;1;0;9;9;0;9;1;0;2;2;0;2;1;0;6;6;0;6;1;0;5;5;0;5;1;0;6;5;1;6;0.833333333;0.166666667;5;5;0;5;1;0;4;4;0;4;1;0;9;9;0;9;1;0;5;5;0;5;1;0;7;5;2;7;0.714285714;0.285714286;6;6;0;6;1;0;8;8;0;8;1;0;7;7;0;7;1;0;7;7;0;7;1;0;6;6;0;6;1;0;4;1;3;4;0.25;0.75;6;4;2;6;0.666666667;0.333333333;5;3;2;5;0.6;0.4;3;3;0;3;1;0;5;4;1;5;0.8;0.2;8;4;4;8;0.5;0.5;4;4;0;4;1;0;5;4;1;5;0.8;0.2;9;8;1;9;0.888888889;0.111111111;48;3;1;48;0.0625;0.020833333;34;5;0;34;0.147058824;0;NULL;NULL;NULL;NULL;NULL;NULL;21;4;0;21;0.19047619;0;35;4;0;35;0.114285714;0;26;4;0;26;0.153846154;0;No
Female;Yes;No;12;11;11;0;11;1;0;10;9;1;10;0.9;0.1;8;8;0;8;1;0;6;6;0;6;1;0;4;4;0;4;1;0;6;2;4;6;0.333333333;0.666666667;5;5;0;5;1;0;6;6;0;6;1;0;3;2;1;3;0.666666667;0.333333333;8;8;0;8;1;0;6;4;2;6;0.666666667;0.333333333;7;7;0;7;1;0;6;2;4;6;0.333333333;0.666666667;9;9;0;9;1;0;6;5;1;6;0.833333333;0.166666667;6;6;0;6;1;0;6;6;0;6;1;0;6;6;0;6;1;0;5;3;2;5;0.6;0.4;4;0;4;4;0;1;4;2;2;4;0.5;0.5;6;4;2;6;0.666666667;0.333333333;9;6;3;9;0.666666667;0.333333333;6;5;1;6;0.833333333;0.166666667;8;8;0;8;1;0;8;5;3;8;625;375;44;4;0;44;0.090909091;0;20;2;1;20;0.1;0.05;NULL;NULL;NULL;NULL;NULL;NULL;21;1;3;21;0.047619048;0.142857143;44;3;2;44;0.068181818;0.045454545;35;4;2;35;0.114285714;0.057142857;No
Female;Yes;No;12;5;5;0;5;1;0;8;8;0;8;1;0;8;8;0;8;1;0;6;6;0;6;1;0;4;4;0;4;1;0;4;3;1;4;0.75;0.25;8;8;0;8;1;0;8;8;0;8;1;0;3;2;1;3;0.666666667;0.333333333;7;7;0;7;1;0;5;5;0;5;1;0;6;6;0;6;1;0;5;5;0;5;1;0;10;10;0;10;1;0;4;4;0;4;1;0;6;6;0;6;1;0;7;7;0;7;1;0;4;4;0;4;1;0;4;1;3;4;0.25;0.75;3;1;2;3;0.333333333;0.666666667;4;0;4;4;0;1;8;6;2;8;0.75;0.25;9;8;1;9;0.888888889;0.111111111;4;4;0;4;1;0;5;4;1;5;0.8;0.2;12;8;4;12;0.666666667;0.333333333;6;0;0;6;0;0;26;1;3;26;0.038461538;0.115384615;NULL;NULL;NULL;NULL;NULL;NULL;21;0;4;21;0;0.19047619;35;4;0;35;0.114285714;0;49;2;9;49;0.040816327;0.183673469;No
Male;Yes;No;12;1;1;0;1;1;0;9;9;0;9;1;0;6;5;1;6;0.833333333;0.166666667;5;5;0;5;1;0;4;4;0;4;1;0;7;7;0;7;1;0;6;6;0;6;1;0;7;7;0;7;1;0;3;1;2;3;0.333333333;0.666666667;7;7;0;7;1;0;5;4;1;5;0.8;0.2;6;6;0;6;1;0;5;4;1;5;0.8;0.2;9;9;0;9;1;0;7;7;0;7;1;0;7;7;0;7;1;0;8;7;1;8;875;125;4;4;0;4;1;0;4;4;0;4;1;0;4;2;2;4;0.5;0.5;6;2;4;6;0.333333333;0.666666667;5;4;1;5;0.8;0.2;8;7;1;8;875;125;6;6;0;6;1;0;7;5;2;7;0.714285714;0.285714286;13;12;1;13;0.923076923;0.076923077;38;2;1;38;0.052631579;0.026315789;28;2;2;28;0.071428571;0.071428571;NULL;NULL;NULL;NULL;NULL;NULL;21;2;2;21;0.095238095;0.095238095;35;4;0;35;0.114285714;0;48;3;6;48;0.0625;125;No
Female;Yes;No;12;8;8;0;8;1;0;8;8;0;8;1;0;5;5;0;5;1;0;5;5;0;5;1;0;8;8;0;8;1;0;3;3;0;3;1;0;5;5;0;5;1;0;5;5;0;5;1;0;3;3;0;3;1;0;7;7;0;7;1;0;6;6;0;6;1;0;5;5;0;5;1;0;4;4;0;4;1;0;8;8;0;8;1;0;6;6;0;6;1;0;6;6;0;6;1;0;7;7;0;7;1;0;6;6;0;6;1;0;6;5;1;6;0.833333333;0.166666667;2;2;0;2;1;0;2;0;2;2;0;1;3;3;0;3;1;0;7;7;0;7;1;0;6;6;0;6;1;0;6;6;0;6;1;0;5;2;3;5;0.4;0.6;53;5;0;53;0.094339623;0;34;5;0;34;0.147058824;0;NULL;NULL;NULL;NULL;NULL;NULL;21;3;1;21;0.142857143;0.047619048;41;3;2;41;0.073170732;0.048780488;58;2;10;58;0.034482759;0.172413793;No
Male;Yes;No;12;5;5;0;5;1;0;5;5;0;5;1;0;5;5;0;5;1;0;3;3;0;3;1;0;5;5;0;5;1;0;5;4;1;5;0.8;0.2;7;7;0;7;1;0;5;5;0;5;1;0;5;5;0;5;1;0;9;9;0;9;1;0;4;4;0;4;1;0;5;5;0;5;1;0;6;6;0;6;1;0;10;10;0;10;1;0;6;6;0;6;1;0;7;7;0;7;1;0;6;6;0;6;1;0;6;6;0;6;1;0;7;7;0;7;1;0;5;4;1;5;0.8;0.2;2;2;0;2;1;0;9;8;1;9;0.888888889;0.111111111;5;5;0;5;1;0;8;8;0;8;1;0;3;3;0;3;1;0;9;5;4;9;0.555555556;0.444444444;18;1;1;18;0.055555556;0.055555556;46;7;0;46;0.152173913;0;NULL;NULL;NULL;NULL;NULL;NULL;21;3;1;21;0.142857143;0.047619048;35;4;0;35;0.114285714;0;49;3;6;49;0.06122449;0.12244898;No
Female;Yes;No;12;9;9;0;9;1;0;8;8;0;8;1;0;7;7;0;7;1;0;2;2;0;2;1;0;7;7;0;7;1;0;6;5;1;6;0.833333333;0.166666667;4;4;0;4;1;0;4;4;0;4;1;0;1;1;0;1;1;0;8;8;0;8;1;0;5;4;1;5;0.8;0.2;4;3;1;4;0.75;0.25;7;6;1;7;0.857142857;0.142857143;10;10;0;10;1;0;1;1;0;1;1;0;6;6;0;6;1;0;5;5;0;5;1;0;4;3;1;4;0.75;0.25;5;3;2;5;0.6;0.4;3;3;0;3;1;0;1;0;1;1;0;1;6;5;1;6;0.833333333;0.166666667;6;5;1;6;0.833333333;0.166666667;3;3;0;3;1;0;5;4;1;5;0.8;0.2;9;3;6;9;0.333333333;0.666666667;40;3;1;40;75;25;22;3;0;22;0.136363636;0;NULL;NULL;NULL;NULL;NULL;NULL;21;0;4;21;0;0.19047619;35;4;0;35;0.114285714;0;45;3;6;45;0.066666667;0.133333333;No
Male;Yes;No;12;8;8;0;8;1;0;6;6;0;6;1;0;7;6;1;7;0.857142857;0.142857143;5;2;3;5;0.4;0.6;6;5;1;6;0.833333333;0.166666667;7;6;1;7;0.857142857;0.142857143;7;7;0;7;1;0;3;3;0;3;1;0;2;1;1;2;0.5;0.5;10;9;1;10;0.9;0.1;4;3;1;4;0.75;0.25;5;5;0;5;1;0;5;4;1;5;0.8;0.2;8;8;0;8;1;0;4;4;0;4;1;0;3;3;0;3;1;0;5;5;0;5;1;0;4;4;0;4;1;0;6;3;3;6;0.5;0.5;4;1;3;4;0.25;0.75;3;3;0;3;1;0;4;3;1;4;0.75;0.25;3;2;1;3;0.666666667;0.333333333;4;4;0;4;1;0;4;3;1;4;0.75;0.25;8;3;5;8;375;625;30;2;1;30;0.066666667;0.033333333;32;3;2;32;0.09375;0.0625;NULL;NULL;NULL;NULL;NULL;NULL;21;0;4;21;0;0.19047619;46;4;2;46;0.086956522;0.043478261;57;2;8;57;0.035087719;0.140350877;No
Male;Yes;No;12;5;5;0;5;1;0;9;9;0;9;1;0;12;12;0;12;1;0;7;3;4;7;0.428571429;0.571428571;5;5;0;5;1;0;6;6;0;6;1;0;8;8;0;8;1;0;7;7;0;7;1;0;3;3;0;3;1;0;8;8;0;8;1;0;5;5;0;5;1;0;7;6;1;7;0.857142857;0.142857143;8;7;1;8;875;125;10;10;0;10;1;0;6;6;0;6;1;0;4;4;0;4;1;0;6;6;0;6;1;0;6;6;0;6;1;0;6;6;0;6;1;0;5;5;0;5;1;0;4;0;4;4;0;1;5;3;2;5;0.6;0.4;5;4;1;5;0.8;0.2;4;4;0;4;1;0;4;4;0;4;1;0;8;5;3;8;625;375;40;3;1;40;75;25;22;3;0;22;0.136363636;0;NULL;NULL;NULL;NULL;NULL;NULL;21;3;1;21;0.142857143;0.047619048;46;4;2;46;0.086956522;0.043478261;71;1;14;71;0.014084507;0.197183099;No
Female;Yes;No;12;10;10;0;10;1;0;10;10;0;10;1;0;9;9;0;9;1;0;4;4;0;4;1;0;7;7;0;7;1;0;7;7;0;7;1;0;4;4;0;4;1;0;5;5;0;5;1;0;4;4;0;4;1;0;9;9;0;9;1;0;4;4;0;4;1;0;8;6;2;8;0.75;0.25;8;8;0;8;1;0;10;10;0;10;1;0;6;6;0;6;1;0;6;6;0;6;1;0;4;4;0;4;1;0;6;6;0;6;1;0;7;4;3;7;0.571428571;0.428571429;5;1;4;5;0.2;0.8;5;0;5;5;0;1;11;8;3;11;0.727272727;0.272727273;9;9;0;9;1;0;5;4;1;5;0.8;0.2;5;5;0;5;1;0;10;7;3;10;0.7;0.3;46;3;1;46;0.065217391;0.02173913;40;4;2;40;0.1;0.05;NULL;NULL;NULL;NULL;NULL;NULL;21;2;2;21;0.095238095;0.095238095;35;4;0;35;0.114285714;0;70;2;12;70;0.028571429;0.171428571;No
Female;Yes;No;12;8;8;0;8;1;0;9;9;0;9;1;0;9;9;0;9;1;0;6;6;0;6;1;0;6;6;0;6;1;0;4;4;0;4;1;0;6;6;0;6;1;0;5;5;0;5;1;0;5;5;0;5;1;0;9;9;0;9;1;0;9;9;0;9;1;0;8;8;0;8;1;0;7;5;2;7;0.714285714;0.285714286;10;10;0;10;1;0;7;7;0;7;1;0;7;7;0;7;1;0;6;5;1;6;0.833333333;0.166666667;5;5;0;5;1;0;5;5;0;5;1;0;1;0;1;1;0;1;3;0;3;3;0;1;7;7;0;7;1;0;3;3;0;3;1;0;5;5;0;5;1;0;6;6;0;6;1;0;10;7;3;10;0.7;0.3;64;5;1;64;0.078125;0.015625;38;6;0;38;0.157894737;0;NULL;NULL;NULL;NULL;NULL;NULL;21;4;0;21;0.19047619;0;45;4;2;45;0.088888889;0.044444444;26;4;0;26;0.153846154;0;No
Male;Yes;No;12;6;6;0;6;1;0;8;8;0;8;1;0;7;7;0;7;1;0;5;5;0;5;1;0;4;4;0;4;1;0;5;3;2;5;0.6;0.4;6;6;0;6;1;0;5;5;0;5;1;0;4;2;2;4;0.5;0.5;8;7;1;8;875;125;4;4;0;4;1;0;5;4;1;5;0.8;0.2;2;2;0;2;1;0;6;6;0;6;1;0;3;3;0;3;1;0;5;5;0;5;1;0;4;4;0;4;1;0;3;3;0;3;1;0;4;4;0;4;1;0;4;1;3;4;0.25;0.75;4;0;4;4;0;1;4;3;1;4;0.75;0.25;4;3;1;4;0.75;0.25;5;5;0;5;1;0;5;5;0;5;1;0;6;2;4;6;0.333333333;0.666666667;30;2;1;30;0.066666667;0.033333333;36;4;1;36;0.111111111;0.027777778;NULL;NULL;NULL;NULL;NULL;NULL;21;2;2;21;0.095238095;0.095238095;35;4;0;35;0.114285714;0;50;2;8;50;0.04;0.16;No
Male;Yes;No;12;12;12;0;12;1;0;10;10;0;10;1;0;7;7;0;7;1;0;5;5;0;5;1;0;6;6;0;6;1;0;5;5;0;5;1;0;7;7;0;7;1;0;5;5;0;5;1;0;1;1;0;1;1;0;10;10;0;10;1;0;6;6;0;6;1;0;7;6;1;7;0.857142857;0.142857143;6;6;0;6;1;0;9;9;0;9;1;0;7;6;1;7;0.857142857;0.142857143;7;7;0;7;1;0;7;7;0;7;1;0;6;5;1;6;0.833333333;0.166666667;6;4;2;6;0.666666667;0.333333333;4;1;3;4;0.25;0.75;2;1;1;2;0.5;0.5;6;5;1;6;0.833333333;0.166666667;10;10;0;10;1;0;7;7;0;7;1;0;8;8;0;8;1;0;14;13;1;14;0.928571429;0.071428571;62;4;2;62;0.064516129;0.032258065;48;6;1;48;125;0.020833333;NULL;NULL;NULL;NULL;NULL;NULL;21;4;0;21;0.19047619;0;35;4;0;35;0.114285714;0;26;4;0;26;0.153846154;0;No
Female;Yes;No;12;6;6;0;6;1;0;5;5;0;5;1;0;6;6;0;6;1;0;3;3;0;3;1;0;7;7;0;7;1;0;6;6;0;6;1;0;5;5;0;5;1;0;3;3;0;3;1;0;2;1;1;2;0.5;0.5;7;7;0;7;1;0;5;5;0;5;1;0;5;5;0;5;1;0;4;4;0;4;1;0;9;8;1;9;0.888888889;0.111111111;6;6;0;6;1;0;7;7;0;7;1;0;6;6;0;6;1;0;4;4;0;4;1;0;5;4;1;5;0.8;0.2;5;3;2;5;0.6;0.4;2;2;0;2;1;0;5;4;1;5;0.8;0.2;3;2;1;3;0.666666667;0.333333333;4;4;0;4;1;0;4;4;0;4;1;0;5;2;3;5;0.4;0.6;18;2;0;18;0.111111111;0;20;2;1;20;0.1;0.05;NULL;NULL;NULL;NULL;NULL;NULL;21;2;2;21;0.095238095;0.095238095;43;3;2;43;0.069767442;0.046511628;33;2;4;33;0.060606061;0.121212121;No
Female;Yes;No;12;11;11;0;11;1;0;11;11;0;11;1;0;6;6;0;6;1;0;3;3;0;3;1;0;8;8;0;8;1;0;4;3;1;4;0.75;0.25;5;5;0;5;1;0;5;5;0;5;1;0;3;2;1;3;0.666666667;0.333333333;7;7;0;7;1;0;7;7;0;7;1;0;4;4;0;4;1;0;8;2;6;8;0.25;0.75;10;10;0;10;1;0;6;6;0;6;1;0;4;3;1;4;0.75;0.25;7;7;0;7;1;0;5;4;1;5;0.8;0.2;5;1;4;5;0.2;0.8;6;0;6;6;0;1;6;1;5;6;0.166666667;0.833333333;7;6;1;7;0.857142857;0.142857143;10;9;1;10;0.9;0.1;4;4;0;4;1;0;2;2;0;2;1;0;10;7;3;10;0.7;0.3;36;3;0;36;0.083333333;0;34;2;3;34;0.058823529;0.088235294;NULL;NULL;NULL;NULL;NULL;NULL;21;1;3;21;0.047619048;0.142857143;35;4;0;35;0.114285714;0;33;3;2;33;0.090909091;0.060606061;No
Female;Yes;No;12;5;5;0;5;1;0;8;8;0;8;1;0;8;8;0;8;1;0;2;2;0;2;1;0;6;6;0;6;1;0;3;0;3;3;0;1;4;4;0;4;1;0;3;3;0;3;1;0;4;3;1;4;0.75;0.25;8;8;0;8;1;0;4;3;1;4;0.75;0.25;6;6;0;6;1;0;8;3;5;8;375;625;8;8;0;8;1;0;5;5;0;5;1;0;4;3;1;4;0.75;0.25;7;4;3;7;0.571428571;0.428571429;6;5;1;6;0.833333333;0.166666667;5;1;4;5;0.2;0.8;6;3;3;6;0.5;0.5;5;0;5;5;0;1;7;4;3;7;0.571428571;0.428571429;8;4;4;8;0.5;0.5;6;4;2;6;0.666666667;0.333333333;5;1;4;5;0.2;0.8;8;6;2;8;0.75;0.25;42;2;2;42;0.047619048;0.047619048;30;2;2;30;0.066666667;0.066666667;NULL;NULL;NULL;NULL;NULL;NULL;21;1;3;21;0.047619048;0.142857143;38;1;4;38;0.026315789;0.105263158;27;1;4;27;0.037037037;0.148148148;No
Female;Yes;No;12;4;4;0;4;1;0;6;6;0;6;1;0;4;4;0;4;1;0;3;3;0;3;1;0;5;5;0;5;1;0;5;5;0;5;1;0;3;3;0;3;1;0;5;5;0;5;1;0;3;3;0;3;1;0;6;6;0;6;1;0;2;2;0;2;1;0;4;3;1;4;0.75;0.25;4;2;2;4;0.5;0.5;8;8;0;8;1;0;5;5;0;5;1;0;5;5;0;5;1;0;3;3;0;3;1;0;5;5;0;5;1;0;5;4;1;5;0.8;0.2;3;0;3;3;0;1;2;0;2;2;0;1;4;2;2;4;0.5;0.5;4;4;0;4;1;0;3;3;0;3;1;0;3;3;0;3;1;0;7;5;2;7;0.714285714;0.285714286;22;2;0;22;0.090909091;0;24;3;0;24;125;0;NULL;NULL;NULL;NULL;NULL;NULL;21;3;1;21;0.142857143;0.047619048;35;4;0;35;0.114285714;0;35;3;4;35;0.085714286;0.114285714;No
Male;Yes;No;12;9;9;0;9;1;0;10;10;0;10;1;0;6;6;0;6;1;0;3;3;0;3;1;0;6;6;0;6;1;0;4;4;0;4;1;0;5;5;0;5;1;0;5;4;1;5;0.8;0.2;3;3;0;3;1;0;8;8;0;8;1;0;7;6;1;7;0.857142857;0.142857143;8;8;0;8;1;0;8;5;3;8;625;375;10;9;1;10;0.9;0.1;4;4;0;4;1;0;6;6;0;6;1;0;4;4;0;4;1;0;4;4;0;4;1;0;3;2;1;3;0.666666667;0.333333333;6;5;1;6;0.833333333;0.166666667;2;0;2;2;0;1;4;3;1;4;0.75;0.25;6;6;0;6;1;0;5;5;0;5;1;0;5;4;1;5;0.8;0.2;8;5;3;8;625;375;40;3;1;40;75;25;12;2;0;12;0.166666667;0;NULL;NULL;NULL;NULL;NULL;NULL;21;2;2;21;0.095238095;0.095238095;35;4;0;35;0.114285714;0;47;2;8;47;0.042553191;0.170212766;No
Female;Yes;No;12;4;4;0;4;1;0;8;8;0;8;1;0;7;7;0;7;1;0;5;5;0;5;1;0;6;6;0;6;1;0;6;6;0;6;1;0;9;9;0;9;1;0;6;6;0;6;1;0;3;2;1;3;0.666666667;0.333333333;8;8;0;8;1;0;6;6;0;6;1;0;5;4;1;5;0.8;0.2;6;5;1;6;0.833333333;0.166666667;8;8;0;8;1;0;4;4;0;4;1;0;4;4;0;4;1;0;7;7;0;7;1;0;4;4;0;4;1;0;5;5;0;5;1;0;6;0;6;6;0;1;2;1;1;2;0.5;0.5;5;4;1;5;0.8;0.2;8;7;1;8;875;125;5;5;0;5;1;0;7;7;0;7;1;0;10;5;5;10;0.5;0.5;48;0;4;48;0;0.083333333;28;2;2;28;0.071428571;0.071428571;NULL;NULL;NULL;NULL;NULL;NULL;21;2;2;21;0.095238095;0.095238095;35;4;0;35;0.114285714;0;53;2;8;53;0.037735849;0.150943396;No
Female;Yes;No;12;9;9;0;9;1;0;10;10;0;10;1;0;10;10;0;10;1;0;5;5;0;5;1;0;7;7;0;7;1;0;8;8;0;8;1;0;1;1;0;1;1;0;4;4;0;4;1;0;5;4;1;5;0.8;0.2;7;7;0;7;1;0;5;5;0;5;1;0;6;6;0;6;1;0;6;6;0;6;1;0;9;9;0;9;1;0;4;4;0;4;1;0;3;3;0;3;1;0;6;6;0;6;1;0;5;5;0;5;1;0;6;4;2;6;0.666666667;0.333333333;3;3;0;3;1;0;3;2;1;3;0.666666667;0.333333333;6;6;0;6;1;0;7;7;0;7;1;0;7;7;0;7;1;0;6;6;0;6;1;0;9;7;2;9;0.777777778;0.222222222;44;4;0;44;0.090909091;0;30;3;1;30;0.1;0.033333333;NULL;NULL;NULL;NULL;NULL;NULL;6;0;1;6;0;0.166666667;35;4;0;35;0.114285714;0;40;3;4;40;75;0.1;No
Female;Yes;No;12;8;8;0;8;1;0;7;7;0;7;1;0;6;6;0;6;1;0;4;4;0;4;1;0;3;3;0;3;1;0;5;5;0;5;1;0;8;8;0;8;1;0;3;3;0;3;1;0;2;2;0;2;1;0;7;7;0;7;1;0;4;4;0;4;1;0;3;3;0;3;1;0;4;4;0;4;1;0;8;8;0;8;1;0;6;6;0;6;1;0;7;7;0;7;1;0;6;6;0;6;1;0;5;5;0;5;1;0;2;1;1;2;0.5;0.5;2;2;0;2;1;0;2;1;1;2;0.5;0.5;3;3;0;3;1;0;5;4;1;5;0.8;0.2;4;4;0;4;1;0;5;5;0;5;1;0;2;2;0;2;1;0;30;3;0;30;0.1;0;26;3;1;26;0.115384615;0.038461538;NULL;NULL;NULL;NULL;NULL;NULL;21;3;1;21;0.142857143;0.047619048;32;3;0;32;0.09375;0;34;3;2;34;0.088235294;0.058823529;No
Male;Yes;No;12;9;9;0;9;1;0;10;10;0;10;1;0;10;10;0;10;1;0;3;3;0;3;1;0;6;6;0;6;1;0;6;6;0;6;1;0;5;5;0;5;1;0;4;4;0;4;1;0;16;0;16;16;0;1;8;8;0;8;1;0;6;4;2;6;0.666666667;0.333333333;5;4;1;5;0.8;0.2;9;7;2;9;0.777777778;0.222222222;9;8;1;9;0.888888889;0.111111111;5;5;0;5;1;0;6;5;1;6;0.833333333;0.166666667;3;3;0;3;1;0;4;3;1;4;0.75;0.25;7;3;4;7;0.428571429;0.571428571;8;0;8;8;0;1;3;0;3;3;0;1;10;5;5;10;0.5;0.5;7;7;0;7;1;0;5;5;0;5;1;0;7;6;1;7;0.857142857;0.142857143;11;6;5;11;0.545454545;0.454545455;40;4;0;40;0.1;0;38;2;4;38;0.052631579;0.105263158;NULL;NULL;NULL;NULL;NULL;NULL;21;3;1;21;0.142857143;0.047619048;65;4;6;65;0.061538462;0.092307692;26;4;0;26;0.153846154;0;No
Female;Yes;No;12;11;11;0;11;1;0;9;9;0;9;1;0;7;6;1;7;0.857142857;0.142857143;3;3;0;3;1;0;3;3;0;3;1;0;3;3;0;3;1;0;4;4;0;4;1;0;4;4;0;4;1;0;1;1;0;1;1;0;5;5;0;5;1;0;4;4;0;4;1;0;3;3;0;3;1;0;4;4;0;4;1;0;8;8;0;8;1;0;6;6;0;6;1;0;5;5;0;5;1;0;3;3;0;3;1;0;5;5;0;5;1;0;3;3;0;3;1;0;5;2;3;5;0.4;0.6;5;0;5;5;0;1;5;4;1;5;0.8;0.2;5;4;1;5;0.8;0.2;4;4;0;4;1;0;3;3;0;3;1;0;8;3;5;8;375;625;30;3;0;30;0.1;0;26;1;3;26;0.038461538;0.115384615;NULL;NULL;NULL;NULL;NULL;NULL;21;2;2;21;0.095238095;0.095238095;66;2;6;66;0.03030303;0.090909091;35;4;2;35;0.114285714;0.057142857;No
Female;Yes;No;12;5;5;0;5;1;0;9;9;0;9;1;0;10;10;0;10;1;0;2;2;0;2;1;0;5;5;0;5;1;0;3;3;0;3;1;0;5;5;0;5;1;0;6;5;1;6;0.833333333;0.166666667;3;2;1;3;0.666666667;0.333333333;8;8;0;8;1;0;2;2;0;2;1;0;5;5;0;5;1;0;6;4;2;6;0.666666667;0.333333333;9;9;0;9;1;0;4;4;0;4;1;0;7;7;0;7;1;0;6;5;1;6;0.833333333;0.166666667;6;3;3;6;0.5;0.5;3;2;1;3;0.666666667;0.333333333;4;3;1;4;0.75;0.25;3;2;1;3;0.666666667;0.333333333;9;9;0;9;1;0;10;9;1;10;0.9;0.1;5;5;0;5;1;0;5;5;0;5;1;0;8;7;1;8;875;125;30;2;1;30;0.066666667;0.033333333;22;2;1;22;0.090909091;0.045454545;NULL;NULL;NULL;NULL;NULL;NULL;21;2;2;21;0.095238095;0.095238095;83;3;10;83;0.036144578;0.120481928;45;3;6;45;0.066666667;0.133333333;No
Female;Yes;No;12;8;8;0;8;1;0;9;9;0;9;1;0;8;8;0;8;1;0;5;5;0;5;1;0;6;6;0;6;1;0;5;5;0;5;1;0;2;2;0;2;1;0;5;5;0;5;1;0;2;2;0;2;1;0;8;8;0;8;1;0;4;4;0;4;1;0;5;5;0;5;1;0;3;3;0;3;1;0;8;8;0;8;1;0;4;4;0;4;1;0;6;6;0;6;1;0;7;6;1;7;0.857142857;0.142857143;4;4;0;4;1;0;4;3;1;4;0.75;0.25;4;4;0;4;1;0;3;3;0;3;1;0;3;3;0;3;1;0;5;5;0;5;1;0;5;5;0;5;1;0;6;6;0;6;1;0;2;2;0;2;1;0;30;3;0;30;0.1;0;18;0;3;18;0;0.166666667;NULL;NULL;NULL;NULL;NULL;NULL;21;1;3;21;0.047619048;0.142857143;48;3;4;48;0.0625;0.083333333;49;3;6;49;0.06122449;0.12244898;No
Female;Yes;No;12;11;11;0;11;1;0;9;9;0;9;1;0;10;8;2;10;0.8;0.2;4;4;0;4;1;0;9;9;0;9;1;0;3;0;3;3;0;1;7;7;0;7;1;0;4;4;0;4;1;0;3;3;0;3;1;0;8;8;0;8;1;0;7;7;0;7;1;0;7;3;4;7;0.428571429;0.571428571;9;4;5;9;0.444444444;0.555555556;9;9;0;9;1;0;8;8;0;8;1;0;6;5;1;6;0.833333333;0.166666667;6;6;0;6;1;0;4;4;0;4;1;0;5;3;2;5;0.6;0.4;4;1;3;4;0.25;0.75;5;2;3;5;0.4;0.6;9;6;3;9;0.666666667;0.333333333;7;6;1;7;0.857142857;0.142857143;8;7;1;8;875;125;7;7;0;7;1;0;13;12;1;13;0.923076923;0.076923077;48;3;1;48;0.0625;0.020833333;48;6;1;48;125;0.020833333;NULL;NULL;NULL;NULL;NULL;NULL;21;3;1;21;0.142857143;0.047619048;35;4;0;35;0.114285714;0;48;2;8;48;0.041666667;0.166666667;No
Male;Yes;No;12;12;12;0;12;1;0;9;9;0;9;1;0;7;7;0;7;1;0;2;2;0;2;1;0;7;7;0;7;1;0;5;4;1;5;0.8;0.2;5;5;0;5;1;0;3;2;1;3;0.666666667;0.333333333;5;3;2;5;0.6;0.4;9;8;1;9;0.888888889;0.111111111;4;2;2;4;0.5;0.5;4;3;1;4;0.75;0.25;6;6;0;6;1;0;10;10;0;10;1;0;8;8;0;8;1;0;5;4;1;5;0.8;0.2;7;7;0;7;1;0;4;4;0;4;1;0;6;0;6;6;0;1;2;0;2;2;0;1;4;1;3;4;0.25;0.75;6;6;0;6;1;0;7;6;1;7;0.857142857;0.142857143;4;4;0;4;1;0;4;3;1;4;0.75;0.25;14;6;8;14;0.428571429;0.571428571;40;3;1;40;75;25;18;1;2;18;0.055555556;0.111111111;NULL;NULL;NULL;NULL;NULL;NULL;21;3;1;21;0.142857143;0.047619048;35;4;0;35;0.114285714;0;39;3;4;39;0.076923077;0.102564103;No
Male;Yes;No;12;4;4;0;4;1;0;5;5;0;5;1;0;5;5;0;5;1;0;1;1;0;1;1;0;6;6;0;6;1;0;3;2;1;3;0.666666667;0.333333333;2;2;0;2;1;0;6;6;0;6;1;0;3;2;1;3;0.666666667;0.333333333;4;2;2;4;0.5;0.5;6;6;0;6;1;0;6;5;1;6;0.833333333;0.166666667;3;3;0;3;1;0;3;2;1;3;0.666666667;0.333333333;1;0;1;1;0;1;3;1;2;3;0.333333333;0.666666667;5;5;0;5;1;0;3;3;0;3;1;0;5;3;2;5;0.6;0.4;1;1;0;1;1;0;3;0;3;3;0;1;3;2;1;3;0.666666667;0.333333333;2;1;1;2;0.5;0.5;1;0;1;1;0;1;3;3;0;3;1;0;7;6;1;7;0.857142857;0.142857143;18;2;0;18;0.111111111;0;26;3;1;26;0.115384615;0.038461538;NULL;NULL;NULL;NULL;NULL;NULL;11;0;2;11;0;0.181818182;44;1;4;44;0.022727273;0.090909091;45;2;8;45;0.044444444;0.177777778;Yes
Male;Yes;No;12;6;5;1;6;0.833333333;0.166666667;3;3;0;3;1;0;4;4;0;4;1;0;6;1;5;6;0.166666667;0.833333333;3;2;1;3;0.666666667;0.333333333;4;1;3;4;0.25;0.75;2;2;0;2;1;0;6;4;2;6;0.666666667;0.333333333;18;2;16;18;0.111111111;0.888888889;5;3;2;5;0.6;0.4;2;0;2;2;0;1;2;2;0;2;1;0;3;1;2;3;0.333333333;0.666666667;6;6;0;6;1;0;1;1;0;1;1;0;3;3;0;3;1;0;4;4;0;4;1;0;6;3;3;6;0.5;0.5;2;2;0;2;1;0;6;2;4;6;0.333333333;0.666666667;4;1;3;4;0.25;0.75;4;2;2;4;0.5;0.5;7;4;3;7;0.571428571;0.428571429;3;1;2;3;0.333333333;0.666666667;10;1;9;10;0.1;0.9;7;3;4;7;0.428571429;0.571428571;28;1;1;28;0.035714286;0.035714286;24;1;2;24;0.041666667;0.083333333;NULL;NULL;NULL;NULL;NULL;NULL;21;0;4;21;0;0.19047619;73;2;10;73;0.02739726;0.136986301;37;2;6;37;0.054054054;0.162162162;Yes
Female;Yes;Yes;12;10;10;0;10;1;0;9;9;0;9;1;0;8;8;0;8;1;0;3;3;0;3;1;0;4;3;1;4;0.75;0.25;4;4;0;4;1;0;5;5;0;5;1;0;3;3;0;3;1;0;3;3;0;3;1;0;9;8;1;9;0.888888889;0.111111111;4;3;1;4;0.75;0.25;3;3;0;3;1;0;5;2;3;5;0.4;0.6;11;11;0;11;1;0;4;4;0;4;1;0;7;7;0;7;1;0;7;6;1;7;0.857142857;0.142857143;6;5;1;6;0.833333333;0.166666667;5;3;2;5;0.6;0.4;6;1;5;6;0.166666667;0.833333333;4;0;4;4;0;1;5;2;3;5;0.4;0.6;9;4;5;9;0.444444444;0.555555556;4;1;3;4;0.25;0.75;4;3;1;4;0.75;0.25;8;6;2;8;0.75;0.25;48;2;2;48;0.041666667;0.041666667;26;1;3;26;0.038461538;0.115384615;NULL;NULL;NULL;NULL;NULL;NULL;21;1;3;21;0.047619048;0.142857143;71;3;12;71;0.042253521;0.169014085;112;2;22;112;0.017857143;0.196428571;Yes
Female;Yes;Yes;12;2;2;0;2;1;0;8;8;0;8;1;0;9;8;1;9;0.888888889;0.111111111;5;5;0;5;1;0;6;6;0;6;1;0;6;5;1;6;0.833333333;0.166666667;7;7;0;7;1;0;5;5;0;5;1;0;5;5;0;5;1;0;10;10;0;10;1;0;5;4;1;5;0.8;0.2;4;4;0;4;1;0;8;6;2;8;0.75;0.25;11;9;2;11;0.818181818;0.181818182;6;6;0;6;1;0;5;4;1;5;0.8;0.2;6;6;0;6;1;0;5;5;0;5;1;0;7;6;1;7;0.857142857;0.142857143;6;2;4;6;0.333333333;0.666666667;3;0;3;3;0;1;9;8;1;9;0.888888889;0.111111111;6;4;2;6;0.666666667;0.333333333;3;2;1;3;0.666666667;0.333333333;2;2;0;2;1;0;10;6;4;10;0.6;0.4;52;4;1;52;0.076923077;0.019230769;34;3;2;34;0.088235294;0.058823529;NULL;NULL;NULL;NULL;NULL;NULL;21;1;3;21;0.047619048;0.142857143;35;4;0;35;0.114285714;0;89;2;16;89;0.02247191;0.179775281;Yes
Male;Yes;Yes;12;10;10;0;10;1;0;9;9;0;9;1;0;8;8;0;8;1;0;2;1;1;2;0.5;0.5;5;5;0;5;1;0;5;3;2;5;0.6;0.4;3;3;0;3;1;0;3;3;0;3;1;0;3;3;0;3;1;0;4;2;2;4;0.5;0.5;6;6;0;6;1;0;4;2;2;4;0.5;0.5;6;5;1;6;0.833333333;0.166666667;9;9;0;9;1;0;4;4;0;4;1;0;6;6;0;6;1;0;4;4;0;4;1;0;4;4;0;4;1;0;5;4;1;5;0.8;0.2;5;2;3;5;0.4;0.6;2;2;0;2;1;0;4;2;2;4;0.5;0.5;5;4;1;5;0.8;0.2;1;1;0;1;1;0;3;3;0;3;1;0;5;1;4;5;0.2;0.8;24;2;0;24;0.083333333;0;26;3;1;26;0.115384615;0.038461538;NULL;NULL;NULL;NULL;NULL;NULL;21;1;3;21;0.047619048;0.142857143;57;4;4;57;0.070175439;0.070175439;55;2;10;55;0.036363636;0.181818182;Yes
Male;Yes;Yes;12;9;9;0;9;1;0;7;7;0;7;1;0;6;6;0;6;1;0;5;0;5;5;0;1;5;5;0;5;1;0;7;7;0;7;1;0;4;4;0;4;1;0;4;4;0;4;1;0;4;3;1;4;0.75;0.25;7;7;0;7;1;0;3;3;0;3;1;0;4;4;0;4;1;0;4;2;2;4;0.5;0.5;5;5;0;5;1;0;3;2;1;3;0.666666667;0.333333333;4;4;0;4;1;0;4;4;0;4;1;0;5;4;1;5;0.8;0.2;5;5;0;5;1;0;3;0;3;3;0;1;3;0;3;3;0;1;5;3;2;5;0.6;0.4;5;5;0;5;1;0;4;4;0;4;1;0;5;2;3;5;0.4;0.6;7;6;1;7;0.857142857;0.142857143;20;2;0;20;0.1;0;22;2;1;22;0.090909091;0.045454545;NULL;NULL;NULL;NULL;NULL;NULL;21;0;4;21;0;0.19047619;35;4;0;35;0.114285714;0;30;3;2;30;0.1;0.066666667;Yes
Female;Yes;No;12;6;6;0;6;1;0;7;7;0;7;1;0;7;7;0;7;1;0;3;0;3;3;0;1;5;5;0;5;1;0;5;5;0;5;1;0;5;5;0;5;1;0;4;4;0;4;1;0;1;1;0;1;1;0;6;6;0;6;1;0;3;3;0;3;1;0;4;3;1;4;0.75;0.25;3;3;0;3;1;0;6;6;0;6;1;0;4;4;0;4;1;0;4;3;1;4;0.75;0.25;3;3;0;3;1;0;3;3;0;3;1;0;1;0;1;1;0;1;3;0;3;3;0;1;2;0;2;2;0;1;3;2;1;3;0.666666667;0.333333333;1;0;1;1;0;1;3;3;0;3;1;0;0;0;0;0;0;0;2;2;0;2;1;0;0;0;0;0;0;0;12;2;0;12;0.166666667;0;NULL;NULL;NULL;NULL;NULL;NULL;16;2;0;16;125;0;35;4;0;35;0.114285714;0;34;3;2;34;0.088235294;0.058823529;Yes
Female;Yes;No;12;8;7;1;8;875;125;9;7;2;9;0.777777778;0.222222222;2;0;2;2;0;1;2;2;0;2;1;0;6;6;0;6;1;0;7;7;0;7;1;0;6;6;0;6;1;0;5;4;1;5;0.8;0.2;2;2;0;2;1;0;7;7;0;7;1;0;4;4;0;4;1;0;4;3;1;4;0.75;0.25;4;3;1;4;0.75;0.25;8;8;0;8;1;0;5;5;0;5;1;0;4;4;0;4;1;0;5;5;0;5;1;0;3;3;0;3;1;0;6;4;2;6;0.666666667;0.333333333;4;1;3;4;0.25;0.75;1;1;0;1;1;0;5;5;0;5;1;0;5;4;1;5;0.8;0.2;3;2;1;3;0.666666667;0.333333333;3;1;2;3;0.333333333;0.666666667;12;7;5;12;0.583333333;0.416666667;38;2;1;38;0.052631579;0.026315789;26;2;2;26;0.076923077;0.076923077;NULL;NULL;NULL;NULL;NULL;NULL;21;2;2;21;0.095238095;0.095238095;68;2;8;68;0.029411765;0.117647059;55;2;10;55;0.036363636;0.181818182;Yes
Male;Yes;No;12;7;7;0;7;1;0;10;10;0;10;1;0;5;5;0;5;1;0;1;1;0;1;1;0;7;7;0;7;1;0;6;3;3;6;0.5;0.5;5;5;0;5;1;0;7;4;3;7;0.571428571;0.428571429;6;3;3;6;0.5;0.5;10;1;9;10;0.1;0.9;3;1;2;3;0.333333333;0.666666667;6;6;0;6;1;0;5;4;1;5;0.8;0.2;9;9;0;9;1;0;6;6;0;6;1;0;5;5;0;5;1;0;4;4;0;4;1;0;3;2;1;3;0.666666667;0.333333333;5;4;1;5;0.8;0.2;20;3;17;20;0.15;0.85;3;2;1;3;0.666666667;0.333333333;17;6;11;17;0.352941176;0.647058824;5;2;3;5;0.4;0.6;4;4;0;4;1;0;4;2;2;4;0.5;0.5;8;5;3;8;625;375;30;1;2;30;0.033333333;0.066666667;20;1;2;20;0.05;0.1;NULL;NULL;NULL;NULL;NULL;NULL;21;2;2;21;0.095238095;0.095238095;95;2;14;95;0.021052632;0.147368421;69;2;10;69;0.028985507;0.144927536;Yes
Female;Yes;No;12;10;10;0;10;1;0;7;7;0;7;1;0;5;5;0;5;1;0;2;2;0;2;1;0;4;4;0;4;1;0;6;6;0;6;1;0;6;6;0;6;1;0;5;5;0;5;1;0;4;4;0;4;1;0;7;7;0;7;1;0;6;5;1;6;0.833333333;0.166666667;6;6;0;6;1;0;6;6;0;6;1;0;8;8;0;8;1;0;3;3;0;3;1;0;6;5;1;6;0.833333333;0.166666667;4;4;0;4;1;0;1;1;0;1;1;0;5;5;0;5;1;0;1;1;0;1;1;0;7;1;6;7;0.142857143;0.857142857;6;3;3;6;0.5;0.5;8;6;2;8;0.75;0.25;4;4;0;4;1;0;3;2;1;3;0.666666667;0.333333333;8;7;1;8;875;125;34;3;0;34;0.088235294;0;18;1;2;18;0.055555556;0.111111111;NULL;NULL;NULL;NULL;NULL;NULL;21;2;2;21;0.095238095;0.095238095;47;3;4;47;0.063829787;0.085106383;49;2;8;49;0.040816327;0.163265306;Yes
Male;No;No;12;7;7;0;7;1;0;7;7;0;7;1;0;4;4;0;4;1;0;2;2;0;2;1;0;4;4;0;4;1;0;4;2;2;4;0.5;0.5;2;2;0;2;1;0;1;1;0;1;1;0;2;2;0;2;1;0;6;6;0;6;1;0;3;3;0;3;1;0;3;3;0;3;1;0;1;1;0;1;1;0;8;7;1;8;875;125;3;3;0;3;1;0;5;5;0;5;1;0;5;4;1;5;0.8;0.2;2;2;0;2;1;0;3;3;0;3;1;0;1;1;0;1;1;0;1;0;1;1;0;1;4;3;1;4;0.75;0.25;3;3;0;3;1;0;2;2;0;2;1;0;4;3;1;4;0.75;0.25;4;1;3;4;0.25;0.75;14;0;1;14;0;0.071428571;12;2;0;12;0.166666667;0;NULL;NULL;NULL;NULL;NULL;NULL;15;0;3;15;0;0.2;64;3;6;64;0.046875;0.09375;26;4;0;26;0.153846154;0;Yes
Female;Yes;Yes;12;11;10;1;11;0.909090909;0.090909091;6;5;1;6;0.833333333;0.166666667;6;6;0;6;1;0;3;3;0;3;1;0;7;7;0;7;1;0;4;2;2;4;0.5;0.5;5;4;1;5;0.8;0.2;6;6;0;6;1;0;5;3;2;5;0.6;0.4;8;8;0;8;1;0;5;5;0;5;1;0;9;6;3;9;0.666666667;0.333333333;5;2;3;5;0.4;0.6;11;10;1;11;0.909090909;0.090909091;4;4;0;4;1;0;4;4;0;4;1;0;5;4;1;5;0.8;0.2;5;3;2;5;0.6;0.4;4;1;3;4;0.25;0.75;24;2;22;24;0.083333333;0.916666667;52;5;47;52;0.096153846;0.903846154;7;4;3;7;0.571428571;0.428571429;20;10;10;20;0.5;0.5;15;5;10;15;0.333333333;0.666666667;17;7;10;17;0.411764706;0.588235294;13;9;4;13;0.692307692;0.307692308;148;0;13;148;0;0.087837838;30;2;2;30;0.066666667;0.066666667;NULL;NULL;NULL;NULL;NULL;NULL;21;2;2;21;0.095238095;0.095238095;124;3;20;124;0.024193548;0.161290323;50;3;6;50;0.06;0.12;Yes
Female;Yes;No;12;6;6;0;6;1;0;6;6;0;6;1;0;5;5;0;5;1;0;5;5;0;5;1;0;5;5;0;5;1;0;4;4;0;4;1;0;5;5;0;5;1;0;5;5;0;5;1;0;3;3;0;3;1;0;8;8;0;8;1;0;5;4;1;5;0.8;0.2;4;4;0;4;1;0;4;4;0;4;1;0;8;8;0;8;1;0;6;6;0;6;1;0;3;3;0;3;1;0;5;5;0;5;1;0;4;4;0;4;1;0;3;2;1;3;0.666666667;0.333333333;4;3;1;4;0.75;0.25;3;2;1;3;0.666666667;0.333333333;3;3;0;3;1;0;5;5;0;5;1;0;5;5;0;5;1;0;2;2;0;2;1;0;3;2;1;3;0.666666667;0.333333333;30;3;0;30;0.1;0;12;2;0;12;0.166666667;0;NULL;NULL;NULL;NULL;NULL;NULL;21;1;3;21;0.047619048;0.142857143;47;2;4;47;0.042553191;0.085106383;36;3;4;36;0.083333333;0.111111111;Yes
Male;Yes;No;12;7;7;0;7;1;0;12;11;1;12;0.916666667;0.083333333;7;7;0;7;1;0;7;0;7;7;0;1;5;5;0;5;1;0;5;4;1;5;0.8;0.2;6;6;0;6;1;0;6;6;0;6;1;0;4;4;0;4;1;0;7;7;0;7;1;0;5;5;0;5;1;0;4;4;0;4;1;0;7;3;4;7;0.428571429;0.571428571;9;9;0;9;1;0;9;9;0;9;1;0;7;7;0;7;1;0;6;6;0;6;1;0;4;4;0;4;1;0;4;3;1;4;0.75;0.25;3;0;3;3;0;1;1;0;1;1;0;1;6;3;3;6;0.5;0.5;8;6;2;8;0.75;0.25;3;3;0;3;1;0;3;3;0;3;1;0;12;5;7;12;0.416666667;0.583333333;54;3;2;54;0.055555556;0.037037037;32;5;0;32;0.15625;0;NULL;NULL;NULL;NULL;NULL;NULL;21;1;3;21;0.047619048;0.142857143;42;4;2;42;0.095238095;0.047619048;43;2;6;43;0.046511628;0.139534884;Yes
Male;Yes;No;12;12;12;0;12;1;0;8;8;0;8;1;0;6;6;0;6;1;0;4;4;0;4;1;0;6;6;0;6;1;0;4;4;0;4;1;0;7;7;0;7;1;0;5;5;0;5;1;0;2;0;2;2;0;1;8;8;0;8;1;0;4;4;0;4;1;0;4;3;1;4;0.75;0.25;6;6;0;6;1;0;9;9;0;9;1;0;4;4;0;4;1;0;5;5;0;5;1;0;4;4;0;4;1;0;5;4;1;5;0.8;0.2;2;2;0;2;1;0;3;2;1;3;0.666666667;0.333333333;1;1;0;1;1;0;3;3;0;3;1;0;5;5;0;5;1;0;5;5;0;5;1;0;3;3;0;3;1;0;10;9;1;10;0.9;0.1;30;2;1;30;0.066666667;0.033333333;32;5;0;32;0.15625;0;NULL;NULL;NULL;NULL;NULL;NULL;21;4;0;21;0.19047619;0;35;4;0;35;0.114285714;0;35;4;2;35;0.114285714;0.057142857;Yes
Male;Yes;No;12;4;4;0;4;1;0;7;7;0;7;1;0;6;6;0;6;1;0;7;7;0;7;1;0;5;5;0;5;1;0;6;5;1;6;0.833333333;0.166666667;6;6;0;6;1;0;6;6;0;6;1;0;4;4;0;4;1;0;6;6;0;6;1;0;5;5;0;5;1;0;8;8;0;8;1;0;6;6;0;6;1;0;9;9;0;9;1;0;3;3;0;3;1;0;6;6;0;6;1;0;8;8;0;8;1;0;7;5;2;7;0.714285714;0.285714286;6;5;1;6;0.833333333;0.166666667;5;4;1;5;0.8;0.2;2;0;2;2;0;1;8;8;0;8;1;0;7;7;0;7;1;0;8;8;0;8;1;0;8;7;1;8;875;125;13;10;3;13;0.769230769;0.230769231;40;3;1;40;75;25;38;6;0;38;0.157894737;0;NULL;NULL;NULL;NULL;NULL;NULL;21;2;2;21;0.095238095;0.095238095;35;4;0;35;0.114285714;0;26;4;0;26;0.153846154;0;Yes
Female;Yes;No;12;9;9;0;9;1;0;8;8;0;8;1;0;6;6;0;6;1;0;3;3;0;3;1;0;6;6;0;6;1;0;5;4;1;5;0.8;0.2;7;7;0;7;1;0;6;6;0;6;1;0;4;3;1;4;0.75;0.25;7;7;0;7;1;0;4;3;1;4;0.75;0.25;7;7;0;7;1;0;7;5;2;7;0.714285714;0.285714286;7;7;0;7;1;0;4;4;0;4;1;0;6;6;0;6;1;0;4;4;0;4;1;0;3;2;1;3;0.666666667;0.333333333;3;2;1;3;0.666666667;0.333333333;7;3;4;7;0.428571429;0.571428571;2;1;1;2;0.5;0.5;4;3;1;4;0.75;0.25;3;3;0;3;1;0;1;1;0;1;1;0;2;1;1;2;0.5;0.5;7;7;0;7;1;0;36;2;1;36;0.055555556;0.027777778;18;3;0;18;0.166666667;0;NULL;NULL;NULL;NULL;NULL;NULL;21;2;2;21;0.095238095;0.095238095;55;3;4;55;0.054545455;0.072727273;38;4;4;38;0.105263158;0.105263158;Yes
Male;Yes;Yes;12;13;12;1;13;0.923076923;0.076923077;9;9;0;9;1;0;6;6;0;6;1;0;4;4;0;4;1;0;4;4;0;4;1;0;7;6;1;7;0.857142857;0.142857143;4;4;0;4;1;0;6;5;1;6;0.833333333;0.166666667;6;1;5;6;0.166666667;0.833333333;29;3;26;29;0.103448276;0.896551724;12;4;8;12;0.333333333;0.666666667;43;5;38;43;0.11627907;0.88372093;51;7;44;51;0.137254902;0.862745098;10;10;0;10;1;0;7;6;1;7;0.857142857;0.142857143;5;5;0;5;1;0;46;0;46;46;0;1;32;8;24;32;0.25;0.75;33;4;29;33;0.121212121;0.878787879;12;4;8;12;0.333333333;0.666666667;8;0;8;8;0;1;6;4;2;6;0.666666667;0.333333333;7;4;3;7;0.571428571;0.428571429;4;2;2;4;0.5;0.5;14;3;11;14;0.214285714;0.785714286;6;1;5;6;0.166666667;0.833333333;42;3;1;42;0.071428571;0.023809524;18;1;2;18;0.055555556;0.111111111;NULL;NULL;NULL;NULL;NULL;NULL;21;0;4;21;0;0.19047619;50;3;4;50;0.06;0.08;61;2;10;61;0.032786885;0.163934426;Yes
Male;Yes;No;13;7;7;0;7;1;0;7;7;0;7;1;0;6;6;0;6;1;0;5;5;0;5;1;0;5;5;0;5;1;0;2;2;0;2;1;0;5;5;0;5;1;0;4;4;0;4;1;0;4;4;0;4;1;0;7;7;0;7;1;0;3;3;0;3;1;0;4;4;0;4;1;0;7;5;2;7;0.714285714;0.285714286;8;8;0;8;1;0;5;5;0;5;1;0;6;6;0;6;1;0;6;6;0;6;1;0;5;5;0;5;1;0;4;2;2;4;0.5;0.5;2;2;0;2;1;0;1;1;0;1;1;0;4;3;1;4;0.75;0.25;6;5;1;6;0.833333333;0.166666667;5;5;0;5;1;0;6;6;0;6;1;0;9;7;2;9;0.777777778;0.222222222;40;3;1;40;75;25;26;2;2;26;0.076923077;0.076923077;NULL;NULL;NULL;NULL;NULL;NULL;21;3;1;21;0.142857143;0.047619048;46;4;2;46;0.086956522;0.043478261;40;3;4;40;75;0.1;No
Female;Yes;No;13;8;8;0;8;1;0;8;8;0;8;1;0;8;8;0;8;1;0;2;2;0;2;1;0;4;4;0;4;1;0;4;4;0;4;1;0;5;5;0;5;1;0;4;4;0;4;1;0;2;2;0;2;1;0;6;6;0;6;1;0;4;4;0;4;1;0;6;5;1;6;0.833333333;0.166666667;4;4;0;4;1;0;9;9;0;9;1;0;1;1;0;1;1;0;5;5;0;5;1;0;4;4;0;4;1;0;3;3;0;3;1;0;2;1;1;2;0.5;0.5;4;0;4;4;0;1;2;1;1;2;0.5;0.5;9;9;0;9;1;0;6;6;0;6;1;0;3;3;0;3;1;0;3;3;0;3;1;0;5;4;1;5;0.8;0.2;30;2;1;30;0.066666667;0.033333333;26;4;0;26;0.153846154;0;NULL;NULL;NULL;NULL;NULL;NULL;21;3;1;21;0.142857143;0.047619048;35;4;0;35;0.114285714;0;35;4;2;35;0.114285714;0.057142857;No
Female;Yes;No;13;4;4;0;4;1;0;6;6;0;6;1;0;6;6;0;6;1;0;4;4;0;4;1;0;5;5;0;5;1;0;4;4;0;4;1;0;5;5;0;5;1;0;6;6;0;6;1;0;3;3;0;3;1;0;8;8;0;8;1;0;4;4;0;4;1;0;4;4;0;4;1;0;4;4;0;4;1;0;7;7;0;7;1;0;3;3;0;3;1;0;4;4;0;4;1;0;6;6;0;6;1;0;5;5;0;5;1;0;5;5;0;5;1;0;4;2;2;4;0.5;0.5;2;1;1;2;0.5;0.5;10;10;0;10;1;0;9;8;1;9;0.888888889;0.111111111;5;5;0;5;1;0;8;8;0;8;1;0;11;7;4;11;0.636363636;0.363636364;42;4;0;42;0.095238095;0;32;5;0;32;0.15625;0;NULL;NULL;NULL;NULL;NULL;NULL;21;3;1;21;0.142857143;0.047619048;35;4;0;35;0.114285714;0;38;3;4;38;0.078947368;0.105263158;No
Female;Yes;No;13;9;9;0;9;1;0;7;7;0;7;1;0;8;7;1;8;875;125;2;2;0;2;1;0;4;4;0;4;1;0;4;3;1;4;0.75;0.25;6;6;0;6;1;0;4;4;0;4;1;0;2;2;0;2;1;0;6;6;0;6;1;0;2;2;0;2;1;0;3;2;1;3;0.666666667;0.333333333;3;3;0;3;1;0;7;7;0;7;1;0;3;3;0;3;1;0;4;4;0;4;1;0;5;5;0;5;1;0;3;3;0;3;1;0;3;2;1;3;0.666666667;0.333333333;3;0;3;3;0;1;2;1;1;2;0.5;0.5;3;2;1;3;0.666666667;0.333333333;5;5;0;5;1;0;3;3;0;3;1;0;5;5;0;5;1;0;6;5;1;6;0.833333333;0.166666667;18;2;0;18;0.111111111;0;42;6;0;42;0.142857143;0;NULL;NULL;NULL;NULL;NULL;NULL;21;3;1;21;0.142857143;0.047619048;84;2;12;84;0.023809524;0.142857143;42;3;4;42;0.071428571;0.095238095;No
Male;Yes;No;13;7;7;0;7;1;0;6;6;0;6;1;0;8;8;0;8;1;0;4;4;0;4;1;0;5;5;0;5;1;0;4;3;1;4;0.75;0.25;6;5;1;6;0.833333333;0.166666667;5;5;0;5;1;0;3;3;0;3;1;0;5;5;0;5;1;0;4;2;2;4;0.5;0.5;6;5;1;6;0.833333333;0.166666667;3;3;0;3;1;0;10;8;2;10;0.8;0.2;5;5;0;5;1;0;6;6;0;6;1;0;3;3;0;3;1;0;9;9;0;9;1;0;6;2;4;6;0.333333333;0.666666667;6;3;3;6;0.5;0.5;3;0;3;3;0;1;11;10;1;11;0.909090909;0.090909091;4;4;0;4;1;0;5;5;0;5;1;0;4;3;1;4;0.75;0.25;10;6;4;10;0.6;0.4;28;0;2;28;0;0.071428571;18;2;1;18;0.111111111;0.055555556;NULL;NULL;NULL;NULL;NULL;NULL;21;2;2;21;0.095238095;0.095238095;35;4;0;35;0.114285714;0;45;3;6;45;0.066666667;0.133333333;No
Male;Yes;No;13;11;11;0;11;1;0;8;8;0;8;1;0;10;10;0;10;1;0;2;2;0;2;1;0;7;7;0;7;1;0;4;2;2;4;0.5;0.5;9;9;0;9;1;0;8;7;1;8;875;125;6;5;1;6;0.833333333;0.166666667;8;8;0;8;1;0;7;7;0;7;1;0;5;5;0;5;1;0;9;8;1;9;0.888888889;0.111111111;13;13;0;13;1;0;3;1;2;3;0.333333333;0.666666667;7;4;3;7;0.571428571;0.428571429;10;9;1;10;0.9;0.1;6;6;0;6;1;0;5;3;2;5;0.6;0.4;5;2;3;5;0.4;0.6;2;1;1;2;0.5;0.5;7;5;2;7;0.714285714;0.285714286;10;5;5;10;0.5;0.5;6;6;0;6;1;0;6;5;1;6;0.833333333;0.166666667;13;8;5;13;0.615384615;0.384615385;64;4;2;64;0.0625;0.03125;46;3;4;46;0.065217391;0.086956522;NULL;NULL;NULL;NULL;NULL;NULL;21;3;1;21;0.142857143;0.047619048;79;4;8;79;0.050632911;0.101265823;60;4;8;60;0.066666667;0.133333333;No
Male;Yes;Yes;13;12;12;0;12;1;0;11;11;0;11;1;0;10;10;0;10;1;0;3;2;1;3;0.666666667;0.333333333;9;9;0;9;1;0;6;6;0;6;1;0;6;5;1;6;0.833333333;0.166666667;5;5;0;5;1;0;5;5;0;5;1;0;11;11;0;11;1;0;6;4;2;6;0.666666667;0.333333333;7;6;1;7;0.857142857;0.142857143;5;4;1;5;0.8;0.2;11;11;0;11;1;0;7;7;0;7;1;0;7;7;0;7;1;0;7;7;0;7;1;0;3;3;0;3;1;0;5;4;1;5;0.8;0.2;5;5;0;5;1;0;2;1;1;2;0.5;0.5;7;6;1;7;0.857142857;0.142857143;3;2;1;3;0.666666667;0.333333333;3;3;0;3;1;0;3;3;0;3;1;0;2;2;0;2;1;0;44;3;1;44;0.068181818;0.022727273;12;2;0;12;0.166666667;0;NULL;NULL;NULL;NULL;NULL;NULL;21;2;2;21;0.095238095;0.095238095;46;4;2;46;0.086956522;0.043478261;66;3;10;66;0.045454545;0.151515152;No
Male;Yes;Yes;13;13;13;0;13;1;0;10;10;0;10;1;0;8;8;0;8;1;0;5;5;0;5;1;0;3;3;0;3;1;0;1;0;1;1;0;1;2;0;2;2;0;1;4;0;4;4;0;1;6;6;0;6;1;0;3;0;3;3;0;1;5;5;0;5;1;0;6;6;0;6;1;0;3;1;2;3;0.333333333;0.666666667;10;10;0;10;1;0;7;7;0;7;1;0;5;5;0;5;1;0;6;5;1;6;0.833333333;0.166666667;3;3;0;3;1;0;2;2;0;2;1;0;1;1;0;1;1;0;3;2;1;3;0.666666667;0.333333333;5;4;1;5;0.8;0.2;4;3;1;4;0.75;0.25;4;3;1;4;0.75;0.25;2;2;0;2;1;0;5;2;3;5;0.4;0.6;20;1;1;20;0.05;0.05;18;3;0;18;0.166666667;0;NULL;NULL;NULL;NULL;NULL;NULL;21;2;2;21;0.095238095;0.095238095;70;3;8;70;0.042857143;0.114285714;103;0;28;103;0;0.27184466;No
Female;Yes;No;13;13;13;0;13;1;0;12;12;0;12;1;0;9;9;0;9;1;0;6;6;0;6;1;0;9;9;0;9;1;0;6;4;2;6;0.666666667;0.333333333;3;3;0;3;1;0;5;5;0;5;1;0;3;3;0;3;1;0;9;9;0;9;1;0;6;6;0;6;1;0;10;8;2;10;0.8;0.2;6;5;1;6;0.833333333;0.166666667;10;10;0;10;1;0;4;3;1;4;0.75;0.25;4;2;2;4;0.5;0.5;6;6;0;6;1;0;7;7;0;7;1;0;7;6;1;7;0.857142857;0.142857143;6;3;3;6;0.5;0.5;5;1;4;5;0.2;0.8;5;5;0;5;1;0;7;5;2;7;0.714285714;0.285714286;7;7;0;7;1;0;8;8;0;8;1;0;10;6;4;10;0.6;0.4;44;3;1;44;0.068181818;0.022727273;38;6;0;38;0.157894737;0;NULL;NULL;NULL;NULL;NULL;NULL;21;2;2;21;0.095238095;0.095238095;35;4;0;35;0.114285714;0;44;4;4;44;0.090909091;0.090909091;No
Male;Yes;No;13;1;1;0;1;1;0;11;11;0;11;1;0;10;10;0;10;1;0;10;0;10;10;0;1;5;5;0;5;1;0;5;0;5;5;0;1;4;2;2;4;0.5;0.5;7;3;4;7;0.428571429;0.571428571;2;1;1;2;0.5;0.5;7;7;0;7;1;0;3;1;2;3;0.333333333;0.666666667;5;0;5;5;0;1;5;3;2;5;0.6;0.4;10;10;0;10;1;0;5;4;1;5;0.8;0.2;8;8;0;8;1;0;8;6;2;8;0.75;0.25;3;0;3;3;0;1;5;0;5;5;0;1;7;3;4;7;0.428571429;0.571428571;3;1;2;3;0.333333333;0.666666667;8;6;2;8;0.75;0.25;8;7;1;8;875;125;6;5;1;6;0.833333333;0.166666667;7;6;1;7;0.857142857;0.142857143;9;4;5;9;0.444444444;0.555555556;46;4;0;46;0.086956522;0;32;5;0;32;0.15625;0;NULL;NULL;NULL;NULL;NULL;NULL;21;2;2;21;0.095238095;0.095238095;42;2;2;42;0.047619048;0.047619048;69;1;16;69;0.014492754;0.231884058;No
Male;Yes;No;13;9;9;0;9;1;0;9;9;0;9;1;0;10;10;0;10;1;0;3;3;0;3;1;0;7;7;0;7;1;0;5;5;0;5;1;0;9;9;0;9;1;0;7;7;0;7;1;0;4;3;1;4;0.75;0.25;11;11;0;11;1;0;5;5;0;5;1;0;6;6;0;6;1;0;4;4;0;4;1;0;10;10;0;10;1;0;7;7;0;7;1;0;9;9;0;9;1;0;8;8;0;8;1;0;6;6;0;6;1;0;5;5;0;5;1;0;1;0;1;1;0;1;3;2;1;3;0.666666667;0.333333333;6;6;0;6;1;0;3;3;0;3;1;0;4;4;0;4;1;0;4;3;1;4;0.75;0.25;5;1;4;5;0.2;0.8;14;1;0;14;0.071428571;0;18;3;0;18;0.166666667;0;NULL;NULL;NULL;NULL;NULL;NULL;21;3;1;21;0.142857143;0.047619048;35;4;0;35;0.114285714;0;54;3;8;54;0.055555556;0.148148148;No
Female;Yes;No;13;10;10;0;10;1;0;10;10;0;10;1;0;10;10;0;10;1;0;5;5;0;5;1;0;7;7;0;7;1;0;5;2;3;5;0.4;0.6;9;8;1;9;0.888888889;0.111111111;7;7;0;7;1;0;4;3;1;4;0.75;0.25;9;9;0;9;1;0;7;6;1;7;0.857142857;0.142857143;8;8;0;8;1;0;7;5;2;7;0.714285714;0.285714286;11;11;0;11;1;0;3;3;0;3;1;0;5;5;0;5;1;0;4;4;0;4;1;0;6;6;0;6;1;0;5;4;1;5;0.8;0.2;7;4;3;7;0.571428571;0.428571429;6;1;5;6;0.166666667;0.833333333;7;6;1;7;0.857142857;0.142857143;8;6;2;8;0.75;0.25;8;7;1;8;875;125;8;8;0;8;1;0;11;9;2;11;0.818181818;0.181818182;34;2;1;34;0.058823529;0.029411765;32;3;2;32;0.09375;0.0625;NULL;NULL;NULL;NULL;NULL;NULL;21;1;3;21;0.047619048;0.142857143;35;4;0;35;0.114285714;0;107;2;20;107;0.018691589;0.186915888;No
Male;Yes;Yes;13;9;9;0;9;1;0;9;9;0;9;1;0;8;8;0;8;1;0;6;6;0;6;1;0;5;5;0;5;1;0;6;6;0;6;1;0;5;5;0;5;1;0;6;6;0;6;1;0;3;3;0;3;1;0;7;7;0;7;1;0;3;2;1;3;0.666666667;0.333333333;2;2;0;2;1;0;4;4;0;4;1;0;9;9;0;9;1;0;7;7;0;7;1;0;8;8;0;8;1;0;6;5;1;6;0.833333333;0.166666667;2;2;0;2;1;0;4;3;1;4;0.75;0.25;2;0;2;2;0;1;2;1;1;2;0.5;0.5;7;5;2;7;0.714285714;0.285714286;5;5;0;5;1;0;2;2;0;2;1;0;4;3;1;4;0.75;0.25;9;7;2;9;0.777777778;0.222222222;40;4;0;40;0.1;0;18;2;1;18;0.111111111;0.055555556;NULL;NULL;NULL;NULL;NULL;NULL;21;2;2;21;0.095238095;0.095238095;45;4;2;45;0.088888889;0.044444444;26;4;0;26;0.153846154;0;No
Female;Yes;No;13;9;9;0;9;1;0;10;10;0;10;1;0;7;7;0;7;1;0;1;1;0;1;1;0;7;7;0;7;1;0;4;4;0;4;1;0;8;8;0;8;1;0;5;5;0;5;1;0;4;3;1;4;0.75;0.25;7;7;0;7;1;0;4;4;0;4;1;0;5;3;2;5;0.6;0.4;7;5;2;7;0.714285714;0.285714286;10;10;0;10;1;0;7;7;0;7;1;0;3;3;0;3;1;0;6;6;0;6;1;0;5;3;2;5;0.6;0.4;4;4;0;4;1;0;4;3;1;4;0.75;0.25;2;0;2;2;0;1;4;4;0;4;1;0;6;5;1;6;0.833333333;0.166666667;3;1;2;3;0.333333333;0.666666667;5;2;3;5;0.4;0.6;9;8;1;9;0.888888889;0.111111111;40;2;2;40;0.05;0.05;24;3;0;24;125;0;NULL;NULL;NULL;NULL;NULL;NULL;21;2;2;21;0.095238095;0.095238095;35;4;0;35;0.114285714;0;44;4;4;44;0.090909091;0.090909091;No
Male;Yes;No;13;7;7;0;7;1;0;7;7;0;7;1;0;5;5;0;5;1;0;7;0;7;7;0;1;5;5;0;5;1;0;3;2;1;3;0.666666667;0.333333333;7;7;0;7;1;0;4;4;0;4;1;0;1;1;0;1;1;0;5;5;0;5;1;0;5;4;1;5;0.8;0.2;3;3;0;3;1;0;4;4;0;4;1;0;6;6;0;6;1;0;1;1;0;1;1;0;6;6;0;6;1;0;7;7;0;7;1;0;5;5;0;5;1;0;4;3;1;4;0.75;0.25;3;2;1;3;0.666666667;0.333333333;1;1;0;1;1;0;4;4;0;4;1;0;7;6;1;7;0.857142857;0.142857143;5;5;0;5;1;0;6;5;1;6;0.833333333;0.166666667;8;7;1;8;875;125;22;1;1;22;0.045454545;0.045454545;24;3;0;24;125;0;NULL;NULL;NULL;NULL;NULL;NULL;21;3;1;21;0.142857143;0.047619048;62;3;6;62;0.048387097;0.096774194;52;3;6;52;0.057692308;0.115384615;No
Female;Yes;No;13;11;11;0;11;1;0;10;8;2;10;0.8;0.2;8;8;0;8;1;0;2;2;0;2;1;0;7;6;1;7;0.857142857;0.142857143;5;3;2;5;0.6;0.4;3;1;2;3;0.333333333;0.666666667;4;4;0;4;1;0;2;2;0;2;1;0;8;7;1;8;875;125;2;2;0;2;1;0;3;3;0;3;1;0;5;4;1;5;0.8;0.2;10;10;0;10;1;0;6;6;0;6;1;0;6;5;1;6;0.833333333;0.166666667;5;5;0;5;1;0;3;2;1;3;0.666666667;0.333333333;4;4;0;4;1;0;3;0;3;3;0;1;3;0;3;3;0;1;8;7;1;8;875;125;6;5;1;6;0.833333333;0.166666667;6;6;0;6;1;0;6;5;1;6;0.833333333;0.166666667;12;11;1;12;0.916666667;0.083333333;44;2;2;44;0.045454545;0.045454545;32;5;0;32;0.15625;0;NULL;NULL;NULL;NULL;NULL;NULL;21;2;2;21;0.095238095;0.095238095;65;3;8;65;0.046153846;0.123076923;82;2;16;82;0.024390244;0.195121951;No
Female;Yes;No;13;13;13;0;13;1;0;10;10;0;10;1;0;9;9;0;9;1;0;4;4;0;4;1;0;4;3;1;4;0.75;0.25;5;5;0;5;1;0;6;5;1;6;0.833333333;0.166666667;5;4;1;5;0.8;0.2;4;2;2;4;0.5;0.5;8;4;4;8;0.5;0.5;2;0;2;2;0;1;6;4;2;6;0.666666667;0.333333333;3;3;0;3;1;0;9;9;0;9;1;0;4;4;0;4;1;0;3;3;0;3;1;0;5;5;0;5;1;0;4;4;0;4;1;0;4;2;2;4;0.5;0.5;5;2;3;5;0.4;0.6;4;1;3;4;0.25;0.75;9;5;4;9;0.555555556;0.444444444;5;5;0;5;1;0;3;2;1;3;0.666666667;0.333333333;4;3;1;4;0.75;0.25;8;4;4;8;0.5;0.5;52;2;3;52;0.038461538;0.057692308;18;1;2;18;0.055555556;0.111111111;NULL;NULL;NULL;NULL;NULL;NULL;21;1;3;21;0.047619048;0.142857143;103;2;14;103;0.019417476;0.13592233;66;2;10;66;0.03030303;0.151515152;No
Male;Yes;Yes;13;12;12;0;12;1;0;10;10;0;10;1;0;7;6;1;7;0.857142857;0.142857143;3;3;0;3;1;0;6;6;0;6;1;0;5;3;2;5;0.6;0.4;4;4;0;4;1;0;4;4;0;4;1;0;6;2;4;6;0.333333333;0.666666667;10;9;1;10;0.9;0.1;7;5;2;7;0.714285714;0.285714286;7;6;1;7;0.857142857;0.142857143;4;1;3;4;0.25;0.75;9;9;0;9;1;0;8;8;0;8;1;0;7;7;0;7;1;0;6;5;1;6;0.833333333;0.166666667;5;4;1;5;0.8;0.2;8;2;6;8;0.25;0.75;5;1;4;5;0.2;0.8;2;0;2;2;0;1;0;0;0;0;0;0;5;3;2;5;0.6;0.4;5;5;0;5;1;0;5;5;0;5;1;0;8;3;5;8;375;625;57;4;1;57;0.070175439;0.01754386;18;2;1;18;0.111111111;0.055555556;NULL;NULL;NULL;NULL;NULL;NULL;21;1;3;21;0.047619048;0.142857143;58;3;6;58;0.051724138;0.103448276;88;1;20;88;0.011363636;0.227272727;No
Female;Yes;No;13;11;11;0;11;1;0;10;10;0;10;1;0;8;8;0;8;1;0;6;0;6;6;0;1;7;7;0;7;1;0;6;1;5;6;0.166666667;0.833333333;7;7;0;7;1;0;4;3;1;4;0.75;0.25;5;4;1;5;0.8;0.2;8;8;0;8;1;0;7;7;0;7;1;0;6;5;1;6;0.833333333;0.166666667;5;5;0;5;1;0;10;10;0;10;1;0;5;5;0;5;1;0;7;7;0;7;1;0;6;6;0;6;1;0;5;5;0;5;1;0;5;2;3;5;0.4;0.6;4;0;4;4;0;1;2;1;1;2;0.5;0.5;7;7;0;7;1;0;6;3;3;6;0.5;0.5;7;7;0;7;1;0;5;4;1;5;0.8;0.2;11;9;2;11;0.818181818;0.181818182;30;1;2;30;0.033333333;0.066666667;26;3;1;26;0.115384615;0.038461538;NULL;NULL;NULL;NULL;NULL;NULL;21;2;2;21;0.095238095;0.095238095;35;4;0;35;0.114285714;0;199;1;48;199;0.005025126;0.24120603;No
Male;Yes;No;13;9;9;0;9;1;0;6;6;0;6;1;0;7;7;0;7;1;0;3;2;1;3;0.666666667;0.333333333;7;7;0;7;1;0;6;5;1;6;0.833333333;0.166666667;8;8;0;8;1;0;8;8;0;8;1;0;4;4;0;4;1;0;10;10;0;10;1;0;5;5;0;5;1;0;5;5;0;5;1;0;5;5;0;5;1;0;9;9;0;9;1;0;1;1;0;1;1;0;7;7;0;7;1;0;7;7;0;7;1;0;6;6;0;6;1;0;7;5;2;7;0.714285714;0.285714286;5;3;2;5;0.6;0.4;3;1;2;3;0.333333333;0.666666667;6;5;1;6;0.833333333;0.166666667;12;12;0;12;1;0;6;6;0;6;1;0;5;5;0;5;1;0;15;14;1;15;0.933333333;0.066666667;40;4;0;40;0.1;0;38;6;0;38;0.157894737;0;NULL;NULL;NULL;NULL;NULL;NULL;21;2;2;21;0.095238095;0.095238095;71;2;8;71;0.028169014;0.112676056;60;2;14;60;0.033333333;0.233333333;No
Female;Yes;No;13;14;14;0;14;1;0;11;11;0;11;1;0;10;10;0;10;1;0;4;4;0;4;1;0;6;6;0;6;1;0;6;6;0;6;1;0;7;7;0;7;1;0;6;6;0;6;1;0;6;6;0;6;1;0;8;8;0;8;1;0;8;6;2;8;0.75;0.25;6;5;1;6;0.833333333;0.166666667;7;7;0;7;1;0;12;12;0;12;1;0;8;7;1;8;875;125;4;4;0;4;1;0;8;8;0;8;1;0;5;5;0;5;1;0;5;4;1;5;0.8;0.2;4;2;2;4;0.5;0.5;2;1;1;2;0.5;0.5;13;12;1;13;0.923076923;0.076923077;10;9;1;10;0.9;0.1;6;5;1;6;0.833333333;0.166666667;7;6;1;7;0.857142857;0.142857143;23;22;1;23;0.956521739;0.043478261;54;3;2;54;0.055555556;0.037037037;54;7;1;54;0.12962963;0.018518519;NULL;NULL;NULL;NULL;NULL;NULL;21;3;1;21;0.142857143;0.047619048;89;4;10;89;0.04494382;0.112359551;31;4;2;31;0.129032258;0.064516129;No
Male;Yes;No;13;13;12;1;13;0.923076923;0.076923077;13;13;0;13;1;0;7;6;1;7;0.857142857;0.142857143;5;5;0;5;1;0;6;6;0;6;1;0;4;4;0;4;1;0;6;6;0;6;1;0;6;5;1;6;0.833333333;0.166666667;4;3;1;4;0.75;0.25;7;7;0;7;1;0;4;2;2;4;0.5;0.5;6;6;0;6;1;0;7;6;1;7;0.857142857;0.142857143;12;10;2;12;0.833333333;0.166666667;5;4;1;5;0.8;0.2;6;6;0;6;1;0;6;5;1;6;0.833333333;0.166666667;7;5;2;7;0.714285714;0.285714286;4;1;3;4;0.25;0.75;3;0;3;3;0;1;1;0;1;1;0;1;8;7;1;8;875;125;5;4;1;5;0.8;0.2;7;6;1;7;0.857142857;0.142857143;7;4;3;7;0.571428571;0.428571429;14;9;5;14;0.642857143;0.357142857;70;3;3;70;0.042857143;0.042857143;44;2;4;44;0.045454545;0.090909091;NULL;NULL;NULL;NULL;NULL;NULL;21;2;2;21;0.095238095;0.095238095;78;3;8;78;0.038461538;0.102564103;63;3;10;63;0.047619048;0.158730159;No
Male;Yes;No;13;12;11;1;12;0.916666667;0.083333333;12;12;0;12;1;0;6;6;0;6;1;0;4;4;0;4;1;0;10;10;0;10;1;0;4;4;0;4;1;0;3;2;1;3;0.666666667;0.333333333;41;8;33;41;0.195121951;0.804878049;39;4;35;39;0.102564103;0.897435897;26;7;19;26;0.269230769;0.730769231;46;5;41;46;0.108695652;0.891304348;28;5;23;28;0.178571429;0.821428571;8;7;1;8;875;125;10;7;3;10;0.7;0.3;8;7;1;8;875;125;6;5;1;6;0.833333333;0.166666667;8;8;0;8;1;0;5;4;1;5;0.8;0.2;6;4;2;6;0.666666667;0.333333333;6;4;2;6;0.666666667;0.333333333;32;3;29;32;0.09375;0.90625;9;7;2;9;0.777777778;0.222222222;10;9;1;10;0.9;0.1;8;8;0;8;1;0;6;4;2;6;0.666666667;0.333333333;7;3;4;7;0.428571429;0.571428571;52;2;3;52;0.038461538;0.057692308;38;5;1;38;0.131578947;0.026315789;NULL;NULL;NULL;NULL;NULL;NULL;21;4;0;21;0.19047619;0;35;4;0;35;0.114285714;0;77;3;12;77;0.038961039;0.155844156;No
Female;Yes;No;13;10;10;0;10;1;0;10;10;0;10;1;0;7;7;0;7;1;0;5;5;0;5;1;0;5;5;0;5;1;0;5;5;0;5;1;0;7;7;0;7;1;0;7;7;0;7;1;0;3;3;0;3;1;0;7;7;0;7;1;0;6;6;0;6;1;0;5;5;0;5;1;0;5;5;0;5;1;0;9;9;0;9;1;0;6;6;0;6;1;0;7;7;0;7;1;0;7;7;0;7;1;0;7;6;1;7;0.857142857;0.142857143;5;5;0;5;1;0;4;2;2;4;0.5;0.5;3;3;0;3;1;0;9;8;1;9;0.888888889;0.111111111;5;5;0;5;1;0;8;8;0;8;1;0;7;7;0;7;1;0;13;11;2;13;0.846153846;0.153846154;30;3;0;30;0.1;0;42;6;0;42;0.142857143;0;NULL;NULL;NULL;NULL;NULL;NULL;21;4;0;21;0.19047619;0;35;4;0;35;0.114285714;0;26;4;0;26;0.153846154;0;No
Female;Yes;No;13;10;10;0;10;1;0;9;9;0;9;1;0;9;9;0;9;1;0;5;5;0;5;1;0;6;6;0;6;1;0;5;5;0;5;1;0;8;8;0;8;1;0;6;6;0;6;1;0;4;4;0;4;1;0;9;9;0;9;1;0;7;7;0;7;1;0;7;7;0;7;1;0;6;5;1;6;0.833333333;0.166666667;9;9;0;9;1;0;6;6;0;6;1;0;4;4;0;4;1;0;4;4;0;4;1;0;2;1;1;2;0.5;0.5;7;6;1;7;0.857142857;0.142857143;3;2;1;3;0.666666667;0.333333333;3;1;2;3;0.333333333;0.666666667;10;10;0;10;1;0;7;6;1;7;0.857142857;0.142857143;16;2;14;16;125;875;10;2;8;10;0.2;0.8;21;8;13;21;0.380952381;0.619047619;66;2;4;66;0.03030303;0.060606061;46;3;4;46;0.065217391;0.086956522;NULL;NULL;NULL;NULL;NULL;NULL;21;2;2;21;0.095238095;0.095238095;56;4;6;56;0.071428571;0.107142857;100;3;19;100;0.03;0.19;No
Male;Yes;No;13;12;12;0;12;1;0;11;11;0;11;1;0;8;7;1;8;875;125;33;6;27;33;0.181818182;0.818181818;43;7;36;43;0.162790698;0.837209302;41;7;34;41;0.170731707;0.829268293;31;4;27;31;0.129032258;0.870967742;26;5;21;26;0.192307692;0.807692308;45;6;39;45;0.133333333;0.866666667;9;1;8;9;0.111111111;0.888888889;34;3;31;34;0.088235294;0.911764706;10;4;6;10;0.4;0.6;35;4;31;35;0.114285714;0.885714286;10;10;0;10;1;0;1;1;0;1;1;0;5;3;2;5;0.6;0.4;12;4;8;12;0.333333333;0.666666667;20;4;16;20;0.2;0.8;14;4;10;14;0.285714286;0.714285714;38;8;30;38;0.210526316;0.789473684;50;9;41;50;0.18;0.82;15;8;7;15;0.533333333;0.466666667;12;9;3;12;0.75;0.25;5;4;1;5;0.8;0.2;44;5;39;44;0.113636364;0.886363636;7;5;2;7;0.714285714;0.285714286;44;2;2;44;0.045454545;0.045454545;115;3;10;115;0.026086957;0.086956522;NULL;NULL;NULL;NULL;NULL;NULL;21;2;2;21;0.095238095;0.095238095;35;4;0;35;0.114285714;0;62;2;10;62;0.032258065;0.161290323;No
Male;Yes;Yes;13;9;9;0;9;1;0;9;9;0;9;1;0;8;8;0;8;1;0;4;4;0;4;1;0;6;5;1;6;0.833333333;0.166666667;5;2;3;5;0.4;0.6;2;2;0;2;1;0;5;5;0;5;1;0;2;2;0;2;1;0;9;8;1;9;0.888888889;0.111111111;7;5;2;7;0.714285714;0.285714286;7;7;0;7;1;0;8;7;1;8;875;125;9;9;0;9;1;0;6;6;0;6;1;0;2;2;0;2;1;0;4;4;0;4;1;0;3;0;3;3;0;1;5;5;0;5;1;0;5;2;3;5;0.4;0.6;3;2;1;3;0.666666667;0.333333333;8;6;2;8;0.75;0.25;10;8;2;10;0.8;0.2;6;6;0;6;1;0;7;5;2;7;0.714285714;0.285714286;11;6;5;11;0.545454545;0.454545455;52;3;2;52;0.057692308;0.038461538;26;1;3;26;0.038461538;0.115384615;NULL;NULL;NULL;NULL;NULL;NULL;21;3;1;21;0.142857143;0.047619048;35;4;0;35;0.114285714;0;91;2;18;91;0.021978022;0.197802198;No
Male;Yes;No;13;10;10;0;10;1;0;10;10;0;10;1;0;10;10;0;10;1;0;5;5;0;5;1;0;4;0;4;4;0;1;3;3;0;3;1;0;8;8;0;8;1;0;7;6;1;7;0.857142857;0.142857143;6;6;0;6;1;0;11;11;0;11;1;0;7;4;3;7;0.571428571;0.428571429;7;4;3;7;0.571428571;0.428571429;7;6;1;7;0.857142857;0.142857143;10;10;0;10;1;0;7;7;0;7;1;0;6;5;1;6;0.833333333;0.166666667;7;6;1;7;0.857142857;0.142857143;8;8;0;8;1;0;4;3;1;4;0.75;0.25;4;1;3;4;0.25;0.75;3;1;2;3;0.333333333;0.666666667;11;8;3;11;0.727272727;0.272727273;11;10;1;11;0.909090909;0.090909091;8;7;1;8;875;125;9;7;2;9;0.777777778;0.222222222;13;5;8;13;0.384615385;0.615384615;66;6;0;66;0.090909091;0;46;2;5;46;0.043478261;0.108695652;NULL;NULL;NULL;NULL;NULL;NULL;21;3;1;21;0.142857143;0.047619048;35;4;0;35;0.114285714;0;55;3;8;55;0.054545455;0.145454545;No
Male;Yes;No;13;8;8;0;8;1;0;8;8;0;8;1;0;7;7;0;7;1;0;5;4;1;5;0.8;0.2;8;8;0;8;1;0;6;6;0;6;1;0;5;4;1;5;0.8;0.2;4;4;0;4;1;0;6;5;1;6;0.833333333;0.166666667;9;8;1;9;0.888888889;0.111111111;6;6;0;6;1;0;5;4;1;5;0.8;0.2;7;5;2;7;0.714285714;0.285714286;9;9;0;9;1;0;5;5;0;5;1;0;6;5;1;6;0.833333333;0.166666667;5;4;1;5;0.8;0.2;2;2;0;2;1;0;5;4;1;5;0.8;0.2;4;1;3;4;0.25;0.75;2;0;2;2;0;1;7;4;3;7;0.571428571;0.428571429;5;5;0;5;1;0;4;3;1;4;0.75;0.25;6;5;1;6;0.833333333;0.166666667;8;7;1;8;875;125;52;5;0;52;0.096153846;0;18;2;1;18;0.111111111;0.055555556;NULL;NULL;NULL;NULL;NULL;NULL;21;3;1;21;0.142857143;0.047619048;47;3;4;47;0.063829787;0.085106383;54;3;8;54;0.055555556;0.148148148;No
Female;Yes;No;13;12;12;0;12;1;0;8;8;0;8;1;0;7;7;0;7;1;0;2;2;0;2;1;0;6;6;0;6;1;0;5;5;0;5;1;0;5;5;0;5;1;0;5;4;1;5;0.8;0.2;3;2;1;3;0.666666667;0.333333333;7;7;0;7;1;0;2;2;0;2;1;0;9;7;2;9;0.777777778;0.222222222;4;4;0;4;1;0;9;9;0;9;1;0;4;3;1;4;0.75;0.25;6;5;1;6;0.833333333;0.166666667;6;6;0;6;1;0;2;2;0;2;1;0;3;2;1;3;0.666666667;0.333333333;3;2;1;3;0.666666667;0.333333333;1;0;1;1;0;1;8;7;1;8;875;125;5;5;0;5;1;0;5;5;0;5;1;0;6;5;1;6;0.833333333;0.166666667;8;7;1;8;875;125;40;2;2;40;0.05;0.05;38;4;2;38;0.105263158;0.052631579;NULL;NULL;NULL;NULL;NULL;NULL;21;2;2;21;0.095238095;0.095238095;57;4;4;57;0.070175439;0.070175439;82;3;14;82;0.036585366;0.170731707;No
Female;Yes;No;13;6;6;0;6;1;0;9;9;0;9;1;0;7;7;0;7;1;0;5;5;0;5;1;0;6;6;0;6;1;0;2;2;0;2;1;0;8;8;0;8;1;0;5;5;0;5;1;0;4;3;1;4;0.75;0.25;8;8;0;8;1;0;5;5;0;5;1;0;5;5;0;5;1;0;5;5;0;5;1;0;11;11;0;11;1;0;7;7;0;7;1;0;10;10;0;10;1;0;6;6;0;6;1;0;6;6;0;6;1;0;5;4;1;5;0.8;0.2;3;2;1;3;0.666666667;0.333333333;6;5;1;6;0.833333333;0.166666667;6;6;0;6;1;0;6;6;0;6;1;0;6;6;0;6;1;0;8;8;0;8;1;0;14;13;1;14;0.928571429;0.071428571;52;3;2;52;0.057692308;0.038461538;38;5;1;38;0.131578947;0.026315789;NULL;NULL;NULL;NULL;NULL;NULL;21;2;2;21;0.095238095;0.095238095;57;4;4;57;0.070175439;0.070175439;26;4;0;26;0.153846154;0;No
Male;Yes;Yes;13;9;9;0;9;1;0;9;9;0;9;1;0;8;8;0;8;1;0;4;4;0;4;1;0;3;3;0;3;1;0;5;5;0;5;1;0;3;2;1;3;0.666666667;0.333333333;6;5;1;6;0.833333333;0.166666667;4;0;4;4;0;1;7;7;0;7;1;0;5;5;0;5;1;0;6;6;0;6;1;0;6;5;1;6;0.833333333;0.166666667;9;9;0;9;1;0;7;7;0;7;1;0;6;6;0;6;1;0;5;5;0;5;1;0;3;1;2;3;0.333333333;0.666666667;5;4;1;5;0.8;0.2;6;0;6;6;0;1;6;0;6;6;0;1;5;5;0;5;1;0;8;3;5;8;375;625;13;6;7;13;0.461538462;0.538461538;5;2;3;5;0.4;0.6;7;2;5;7;0.285714286;0.714285714;44;1;3;44;0.022727273;0.068181818;34;1;4;34;0.029411765;0.117647059;NULL;NULL;NULL;NULL;NULL;NULL;21;1;3;21;0.047619048;0.142857143;73;2;10;73;0.02739726;0.136986301;54;1;10;54;0.018518519;0.185185185;No
Male;Yes;Yes;13;10;10;0;10;1;0;7;7;0;7;1;0;8;8;0;8;1;0;1;1;0;1;1;0;7;7;0;7;1;0;4;2;2;4;0.5;0.5;6;6;0;6;1;0;5;5;0;5;1;0;2;1;1;2;0.5;0.5;4;3;1;4;0.75;0.25;6;6;0;6;1;0;3;3;0;3;1;0;4;3;1;4;0.75;0.25;9;9;0;9;1;0;3;3;0;3;1;0;5;5;0;5;1;0;3;2;1;3;0.666666667;0.333333333;4;0;4;4;0;1;4;4;0;4;1;0;3;2;1;3;0.666666667;0.333333333;2;1;1;2;0.5;0.5;3;3;0;3;1;0;3;3;0;3;1;0;4;4;0;4;1;0;5;4;1;5;0.8;0.2;9;7;2;9;0.777777778;0.222222222;36;3;0;36;0.083333333;0;26;3;1;26;0.115384615;0.038461538;NULL;NULL;NULL;NULL;NULL;NULL;21;2;2;21;0.095238095;0.095238095;65;2;6;65;0.030769231;0.092307692;36;3;4;36;0.083333333;0.111111111;No
Female;Yes;No;13;10;10;0;10;1;0;10;10;0;10;1;0;7;7;0;7;1;0;3;3;0;3;1;0;7;7;0;7;1;0;7;7;0;7;1;0;6;6;0;6;1;0;5;4;1;5;0.8;0.2;4;4;0;4;1;0;7;7;0;7;1;0;5;5;0;5;1;0;6;6;0;6;1;0;5;4;1;5;0.8;0.2;9;9;0;9;1;0;6;6;0;6;1;0;6;6;0;6;1;0;7;7;0;7;1;0;5;5;0;5;1;0;4;3;1;4;0.75;0.25;4;2;2;4;0.5;0.5;4;0;4;4;0;1;6;5;1;6;0.833333333;0.166666667;5;5;0;5;1;0;9;9;0;9;1;0;7;5;2;7;0.714285714;0.285714286;7;5;2;7;0.714285714;0.285714286;40;3;1;40;75;25;38;5;1;38;0.131578947;0.026315789;NULL;NULL;NULL;NULL;NULL;NULL;21;3;1;21;0.142857143;0.047619048;35;4;0;35;0.114285714;0;115;1;30;115;0.008695652;0.260869565;No
Female;Yes;No;13;11;11;0;11;1;0;10;10;0;10;1;0;7;7;0;7;1;0;8;8;0;8;1;0;7;7;0;7;1;0;3;3;0;3;1;0;6;6;0;6;1;0;5;5;0;5;1;0;4;4;0;4;1;0;9;9;0;9;1;0;5;5;0;5;1;0;7;7;0;7;1;0;7;7;0;7;1;0;10;10;0;10;1;0;5;5;0;5;1;0;6;6;0;6;1;0;6;6;0;6;1;0;4;4;0;4;1;0;6;6;0;6;1;0;1;0;1;1;0;1;4;2;2;4;0.5;0.5;3;3;0;3;1;0;7;7;0;7;1;0;6;6;0;6;1;0;3;3;0;3;1;0;2;2;0;2;1;0;32;2;1;32;0.0625;0.03125;18;3;0;18;0.166666667;0;NULL;NULL;NULL;NULL;NULL;NULL;21;4;0;21;0.19047619;0;35;4;0;35;0.114285714;0;26;4;0;26;0.153846154;0;No
Male;Yes;No;13;9;9;0;9;1;0;6;6;0;6;1;0;4;4;0;4;1;0;5;5;0;5;1;0;4;4;0;4;1;0;3;3;0;3;1;0;3;3;0;3;1;0;5;5;0;5;1;0;3;3;0;3;1;0;7;7;0;7;1;0;4;4;0;4;1;0;2;2;0;2;1;0;5;5;0;5;1;0;8;8;0;8;1;0;4;4;0;4;1;0;3;3;0;3;1;0;2;2;0;2;1;0;4;3;1;4;0.75;0.25;5;4;1;5;0.8;0.2;1;0;1;1;0;1;1;1;0;1;1;0;5;5;0;5;1;0;7;6;1;7;0.857142857;0.142857143;6;6;0;6;1;0;5;5;0;5;1;0;6;2;4;6;0.333333333;0.666666667;30;1;2;30;0.033333333;0.066666667;18;3;0;18;0.166666667;0;NULL;NULL;NULL;NULL;NULL;NULL;21;3;1;21;0.142857143;0.047619048;47;3;4;47;0.063829787;0.085106383;26;4;0;26;0.153846154;0;No
Male;Yes;No;13;11;11;0;11;1;0;9;9;0;9;1;0;10;10;0;10;1;0;3;3;0;3;1;0;7;6;1;7;0.857142857;0.142857143;5;5;0;5;1;0;6;5;1;6;0.833333333;0.166666667;8;7;1;8;875;125;3;3;0;3;1;0;7;7;0;7;1;0;7;7;0;7;1;0;5;4;1;5;0.8;0.2;4;4;0;4;1;0;9;9;0;9;1;0;6;6;0;6;1;0;6;6;0;6;1;0;8;8;0;8;1;0;6;6;0;6;1;0;4;4;0;4;1;0;3;2;1;3;0.666666667;0.333333333;2;2;0;2;1;0;5;5;0;5;1;0;3;3;0;3;1;0;4;4;0;4;1;0;6;5;1;6;0.833333333;0.166666667;13;11;2;13;0.846153846;0.153846154;44;3;1;44;0.068181818;0.022727273;54;7;1;54;0.12962963;0.018518519;NULL;NULL;NULL;NULL;NULL;NULL;21;2;2;21;0.095238095;0.095238095;35;4;0;35;0.114285714;0;47;2;8;47;0.042553191;0.170212766;No
Female;Yes;No;13;10;10;0;10;1;0;10;10;0;10;1;0;6;6;0;6;1;0;7;7;0;7;1;0;6;6;0;6;1;0;7;6;1;7;0.857142857;0.142857143;1;1;0;1;1;0;4;4;0;4;1;0;2;2;0;2;1;0;9;9;0;9;1;0;7;6;1;7;0.857142857;0.142857143;5;5;0;5;1;0;2;2;0;2;1;0;10;10;0;10;1;0;7;7;0;7;1;0;6;6;0;6;1;0;6;6;0;6;1;0;4;4;0;4;1;0;6;5;1;6;0.833333333;0.166666667;4;2;2;4;0.5;0.5;1;1;0;1;1;0;11;10;1;11;0.909090909;0.090909091;4;3;1;4;0.75;0.25;1;1;0;1;1;0;3;3;0;3;1;0;7;5;2;7;0.714285714;0.285714286;30;1;2;30;0.033333333;0.066666667;32;5;0;32;0.15625;0;NULL;NULL;NULL;NULL;NULL;NULL;21;3;1;21;0.142857143;0.047619048;56;3;4;56;0.053571429;0.071428571;75;2;18;75;0.026666667;0.24;No
Male;Yes;Yes;13;9;9;0;9;1;0;7;7;0;7;1;0;7;7;0;7;1;0;6;6;0;6;1;0;6;6;0;6;1;0;4;4;0;4;1;0;6;6;0;6;1;0;5;5;0;5;1;0;1;1;0;1;1;0;7;7;0;7;1;0;4;4;0;4;1;0;5;5;0;5;1;0;5;5;0;5;1;0;9;9;0;9;1;0;5;5;0;5;1;0;7;7;0;7;1;0;7;7;0;7;1;0;4;4;0;4;1;0;3;3;0;3;1;0;3;2;1;3;0.666666667;0.333333333;3;0;3;3;0;1;3;3;0;3;1;0;7;6;1;7;0.857142857;0.142857143;5;5;0;5;1;0;6;6;0;6;1;0;6;5;1;6;0.833333333;0.166666667;40;4;0;40;0.1;0;32;4;1;32;125;0.03125;NULL;NULL;NULL;NULL;NULL;NULL;21;2;2;21;0.095238095;0.095238095;56;3;4;56;0.053571429;0.071428571;42;3;5;42;0.071428571;0.119047619;No
Female;Yes;No;13;9;9;0;9;1;0;9;9;0;9;1;0;7;7;0;7;1;0;5;5;0;5;1;0;8;8;0;8;1;0;5;5;0;5;1;0;7;7;0;7;1;0;7;7;0;7;1;0;2;2;0;2;1;0;7;7;0;7;1;0;8;8;0;8;1;0;7;7;0;7;1;0;6;5;1;6;0.833333333;0.166666667;8;8;0;8;1;0;5;5;0;5;1;0;7;7;0;7;1;0;6;6;0;6;1;0;6;5;1;6;0.833333333;0.166666667;4;3;1;4;0.75;0.25;1;1;0;1;1;0;2;1;1;2;0.5;0.5;4;4;0;4;1;0;3;3;0;3;1;0;6;6;0;6;1;0;8;7;1;8;875;125;7;7;0;7;1;0;30;3;0;30;0.1;0;18;2;1;18;0.111111111;0.055555556;NULL;NULL;NULL;NULL;NULL;NULL;21;3;1;21;0.142857143;0.047619048;46;3;4;46;0.065217391;0.086956522;31;3;2;31;0.096774194;0.064516129;No
Male;Yes;No;13;8;8;0;8;1;0;9;8;1;9;0.888888889;0.111111111;7;7;0;7;1;0;2;2;0;2;1;0;6;5;1;6;0.833333333;0.166666667;3;2;1;3;0.666666667;0.333333333;4;4;0;4;1;0;4;4;0;4;1;0;1;0;1;1;0;1;6;6;0;6;1;0;8;5;3;8;625;375;3;3;0;3;1;0;6;4;2;6;0.666666667;0.333333333;7;7;0;7;1;0;3;3;0;3;1;0;4;4;0;4;1;0;4;3;1;4;0.75;0.25;4;4;0;4;1;0;5;4;1;5;0.8;0.2;4;1;3;4;0.25;0.75;3;2;1;3;0.666666667;0.333333333;6;5;1;6;0.833333333;0.166666667;6;5;1;6;0.833333333;0.166666667;4;3;1;4;0.75;0.25;4;2;2;4;0.5;0.5;7;5;2;7;0.714285714;0.285714286;26;1;1;26;0.038461538;0.038461538;32;4;1;32;125;0.03125;NULL;NULL;NULL;NULL;NULL;NULL;21;3;1;21;0.142857143;0.047619048;87;3;12;87;0.034482759;0.137931034;63;3;10;63;0.047619048;0.158730159;No
Male;Yes;No;13;7;0;7;7;0;1;8;8;0;8;1;0;6;6;0;6;1;0;5;5;0;5;1;0;5;5;0;5;1;0;2;2;0;2;1;0;6;6;0;6;1;0;5;5;0;5;1;0;3;0;3;3;0;1;5;0;5;5;0;1;2;0;2;2;0;1;4;4;0;4;1;0;7;7;0;7;1;0;10;9;1;10;0.9;0.1;8;8;0;8;1;0;7;7;0;7;1;0;7;7;0;7;1;0;4;1;3;4;0.25;0.75;5;0;5;5;0;1;0;0;0;0;0;0;4;2;2;4;0.5;0.5;10;8;2;10;0.8;0.2;8;8;0;8;1;0;6;5;1;6;0.833333333;0.166666667;7;3;4;7;0.428571429;0.571428571;12;8;4;12;0.666666667;0.333333333;42;4;0;42;0.095238095;0;0;0;0;0;0;0;NULL;NULL;NULL;NULL;NULL;NULL;21;2;2;21;0.095238095;0.095238095;76;2;10;76;0.026315789;0.131578947;124;0;28;124;0;0.225806452;No
Male;Yes;No;13;10;10;0;10;1;0;11;11;0;11;1;0;7;7;0;7;1;0;4;4;0;4;1;0;11;3;8;11;0.272727273;0.727272727;4;2;2;4;0.5;0.5;0;0;0;0;0;0;3;3;0;3;1;0;4;4;0;4;1;0;9;8;1;9;0.888888889;0.111111111;7;6;1;7;0.857142857;0.142857143;7;4;3;7;0.571428571;0.428571429;5;2;3;5;0.4;0.6;10;10;0;10;1;0;3;3;0;3;1;0;5;5;0;5;1;0;7;6;1;7;0.857142857;0.142857143;4;3;1;4;0.75;0.25;5;2;3;5;0.4;0.6;5;3;2;5;0.6;0.4;3;0;3;3;0;1;9;7;2;9;0.777777778;0.222222222;34;10;24;34;0.294117647;0.705882353;61;13;48;61;0.213114754;0.786885246;55;6;49;55;0.109090909;0.890909091;22;1;21;22;0.045454545;0.954545455;192;0;17;192;0;0.088541667;42;1;5;42;0.023809524;0.119047619;NULL;NULL;NULL;NULL;NULL;NULL;21;1;3;21;0.047619048;0.142857143;35;4;0;35;0.114285714;0;61;3;8;61;0.049180328;0.131147541;No
Male;Yes;Yes;13;11;11;0;11;1;0;12;12;0;12;1;0;8;7;1;8;875;125;3;2;1;3;0.666666667;0.333333333;9;8;1;9;0.888888889;0.111111111;3;2;1;3;0.666666667;0.333333333;5;5;0;5;1;0;5;3;2;5;0.6;0.4;3;2;1;3;0.666666667;0.333333333;8;7;1;8;875;125;7;5;2;7;0.714285714;0.285714286;7;3;4;7;0.428571429;0.571428571;7;4;3;7;0.571428571;0.428571429;10;9;1;10;0.9;0.1;4;3;1;4;0.75;0.25;7;4;3;7;0.571428571;0.428571429;6;4;2;6;0.666666667;0.333333333;6;4;2;6;0.666666667;0.333333333;7;2;5;7;0.285714286;0.714285714;5;1;4;5;0.2;0.8;4;1;3;4;0.25;0.75;11;8;3;11;0.727272727;0.272727273;6;4;2;6;0.666666667;0.333333333;8;8;0;8;1;0;8;5;3;8;625;375;14;7;7;14;0.5;0.5;62;2;4;62;0.032258065;0.064516129;30;2;2;30;0.066666667;0.066666667;NULL;NULL;NULL;NULL;NULL;NULL;21;3;1;21;0.142857143;0.047619048;35;4;0;35;0.114285714;0;78;3;12;78;0.038461538;0.153846154;No
Female;Yes;No;13;11;11;0;11;1;0;11;11;0;11;1;0;6;6;0;6;1;0;5;5;0;5;1;0;4;4;0;4;1;0;4;4;0;4;1;0;5;5;0;5;1;0;5;5;0;5;1;0;4;4;0;4;1;0;3;1;2;3;0.333333333;0.666666667;5;4;1;5;0.8;0.2;5;4;1;5;0.8;0.2;5;4;1;5;0.8;0.2;11;10;1;11;0.909090909;0.090909091;9;8;1;9;0.888888889;0.111111111;6;6;0;6;1;0;6;6;0;6;1;0;3;3;0;3;1;0;2;2;0;2;1;0;4;2;2;4;0.5;0.5;2;1;1;2;0.5;0.5;7;7;0;7;1;0;6;5;1;6;0.833333333;0.166666667;4;4;0;4;1;0;6;6;0;6;1;0;8;7;1;8;875;125;40;3;1;40;75;25;38;6;0;38;0.157894737;0;NULL;NULL;NULL;NULL;NULL;NULL;21;2;2;21;0.095238095;0.095238095;83;2;12;83;0.024096386;0.144578313;60;3;8;60;0.05;0.133333333;No
Male;Yes;No;13;6;6;0;6;1;0;6;6;0;6;1;0;7;7;0;7;1;0;1;1;0;1;1;0;4;3;1;4;0.75;0.25;6;5;1;6;0.833333333;0.166666667;5;5;0;5;1;0;5;4;1;5;0.8;0.2;5;4;1;5;0.8;0.2;5;5;0;5;1;0;3;3;0;3;1;0;4;4;0;4;1;0;4;4;0;4;1;0;9;9;0;9;1;0;4;4;0;4;1;0;6;6;0;6;1;0;3;3;0;3;1;0;6;4;2;6;0.666666667;0.333333333;4;2;2;4;0.5;0.5;2;0;2;2;0;1;36;3;33;36;0.083333333;0.916666667;9;8;1;9;0.888888889;0.111111111;7;7;0;7;1;0;6;6;0;6;1;0;6;4;2;6;0.666666667;0.333333333;7;5;2;7;0.714285714;0.285714286;127;0;11;127;0;0.086614173;42;1;5;42;0.023809524;0.119047619;NULL;NULL;NULL;NULL;NULL;NULL;21;1;3;21;0.047619048;0.142857143;76;3;10;76;0.039473684;0.131578947;56;3;8;56;0.053571429;0.142857143;No
Male;Yes;No;13;10;10;0;10;1;0;11;11;0;11;1;0;8;8;0;8;1;0;2;2;0;2;1;0;3;0;3;3;0;1;2;2;0;2;1;0;6;6;0;6;1;0;5;4;1;5;0.8;0.2;4;0;4;4;0;1;9;8;1;9;0.888888889;0.111111111;3;2;1;3;0.666666667;0.333333333;3;3;0;3;1;0;4;4;0;4;1;0;10;10;0;10;1;0;7;7;0;7;1;0;6;5;1;6;0.833333333;0.166666667;6;6;0;6;1;0;5;2;3;5;0.4;0.6;9;3;6;9;0.333333333;0.666666667;5;1;4;5;0.2;0.8;3;1;2;3;0.333333333;0.666666667;5;3;2;5;0.6;0.4;5;4;1;5;0.8;0.2;5;5;0;5;1;0;5;4;1;5;0.8;0.2;12;11;1;12;0.916666667;0.083333333;68;4;2;68;0.058823529;0.029411765;40;5;1;40;125;25;NULL;NULL;NULL;NULL;NULL;NULL;21;2;2;21;0.095238095;0.095238095;35;4;0;35;0.114285714;0;62;2;10;62;0.032258065;0.161290323;No
Male;Yes;Yes;13;1;1;0;1;1;0;3;3;0;3;1;0;3;1;2;3;0.333333333;0.666666667;0;0;0;0;0;0;7;7;0;7;1;0;5;5;0;5;1;0;7;4;3;7;0.571428571;0.428571429;6;3;3;6;0.5;0.5;3;0;3;3;0;1;6;3;3;6;0.5;0.5;6;2;4;6;0.333333333;0.666666667;4;3;1;4;0.75;0.25;4;2;2;4;0.5;0.5;0;0;0;0;0;0;2;1;1;2;0.5;0.5;0;0;0;0;0;0;0;0;0;0;0;0;5;0;5;5;0;1;7;1;6;7;0.142857143;0.857142857;7;1;6;7;0.142857143;0.857142857;6;0;6;6;0;1;8;3;5;8;375;625;9;3;6;9;0.333333333;0.666666667;1;0;1;1;0;1;4;1;3;4;0.25;0.75;10;3;7;10;0.3;0.7;30;1;2;30;0.033333333;0.066666667;46;1;6;46;0.02173913;0.130434783;NULL;NULL;NULL;NULL;NULL;NULL;18;2;1;18;0.111111111;0.055555556;58;2;8;58;0.034482759;0.137931034;76;1;22;76;0.013157895;0.289473684;No
Female;Yes;No;13;13;13;0;13;1;0;12;12;0;12;1;0;9;9;0;9;1;0;2;1;1;2;0.5;0.5;6;6;0;6;1;0;6;5;1;6;0.833333333;0.166666667;6;6;0;6;1;0;6;6;0;6;1;0;5;4;1;5;0.8;0.2;8;8;0;8;1;0;7;6;1;7;0.857142857;0.142857143;4;3;1;4;0.75;0.25;7;7;0;7;1;0;11;10;1;11;0.909090909;0.090909091;6;6;0;6;1;0;4;4;0;4;1;0;6;5;1;6;0.833333333;0.166666667;6;6;0;6;1;0;6;4;2;6;0.666666667;0.333333333;4;1;3;4;0.25;0.75;4;1;3;4;0.25;0.75;8;7;1;8;875;125;6;6;0;6;1;0;7;6;1;7;0.857142857;0.142857143;6;6;0;6;1;0;9;7;2;9;0.777777778;0.222222222;40;4;0;40;0.1;0;26;3;1;26;0.115384615;0.038461538;NULL;NULL;NULL;NULL;NULL;NULL;21;3;1;21;0.142857143;0.047619048;42;4;2;42;0.095238095;0.047619048;45;3;6;45;0.066666667;0.133333333;No
Female;Yes;No;13;12;12;0;12;1;0;9;9;0;9;1;0;6;0;6;6;0;1;5;5;0;5;1;0;7;7;0;7;1;0;5;5;0;5;1;0;7;7;0;7;1;0;8;8;0;8;1;0;4;3;1;4;0.75;0.25;8;8;0;8;1;0;6;6;0;6;1;0;5;4;1;5;0.8;0.2;6;5;1;6;0.833333333;0.166666667;11;11;0;11;1;0;8;8;0;8;1;0;9;9;0;9;1;0;6;6;0;6;1;0;5;4;1;5;0.8;0.2;6;4;2;6;0.666666667;0.333333333;4;3;1;4;0.75;0.25;5;2;3;5;0.4;0.6;6;6;0;6;1;0;7;5;2;7;0.714285714;0.285714286;8;8;0;8;1;0;6;5;1;6;0.833333333;0.166666667;12;11;1;12;0.916666667;0.083333333;40;2;2;40;0.05;0.05;30;3;1;30;0.1;0.033333333;NULL;NULL;NULL;NULL;NULL;NULL;21;3;1;21;0.142857143;0.047619048;35;4;0;35;0.114285714;0;91;2;18;91;0.021978022;0.197802198;No
Female;Yes;No;13;12;12;0;12;1;0;9;9;0;9;1;0;8;8;0;8;1;0;5;5;0;5;1;0;7;7;0;7;1;0;6;5;1;6;0.833333333;0.166666667;5;5;0;5;1;0;5;5;0;5;1;0;4;4;0;4;1;0;8;8;0;8;1;0;4;3;1;4;0.75;0.25;4;2;2;4;0.5;0.5;3;3;0;3;1;0;12;12;0;12;1;0;7;7;0;7;1;0;6;6;0;6;1;0;7;7;0;7;1;0;3;3;0;3;1;0;2;1;1;2;0.5;0.5;3;2;1;3;0.666666667;0.333333333;2;1;1;2;0.5;0.5;4;4;0;4;1;0;5;5;0;5;1;0;6;6;0;6;1;0;7;7;0;7;1;0;9;8;1;9;0.888888889;0.111111111;32;0;3;32;0;0.09375;38;6;0;38;0.157894737;0;NULL;NULL;NULL;NULL;NULL;NULL;21;3;1;21;0.142857143;0.047619048;35;4;0;35;0.114285714;0;87;2;16;87;0.022988506;0.183908046;No
Male;Yes;No;13;12;12;0;12;1;0;10;10;0;10;1;0;4;0;4;4;0;1;4;4;0;4;1;0;6;6;0;6;1;0;5;5;0;5;1;0;3;3;0;3;1;0;4;4;0;4;1;0;3;3;0;3;1;0;7;6;1;7;0.857142857;0.142857143;3;3;0;3;1;0;4;4;0;4;1;0;8;4;4;8;0.5;0.5;7;6;1;7;0.857142857;0.142857143;5;5;0;5;1;0;7;6;1;7;0.857142857;0.142857143;7;6;1;7;0.857142857;0.142857143;5;3;2;5;0.6;0.4;6;4;2;6;0.666666667;0.333333333;10;0;10;10;0;1;4;2;2;4;0.5;0.5;7;7;0;7;1;0;5;3;2;5;0.6;0.4;6;6;0;6;1;0;6;6;0;6;1;0;10;3;7;10;0.3;0.7;40;3;1;40;75;25;22;3;0;22;0.136363636;0;NULL;NULL;NULL;NULL;NULL;NULL;21;3;1;21;0.142857143;0.047619048;57;4;4;57;0.070175439;0.070175439;73;1;16;73;0.01369863;0.219178082;No
Female;Yes;No;13;11;11;0;11;1;0;7;6;1;7;0.857142857;0.142857143;9;9;0;9;1;0;4;4;0;4;1;0;6;6;0;6;1;0;5;3;2;5;0.6;0.4;6;6;0;6;1;0;6;5;1;6;0.833333333;0.166666667;4;4;0;4;1;0;7;7;0;7;1;0;7;7;0;7;1;0;6;6;0;6;1;0;7;3;4;7;0.428571429;0.571428571;9;8;1;9;0.888888889;0.111111111;3;3;0;3;1;0;4;4;0;4;1;0;3;3;0;3;1;0;5;4;1;5;0.8;0.2;6;4;2;6;0.666666667;0.333333333;5;2;3;5;0.4;0.6;5;1;4;5;0.2;0.8;5;2;3;5;0.4;0.6;7;6;1;7;0.857142857;0.142857143;6;6;0;6;1;0;6;6;0;6;1;0;10;7;3;10;0.7;0.3;42;3;1;42;0.071428571;0.023809524;26;3;1;26;0.115384615;0.038461538;NULL;NULL;NULL;NULL;NULL;NULL;21;3;1;21;0.142857143;0.047619048;37;3;2;37;0.081081081;0.054054054;80;3;16;80;0.0375;0.2;No
Male;Yes;No;13;9;9;0;9;1;0;7;7;0;7;1;0;6;6;0;6;1;0;5;5;0;5;1;0;9;9;0;9;1;0;3;3;0;3;1;0;6;5;1;6;0.833333333;0.166666667;5;5;0;5;1;0;5;4;1;5;0.8;0.2;8;8;0;8;1;0;6;5;1;6;0.833333333;0.166666667;4;4;0;4;1;0;4;4;0;4;1;0;9;9;0;9;1;0;4;4;0;4;1;0;7;7;0;7;1;0;4;4;0;4;1;0;8;7;1;8;875;125;5;1;4;5;0.2;0.8;5;3;2;5;0.6;0.4;4;1;3;4;0.25;0.75;8;7;1;8;875;125;9;7;2;9;0.777777778;0.222222222;8;8;0;8;1;0;6;5;1;6;0.833333333;0.166666667;8;5;3;8;625;375;40;4;0;40;0.1;0;32;3;2;32;0.09375;0.0625;NULL;NULL;NULL;NULL;NULL;NULL;21;1;3;21;0.047619048;0.142857143;45;4;2;45;0.088888889;0.044444444;54;3;8;54;0.055555556;0.148148148;No
Female;Yes;No;13;12;12;0;12;1;0;12;12;0;12;1;0;8;8;0;8;1;0;5;5;0;5;1;0;7;7;0;7;1;0;4;4;0;4;1;0;7;7;0;7;1;0;6;6;0;6;1;0;5;3;2;5;0.6;0.4;8;8;0;8;1;0;7;7;0;7;1;0;3;3;0;3;1;0;10;7;3;10;0.7;0.3;10;10;0;10;1;0;7;7;0;7;1;0;6;6;0;6;1;0;8;6;2;8;0.75;0.25;7;7;0;7;1;0;5;3;2;5;0.6;0.4;5;3;2;5;0.6;0.4;3;2;1;3;0.666666667;0.333333333;9;7;2;9;0.777777778;0.222222222;7;4;3;7;0.571428571;0.428571429;9;9;0;9;1;0;8;6;2;8;0.75;0.25;12;6;6;12;0.5;0.5;32;1;2;32;0.03125;0.0625;26;2;2;26;0.076923077;0.076923077;NULL;NULL;NULL;NULL;NULL;NULL;21;2;2;21;0.095238095;0.095238095;61;3;6;61;0.049180328;0.098360656;74;2;14;74;0.027027027;0.189189189;No
Male;Yes;No;13;11;11;0;11;1;0;10;10;0;10;1;0;7;7;0;7;1;0;5;5;0;5;1;0;7;7;0;7;1;0;5;3;2;5;0.6;0.4;7;6;1;7;0.857142857;0.142857143;3;3;0;3;1;0;2;2;0;2;1;0;8;8;0;8;1;0;5;5;0;5;1;0;7;7;0;7;1;0;6;5;1;6;0.833333333;0.166666667;9;9;0;9;1;0;4;4;0;4;1;0;9;4;5;9;0.444444444;0.555555556;3;3;0;3;1;0;6;6;0;6;1;0;4;4;0;4;1;0;4;0;4;4;0;1;4;0;4;4;0;1;10;9;1;10;0.9;0.1;6;2;4;6;0.333333333;0.666666667;7;6;1;7;0.857142857;0.142857143;7;6;1;7;0.857142857;0.142857143;8;5;3;8;625;375;40;3;1;40;75;25;18;3;0;18;0.166666667;0;NULL;NULL;NULL;NULL;NULL;NULL;21;3;1;21;0.142857143;0.047619048;57;2;6;57;0.035087719;0.105263158;100;2;28;100;0.02;0.28;No
Female;Yes;No;13;11;11;0;11;1;0;11;11;0;11;1;0;7;7;0;7;1;0;6;6;0;6;1;0;6;6;0;6;1;0;3;3;0;3;1;0;5;5;0;5;1;0;4;4;0;4;1;0;4;4;0;4;1;0;9;8;1;9;0.888888889;0.111111111;6;5;1;6;0.833333333;0.166666667;7;7;0;7;1;0;6;6;0;6;1;0;9;9;0;9;1;0;6;6;0;6;1;0;6;6;0;6;1;0;7;7;0;7;1;0;5;5;0;5;1;0;5;5;0;5;1;0;2;2;0;2;1;0;2;2;0;2;1;0;6;5;1;6;0.833333333;0.166666667;7;7;0;7;1;0;6;6;0;6;1;0;7;7;0;7;1;0;8;5;3;8;625;375;32;2;1;32;0.0625;0.03125;32;5;0;32;0.15625;0;NULL;NULL;NULL;NULL;NULL;NULL;21;3;1;21;0.142857143;0.047619048;35;4;0;35;0.114285714;0;26;4;0;26;0.153846154;0;No
Female;Yes;No;13;11;11;0;11;1;0;12;12;0;12;1;0;9;9;0;9;1;0;3;3;0;3;1;0;8;8;0;8;1;0;7;7;0;7;1;0;6;6;0;6;1;0;5;5;0;5;1;0;5;4;1;5;0.8;0.2;9;9;0;9;1;0;6;5;1;6;0.833333333;0.166666667;0;0;0;0;0;0;6;6;0;6;1;0;9;9;0;9;1;0;5;5;0;5;1;0;6;6;0;6;1;0;5;5;0;5;1;0;4;4;0;4;1;0;7;6;1;7;0.857142857;0.142857143;2;0;2;2;0;1;2;2;0;2;1;0;9;7;2;9;0.777777778;0.222222222;7;6;1;7;0.857142857;0.142857143;5;5;0;5;1;0;6;6;0;6;1;0;4;3;1;4;0.75;0.25;58;3;2;58;0.051724138;0.034482759;32;5;0;32;0.15625;0;NULL;NULL;NULL;NULL;NULL;NULL;21;3;1;21;0.142857143;0.047619048;68;3;10;68;0.044117647;0.147058824;86;3;16;86;0.034883721;0.186046512;No
Male;Yes;No;13;3;0;3;3;0;1;8;8;0;8;1;0;7;7;0;7;1;0;4;4;0;4;1;0;6;6;0;6;1;0;7;7;0;7;1;0;4;4;0;4;1;0;4;4;0;4;1;0;6;5;1;6;0.833333333;0.166666667;4;4;0;4;1;0;4;4;0;4;1;0;4;3;1;4;0.75;0.25;4;4;0;4;1;0;8;8;0;8;1;0;4;4;0;4;1;0;5;5;0;5;1;0;4;4;0;4;1;0;4;4;0;4;1;0;7;6;1;7;0.857142857;0.142857143;3;2;1;3;0.666666667;0.333333333;3;2;1;3;0.666666667;0.333333333;6;6;0;6;1;0;6;6;0;6;1;0;4;4;0;4;1;0;3;1;2;3;0.333333333;0.666666667;7;3;4;7;0.428571429;0.571428571;40;4;0;40;0.1;0;18;2;1;18;0.111111111;0.055555556;NULL;NULL;NULL;NULL;NULL;NULL;21;2;2;21;0.095238095;0.095238095;35;4;0;35;0.114285714;0;26;4;0;26;0.153846154;0;No
Male;Yes;No;13;10;10;0;10;1;0;9;9;0;9;1;0;4;4;0;4;1;0;4;4;0;4;1;0;5;5;0;5;1;0;2;1;1;2;0.5;0.5;7;7;0;7;1;0;4;4;0;4;1;0;4;3;1;4;0.75;0.25;6;6;0;6;1;0;3;3;0;3;1;0;2;2;0;2;1;0;4;4;0;4;1;0;7;7;0;7;1;0;1;1;0;1;1;0;2;2;0;2;1;0;3;3;0;3;1;0;4;4;0;4;1;0;5;5;0;5;1;0;2;0;2;2;0;1;2;2;0;2;1;0;6;6;0;6;1;0;5;5;0;5;1;0;6;6;0;6;1;0;7;6;1;7;0.857142857;0.142857143;8;6;2;8;0.75;0.25;28;1;1;28;0.035714286;0.035714286;22;3;0;22;0.136363636;0;NULL;NULL;NULL;NULL;NULL;NULL;21;3;1;21;0.142857143;0.047619048;35;4;0;35;0.114285714;0;161;2;32;161;0.01242236;0.198757764;No
Male;Yes;No;13;10;10;0;10;1;0;11;11;0;11;1;0;8;8;0;8;1;0;3;3;0;3;1;0;5;5;0;5;1;0;4;4;0;4;1;0;6;6;0;6;1;0;6;6;0;6;1;0;3;3;0;3;1;0;9;9;0;9;1;0;4;4;0;4;1;0;3;3;0;3;1;0;4;4;0;4;1;0;11;11;0;11;1;0;4;4;0;4;1;0;4;4;0;4;1;0;4;4;0;4;1;0;4;4;0;4;1;0;7;6;1;7;0.857142857;0.142857143;5;3;2;5;0.6;0.4;3;0;3;3;0;1;6;6;0;6;1;0;8;8;0;8;1;0;6;6;0;6;1;0;7;6;1;7;0.857142857;0.142857143;12;9;3;12;0.75;0.25;42;2;2;42;0.047619048;0.047619048;36;4;2;36;0.111111111;0.055555556;NULL;NULL;NULL;NULL;NULL;NULL;21;3;1;21;0.142857143;0.047619048;64;3;6;64;0.046875;0.09375;72;3;18;72;0.041666667;0.25;No
Female;Yes;No;13;10;10;0;10;1;0;9;9;0;9;1;0;4;4;0;4;1;0;6;6;0;6;1;0;7;7;0;7;1;0;3;3;0;3;1;0;3;3;0;3;1;0;5;3;2;5;0.6;0.4;3;3;0;3;1;0;6;6;0;6;1;0;4;4;0;4;1;0;1;0;1;1;0;1;5;2;3;5;0.4;0.6;7;7;0;7;1;0;5;5;0;5;1;0;4;4;0;4;1;0;7;7;0;7;1;0;3;2;1;3;0.666666667;0.333333333;4;4;0;4;1;0;3;3;0;3;1;0;3;1;2;3;0.333333333;0.666666667;6;6;0;6;1;0;5;4;1;5;0.8;0.2;5;5;0;5;1;0;7;6;1;7;0.857142857;0.142857143;11;10;1;11;0.909090909;0.090909091;38;1;2;38;0.026315789;0.052631579;28;2;2;28;0.071428571;0.071428571;NULL;NULL;NULL;NULL;NULL;NULL;21;3;1;21;0.142857143;0.047619048;55;4;4;55;0.072727273;0.072727273;55;3;8;55;0.054545455;0.145454545;No
Male;Yes;No;13;10;10;0;10;1;0;10;10;0;10;1;0;7;5;2;7;0.714285714;0.285714286;4;4;0;4;1;0;5;5;0;5;1;0;5;5;0;5;1;0;6;6;0;6;1;0;6;6;0;6;1;0;4;4;0;4;1;0;10;10;0;10;1;0;2;2;0;2;1;0;6;5;1;6;0.833333333;0.166666667;6;6;0;6;1;0;10;10;0;10;1;0;6;6;0;6;1;0;6;6;0;6;1;0;5;5;0;5;1;0;3;3;0;3;1;0;4;3;1;4;0.75;0.25;7;4;3;7;0.571428571;0.428571429;3;2;1;3;0.666666667;0.333333333;8;4;4;8;0.5;0.5;9;7;2;9;0.777777778;0.222222222;10;9;1;10;0.9;0.1;9;8;1;9;0.888888889;0.111111111;11;6;5;11;0.545454545;0.454545455;40;1;3;40;25;75;54;6;2;54;0.111111111;0.037037037;NULL;NULL;NULL;NULL;NULL;NULL;21;3;1;21;0.142857143;0.047619048;35;4;0;35;0.114285714;0;26;4;0;26;0.153846154;0;No
Male;Yes;No;13;0;0;0;0;0;0;4;0;4;4;0;1;6;6;0;6;1;0;5;1;4;5;0.2;0.8;24;4;20;24;0.166666667;0.833333333;5;4;1;5;0.8;0.2;6;6;0;6;1;0;1;0;1;1;0;1;3;0;3;3;0;1;4;1;3;4;0.25;0.75;4;0;4;4;0;1;2;1;1;2;0.5;0.5;5;4;1;5;0.8;0.2;10;10;0;10;1;0;4;4;0;4;1;0;6;6;0;6;1;0;7;7;0;7;1;0;2;0;2;2;0;1;4;0;4;4;0;1;3;0;3;3;0;1;3;0;3;3;0;1;11;11;0;11;1;0;7;7;0;7;1;0;6;5;1;6;0.833333333;0.166666667;3;3;0;3;1;0;9;6;3;9;0.666666667;0.333333333;64;6;0;64;0.09375;0;28;2;2;28;0.071428571;0.071428571;NULL;NULL;NULL;NULL;NULL;NULL;21;2;2;21;0.095238095;0.095238095;108;2;16;108;0.018518519;0.148148148;114;0;28;114;0;0.245614035;No
Female;Yes;No;13;12;12;0;12;1;0;10;10;0;10;1;0;10;10;0;10;1;0;4;4;0;4;1;0;5;3;2;5;0.6;0.4;4;4;0;4;1;0;7;7;0;7;1;0;3;3;0;3;1;0;5;5;0;5;1;0;4;0;4;4;0;1;4;4;0;4;1;0;6;5;1;6;0.833333333;0.166666667;7;6;1;7;0.857142857;0.142857143;9;9;0;9;1;0;6;5;1;6;0.833333333;0.166666667;4;4;0;4;1;0;6;5;1;6;0.833333333;0.166666667;4;0;4;4;0;1;5;3;2;5;0.6;0.4;3;1;2;3;0.333333333;0.666666667;3;1;2;3;0.333333333;0.666666667;8;8;0;8;1;0;4;4;0;4;1;0;7;7;0;7;1;0;7;6;1;7;0.857142857;0.142857143;10;7;3;10;0.7;0.3;18;0;2;18;0;0.111111111;18;2;1;18;0.111111111;0.055555556;NULL;NULL;NULL;NULL;NULL;NULL;21;3;1;21;0.142857143;0.047619048;94;2;16;94;0.021276596;0.170212766;71;2;18;71;0.028169014;0.253521127;No
Female;Yes;No;13;10;8;2;10;0.8;0.2;10;8;2;10;0.8;0.2;5;3;2;5;0.6;0.4;9;0;9;9;0;1;5;0;5;5;0;1;3;1;2;3;0.333333333;0.666666667;13;2;11;13;0.153846154;0.846153846;19;4;15;19;0.210526316;0.789473684;18;1;17;18;0.055555556;0.944444444;8;1;7;8;125;875;4;4;0;4;1;0;5;3;2;5;0.6;0.4;8;7;1;8;875;125;6;4;2;6;0.666666667;0.333333333;23;5;18;23;0.217391304;0.782608696;11;4;7;11;0.363636364;0.636363636;2;2;0;2;1;0;5;5;0;5;1;0;7;1;6;7;0.142857143;0.857142857;11;1;10;11;0.090909091;0.909090909;9;4;5;9;0.444444444;0.555555556;7;5;2;7;0.714285714;0.285714286;10;4;6;10;0.4;0.6;8;5;3;8;625;375;5;1;4;5;0.2;0.8;16;11;5;16;0.6875;0.3125;60;3;2;60;0.05;0.033333333;62;4;4;62;0.064516129;0.064516129;NULL;NULL;NULL;NULL;NULL;NULL;21;2;2;21;0.095238095;0.095238095;76;3;10;76;0.039473684;0.131578947;97;3;18;97;0.030927835;0.18556701;No
Male;Yes;No;13;9;9;0;9;1;0;10;10;0;10;1;0;4;4;0;4;1;0;3;3;0;3;1;0;6;6;0;6;1;0;3;3;0;3;1;0;0;0;0;0;0;0;5;4;1;5;0.8;0.2;4;2;2;4;0.5;0.5;8;8;0;8;1;0;5;4;1;5;0.8;0.2;4;4;0;4;1;0;4;3;1;4;0.75;0.25;8;7;1;8;875;125;3;3;0;3;1;0;4;4;0;4;1;0;2;2;0;2;1;0;5;1;4;5;0.2;0.8;5;3;2;5;0.6;0.4;1;0;1;1;0;1;3;0;3;3;0;1;3;3;0;3;1;0;5;5;0;5;1;0;5;5;0;5;1;0;4;4;0;4;1;0;2;2;0;2;1;0;20;2;0;20;0.1;0;14;2;0;14;0.142857143;0;NULL;NULL;NULL;NULL;NULL;NULL;21;1;3;21;0.047619048;0.142857143;58;3;6;58;0.051724138;0.103448276;62;1;14;62;0.016129032;0.225806452;No
Female;Yes;No;13;8;8;0;8;1;0;9;9;0;9;1;0;7;7;0;7;1;0;4;4;0;4;1;0;4;4;0;4;1;0;4;4;0;4;1;0;5;5;0;5;1;0;3;3;0;3;1;0;3;3;0;3;1;0;8;8;0;8;1;0;6;6;0;6;1;0;3;3;0;3;1;0;3;2;1;3;0.666666667;0.333333333;1;1;0;1;1;0;3;3;0;3;1;0;6;6;0;6;1;0;7;7;0;7;1;0;6;6;0;6;1;0;4;4;0;4;1;0;4;2;2;4;0.5;0.5;3;0;3;3;0;1;8;6;2;8;0.75;0.25;7;5;2;7;0.714285714;0.285714286;6;6;0;6;1;0;8;8;0;8;1;0;12;9;3;12;0.75;0.25;40;1;3;40;25;75;32;5;0;32;0.15625;0;NULL;NULL;NULL;NULL;NULL;NULL;21;3;1;21;0.142857143;0.047619048;57;4;4;57;0.070175439;0.070175439;55;3;9;55;0.054545455;0.163636364;No
Female;Yes;No;13;14;14;0;14;1;0;12;12;0;12;1;0;9;9;0;9;1;0;7;7;0;7;1;0;9;8;1;9;0.888888889;0.111111111;5;5;0;5;1;0;4;4;0;4;1;0;8;6;2;8;0.75;0.25;5;4;1;5;0.8;0.2;7;7;0;7;1;0;8;6;2;8;0.75;0.25;5;5;0;5;1;0;7;7;0;7;1;0;10;8;2;10;0.8;0.2;6;6;0;6;1;0;7;7;0;7;1;0;6;6;0;6;1;0;3;3;0;3;1;0;4;3;1;4;0.75;0.25;3;2;1;3;0.666666667;0.333333333;3;1;2;3;0.333333333;0.666666667;11;9;2;11;0.818181818;0.181818182;10;9;1;10;0.9;0.1;9;8;1;9;0.888888889;0.111111111;6;6;0;6;1;0;15;10;5;15;0.666666667;0.333333333;50;3;1;50;0.06;0.02;38;5;1;38;0.131578947;0.026315789;NULL;NULL;NULL;NULL;NULL;NULL;21;3;1;21;0.142857143;0.047619048;35;4;0;35;0.114285714;0;63;3;10;63;0.047619048;0.158730159;No
Male;Yes;No;13;10;10;0;10;1;0;14;14;0;14;1;0;7;6;1;7;0.857142857;0.142857143;6;4;2;6;0.666666667;0.333333333;7;7;0;7;1;0;6;4;2;6;0.666666667;0.333333333;9;9;0;9;1;0;4;4;0;4;1;0;5;5;0;5;1;0;9;8;1;9;0.888888889;0.111111111;7;7;0;7;1;0;6;6;0;6;1;0;5;4;1;5;0.8;0.2;10;10;0;10;1;0;6;6;0;6;1;0;6;6;0;6;1;0;2;2;0;2;1;0;1;1;0;1;1;0;6;4;2;6;0.666666667;0.333333333;11;2;9;11;0.181818182;0.818181818;5;1;4;5;0.2;0.8;17;14;3;17;0.823529412;0.176470588;12;6;6;12;0.5;0.5;9;8;1;9;0.888888889;0.111111111;9;7;2;9;0.777777778;0.222222222;18;12;6;18;0.666666667;0.333333333;78;5;2;78;0.064102564;0.025641026;66;6;3;66;0.090909091;0.045454545;NULL;NULL;NULL;NULL;NULL;NULL;21;4;0;21;0.19047619;0;45;4;2;45;0.088888889;0.044444444;79;3;14;79;0.037974684;0.17721519;No
Male;Yes;No;13;14;14;0;14;1;0;12;12;0;12;1;0;9;9;0;9;1;0;5;5;0;5;1;0;5;5;0;5;1;0;6;4;2;6;0.666666667;0.333333333;10;9;1;10;0.9;0.1;5;5;0;5;1;0;2;2;0;2;1;0;8;8;0;8;1;0;5;3;2;5;0.6;0.4;6;4;2;6;0.666666667;0.333333333;5;4;1;5;0.8;0.2;13;13;0;13;1;0;6;6;0;6;1;0;4;4;0;4;1;0;6;5;1;6;0.833333333;0.166666667;5;5;0;5;1;0;5;3;2;5;0.6;0.4;14;2;12;14;0.142857143;0.857142857;4;3;1;4;0.75;0.25;11;10;1;11;0.909090909;0.090909091;9;8;1;9;0.888888889;0.111111111;8;8;0;8;1;0;7;7;0;7;1;0;14;13;1;14;0.928571429;0.071428571;40;2;2;40;0.05;0.05;46;5;2;46;0.108695652;0.043478261;NULL;NULL;NULL;NULL;NULL;NULL;21;3;1;21;0.142857143;0.047619048;35;4;0;35;0.114285714;0;26;4;0;26;0.153846154;0;No
Male;Yes;No;13;12;12;0;12;1;0;12;12;0;12;1;0;11;11;0;11;1;0;6;6;0;6;1;0;8;8;0;8;1;0;6;6;0;6;1;0;8;8;0;8;1;0;5;5;0;5;1;0;4;3;1;4;0.75;0.25;10;9;1;10;0.9;0.1;8;6;2;8;0.75;0.25;6;5;1;6;0.833333333;0.166666667;6;1;5;6;0.166666667;0.833333333;10;10;0;10;1;0;5;5;0;5;1;0;7;7;0;7;1;0;7;5;2;7;0.714285714;0.285714286;5;5;0;5;1;0;4;2;2;4;0.5;0.5;7;5;2;7;0.714285714;0.285714286;7;3;4;7;0.428571429;0.571428571;16;16;0;16;1;0;10;9;1;10;0.9;0.1;8;8;0;8;1;0;5;5;0;5;1;0;16;12;4;16;0.75;0.25;62;3;3;62;0.048387097;0.048387097;46;7;0;46;0.152173913;0;NULL;NULL;NULL;NULL;NULL;NULL;21;3;1;21;0.142857143;0.047619048;82;3;10;82;0.036585366;0.12195122;53;2;12;53;0.037735849;0.226415094;No
Male;Yes;No;13;13;13;0;13;1;0;12;11;1;12;0.916666667;0.083333333;8;8;0;8;1;0;4;4;0;4;1;0;6;5;1;6;0.833333333;0.166666667;5;5;0;5;1;0;7;7;0;7;1;0;6;6;0;6;1;0;4;2;2;4;0.5;0.5;10;10;0;10;1;0;6;6;0;6;1;0;5;5;0;5;1;0;8;7;1;8;875;125;10;10;0;10;1;0;7;7;0;7;1;0;6;5;1;6;0.833333333;0.166666667;7;6;1;7;0.857142857;0.142857143;7;7;0;7;1;0;7;6;1;7;0.857142857;0.142857143;6;2;4;6;0.333333333;0.666666667;5;4;1;5;0.8;0.2;16;14;2;16;875;125;9;6;3;9;0.666666667;0.333333333;7;6;1;7;0.857142857;0.142857143;9;8;1;9;0.888888889;0.111111111;17;12;5;17;0.705882353;0.294117647;62;2;4;62;0.032258065;0.064516129;64;6;3;64;0.09375;0.046875;NULL;NULL;NULL;NULL;NULL;NULL;21;3;1;21;0.142857143;0.047619048;46;4;2;46;0.086956522;0.043478261;67;4;10;67;0.059701493;0.149253731;No
Female;Yes;Yes;13;11;11;0;11;1;0;12;12;0;12;1;0;5;5;0;5;1;0;3;3;0;3;1;0;4;4;0;4;1;0;6;6;0;6;1;0;7;7;0;7;1;0;4;4;0;4;1;0;2;2;0;2;1;0;9;9;0;9;1;0;6;6;0;6;1;0;6;5;1;6;0.833333333;0.166666667;5;5;0;5;1;0;9;9;0;9;1;0;4;4;0;4;1;0;6;6;0;6;1;0;7;7;0;7;1;0;3;3;0;3;1;0;6;5;1;6;0.833333333;0.166666667;3;1;2;3;0.333333333;0.666666667;2;2;0;2;1;0;3;2;1;3;0.666666667;0.333333333;7;5;2;7;0.714285714;0.285714286;5;5;0;5;1;0;5;5;0;5;1;0;7;5;2;7;0.714285714;0.285714286;42;3;1;42;0.071428571;0.023809524;38;4;2;38;0.105263158;0.052631579;NULL;NULL;NULL;NULL;NULL;NULL;21;3;1;21;0.142857143;0.047619048;35;4;0;35;0.114285714;0;45;3;6;45;0.066666667;0.133333333;No
Male;Yes;No;13;13;13;0;13;1;0;12;12;0;12;1;0;9;9;0;9;1;0;5;5;0;5;1;0;6;6;0;6;1;0;3;3;0;3;1;0;6;6;0;6;1;0;5;5;0;5;1;0;3;3;0;3;1;0;5;5;0;5;1;0;6;5;1;6;0.833333333;0.166666667;7;5;2;7;0.714285714;0.285714286;8;6;2;8;0.75;0.25;10;10;0;10;1;0;6;6;0;6;1;0;6;6;0;6;1;0;5;5;0;5;1;0;6;6;0;6;1;0;6;3;3;6;0.5;0.5;3;1;2;3;0.333333333;0.666666667;2;0;2;2;0;1;7;6;1;7;0.857142857;0.142857143;7;5;2;7;0.714285714;0.285714286;6;6;0;6;1;0;6;6;0;6;1;0;13;11;2;13;0.846153846;0.153846154;73;4;2;73;0.054794521;0.02739726;32;3;2;32;0.09375;0.0625;NULL;NULL;NULL;NULL;NULL;NULL;21;3;1;21;0.142857143;0.047619048;35;4;0;35;0.114285714;0;71;4;10;71;0.056338028;0.14084507;No
Female;Yes;No;13;13;13;0;13;1;0;10;10;0;10;1;0;7;7;0;7;1;0;4;4;0;4;1;0;7;7;0;7;1;0;4;0;4;4;0;1;2;2;0;2;1;0;1;0;1;1;0;1;3;3;0;3;1;0;3;0;3;3;0;1;5;5;0;5;1;0;5;4;1;5;0.8;0.2;4;4;0;4;1;0;10;10;0;10;1;0;6;6;0;6;1;0;5;5;0;5;1;0;3;1;2;3;0.333333333;0.666666667;3;2;1;3;0.666666667;0.333333333;7;4;3;7;0.571428571;0.428571429;5;2;3;5;0.4;0.6;4;1;3;4;0.25;0.75;8;8;0;8;1;0;6;5;1;6;0.833333333;0.166666667;6;5;1;6;0.833333333;0.166666667;7;6;1;7;0.857142857;0.142857143;13;7;6;13;0.538461538;0.461538462;62;6;0;62;0.096774194;0;32;4;1;32;125;0.03125;NULL;NULL;NULL;NULL;NULL;NULL;21;2;2;21;0.095238095;0.095238095;35;4;0;35;0.114285714;0;73;2;14;73;0.02739726;0.191780822;No
Female;Yes;No;13;15;15;0;15;1;0;10;10;0;10;1;0;7;7;0;7;1;0;3;2;1;3;0.666666667;0.333333333;7;5;2;7;0.714285714;0.285714286;3;3;0;3;1;0;6;6;0;6;1;0;5;4;1;5;0.8;0.2;1;1;0;1;1;0;9;9;0;9;1;0;2;2;0;2;1;0;5;4;1;5;0.8;0.2;6;6;0;6;1;0;10;10;0;10;1;0;4;4;0;4;1;0;7;7;0;7;1;0;6;6;0;6;1;0;3;3;0;3;1;0;6;6;0;6;1;0;4;1;3;4;0.25;0.75;2;1;1;2;0.5;0.5;7;6;1;7;0.857142857;0.142857143;10;9;1;10;0.9;0.1;5;5;0;5;1;0;7;7;0;7;1;0;8;5;3;8;625;375;30;2;1;30;0.066666667;0.033333333;54;7;1;54;0.12962963;0.018518519;NULL;NULL;NULL;NULL;NULL;NULL;21;4;0;21;0.19047619;0;35;4;0;35;0.114285714;0;52;3;6;52;0.057692308;0.115384615;No
Female;Yes;No;13;13;13;0;13;1;0;13;13;0;13;1;0;8;8;0;8;1;0;5;5;0;5;1;0;7;7;0;7;1;0;7;7;0;7;1;0;7;7;0;7;1;0;6;5;1;6;0.833333333;0.166666667;3;3;0;3;1;0;11;11;0;11;1;0;8;7;1;8;875;125;6;6;0;6;1;0;7;7;0;7;1;0;10;10;0;10;1;0;5;5;0;5;1;0;7;6;1;7;0.857142857;0.142857143;6;6;0;6;1;0;4;4;0;4;1;0;4;2;2;4;0.5;0.5;2;0;2;2;0;1;3;2;1;3;0.666666667;0.333333333;9;8;1;9;0.888888889;0.111111111;6;5;1;6;0.833333333;0.166666667;7;7;0;7;1;0;7;6;1;7;0.857142857;0.142857143;11;8;3;11;0.727272727;0.272727273;68;5;1;68;0.073529412;0.014705882;40;5;1;40;125;25;NULL;NULL;NULL;NULL;NULL;NULL;21;3;1;21;0.142857143;0.047619048;35;4;0;35;0.114285714;0;43;3;4;43;0.069767442;0.093023256;No
Female;Yes;No;13;6;6;0;6;1;0;10;10;0;10;1;0;5;5;0;5;1;0;2;2;0;2;1;0;8;8;0;8;1;0;4;4;0;4;1;0;5;5;0;5;1;0;7;6;1;7;0.857142857;0.142857143;4;3;1;4;0.75;0.25;9;8;1;9;0.888888889;0.111111111;6;5;1;6;0.833333333;0.166666667;5;5;0;5;1;0;7;6;1;7;0.857142857;0.142857143;9;9;0;9;1;0;5;5;0;5;1;0;4;4;0;4;1;0;4;4;0;4;1;0;3;3;0;3;1;0;4;4;0;4;1;0;4;2;2;4;0.5;0.5;5;1;4;5;0.2;0.8;6;6;0;6;1;0;9;6;3;9;0.666666667;0.333333333;6;5;1;6;0.833333333;0.166666667;6;5;1;6;0.833333333;0.166666667;6;2;4;6;0.333333333;0.666666667;50;2;2;50;0.04;0.04;46;6;1;46;0.130434783;0.02173913;NULL;NULL;NULL;NULL;NULL;NULL;21;3;1;21;0.142857143;0.047619048;45;4;2;45;0.088888889;0.044444444;54;3;8;54;0.055555556;0.148148148;No
Female;Yes;No;13;12;12;0;12;1;0;13;13;0;13;1;0;10;10;0;10;1;0;5;5;0;5;1;0;7;6;1;7;0.857142857;0.142857143;5;5;0;5;1;0;8;8;0;8;1;0;7;7;0;7;1;0;3;3;0;3;1;0;11;11;0;11;1;0;8;8;0;8;1;0;6;6;0;6;1;0;6;6;0;6;1;0;11;11;0;11;1;0;9;9;0;9;1;0;8;7;1;8;875;125;8;8;0;8;1;0;5;5;0;5;1;0;5;3;2;5;0.6;0.4;3;2;1;3;0.666666667;0.333333333;6;2;4;6;0.333333333;0.666666667;8;7;1;8;875;125;11;11;0;11;1;0;7;7;0;7;1;0;7;5;2;7;0.714285714;0.285714286;12;8;4;12;0.666666667;0.333333333;40;3;1;40;75;25;38;6;0;38;0.157894737;0;NULL;NULL;NULL;NULL;NULL;NULL;21;2;2;21;0.095238095;0.095238095;35;4;0;35;0.114285714;0;45;3;6;45;0.066666667;0.133333333;No
Male;Yes;No;13;11;11;0;11;1;0;11;11;0;11;1;0;11;11;0;11;1;0;8;0;8;8;0;1;5;5;0;5;1;0;3;3;0;3;1;0;5;5;0;5;1;0;5;5;0;5;1;0;1;0;1;1;0;1;7;7;0;7;1;0;3;2;1;3;0.666666667;0.333333333;2;2;0;2;1;0;4;4;0;4;1;0;7;7;0;7;1;0;6;5;1;6;0.833333333;0.166666667;5;4;1;5;0.8;0.2;3;3;0;3;1;0;4;3;1;4;0.75;0.25;3;2;1;3;0.666666667;0.333333333;2;1;1;2;0.5;0.5;1;0;1;1;0;1;3;3;0;3;1;0;4;4;0;4;1;0;3;3;0;3;1;0;5;4;1;5;0.8;0.2;6;3;3;6;0.5;0.5;40;3;1;40;75;25;18;3;0;18;0.166666667;0;NULL;NULL;NULL;NULL;NULL;NULL;21;0;4;21;0;0.19047619;78;2;12;78;0.025641026;0.153846154;35;4;2;35;0.114285714;0.057142857;No
Female;Yes;No;13;7;7;0;7;1;0;9;9;0;9;1;0;9;9;0;9;1;0;3;3;0;3;1;0;8;6;2;8;0.75;0.25;5;4;1;5;0.8;0.2;5;5;0;5;1;0;5;5;0;5;1;0;4;4;0;4;1;0;8;8;0;8;1;0;5;5;0;5;1;0;6;6;0;6;1;0;4;4;0;4;1;0;8;8;0;8;1;0;6;6;0;6;1;0;4;4;0;4;1;0;6;5;1;6;0.833333333;0.166666667;4;4;0;4;1;0;4;3;1;4;0.75;0.25;2;2;0;2;1;0;2;1;1;2;0.5;0.5;6;6;0;6;1;0;5;4;1;5;0.8;0.2;5;5;0;5;1;0;5;4;1;5;0.8;0.2;4;3;1;4;0.75;0.25;8;0;0;8;0;0;32;5;0;32;0.15625;0;NULL;NULL;NULL;NULL;NULL;NULL;21;3;1;21;0.142857143;0.047619048;35;4;0;35;0.114285714;0;39;3;4;39;0.076923077;0.102564103;No
Female;Yes;No;13;13;12;1;13;0.923076923;0.076923077;13;13;0;13;1;0;8;7;1;8;875;125;10;6;4;10;0.6;0.4;7;4;3;7;0.571428571;0.428571429;4;4;0;4;1;0;6;6;0;6;1;0;5;4;1;5;0.8;0.2;7;4;3;7;0.571428571;0.428571429;6;6;0;6;1;0;7;5;2;7;0.714285714;0.285714286;9;5;4;9;0.555555556;0.444444444;5;3;2;5;0.6;0.4;12;11;1;12;0.916666667;0.083333333;7;4;3;7;0.571428571;0.428571429;9;7;2;9;0.777777778;0.222222222;6;5;1;6;0.833333333;0.166666667;8;7;1;8;875;125;7;4;3;7;0.571428571;0.428571429;8;2;6;8;0.25;0.75;9;3;6;9;0.333333333;0.666666667;4;3;1;4;0.75;0.25;5;3;2;5;0.6;0.4;6;5;1;6;0.833333333;0.166666667;8;8;0;8;1;0;4;3;1;4;0.75;0.25;18;1;1;18;0.055555556;0.055555556;24;2;1;24;0.083333333;0.041666667;NULL;NULL;NULL;NULL;NULL;NULL;21;2;2;21;0.095238095;0.095238095;35;4;0;35;0.114285714;0;79;3;14;79;0.037974684;0.17721519;No
Male;Yes;Yes;13;7;7;0;7;1;0;11;11;0;11;1;0;11;11;0;11;1;0;5;5;0;5;1;0;7;7;0;7;1;0;4;4;0;4;1;0;6;6;0;6;1;0;5;5;0;5;1;0;3;3;0;3;1;0;8;8;0;8;1;0;4;4;0;4;1;0;5;4;1;5;0.8;0.2;7;5;2;7;0.714285714;0.285714286;8;8;0;8;1;0;0;0;0;0;0;0;6;6;0;6;1;0;5;5;0;5;1;0;5;5;0;5;1;0;5;4;1;5;0.8;0.2;1;0;1;1;0;1;2;1;1;2;0.5;0.5;6;4;2;6;0.666666667;0.333333333;4;4;0;4;1;0;4;4;0;4;1;0;6;5;1;6;0.833333333;0.166666667;3;2;1;3;0.666666667;0.333333333;18;2;0;18;0.111111111;0;24;3;0;24;125;0;NULL;NULL;NULL;NULL;NULL;NULL;21;2;2;21;0.095238095;0.095238095;28;3;0;28;0.107142857;0;61;1;16;61;0.016393443;0.262295082;No
Male;Yes;No;13;11;10;1;11;0.909090909;0.090909091;10;10;0;10;1;0;7;7;0;7;1;0;5;5;0;5;1;0;8;8;0;8;1;0;4;4;0;4;1;0;6;6;0;6;1;0;5;5;0;5;1;0;2;2;0;2;1;0;7;7;0;7;1;0;5;5;0;5;1;0;5;4;1;5;0.8;0.2;5;4;1;5;0.8;0.2;9;9;0;9;1;0;6;6;0;6;1;0;4;4;0;4;1;0;6;6;0;6;1;0;5;5;0;5;1;0;5;4;1;5;0.8;0.2;4;2;2;4;0.5;0.5;4;2;2;4;0.5;0.5;5;4;1;5;0.8;0.2;4;4;0;4;1;0;6;6;0;6;1;0;5;4;1;5;0.8;0.2;8;7;1;8;875;125;10;1;0;10;0.1;0;30;3;1;30;0.1;0.033333333;NULL;NULL;NULL;NULL;NULL;NULL;21;3;1;21;0.142857143;0.047619048;35;4;0;35;0.114285714;0;71;3;14;71;0.042253521;0.197183099;No
Female;Yes;No;13;5;3;2;5;0.6;0.4;6;4;2;6;0.666666667;0.333333333;3;1;2;3;0.333333333;0.666666667;2;1;1;2;0.5;0.5;7;4;3;7;0.571428571;0.428571429;7;3;4;7;0.428571429;0.571428571;5;4;1;5;0.8;0.2;10;6;4;10;0.6;0.4;2;1;1;2;0.5;0.5;6;6;0;6;1;0;1;0;1;1;0;1;3;1;2;3;0.333333333;0.666666667;5;3;2;5;0.6;0.4;4;3;1;4;0.75;0.25;4;1;3;4;0.25;0.75;0;0;0;0;0;0;2;2;0;2;1;0;5;0;5;5;0;1;6;2;4;6;0.333333333;0.666666667;9;1;8;9;0.111111111;0.888888889;8;0;8;8;0;1;9;5;4;9;0.555555556;0.444444444;7;5;2;7;0.714285714;0.285714286;2;2;0;2;1;0;2;2;0;2;1;0;7;5;2;7;0.714285714;0.285714286;40;2;2;40;0.05;0.05;26;3;1;26;0.115384615;0.038461538;NULL;NULL;NULL;NULL;NULL;NULL;21;0;4;21;0;0.19047619;72;2;10;72;0.027777778;0.138888889;81;1;22;81;0.012345679;0.271604938;No
Male;Yes;No;13;9;8;1;9;0.888888889;0.111111111;9;9;0;9;1;0;7;7;0;7;1;0;2;2;0;2;1;0;6;6;0;6;1;0;6;4;2;6;0.666666667;0.333333333;5;5;0;5;1;0;4;4;0;4;1;0;4;1;3;4;0.25;0.75;7;7;0;7;1;0;4;4;0;4;1;0;7;6;1;7;0.857142857;0.142857143;6;6;0;6;1;0;8;8;0;8;1;0;5;5;0;5;1;0;5;5;0;5;1;0;4;4;0;4;1;0;4;4;0;4;1;0;6;5;1;6;0.833333333;0.166666667;7;3;4;7;0.428571429;0.571428571;4;3;1;4;0.75;0.25;8;6;2;8;0.75;0.25;5;5;0;5;1;0;8;6;2;8;0.75;0.25;6;3;3;6;0.5;0.5;6;3;3;6;0.5;0.5;26;1;1;26;0.038461538;0.038461538;52;6;1;52;0.115384615;0.019230769;NULL;NULL;NULL;NULL;NULL;NULL;21;3;1;21;0.142857143;0.047619048;35;4;0;35;0.114285714;0;48;2;8;48;0.041666667;0.166666667;No
Female;Yes;No;13;9;9;0;9;1;0;9;9;0;9;1;0;9;9;0;9;1;0;3;3;0;3;1;0;4;4;0;4;1;0;4;4;0;4;1;0;6;6;0;6;1;0;5;5;0;5;1;0;3;2;1;3;0.666666667;0.333333333;8;8;0;8;1;0;6;6;0;6;1;0;6;6;0;6;1;0;6;6;0;6;1;0;10;10;0;10;1;0;6;6;0;6;1;0;4;4;0;4;1;0;7;7;0;7;1;0;5;5;0;5;1;0;4;4;0;4;1;0;2;0;2;2;0;1;1;1;0;1;1;0;5;4;1;5;0.8;0.2;5;5;0;5;1;0;7;7;0;7;1;0;5;4;1;5;0.8;0.2;13;11;2;13;0.846153846;0.153846154;30;3;0;30;0.1;0;38;6;0;38;0.157894737;0;NULL;NULL;NULL;NULL;NULL;NULL;21;2;2;21;0.095238095;0.095238095;90;3;14;90;0.033333333;0.155555556;106;1;28;106;0.009433962;0.264150943;No
Female;Yes;No;13;10;10;0;10;1;0;10;10;0;10;1;0;8;8;0;8;1;0;3;2;1;3;0.666666667;0.333333333;8;8;0;8;1;0;7;6;1;7;0.857142857;0.142857143;7;7;0;7;1;0;5;5;0;5;1;0;4;3;1;4;0.75;0.25;10;10;0;10;1;0;8;8;0;8;1;0;6;6;0;6;1;0;9;5;4;9;0.555555556;0.444444444;10;10;0;10;1;0;6;6;0;6;1;0;6;6;0;6;1;0;7;7;0;7;1;0;3;2;1;3;0.666666667;0.333333333;5;4;1;5;0.8;0.2;4;3;1;4;0.75;0.25;4;2;2;4;0.5;0.5;7;6;1;7;0.857142857;0.142857143;5;5;0;5;1;0;5;5;0;5;1;0;6;6;0;6;1;0;7;3;4;7;0.428571429;0.571428571;40;3;1;40;75;25;18;3;0;18;0.166666667;0;NULL;NULL;NULL;NULL;NULL;NULL;21;3;1;21;0.142857143;0.047619048;59;3;6;59;0.050847458;0.101694915;61;2;10;61;0.032786885;0.163934426;No
Male;Yes;No;13;11;11;0;11;1;0;10;10;0;10;1;0;7;7;0;7;1;0;5;5;0;5;1;0;7;7;0;7;1;0;3;3;0;3;1;0;7;7;0;7;1;0;4;4;0;4;1;0;1;1;0;1;1;0;6;6;0;6;1;0;4;4;0;4;1;0;3;3;0;3;1;0;3;3;0;3;1;0;5;5;0;5;1;0;4;4;0;4;1;0;5;5;0;5;1;0;6;5;1;6;0.833333333;0.166666667;5;5;0;5;1;0;5;5;0;5;1;0;5;2;3;5;0.4;0.6;4;1;3;4;0.25;0.75;3;3;0;3;1;0;6;5;1;6;0.833333333;0.166666667;5;5;0;5;1;0;4;3;1;4;0.75;0.25;5;2;3;5;0.4;0.6;18;2;0;18;0.111111111;0;12;1;1;12;0.083333333;0.083333333;NULL;NULL;NULL;NULL;NULL;NULL;14;0;2;14;0;0.142857143;46;4;2;46;0.086956522;0.043478261;44;2;10;44;0.045454545;0.227272727;No
Female;Yes;No;13;10;10;0;10;1;0;10;10;0;10;1;0;7;7;0;7;1;0;7;7;0;7;1;0;4;4;0;4;1;0;6;5;1;6;0.833333333;0.166666667;0;0;0;0;0;0;6;6;0;6;1;0;4;3;1;4;0.75;0.25;10;10;0;10;1;0;6;6;0;6;1;0;4;4;0;4;1;0;4;3;1;4;0.75;0.25;10;10;0;10;1;0;6;6;0;6;1;0;7;7;0;7;1;0;6;5;1;6;0.833333333;0.166666667;6;6;0;6;1;0;7;4;3;7;0.571428571;0.428571429;7;3;4;7;0.428571429;0.571428571;3;1;2;3;0.333333333;0.666666667;3;3;0;3;1;0;5;5;0;5;1;0;6;5;1;6;0.833333333;0.166666667;5;4;1;5;0.8;0.2;15;12;3;15;0.8;0.2;42;2;2;42;0.047619048;0.047619048;44;6;0;44;0.136363636;0;NULL;NULL;NULL;NULL;NULL;NULL;21;3;1;21;0.142857143;0.047619048;46;4;2;46;0.086956522;0.043478261;97;2;18;97;0.020618557;0.18556701;No
Male;Yes;No;13;9;1;8;9;0.111111111;0.888888889;9;9;0;9;1;0;9;9;0;9;1;0;4;4;0;4;1;0;5;5;0;5;1;0;5;5;0;5;1;0;6;6;0;6;1;0;9;8;1;9;0.888888889;0.111111111;3;3;0;3;1;0;8;8;0;8;1;0;5;5;0;5;1;0;6;5;1;6;0.833333333;0.166666667;6;5;1;6;0.833333333;0.166666667;10;10;0;10;1;0;5;5;0;5;1;0;7;7;0;7;1;0;4;4;0;4;1;0;6;2;4;6;0.333333333;0.666666667;4;3;1;4;0.75;0.25;6;2;4;6;0.333333333;0.666666667;2;1;1;2;0.5;0.5;6;6;0;6;1;0;10;9;1;10;0.9;0.1;6;6;0;6;1;0;7;4;3;7;0.571428571;0.428571429;4;0;4;4;0;1;51;3;1;51;0.058823529;0.019607843;34;4;1;34;0.117647059;0.029411765;NULL;NULL;NULL;NULL;NULL;NULL;21;3;1;21;0.142857143;0.047619048;35;4;0;35;0.114285714;0;60;3;8;60;0.05;0.133333333;No
Female;Yes;No;13;14;14;0;14;1;0;13;13;0;13;1;0;10;10;0;10;1;0;4;4;0;4;1;0;9;9;0;9;1;0;5;5;0;5;1;0;8;8;0;8;1;0;7;6;1;7;0.857142857;0.142857143;4;4;0;4;1;0;11;11;0;11;1;0;5;4;1;5;0.8;0.2;5;5;0;5;1;0;5;5;0;5;1;0;9;9;0;9;1;0;6;6;0;6;1;0;4;4;0;4;1;0;6;6;0;6;1;0;6;6;0;6;1;0;5;4;1;5;0.8;0.2;5;4;1;5;0.8;0.2;5;4;1;5;0.8;0.2;12;11;1;12;0.916666667;0.083333333;8;7;1;8;875;125;9;8;1;9;0.888888889;0.111111111;9;8;1;9;0.888888889;0.111111111;13;9;4;13;0.692307692;0.307692308;30;0;3;30;0;0.1;38;5;1;38;0.131578947;0.026315789;NULL;NULL;NULL;NULL;NULL;NULL;21;4;0;21;0.19047619;0;68;4;6;68;0.058823529;0.088235294;70;3;10;70;0.042857143;0.142857143;No
Male;Yes;No;13;9;9;0;9;1;0;9;9;0;9;1;0;6;6;0;6;1;0;3;3;0;3;1;0;5;5;0;5;1;0;6;5;1;6;0.833333333;0.166666667;5;5;0;5;1;0;5;5;0;5;1;0;4;4;0;4;1;0;9;9;0;9;1;0;4;4;0;4;1;0;4;4;0;4;1;0;5;5;0;5;1;0;9;9;0;9;1;0;5;5;0;5;1;0;4;4;0;4;1;0;5;5;0;5;1;0;4;4;0;4;1;0;4;3;1;4;0.75;0.25;3;2;1;3;0.666666667;0.333333333;2;0;2;2;0;1;7;7;0;7;1;0;5;4;1;5;0.8;0.2;6;6;0;6;1;0;3;3;0;3;1;0;13;12;1;13;0.923076923;0.076923077;10;0;1;10;0;0.1;18;2;1;18;0.111111111;0.055555556;NULL;NULL;NULL;NULL;NULL;NULL;5;0;1;5;0;0.2;36;3;2;36;0.083333333;0.055555556;31;3;2;31;0.096774194;0.064516129;No
Male;Yes;No;13;8;8;0;8;1;0;9;9;0;9;1;0;10;10;0;10;1;0;8;0;8;8;0;1;7;7;0;7;1;0;4;4;0;4;1;0;5;0;5;5;0;1;6;6;0;6;1;0;5;5;0;5;1;0;9;8;1;9;0.888888889;0.111111111;4;3;1;4;0.75;0.25;4;3;1;4;0.75;0.25;4;4;0;4;1;0;7;3;4;7;0.428571429;0.571428571;6;6;0;6;1;0;4;4;0;4;1;0;7;6;1;7;0.857142857;0.142857143;4;3;1;4;0.75;0.25;4;4;0;4;1;0;4;3;1;4;0.75;0.25;18;1;17;18;0.055555556;0.944444444;11;11;0;11;1;0;7;7;0;7;1;0;8;8;0;8;1;0;53;9;44;53;0.169811321;0.830188679;11;6;5;11;0.545454545;0.454545455;62;4;2;62;0.064516129;0.032258065;44;4;2;44;0.090909091;0.045454545;NULL;NULL;NULL;NULL;NULL;NULL;21;4;0;21;0.19047619;0;67;3;6;67;0.044776119;0.089552239;26;4;0;26;0.153846154;0;No
Male;Yes;No;13;12;12;0;12;1;0;9;9;0;9;1;0;8;8;0;8;1;0;4;4;0;4;1;0;4;4;0;4;1;0;3;1;2;3;0.333333333;0.666666667;4;4;0;4;1;0;3;3;0;3;1;0;1;1;0;1;1;0;6;6;0;6;1;0;6;6;0;6;1;0;5;4;1;5;0.8;0.2;5;4;1;5;0.8;0.2;10;10;0;10;1;0;7;7;0;7;1;0;7;7;0;7;1;0;4;4;0;4;1;0;3;2;1;3;0.666666667;0.333333333;6;5;1;6;0.833333333;0.166666667;2;0;2;2;0;1;0;0;0;0;0;0;3;3;0;3;1;0;7;7;0;7;1;0;3;3;0;3;1;0;2;2;0;2;1;0;4;3;1;4;0.75;0.25;42;3;1;42;0.071428571;0.023809524;18;3;0;18;0.166666667;0;NULL;NULL;NULL;NULL;NULL;NULL;21;4;0;21;0.19047619;0;63;3;6;63;0.047619048;0.095238095;45;3;6;45;0.066666667;0.133333333;No
Male;Yes;No;13;9;9;0;9;1;0;11;11;0;11;1;0;7;7;0;7;1;0;6;6;0;6;1;0;4;4;0;4;1;0;5;5;0;5;1;0;6;6;0;6;1;0;3;3;0;3;1;0;3;1;2;3;0.333333333;0.666666667;6;6;0;6;1;0;1;0;1;1;0;1;5;4;1;5;0.8;0.2;3;3;0;3;1;0;8;8;0;8;1;0;4;4;0;4;1;0;6;6;0;6;1;0;6;6;0;6;1;0;4;4;0;4;1;0;3;3;0;3;1;0;4;1;3;4;0.25;0.75;4;1;3;4;0.25;0.75;4;4;0;4;1;0;9;8;1;9;0.888888889;0.111111111;4;3;1;4;0.75;0.25;5;4;1;5;0.8;0.2;11;7;4;11;0.636363636;0.363636364;30;1;2;30;0.033333333;0.066666667;26;2;2;26;0.076923077;0.076923077;NULL;NULL;NULL;NULL;NULL;NULL;21;2;2;21;0.095238095;0.095238095;104;2;16;104;0.019230769;0.153846154;67;3;10;67;0.044776119;0.149253731;No
Female;Yes;No;13;11;11;0;11;1;0;10;9;1;10;0.9;0.1;9;9;0;9;1;0;3;3;0;3;1;0;6;6;0;6;1;0;4;3;1;4;0.75;0.25;8;7;1;8;875;125;3;3;0;3;1;0;3;2;1;3;0.666666667;0.333333333;7;7;0;7;1;0;4;4;0;4;1;0;9;8;1;9;0.888888889;0.111111111;5;2;3;5;0.4;0.6;9;8;1;9;0.888888889;0.111111111;5;5;0;5;1;0;6;6;0;6;1;0;6;6;0;6;1;0;5;5;0;5;1;0;7;6;1;7;0.857142857;0.142857143;6;5;1;6;0.833333333;0.166666667;1;1;0;1;1;0;3;3;0;3;1;0;5;4;1;5;0.8;0.2;6;6;0;6;1;0;8;7;1;8;875;125;12;11;1;12;0.916666667;0.083333333;0;0;0;0;0;0;22;1;2;22;0.045454545;0.090909091;NULL;NULL;NULL;NULL;NULL;NULL;21;1;3;21;0.047619048;0.142857143;35;4;0;35;0.114285714;0;36;3;4;36;0.083333333;0.111111111;No
Female;Yes;No;13;12;12;0;12;1;0;11;11;0;11;1;0;8;7;1;8;875;125;7;6;1;7;0.857142857;0.142857143;5;5;0;5;1;0;5;5;0;5;1;0;9;9;0;9;1;0;4;4;0;4;1;0;3;3;0;3;1;0;10;10;0;10;1;0;4;4;0;4;1;0;5;5;0;5;1;0;7;6;1;7;0.857142857;0.142857143;9;9;0;9;1;0;6;6;0;6;1;0;6;6;0;6;1;0;6;6;0;6;1;0;4;2;2;4;0.5;0.5;5;5;0;5;1;0;2;1;1;2;0.5;0.5;1;1;0;1;1;0;7;6;1;7;0.857142857;0.142857143;7;5;2;7;0.714285714;0.285714286;5;5;0;5;1;0;5;5;0;5;1;0;9;7;2;9;0.777777778;0.222222222;52;5;0;52;0.096153846;0;20;3;0;20;0.15;0;NULL;NULL;NULL;NULL;NULL;NULL;21;1;3;21;0.047619048;0.142857143;35;4;0;35;0.114285714;0;26;4;0;26;0.153846154;0;No
Female;Yes;No;13;3;3;0;3;1;0;8;8;0;8;1;0;6;6;0;6;1;0;7;7;0;7;1;0;6;6;0;6;1;0;5;5;0;5;1;0;7;7;0;7;1;0;8;8;0;8;1;0;3;3;0;3;1;0;8;8;0;8;1;0;4;4;0;4;1;0;5;5;0;5;1;0;5;5;0;5;1;0;8;8;0;8;1;0;5;5;0;5;1;0;4;4;0;4;1;0;5;5;0;5;1;0;6;6;0;6;1;0;4;4;0;4;1;0;2;2;0;2;1;0;4;2;2;4;0.5;0.5;3;3;0;3;1;0;5;5;0;5;1;0;4;4;0;4;1;0;6;6;0;6;1;0;7;7;0;7;1;0;18;2;0;18;0.111111111;0;32;5;0;32;0.15625;0;NULL;NULL;NULL;NULL;NULL;NULL;21;3;1;21;0.142857143;0.047619048;42;3;2;42;0.071428571;0.047619048;26;4;0;26;0.153846154;0;No
Male;Yes;No;13;13;13;0;13;1;0;13;12;1;13;0.923076923;0.076923077;9;9;0;9;1;0;6;6;0;6;1;0;4;4;0;4;1;0;7;5;2;7;0.714285714;0.285714286;6;6;0;6;1;0;7;7;0;7;1;0;2;1;1;2;0.5;0.5;11;11;0;11;1;0;5;4;1;5;0.8;0.2;5;5;0;5;1;0;4;4;0;4;1;0;8;8;0;8;1;0;3;3;0;3;1;0;6;6;0;6;1;0;4;4;0;4;1;0;6;4;2;6;0.666666667;0.333333333;5;3;2;5;0.6;0.4;5;2;3;5;0.4;0.6;5;2;3;5;0.4;0.6;9;8;1;9;0.888888889;0.111111111;3;3;0;3;1;0;7;6;1;7;0.857142857;0.142857143;6;6;0;6;1;0;7;2;5;7;0.285714286;0.714285714;18;1;1;18;0.055555556;0.055555556;32;5;0;32;0.15625;0;NULL;NULL;NULL;NULL;NULL;NULL;21;3;1;21;0.142857143;0.047619048;35;4;0;35;0.114285714;0;44;2;6;44;0.045454545;0.136363636;No
Female;Yes;No;13;11;11;0;11;1;0;10;9;1;10;0.9;0.1;8;8;0;8;1;0;7;7;0;7;1;0;7;7;0;7;1;0;5;4;1;5;0.8;0.2;5;5;0;5;1;0;3;3;0;3;1;0;4;4;0;4;1;0;7;7;0;7;1;0;7;7;0;7;1;0;4;4;0;4;1;0;7;7;0;7;1;0;9;9;0;9;1;0;4;4;0;4;1;0;4;4;0;4;1;0;5;5;0;5;1;0;5;4;1;5;0.8;0.2;3;3;0;3;1;0;6;5;1;6;0.833333333;0.166666667;3;0;3;3;0;1;5;5;0;5;1;0;7;5;2;7;0.714285714;0.285714286;4;4;0;4;1;0;3;3;0;3;1;0;9;7;2;9;0.777777778;0.222222222;36;2;1;36;0.055555556;0.027777778;32;5;0;32;0.15625;0;NULL;NULL;NULL;NULL;NULL;NULL;21;4;0;21;0.19047619;0;35;4;0;35;0.114285714;0;35;4;2;35;0.114285714;0.057142857;No
Male;Yes;No;13;11;11;0;11;1;0;9;9;0;9;1;0;10;10;0;10;1;0;6;6;0;6;1;0;7;7;0;7;1;0;6;6;0;6;1;0;6;6;0;6;1;0;5;5;0;5;1;0;3;2;1;3;0.666666667;0.333333333;7;7;0;7;1;0;2;2;0;2;1;0;4;4;0;4;1;0;5;5;0;5;1;0;8;8;0;8;1;0;4;4;0;4;1;0;4;4;0;4;1;0;6;6;0;6;1;0;5;5;0;5;1;0;4;3;1;4;0.75;0.25;2;0;2;2;0;1;3;1;2;3;0.333333333;0.666666667;5;5;0;5;1;0;7;6;1;7;0.857142857;0.142857143;4;4;0;4;1;0;4;4;0;4;1;0;11;9;2;11;0.818181818;0.181818182;30;1;2;30;0.033333333;0.066666667;32;5;0;32;0.15625;0;NULL;NULL;NULL;NULL;NULL;NULL;21;1;3;21;0.047619048;0.142857143;35;4;0;35;0.114285714;0;28;2;4;28;0.071428571;0.142857143;No
Female;Yes;No;13;7;7;0;7;1;0;9;9;0;9;1;0;5;5;0;5;1;0;1;1;0;1;1;0;8;8;0;8;1;0;4;4;0;4;1;0;5;5;0;5;1;0;5;5;0;5;1;0;3;3;0;3;1;0;6;6;0;6;1;0;4;4;0;4;1;0;6;6;0;6;1;0;6;6;0;6;1;0;10;9;1;10;0.9;0.1;5;5;0;5;1;0;3;3;0;3;1;0;6;5;1;6;0.833333333;0.166666667;5;4;1;5;0.8;0.2;4;3;1;4;0.75;0.25;3;2;1;3;0.666666667;0.333333333;3;1;2;3;0.333333333;0.666666667;5;4;1;5;0.8;0.2;7;7;0;7;1;0;7;7;0;7;1;0;7;7;0;7;1;0;13;11;2;13;0.846153846;0.153846154;40;3;1;40;75;25;32;4;1;32;125;0.03125;NULL;NULL;NULL;NULL;NULL;NULL;21;3;1;21;0.142857143;0.047619048;53;3;4;53;0.056603774;0.075471698;45;3;6;45;0.066666667;0.133333333;No
Female;Yes;No;13;8;8;0;8;1;0;7;7;0;7;1;0;8;8;0;8;1;0;5;5;0;5;1;0;6;6;0;6;1;0;5;5;0;5;1;0;8;8;0;8;1;0;7;7;0;7;1;0;4;4;0;4;1;0;9;9;0;9;1;0;6;6;0;6;1;0;7;7;0;7;1;0;7;6;1;7;0.857142857;0.142857143;9;9;0;9;1;0;5;5;0;5;1;0;7;7;0;7;1;0;6;6;0;6;1;0;6;6;0;6;1;0;5;5;0;5;1;0;2;0;2;2;0;1;4;2;2;4;0.5;0.5;6;6;0;6;1;0;7;6;1;7;0.857142857;0.142857143;6;6;0;6;1;0;7;7;0;7;1;0;14;13;1;14;0.928571429;0.071428571;40;3;1;40;75;25;32;4;1;32;125;0.03125;NULL;NULL;NULL;NULL;NULL;NULL;21;1;3;21;0.047619048;0.142857143;35;4;0;35;0.114285714;0;36;3;4;36;0.083333333;0.111111111;No
Male;Yes;No;13;9;9;0;9;1;0;9;9;0;9;1;0;10;10;0;10;1;0;6;6;0;6;1;0;8;8;0;8;1;0;5;4;1;5;0.8;0.2;9;9;0;9;1;0;5;3;2;5;0.6;0.4;2;2;0;2;1;0;12;12;0;12;1;0;5;5;0;5;1;0;8;7;1;8;875;125;7;5;2;7;0.714285714;0.285714286;11;11;0;11;1;0;2;2;0;2;1;0;5;4;1;5;0.8;0.2;8;7;1;8;875;125;5;5;0;5;1;0;4;3;1;4;0.75;0.25;4;1;3;4;0.25;0.75;5;4;1;5;0.8;0.2;6;6;0;6;1;0;7;7;0;7;1;0;4;4;0;4;1;0;4;4;0;4;1;0;11;7;4;11;0.636363636;0.363636364;40;3;1;40;75;25;20;3;0;20;0.15;0;NULL;NULL;NULL;NULL;NULL;NULL;21;3;1;21;0.142857143;0.047619048;57;4;4;57;0.070175439;0.070175439;42;3;4;42;0.071428571;0.095238095;No
Female;Yes;No;13;7;7;0;7;1;0;7;7;0;7;1;0;6;5;1;6;0.833333333;0.166666667;4;4;0;4;1;0;5;5;0;5;1;0;5;5;0;5;1;0;4;4;0;4;1;0;5;5;0;5;1;0;5;5;0;5;1;0;4;4;0;4;1;0;3;3;0;3;1;0;4;4;0;4;1;0;6;5;1;6;0.833333333;0.166666667;7;7;0;7;1;0;5;5;0;5;1;0;5;5;0;5;1;0;5;5;0;5;1;0;2;2;0;2;1;0;5;3;2;5;0.6;0.4;2;1;1;2;0.5;0.5;2;2;0;2;1;0;5;4;1;5;0.8;0.2;6;6;0;6;1;0;4;4;0;4;1;0;2;1;1;2;0.5;0.5;7;7;0;7;1;0;40;4;0;40;0.1;0;34;5;0;34;0.147058824;0;NULL;NULL;NULL;NULL;NULL;NULL;21;2;2;21;0.095238095;0.095238095;45;3;2;45;0.066666667;0.044444444;38;3;4;38;0.078947368;0.105263158;No
Female;Yes;No;13;5;5;0;5;1;0;7;7;0;7;1;0;7;7;0;7;1;0;3;3;0;3;1;0;7;7;0;7;1;0;4;4;0;4;1;0;6;6;0;6;1;0;5;5;0;5;1;0;4;4;0;4;1;0;10;10;0;10;1;0;6;6;0;6;1;0;5;4;1;5;0.8;0.2;3;3;0;3;1;0;7;7;0;7;1;0;6;6;0;6;1;0;6;6;0;6;1;0;6;6;0;6;1;0;4;4;0;4;1;0;5;4;1;5;0.8;0.2;3;2;1;3;0.666666667;0.333333333;2;1;1;2;0.5;0.5;5;4;1;5;0.8;0.2;4;4;0;4;1;0;3;3;0;3;1;0;3;3;0;3;1;0;9;7;2;9;0.777777778;0.222222222;40;3;1;40;75;25;16;2;0;16;125;0;NULL;NULL;NULL;NULL;NULL;NULL;20;3;0;20;0.15;0;35;4;0;35;0.114285714;0;57;2;10;57;0.035087719;0.175438596;No
Female;Yes;No;13;11;11;0;11;1;0;10;9;1;10;0.9;0.1;8;8;0;8;1;0;6;6;0;6;1;0;9;9;0;9;1;0;5;5;0;5;1;0;5;5;0;5;1;0;8;8;0;8;1;0;4;4;0;4;1;0;11;11;0;11;1;0;7;5;2;7;0.714285714;0.285714286;6;6;0;6;1;0;7;7;0;7;1;0;10;10;0;10;1;0;6;6;0;6;1;0;8;8;0;8;1;0;8;8;0;8;1;0;6;6;0;6;1;0;7;6;1;7;0.857142857;0.142857143;4;3;1;4;0.75;0.25;3;2;1;3;0.666666667;0.333333333;5;4;1;5;0.8;0.2;9;7;2;9;0.777777778;0.222222222;7;7;0;7;1;0;6;6;0;6;1;0;7;7;0;7;1;0;46;4;0;46;0.086956522;0;30;4;0;30;0.133333333;0;NULL;NULL;NULL;NULL;NULL;NULL;21;2;2;21;0.095238095;0.095238095;35;4;0;35;0.114285714;0;26;4;0;26;0.153846154;0;No
Female;Yes;No;13;7;7;0;7;1;0;8;8;0;8;1;0;8;8;0;8;1;0;4;4;0;4;1;0;6;6;0;6;1;0;4;4;0;4;1;0;7;7;0;7;1;0;6;6;0;6;1;0;3;3;0;3;1;0;9;9;0;9;1;0;7;7;0;7;1;0;6;6;0;6;1;0;4;4;0;4;1;0;8;8;0;8;1;0;7;7;0;7;1;0;6;6;0;6;1;0;5;5;0;5;1;0;5;5;0;5;1;0;4;4;0;4;1;0;2;1;1;2;0.5;0.5;3;2;1;3;0.666666667;0.333333333;4;3;1;4;0.75;0.25;8;8;0;8;1;0;8;8;0;8;1;0;7;6;1;7;0.857142857;0.142857143;5;2;3;5;0.4;0.6;2;0;0;2;0;0;37;5;0;37;0.135135135;0;NULL;NULL;NULL;NULL;NULL;NULL;21;3;1;21;0.142857143;0.047619048;35;4;0;35;0.114285714;0;45;3;6;45;0.066666667;0.133333333;No
Female;Yes;No;13;10;10;0;10;1;0;10;10;0;10;1;0;10;9;1;10;0.9;0.1;4;4;0;4;1;0;6;6;0;6;1;0;5;4;1;5;0.8;0.2;6;6;0;6;1;0;9;9;0;9;1;0;5;4;1;5;0.8;0.2;10;9;1;10;0.9;0.1;5;5;0;5;1;0;5;5;0;5;1;0;4;2;2;4;0.5;0.5;8;8;0;8;1;0;4;4;0;4;1;0;7;7;0;7;1;0;4;4;0;4;1;0;9;9;0;9;1;0;7;5;2;7;0.714285714;0.285714286;5;1;4;5;0.2;0.8;4;1;3;4;0.25;0.75;5;4;1;5;0.8;0.2;7;7;0;7;1;0;4;4;0;4;1;0;6;6;0;6;1;0;14;11;3;14;0.785714286;0.214285714;30;3;0;30;0.1;0;18;2;1;18;0.111111111;0.055555556;NULL;NULL;NULL;NULL;NULL;NULL;21;3;1;21;0.142857143;0.047619048;35;4;0;35;0.114285714;0;56;2;8;56;0.035714286;0.142857143;No
Male;Yes;No;13;9;9;0;9;1;0;7;7;0;7;1;0;8;8;0;8;1;0;4;4;0;4;1;0;6;5;1;6;0.833333333;0.166666667;5;5;0;5;1;0;7;7;0;7;1;0;6;6;0;6;1;0;2;2;0;2;1;0;9;9;0;9;1;0;7;7;0;7;1;0;5;5;0;5;1;0;6;6;0;6;1;0;10;10;0;10;1;0;7;7;0;7;1;0;9;9;0;9;1;0;8;8;0;8;1;0;4;4;0;4;1;0;5;5;0;5;1;0;3;1;2;3;0.333333333;0.666666667;4;4;0;4;1;0;6;5;1;6;0.833333333;0.166666667;8;8;0;8;1;0;6;5;1;6;0.833333333;0.166666667;6;6;0;6;1;0;11;8;3;11;0.727272727;0.272727273;32;2;1;32;0.0625;0.03125;40;4;2;40;0.1;0.05;NULL;NULL;NULL;NULL;NULL;NULL;21;3;1;21;0.142857143;0.047619048;35;4;0;35;0.114285714;0;56;3;8;56;0.053571429;0.142857143;No
Male;Yes;No;13;7;7;0;7;1;0;10;10;0;10;1;0;10;10;0;10;1;0;4;4;0;4;1;0;7;7;0;7;1;0;6;5;1;6;0.833333333;0.166666667;6;5;1;6;0.833333333;0.166666667;6;6;0;6;1;0;3;3;0;3;1;0;10;10;0;10;1;0;7;7;0;7;1;0;7;5;2;7;0.714285714;0.285714286;8;7;1;8;875;125;9;9;0;9;1;0;5;4;1;5;0.8;0.2;5;5;0;5;1;0;5;5;0;5;1;0;4;4;0;4;1;0;6;4;2;6;0.666666667;0.333333333;4;3;1;4;0.75;0.25;4;0;4;4;0;1;6;5;1;6;0.833333333;0.166666667;5;5;0;5;1;0;8;7;1;8;875;125;5;5;0;5;1;0;9;7;2;9;0.777777778;0.222222222;44;2;2;44;0.045454545;0.045454545;32;4;1;32;125;0.03125;NULL;NULL;NULL;NULL;NULL;NULL;21;4;0;21;0.19047619;0;48;3;4;48;0.0625;0.083333333;38;3;4;38;0.078947368;0.105263158;No
Female;Yes;No;13;6;6;0;6;1;0;11;11;0;11;1;0;9;9;0;9;1;0;6;6;0;6;1;0;7;7;0;7;1;0;5;5;0;5;1;0;5;5;0;5;1;0;7;7;0;7;1;0;9;9;0;9;1;0;10;10;0;10;1;0;5;4;1;5;0.8;0.2;7;7;0;7;1;0;7;6;1;7;0.857142857;0.142857143;11;11;0;11;1;0;5;5;0;5;1;0;8;8;0;8;1;0;6;6;0;6;1;0;6;6;0;6;1;0;6;6;0;6;1;0;2;0;2;2;0;1;4;1;3;4;0.25;0.75;5;4;1;5;0.8;0.2;9;9;0;9;1;0;5;5;0;5;1;0;7;6;1;7;0.857142857;0.142857143;3;3;0;3;1;0;40;3;1;40;75;25;38;6;0;38;0.157894737;0;NULL;NULL;NULL;NULL;NULL;NULL;21;2;2;21;0.095238095;0.095238095;35;4;0;35;0.114285714;0;36;3;4;36;0.083333333;0.111111111;No
Male;Yes;No;13;10;10;0;10;1;0;8;8;0;8;1;0;9;9;0;9;1;0;2;2;0;2;1;0;6;6;0;6;1;0;6;4;2;6;0.666666667;0.333333333;5;5;0;5;1;0;5;5;0;5;1;0;4;4;0;4;1;0;8;8;0;8;1;0;5;3;2;5;0.6;0.4;5;4;1;5;0.8;0.2;5;4;1;5;0.8;0.2;8;8;0;8;1;0;4;4;0;4;1;0;5;5;0;5;1;0;4;4;0;4;1;0;3;0;3;3;0;1;6;6;0;6;1;0;4;1;3;4;0.25;0.75;2;1;1;2;0.5;0.5;7;6;1;7;0.857142857;0.142857143;7;6;1;7;0.857142857;0.142857143;5;5;0;5;1;0;4;3;1;4;0.75;0.25;10;7;3;10;0.7;0.3;26;1;1;26;0.038461538;0.038461538;36;4;1;36;0.111111111;0.027777778;NULL;NULL;NULL;NULL;NULL;NULL;21;3;1;21;0.142857143;0.047619048;52;3;4;52;0.057692308;0.076923077;55;3;8;55;0.054545455;0.145454545;No
Male;Yes;No;13;7;7;0;7;1;0;7;7;0;7;1;0;6;6;0;6;1;0;4;4;0;4;1;0;4;4;0;4;1;0;4;4;0;4;1;0;6;6;0;6;1;0;7;6;1;7;0.857142857;0.142857143;1;1;0;1;1;0;6;6;0;6;1;0;5;4;1;5;0.8;0.2;3;3;0;3;1;0;4;2;2;4;0.5;0.5;8;8;0;8;1;0;5;5;0;5;1;0;5;5;0;5;1;0;4;4;0;4;1;0;4;4;0;4;1;0;3;2;1;3;0.666666667;0.333333333;2;1;1;2;0.5;0.5;3;2;1;3;0.666666667;0.333333333;3;3;0;3;1;0;5;5;0;5;1;0;5;5;0;5;1;0;6;4;2;6;0.666666667;0.333333333;8;5;3;8;625;375;18;1;1;18;0.055555556;0.055555556;38;6;0;38;0.157894737;0;NULL;NULL;NULL;NULL;NULL;NULL;21;2;2;21;0.095238095;0.095238095;35;4;0;35;0.114285714;0;26;4;0;26;0.153846154;0;No
Female;Yes;No;13;6;6;0;6;1;0;8;8;0;8;1;0;7;7;0;7;1;0;3;3;0;3;1;0;8;8;0;8;1;0;5;5;0;5;1;0;7;7;0;7;1;0;6;6;0;6;1;0;6;5;1;6;0.833333333;0.166666667;10;10;0;10;1;0;7;7;0;7;1;0;7;6;1;7;0.857142857;0.142857143;8;7;1;8;875;125;12;12;0;12;1;0;4;4;0;4;1;0;10;10;0;10;1;0;9;9;0;9;1;0;10;10;0;10;1;0;7;3;4;7;0.428571429;0.571428571;5;1;4;5;0.2;0.8;2;1;1;2;0.5;0.5;7;7;0;7;1;0;7;6;1;7;0.857142857;0.142857143;6;6;0;6;1;0;7;7;0;7;1;0;11;7;4;11;0.636363636;0.363636364;30;3;0;30;0.1;0;32;5;0;32;0.15625;0;NULL;NULL;NULL;NULL;NULL;NULL;21;4;0;21;0.19047619;0;46;4;2;46;0.086956522;0.043478261;45;3;6;45;0.066666667;0.133333333;No
Female;Yes;No;13;6;6;0;6;1;0;9;9;0;9;1;0;8;8;0;8;1;0;4;4;0;4;1;0;3;3;0;3;1;0;5;5;0;5;1;0;9;9;0;9;1;0;2;1;1;2;0.5;0.5;1;1;0;1;1;0;9;9;0;9;1;0;6;6;0;6;1;0;4;3;1;4;0.75;0.25;5;4;1;5;0.8;0.2;11;11;0;11;1;0;6;6;0;6;1;0;7;7;0;7;1;0;7;7;0;7;1;0;5;4;1;5;0.8;0.2;5;5;0;5;1;0;4;2;2;4;0.5;0.5;4;1;3;4;0.25;0.75;5;5;0;5;1;0;5;5;0;5;1;0;2;2;0;2;1;0;4;3;1;4;0.75;0.25;10;9;1;10;0.9;0.1;18;2;0;18;0.111111111;0;38;6;0;38;0.157894737;0;NULL;NULL;NULL;NULL;NULL;NULL;21;3;1;21;0.142857143;0.047619048;35;4;0;35;0.114285714;0;57;2;10;57;0.035087719;0.175438596;No
Male;Yes;No;13;6;6;0;6;1;0;7;6;1;7;0.857142857;0.142857143;5;5;0;5;1;0;6;6;0;6;1;0;4;4;0;4;1;0;6;6;0;6;1;0;7;7;0;7;1;0;4;4;0;4;1;0;4;4;0;4;1;0;7;7;0;7;1;0;5;5;0;5;1;0;7;7;0;7;1;0;6;6;0;6;1;0;7;7;0;7;1;0;4;4;0;4;1;0;4;4;0;4;1;0;6;6;0;6;1;0;5;5;0;5;1;0;3;3;0;3;1;0;4;2;2;4;0.5;0.5;3;2;1;3;0.666666667;0.333333333;7;7;0;7;1;0;3;3;0;3;1;0;6;6;0;6;1;0;7;7;0;7;1;0;8;5;3;8;625;375;40;3;1;40;75;25;26;3;1;26;0.115384615;0.038461538;NULL;NULL;NULL;NULL;NULL;NULL;21;3;1;21;0.142857143;0.047619048;35;4;0;35;0.114285714;0;42;3;4;42;0.071428571;0.095238095;No
Female;Yes;No;13;10;10;0;10;1;0;9;9;0;9;1;0;8;8;0;8;1;0;4;4;0;4;1;0;7;7;0;7;1;0;6;6;0;6;1;0;7;7;0;7;1;0;5;5;0;5;1;0;4;4;0;4;1;0;8;8;0;8;1;0;3;3;0;3;1;0;5;5;0;5;1;0;4;4;0;4;1;0;9;9;0;9;1;0;5;5;0;5;1;0;4;4;0;4;1;0;7;7;0;7;1;0;5;5;0;5;1;0;5;5;0;5;1;0;4;4;0;4;1;0;2;2;0;2;1;0;4;4;0;4;1;0;7;7;0;7;1;0;2;2;0;2;1;0;4;4;0;4;1;0;12;11;1;12;0.916666667;0.083333333;30;3;0;30;0.1;0;32;5;0;32;0.15625;0;NULL;NULL;NULL;NULL;NULL;NULL;21;4;0;21;0.19047619;0;35;4;0;35;0.114285714;0;31;4;2;31;0.129032258;0.064516129;No
Male;Yes;No;13;11;11;0;11;1;0;10;10;0;10;1;0;10;10;0;10;1;0;3;3;0;3;1;0;7;7;0;7;1;0;6;5;1;6;0.833333333;0.166666667;4;4;0;4;1;0;6;6;0;6;1;0;3;3;0;3;1;0;11;11;0;11;1;0;7;6;1;7;0.857142857;0.142857143;5;5;0;5;1;0;7;7;0;7;1;0;11;11;0;11;1;0;7;7;0;7;1;0;7;7;0;7;1;0;6;6;0;6;1;0;7;7;0;7;1;0;8;7;1;8;875;125;4;3;1;4;0.75;0.25;3;2;1;3;0.666666667;0.333333333;9;7;2;9;0.777777778;0.222222222;8;7;1;8;875;125;5;5;0;5;1;0;6;5;1;6;0.833333333;0.166666667;10;3;7;10;0.3;0.7;40;4;0;40;0.1;0;32;4;1;32;125;0.03125;NULL;NULL;NULL;NULL;NULL;NULL;21;4;0;21;0.19047619;0;57;4;4;57;0.070175439;0.070175439;73;2;14;73;0.02739726;0.191780822;No
Female;Yes;No;13;6;6;0;6;1;0;9;9;0;9;1;0;7;7;0;7;1;0;4;4;0;4;1;0;7;7;0;7;1;0;5;5;0;5;1;0;8;8;0;8;1;0;6;6;0;6;1;0;4;4;0;4;1;0;9;9;0;9;1;0;6;6;0;6;1;0;6;6;0;6;1;0;5;5;0;5;1;0;9;9;0;9;1;0;1;1;0;1;1;0;7;7;0;7;1;0;5;5;0;5;1;0;4;4;0;4;1;0;5;5;0;5;1;0;4;3;1;4;0.75;0.25;2;1;1;2;0.5;0.5;8;8;0;8;1;0;11;11;0;11;1;0;6;6;0;6;1;0;7;7;0;7;1;0;3;1;2;3;0.333333333;0.666666667;64;6;0;64;0.09375;0;32;3;2;32;0.09375;0.0625;NULL;NULL;NULL;NULL;NULL;NULL;21;3;1;21;0.142857143;0.047619048;35;4;0;35;0.114285714;0;52;3;6;52;0.057692308;0.115384615;No
Female;Yes;No;13;9;9;0;9;1;0;7;7;0;7;1;0;6;6;0;6;1;0;5;5;0;5;1;0;6;6;0;6;1;0;4;4;0;4;1;0;7;7;0;7;1;0;5;5;0;5;1;0;4;4;0;4;1;0;7;7;0;7;1;0;6;6;0;6;1;0;8;7;1;8;875;125;5;4;1;5;0.8;0.2;9;9;0;9;1;0;6;6;0;6;1;0;6;6;0;6;1;0;7;7;0;7;1;0;3;3;0;3;1;0;4;4;0;4;1;0;4;4;0;4;1;0;3;2;1;3;0.666666667;0.333333333;11;11;0;11;1;0;9;9;0;9;1;0;5;5;0;5;1;0;6;6;0;6;1;0;5;4;1;5;0.8;0.2;32;3;0;32;0.09375;0;36;5;0;36;0.138888889;0;NULL;NULL;NULL;NULL;NULL;NULL;21;3;1;21;0.142857143;0.047619048;46;4;2;46;0.086956522;0.043478261;45;3;6;45;0.066666667;0.133333333;No
Male;Yes;No;13;12;12;0;12;1;0;11;10;1;11;0.909090909;0.090909091;8;8;0;8;1;0;6;6;0;6;1;0;5;5;0;5;1;0;7;7;0;7;1;0;7;7;0;7;1;0;7;7;0;7;1;0;2;2;0;2;1;0;9;9;0;9;1;0;5;5;0;5;1;0;6;6;0;6;1;0;4;4;0;4;1;0;10;10;0;10;1;0;6;6;0;6;1;0;4;4;0;4;1;0;8;8;0;8;1;0;7;7;0;7;1;0;2;2;0;2;1;0;2;1;1;2;0.5;0.5;2;1;1;2;0.5;0.5;5;5;0;5;1;0;6;6;0;6;1;0;4;4;0;4;1;0;6;6;0;6;1;0;5;5;0;5;1;0;30;3;0;30;0.1;0;32;5;0;32;0.15625;0;NULL;NULL;NULL;NULL;NULL;NULL;21;4;0;21;0.19047619;0;35;4;0;35;0.114285714;0;26;4;0;26;0.153846154;0;No
Female;Yes;No;13;5;5;0;5;1;0;7;7;0;7;1;0;6;6;0;6;1;0;3;3;0;3;1;0;6;6;0;6;1;0;4;2;2;4;0.5;0.5;8;8;0;8;1;0;6;6;0;6;1;0;4;3;1;4;0.75;0.25;9;9;0;9;1;0;6;6;0;6;1;0;4;4;0;4;1;0;6;5;1;6;0.833333333;0.166666667;9;9;0;9;1;0;6;6;0;6;1;0;3;3;0;3;1;0;7;7;0;7;1;0;6;6;0;6;1;0;5;4;1;5;0.8;0.2;1;0;1;1;0;1;5;2;3;5;0.4;0.6;10;10;0;10;1;0;6;4;2;6;0.666666667;0.333333333;6;6;0;6;1;0;6;6;0;6;1;0;6;3;3;6;0.5;0.5;24;2;0;24;0.083333333;0;24;3;0;24;125;0;NULL;NULL;NULL;NULL;NULL;NULL;21;3;1;21;0.142857143;0.047619048;35;4;0;35;0.114285714;0;47;3;6;47;0.063829787;0.127659574;No
Male;Yes;No;13;10;10;0;10;1;0;9;9;0;9;1;0;8;7;1;8;875;125;3;3;0;3;1;0;8;8;0;8;1;0;7;5;2;7;0.714285714;0.285714286;5;5;0;5;1;0;2;2;0;2;1;0;4;4;0;4;1;0;8;8;0;8;1;0;4;3;1;4;0.75;0.25;3;3;0;3;1;0;12;9;3;12;0.75;0.25;9;9;0;9;1;0;6;6;0;6;1;0;5;5;0;5;1;0;5;5;0;5;1;0;5;4;1;5;0.8;0.2;6;5;1;6;0.833333333;0.166666667;4;0;4;4;0;1;4;1;3;4;0.25;0.75;7;6;1;7;0.857142857;0.142857143;5;5;0;5;1;0;5;5;0;5;1;0;5;5;0;5;1;0;5;3;2;5;0.6;0.4;6;0;0;6;0;0;18;3;0;18;0.166666667;0;NULL;NULL;NULL;NULL;NULL;NULL;21;4;0;21;0.19047619;0;35;4;0;35;0.114285714;0;37;3;4;37;0.081081081;0.108108108;No
Female;Yes;No;13;8;8;0;8;1;0;10;10;0;10;1;0;9;9;0;9;1;0;5;5;0;5;1;0;6;6;0;6;1;0;5;4;1;5;0.8;0.2;7;7;0;7;1;0;8;8;0;8;1;0;8;8;0;8;1;0;10;10;0;10;1;0;6;6;0;6;1;0;7;6;1;7;0.857142857;0.142857143;5;5;0;5;1;0;9;9;0;9;1;0;5;5;0;5;1;0;6;6;0;6;1;0;7;7;0;7;1;0;6;6;0;6;1;0;6;5;1;6;0.833333333;0.166666667;5;4;1;5;0.8;0.2;2;1;1;2;0.5;0.5;4;4;0;4;1;0;3;3;0;3;1;0;4;4;0;4;1;0;6;6;0;6;1;0;3;2;1;3;0.666666667;0.333333333;40;3;1;40;75;25;18;1;2;18;0.055555556;0.111111111;NULL;NULL;NULL;NULL;NULL;NULL;21;3;1;21;0.142857143;0.047619048;35;4;0;35;0.114285714;0;26;4;0;26;0.153846154;0;No
Male;Yes;No;13;10;10;0;10;1;0;10;10;0;10;1;0;9;9;0;9;1;0;4;4;0;4;1;0;4;4;0;4;1;0;3;0;3;3;0;1;6;6;0;6;1;0;5;5;0;5;1;0;4;3;1;4;0.75;0.25;8;8;0;8;1;0;7;6;1;7;0.857142857;0.142857143;5;4;1;5;0.8;0.2;7;7;0;7;1;0;10;10;0;10;1;0;4;4;0;4;1;0;5;5;0;5;1;0;5;4;1;5;0.8;0.2;7;7;0;7;1;0;5;4;1;5;0.8;0.2;3;1;2;3;0.333333333;0.666666667;5;4;1;5;0.8;0.2;7;6;1;7;0.857142857;0.142857143;6;6;0;6;1;0;8;8;0;8;1;0;5;4;1;5;0.8;0.2;16;12;4;16;0.75;0.25;36;2;1;36;0.055555556;0.027777778;42;4;2;42;0.095238095;0.047619048;NULL;NULL;NULL;NULL;NULL;NULL;21;0;4;21;0;0.19047619;35;4;0;35;0.114285714;0;49;3;6;49;0.06122449;0.12244898;No
Female;Yes;No;13;3;3;0;3;1;0;9;9;0;9;1;0;7;7;0;7;1;0;4;4;0;4;1;0;7;7;0;7;1;0;5;5;0;5;1;0;6;6;0;6;1;0;4;4;0;4;1;0;2;2;0;2;1;0;10;10;0;10;1;0;7;7;0;7;1;0;5;4;1;5;0.8;0.2;4;4;0;4;1;0;10;10;0;10;1;0;6;6;0;6;1;0;7;6;1;7;0.857142857;0.142857143;4;4;0;4;1;0;4;4;0;4;1;0;6;6;0;6;1;0;4;1;3;4;0.25;0.75;4;3;1;4;0.75;0.25;9;9;0;9;1;0;8;8;0;8;1;0;8;8;0;8;1;0;8;8;0;8;1;0;7;7;0;7;1;0;40;3;1;40;75;25;26;3;1;26;0.115384615;0.038461538;NULL;NULL;NULL;NULL;NULL;NULL;21;1;3;21;0.047619048;0.142857143;35;4;0;35;0.114285714;0;26;4;0;26;0.153846154;0;No
Male;Yes;No;13;6;6;0;6;1;0;10;10;0;10;1;0;5;5;0;5;1;0;4;4;0;4;1;0;5;5;0;5;1;0;4;1;3;4;0.25;0.75;6;6;0;6;1;0;6;6;0;6;1;0;2;1;1;2;0.5;0.5;7;7;0;7;1;0;4;4;0;4;1;0;7;5;2;7;0.714285714;0.285714286;6;5;1;6;0.833333333;0.166666667;4;2;2;4;0.5;0.5;4;4;0;4;1;0;3;3;0;3;1;0;3;3;0;3;1;0;5;4;1;5;0.8;0.2;5;3;2;5;0.6;0.4;3;1;2;3;0.333333333;0.666666667;4;3;1;4;0.75;0.25;6;5;1;6;0.833333333;0.166666667;3;3;0;3;1;0;3;3;0;3;1;0;4;4;0;4;1;0;8;6;2;8;0.75;0.25;10;0;1;10;0;0.1;26;3;1;26;0.115384615;0.038461538;NULL;NULL;NULL;NULL;NULL;NULL;21;3;1;21;0.142857143;0.047619048;35;4;0;35;0.114285714;0;53;2;10;53;0.037735849;0.188679245;No
Female;Yes;No;13;8;8;0;8;1;0;10;10;0;10;1;0;7;7;0;7;1;0;4;4;0;4;1;0;7;7;0;7;1;0;5;5;0;5;1;0;6;5;1;6;0.833333333;0.166666667;6;6;0;6;1;0;3;3;0;3;1;0;7;7;0;7;1;0;5;5;0;5;1;0;5;3;2;5;0.6;0.4;6;5;1;6;0.833333333;0.166666667;10;10;0;10;1;0;7;7;0;7;1;0;9;9;0;9;1;0;5;4;1;5;0.8;0.2;3;3;0;3;1;0;2;0;2;2;0;1;2;2;0;2;1;0;3;0;3;3;0;1;9;8;1;9;0.888888889;0.111111111;9;5;4;9;0.555555556;0.444444444;3;2;1;3;0.666666667;0.333333333;7;5;2;7;0.714285714;0.285714286;9;7;2;9;0.777777778;0.222222222;54;5;0;54;0.092592593;0;42;4;2;42;0.095238095;0.047619048;NULL;NULL;NULL;NULL;NULL;NULL;21;4;0;21;0.19047619;0;35;4;0;35;0.114285714;0;49;3;6;49;0.06122449;0.12244898;No
Female;Yes;No;13;6;6;0;6;1;0;5;5;0;5;1;0;7;6;1;7;0.857142857;0.142857143;6;0;6;6;0;1;4;4;0;4;1;0;6;6;0;6;1;0;1;0;1;1;0;1;6;6;0;6;1;0;5;4;1;5;0.8;0.2;10;10;0;10;1;0;6;5;1;6;0.833333333;0.166666667;5;5;0;5;1;0;5;5;0;5;1;0;10;10;0;10;1;0;6;6;0;6;1;0;3;3;0;3;1;0;4;3;1;4;0.75;0.25;6;6;0;6;1;0;4;2;2;4;0.5;0.5;3;3;0;3;1;0;3;3;0;3;1;0;7;7;0;7;1;0;10;10;0;10;1;0;8;8;0;8;1;0;7;6;1;7;0.857142857;0.142857143;11;10;1;11;0.909090909;0.090909091;30;2;1;30;0.066666667;0.033333333;32;5;0;32;0.15625;0;NULL;NULL;NULL;NULL;NULL;NULL;21;4;0;21;0.19047619;0;35;4;0;35;0.114285714;0;39;3;4;39;0.076923077;0.102564103;No
Female;Yes;No;13;7;7;0;7;1;0;7;7;0;7;1;0;7;7;0;7;1;0;5;5;0;5;1;0;8;8;0;8;1;0;4;4;0;4;1;0;7;7;0;7;1;0;6;6;0;6;1;0;4;4;0;4;1;0;9;9;0;9;1;0;8;8;0;8;1;0;5;5;0;5;1;0;4;4;0;4;1;0;8;8;0;8;1;0;5;5;0;5;1;0;6;6;0;6;1;0;6;6;0;6;1;0;2;0;2;2;0;1;6;3;3;6;0.5;0.5;6;1;5;6;0.166666667;0.833333333;6;1;5;6;0.166666667;0.833333333;6;5;1;6;0.833333333;0.166666667;9;9;0;9;1;0;8;8;0;8;1;0;9;9;0;9;1;0;13;9;4;13;0.692307692;0.307692308;36;1;2;36;0.027777778;0.055555556;38;5;1;38;0.131578947;0.026315789;NULL;NULL;NULL;NULL;NULL;NULL;21;0;4;21;0;0.19047619;35;4;0;35;0.114285714;0;92;0;24;92;0;0.260869565;No
Female;Yes;No;13;8;8;0;8;1;0;8;8;0;8;1;0;7;7;0;7;1;0;4;4;0;4;1;0;4;4;0;4;1;0;4;4;0;4;1;0;8;8;0;8;1;0;6;6;0;6;1;0;2;2;0;2;1;0;8;8;0;8;1;0;5;5;0;5;1;0;7;7;0;7;1;0;5;5;0;5;1;0;9;9;0;9;1;0;4;4;0;4;1;0;7;7;0;7;1;0;6;6;0;6;1;0;5;5;0;5;1;0;2;0;2;2;0;1;2;0;2;2;0;1;3;0;3;3;0;1;5;4;1;5;0.8;0.2;7;7;0;7;1;0;6;6;0;6;1;0;8;8;0;8;1;0;8;7;1;8;875;125;36;3;0;36;0.083333333;0;38;6;0;38;0.157894737;0;NULL;NULL;NULL;NULL;NULL;NULL;21;3;1;21;0.142857143;0.047619048;35;4;0;35;0.114285714;0;26;4;0;26;0.153846154;0;No
Male;Yes;No;13;11;11;0;11;1;0;11;10;1;11;0.909090909;0.090909091;9;9;0;9;1;0;5;5;0;5;1;0;4;3;1;4;0.75;0.25;4;4;0;4;1;0;7;7;0;7;1;0;7;7;0;7;1;0;2;2;0;2;1;0;7;7;0;7;1;0;5;5;0;5;1;0;5;5;0;5;1;0;5;4;1;5;0.8;0.2;9;9;0;9;1;0;5;5;0;5;1;0;3;3;0;3;1;0;5;5;0;5;1;0;4;3;1;4;0.75;0.25;3;2;1;3;0.666666667;0.333333333;4;2;2;4;0.5;0.5;1;0;1;1;0;1;7;7;0;7;1;0;6;4;2;6;0.666666667;0.333333333;5;5;0;5;1;0;5;5;0;5;1;0;5;3;2;5;0.6;0.4;18;2;0;18;0.111111111;0;26;4;0;26;0.153846154;0;NULL;NULL;NULL;NULL;NULL;NULL;21;3;1;21;0.142857143;0.047619048;35;4;0;35;0.114285714;0;53;2;8;53;0.037735849;0.150943396;No
Male;Yes;No;13;8;8;0;8;1;0;6;2;4;6;0.333333333;0.666666667;8;8;0;8;1;0;3;3;0;3;1;0;5;5;0;5;1;0;7;7;0;7;1;0;6;5;1;6;0.833333333;0.166666667;7;7;0;7;1;0;5;4;1;5;0.8;0.2;8;8;0;8;1;0;3;3;0;3;1;0;6;6;0;6;1;0;7;7;0;7;1;0;9;9;0;9;1;0;4;4;0;4;1;0;5;5;0;5;1;0;8;7;1;8;875;125;6;6;0;6;1;0;4;4;0;4;1;0;3;1;2;3;0.333333333;0.666666667;2;1;1;2;0.5;0.5;6;4;2;6;0.666666667;0.333333333;8;7;1;8;875;125;5;5;0;5;1;0;7;5;2;7;0.714285714;0.285714286;12;9;3;12;0.75;0.25;40;3;1;40;75;25;26;2;2;26;0.076923077;0.076923077;NULL;NULL;NULL;NULL;NULL;NULL;21;2;2;21;0.095238095;0.095238095;47;3;4;47;0.063829787;0.085106383;31;4;2;31;0.129032258;0.064516129;No
Male;Yes;No;13;8;8;0;8;1;0;8;8;0;8;1;0;4;4;0;4;1;0;4;0;4;4;0;1;4;4;0;4;1;0;5;3;2;5;0.6;0.4;3;3;0;3;1;0;5;5;0;5;1;0;1;1;0;1;1;0;6;6;0;6;1;0;3;2;1;3;0.666666667;0.333333333;3;2;1;3;0.666666667;0.333333333;3;3;0;3;1;0;8;8;0;8;1;0;2;2;0;2;1;0;3;3;0;3;1;0;2;2;0;2;1;0;3;2;1;3;0.666666667;0.333333333;3;1;2;3;0.333333333;0.666666667;3;0;3;3;0;1;2;1;1;2;0.5;0.5;4;1;3;4;0.25;0.75;4;2;2;4;0.5;0.5;1;1;0;1;1;0;2;1;1;2;0.5;0.5;5;3;2;5;0.6;0.4;18;1;1;18;0.055555556;0.055555556;20;0;3;20;0;0.15;NULL;NULL;NULL;NULL;NULL;NULL;17;0;3;17;0;0.176470588;64;3;6;64;0.046875;0.09375;43;3;4;43;0.069767442;0.093023256;Yes
Female;Yes;No;13;10;10;0;10;1;0;9;9;0;9;1;0;9;9;0;9;1;0;9;0;9;9;0;1;4;4;0;4;1;0;4;4;0;4;1;0;7;7;0;7;1;0;5;4;1;5;0.8;0.2;3;1;2;3;0.333333333;0.666666667;7;7;0;7;1;0;5;3;2;5;0.6;0.4;6;5;1;6;0.833333333;0.166666667;6;4;2;6;0.666666667;0.333333333;10;10;0;10;1;0;4;4;0;4;1;0;6;6;0;6;1;0;4;4;0;4;1;0;2;2;0;2;1;0;6;5;1;6;0.833333333;0.166666667;5;0;5;5;0;1;11;0;11;11;0;1;5;4;1;5;0.8;0.2;8;6;2;8;0.75;0.25;7;3;4;7;0.428571429;0.571428571;22;2;20;22;0.090909091;0.909090909;8;6;2;8;0.75;0.25;40;2;2;40;0.05;0.05;44;1;5;44;0.022727273;0.113636364;NULL;NULL;NULL;NULL;NULL;NULL;21;2;2;21;0.095238095;0.095238095;35;4;0;35;0.114285714;0;96;2;18;96;0.020833333;0.1875;Yes
Male;Yes;No;13;1;1;0;1;1;0;7;7;0;7;1;0;4;4;0;4;1;0;5;5;0;5;1;0;5;5;0;5;1;0;2;2;0;2;1;0;6;6;0;6;1;0;5;5;0;5;1;0;3;2;1;3;0.666666667;0.333333333;7;7;0;7;1;0;7;7;0;7;1;0;6;6;0;6;1;0;7;5;2;7;0.714285714;0.285714286;8;8;0;8;1;0;3;2;1;3;0.666666667;0.333333333;3;3;0;3;1;0;4;3;1;4;0.75;0.25;3;2;1;3;0.666666667;0.333333333;4;4;0;4;1;0;3;0;3;3;0;1;3;0;3;3;0;1;4;3;1;4;0.75;0.25;5;3;2;5;0.6;0.4;4;3;1;4;0.75;0.25;4;4;0;4;1;0;7;5;2;7;0.714285714;0.285714286;32;2;1;32;0.0625;0.03125;18;2;1;18;0.111111111;0.055555556;NULL;NULL;NULL;NULL;NULL;NULL;21;0;4;21;0;0.19047619;43;3;2;43;0.069767442;0.046511628;45;2;6;45;0.044444444;0.133333333;Yes
Male;Yes;No;13;6;6;0;6;1;0;7;7;0;7;1;0;5;5;0;5;1;0;5;5;0;5;1;0;4;4;0;4;1;0;5;5;0;5;1;0;7;7;0;7;1;0;5;5;0;5;1;0;2;2;0;2;1;0;7;7;0;7;1;0;7;7;0;7;1;0;5;5;0;5;1;0;4;4;0;4;1;0;9;9;0;9;1;0;5;5;0;5;1;0;7;7;0;7;1;0;5;5;0;5;1;0;7;7;0;7;1;0;4;4;0;4;1;0;4;2;2;4;0.5;0.5;4;2;2;4;0.5;0.5;7;5;2;7;0.714285714;0.285714286;5;2;3;5;0.4;0.6;6;6;0;6;1;0;5;4;1;5;0.8;0.2;9;5;4;9;0.555555556;0.444444444;44;3;1;44;0.068181818;0.022727273;30;0;4;30;0;0.133333333;NULL;NULL;NULL;NULL;NULL;NULL;21;0;4;21;0;0.19047619;35;4;0;35;0.114285714;0;45;3;6;45;0.066666667;0.133333333;Yes
Female;Yes;No;13;10;10;0;10;1;0;10;10;0;10;1;0;9;9;0;9;1;0;2;2;0;2;1;0;5;5;0;5;1;0;6;5;1;6;0.833333333;0.166666667;8;8;0;8;1;0;7;7;0;7;1;0;3;3;0;3;1;0;4;3;1;4;0.75;0.25;5;5;0;5;1;0;4;4;0;4;1;0;4;3;1;4;0.75;0.25;10;10;0;10;1;0;5;5;0;5;1;0;6;6;0;6;1;0;4;4;0;4;1;0;5;5;0;5;1;0;4;4;0;4;1;0;2;2;0;2;1;0;3;1;2;3;0.333333333;0.666666667;6;3;3;6;0.5;0.5;6;5;1;6;0.833333333;0.166666667;5;5;0;5;1;0;6;6;0;6;1;0;10;7;3;10;0.7;0.3;58;5;0;58;0.086206897;0;32;5;0;32;0.15625;0;NULL;NULL;NULL;NULL;NULL;NULL;21;4;0;21;0.19047619;0;35;4;0;35;0.114285714;0;26;4;0;26;0.153846154;0;Yes
Male;Yes;No;13;9;9;0;9;1;0;7;7;0;7;1;0;5;5;0;5;1;0;7;0;7;7;0;1;7;7;0;7;1;0;2;1;1;2;0.5;0.5;6;6;0;6;1;0;4;4;0;4;1;0;3;3;0;3;1;0;9;9;0;9;1;0;3;2;1;3;0.666666667;0.333333333;4;4;0;4;1;0;5;5;0;5;1;0;6;6;0;6;1;0;5;5;0;5;1;0;6;6;0;6;1;0;8;8;0;8;1;0;5;5;0;5;1;0;6;6;0;6;1;0;5;2;3;5;0.4;0.6;3;2;1;3;0.666666667;0.333333333;5;5;0;5;1;0;5;4;1;5;0.8;0.2;6;5;1;6;0.833333333;0.166666667;6;6;0;6;1;0;8;6;2;8;0.75;0.25;42;3;1;42;0.071428571;0.023809524;38;5;1;38;0.131578947;0.026315789;NULL;NULL;NULL;NULL;NULL;NULL;21;3;1;21;0.142857143;0.047619048;60;3;6;60;0.05;0.1;47;3;10;47;0.063829787;0.212765957;Yes
Male;Yes;No;13;9;9;0;9;1;0;10;10;0;10;1;0;8;8;0;8;1;0;4;4;0;4;1;0;6;4;2;6;0.666666667;0.333333333;5;5;0;5;1;0;7;6;1;7;0.857142857;0.142857143;6;6;0;6;1;0;4;2;2;4;0.5;0.5;10;10;0;10;1;0;3;3;0;3;1;0;7;7;0;7;1;0;8;7;1;8;875;125;11;11;0;11;1;0;7;7;0;7;1;0;6;6;0;6;1;0;7;7;0;7;1;0;5;5;0;5;1;0;5;3;2;5;0.6;0.4;4;3;1;4;0.75;0.25;1;1;0;1;1;0;4;3;1;4;0.75;0.25;5;5;0;5;1;0;2;2;0;2;1;0;4;4;0;4;1;0;3;1;2;3;0.333333333;0.666666667;52;5;0;52;0.096153846;0;32;5;0;32;0.15625;0;NULL;NULL;NULL;NULL;NULL;NULL;21;0;4;21;0;0.19047619;35;4;0;35;0.114285714;0;42;3;4;42;0.071428571;0.095238095;Yes
Male;Yes;No;13;5;5;0;5;1;0;4;4;0;4;1;0;5;5;0;5;1;0;2;2;0;2;1;0;5;5;0;5;1;0;4;3;1;4;0.75;0.25;6;6;0;6;1;0;7;7;0;7;1;0;2;2;0;2;1;0;9;9;0;9;1;0;5;5;0;5;1;0;3;2;1;3;0.666666667;0.333333333;3;1;2;3;0.333333333;0.666666667;9;9;0;9;1;0;5;5;0;5;1;0;5;5;0;5;1;0;4;4;0;4;1;0;5;4;1;5;0.8;0.2;4;4;0;4;1;0;4;0;4;4;0;1;2;0;2;2;0;1;3;1;2;3;0.333333333;0.666666667;4;3;1;4;0.75;0.25;3;2;1;3;0.666666667;0.333333333;2;2;0;2;1;0;7;5;2;7;0.714285714;0.285714286;30;3;0;30;0.1;0;22;1;2;22;0.045454545;0.090909091;NULL;NULL;NULL;NULL;NULL;NULL;21;0;4;21;0;0.19047619;35;4;0;35;0.114285714;0;48;1;10;48;0.020833333;0.208333333;Yes
Female;Yes;No;13;9;9;0;9;1;0;8;8;0;8;1;0;4;4;0;4;1;0;5;5;0;5;1;0;2;2;0;2;1;0;5;4;1;5;0.8;0.2;51;47;4;51;0.921568627;0.078431373;4;4;0;4;1;0;1;0;1;1;0;1;7;7;0;7;1;0;3;2;1;3;0.666666667;0.333333333;5;5;0;5;1;0;6;6;0;6;1;0;7;7;0;7;1;0;3;3;0;3;1;0;3;3;0;3;1;0;4;4;0;4;1;0;2;1;1;2;0.5;0.5;2;1;1;2;0.5;0.5;2;1;1;2;0.5;0.5;2;2;0;2;1;0;4;3;1;4;0.75;0.25;5;3;2;5;0.6;0.4;3;3;0;3;1;0;2;1;1;2;0.5;0.5;7;5;2;7;0.714285714;0.285714286;24;2;0;24;0.083333333;0;6;0;1;6;0;0.166666667;NULL;NULL;NULL;NULL;NULL;NULL;21;2;2;21;0.095238095;0.095238095;48;3;4;48;0.0625;0.083333333;38;2;6;38;0.052631579;0.157894737;Yes
Female;Yes;Yes;14;10;10;0;10;1;0;9;9;0;9;1;0;7;7;0;7;1;0;4;4;0;4;1;0;6;6;0;6;1;0;4;3;1;4;0.75;0.25;6;6;0;6;1;0;7;7;0;7;1;0;1;1;0;1;1;0;3;0;3;3;0;1;5;4;1;5;0.8;0.2;5;4;1;5;0.8;0.2;6;6;0;6;1;0;5;5;0;5;1;0;4;4;0;4;1;0;3;3;0;3;1;0;4;4;0;4;1;0;2;2;0;2;1;0;5;4;1;5;0.8;0.2;2;1;1;2;0.5;0.5;10;1;9;10;0.1;0.9;5;4;1;5;0.8;0.2;7;6;1;7;0.857142857;0.142857143;4;4;0;4;1;0;5;5;0;5;1;0;9;5;4;9;0.555555556;0.444444444;30;2;1;30;0.066666667;0.033333333;18;3;0;18;0.166666667;0;NULL;NULL;NULL;NULL;NULL;NULL;21;1;3;21;0.047619048;0.142857143;58;3;6;58;0.051724138;0.103448276;54;3;8;54;0.055555556;0.148148148;No
Male;Yes;Yes;14;9;5;4;9;0.555555556;0.444444444;10;9;1;10;0.9;0.1;9;6;3;9;0.666666667;0.333333333;6;0;6;6;0;1;3;2;1;3;0.666666667;0.333333333;4;1;3;4;0.25;0.75;4;4;0;4;1;0;5;2;3;5;0.4;0.6;4;3;1;4;0.75;0.25;6;6;0;6;1;0;3;2;1;3;0.666666667;0.333333333;6;3;3;6;0.5;0.5;4;4;0;4;1;0;8;8;0;8;1;0;3;3;0;3;1;0;10;3;7;10;0.3;0.7;7;3;4;7;0.428571429;0.571428571;2;2;0;2;1;0;6;3;3;6;0.5;0.5;7;1;6;7;0.142857143;0.857142857;5;3;2;5;0.6;0.4;3;2;1;3;0.666666667;0.333333333;13;6;7;13;0.461538462;0.538461538;18;5;13;18;0.277777778;0.722222222;8;5;3;8;625;375;11;7;4;11;0.636363636;0.363636364;36;0;3;36;0;0.083333333;32;5;0;32;0.15625;0;NULL;NULL;NULL;NULL;NULL;NULL;21;2;2;21;0.095238095;0.095238095;35;4;0;35;0.114285714;0;98;2;20;98;0.020408163;0.204081633;No
Male;Yes;No;14;10;10;0;10;1;0;9;9;0;9;1;0;6;6;0;6;1;0;2;2;0;2;1;0;5;5;0;5;1;0;2;2;0;2;1;0;6;6;0;6;1;0;5;5;0;5;1;0;3;3;0;3;1;0;8;8;0;8;1;0;5;5;0;5;1;0;4;4;0;4;1;0;4;4;0;4;1;0;10;10;0;10;1;0;2;2;0;2;1;0;4;4;0;4;1;0;6;6;0;6;1;0;6;5;1;6;0.833333333;0.166666667;4;4;0;4;1;0;4;3;1;4;0.75;0.25;2;1;1;2;0.5;0.5;9;8;1;9;0.888888889;0.111111111;4;4;0;4;1;0;3;2;1;3;0.666666667;0.333333333;7;6;1;7;0.857142857;0.142857143;3;2;1;3;0.666666667;0.333333333;34;3;0;34;0.088235294;0;18;3;0;18;0.166666667;0;NULL;NULL;NULL;NULL;NULL;NULL;21;1;3;21;0.047619048;0.142857143;35;4;0;35;0.114285714;0;63;3;10;63;0.047619048;0.158730159;No
Male;Yes;No;14;3;0;3;3;0;1;10;10;0;10;1;0;9;9;0;9;1;0;3;3;0;3;1;0;6;6;0;6;1;0;3;2;1;3;0.666666667;0.333333333;7;7;0;7;1;0;5;5;0;5;1;0;5;5;0;5;1;0;9;9;0;9;1;0;5;4;1;5;0.8;0.2;5;4;1;5;0.8;0.2;7;6;1;7;0.857142857;0.142857143;10;10;0;10;1;0;7;7;0;7;1;0;0;0;0;0;0;0;6;5;1;6;0.833333333;0.166666667;5;1;4;5;0.2;0.8;6;5;1;6;0.833333333;0.166666667;4;3;1;4;0.75;0.25;4;3;1;4;0.75;0.25;5;5;0;5;1;0;7;5;2;7;0.714285714;0.285714286;7;7;0;7;1;0;6;6;0;6;1;0;13;12;1;13;0.923076923;0.076923077;50;2;2;50;0.04;0.04;32;5;0;32;0.15625;0;NULL;NULL;NULL;NULL;NULL;NULL;21;4;0;21;0.19047619;0;35;4;0;35;0.114285714;0;26;4;0;26;0.153846154;0;No
Male;Yes;No;14;12;12;0;12;1;0;10;10;0;10;1;0;9;8;1;9;0.888888889;0.111111111;4;4;0;4;1;0;6;6;0;6;1;0;5;5;0;5;1;0;8;6;2;8;0.75;0.25;6;4;2;6;0.666666667;0.333333333;4;4;0;4;1;0;10;10;0;10;1;0;6;6;0;6;1;0;5;3;2;5;0.6;0.4;6;4;2;6;0.666666667;0.333333333;11;11;0;11;1;0;8;6;2;8;0.75;0.25;8;6;2;8;0.75;0.25;7;7;0;7;1;0;7;7;0;7;1;0;4;3;1;4;0.75;0.25;4;3;1;4;0.75;0.25;4;1;3;4;0.25;0.75;7;5;2;7;0.714285714;0.285714286;9;9;0;9;1;0;8;8;0;8;1;0;7;7;0;7;1;0;19;11;8;19;0.578947368;0.421052632;52;2;3;52;0.038461538;0.057692308;46;6;1;46;0.130434783;0.02173913;NULL;NULL;NULL;NULL;NULL;NULL;21;3;1;21;0.142857143;0.047619048;46;4;2;46;0.086956522;0.043478261;55;3;8;55;0.054545455;0.145454545;No
Male;Yes;No;14;8;8;0;8;1;0;10;10;0;10;1;0;5;5;0;5;1;0;5;0;5;5;0;1;8;8;0;8;1;0;4;4;0;4;1;0;6;6;0;6;1;0;3;3;0;3;1;0;4;0;4;4;0;1;8;8;0;8;1;0;4;4;0;4;1;0;3;3;0;3;1;0;4;4;0;4;1;0;9;9;0;9;1;0;3;3;0;3;1;0;6;6;0;6;1;0;5;4;1;5;0.8;0.2;5;5;0;5;1;0;6;5;1;6;0.833333333;0.166666667;3;1;2;3;0.333333333;0.666666667;3;3;0;3;1;0;10;9;1;10;0.9;0.1;6;4;2;6;0.666666667;0.333333333;5;5;0;5;1;0;6;6;0;6;1;0;14;11;3;14;0.785714286;0.214285714;64;4;2;64;0.0625;0.03125;38;5;1;38;0.131578947;0.026315789;NULL;NULL;NULL;NULL;NULL;NULL;21;3;1;21;0.142857143;0.047619048;35;4;0;35;0.114285714;0;54;3;8;54;0.055555556;0.148148148;No
Male;Yes;No;14;10;10;0;10;1;0;11;11;0;11;1;0;9;9;0;9;1;0;7;7;0;7;1;0;5;5;0;5;1;0;6;6;0;6;1;0;6;6;0;6;1;0;5;4;1;5;0.8;0.2;5;5;0;5;1;0;9;9;0;9;1;0;6;6;0;6;1;0;6;6;0;6;1;0;5;5;0;5;1;0;9;9;0;9;1;0;4;4;0;4;1;0;6;6;0;6;1;0;7;7;0;7;1;0;5;5;0;5;1;0;5;5;0;5;1;0;2;1;1;2;0.5;0.5;2;0;2;2;0;1;9;8;1;9;0.888888889;0.111111111;5;5;0;5;1;0;5;5;0;5;1;0;9;8;1;9;0.888888889;0.111111111;16;15;1;16;0.9375;0.0625;24;2;0;24;0.083333333;0;46;4;3;46;0.086956522;0.065217391;NULL;NULL;NULL;NULL;NULL;NULL;21;4;0;21;0.19047619;0;45;4;2;45;0.088888889;0.044444444;63;3;10;63;0.047619048;0.158730159;No
Male;Yes;No;14;11;11;0;11;1;0;10;10;0;10;1;0;7;5;2;7;0.714285714;0.285714286;4;4;0;4;1;0;7;7;0;7;1;0;4;4;0;4;1;0;6;4;2;6;0.666666667;0.333333333;7;6;1;7;0.857142857;0.142857143;3;2;1;3;0.666666667;0.333333333;6;6;0;6;1;0;7;5;2;7;0.714285714;0.285714286;5;5;0;5;1;0;5;5;0;5;1;0;10;9;1;10;0.9;0.1;5;5;0;5;1;0;5;5;0;5;1;0;8;8;0;8;1;0;7;6;1;7;0.857142857;0.142857143;5;2;3;5;0.4;0.6;8;3;5;8;375;625;4;1;3;4;0.25;0.75;6;4;2;6;0.666666667;0.333333333;12;9;3;12;0.75;0.25;8;8;0;8;1;0;8;7;1;8;875;125;11;7;4;11;0.636363636;0.363636364;53;1;4;53;0.018867925;0.075471698;32;4;1;32;125;0.03125;NULL;NULL;NULL;NULL;NULL;NULL;21;3;1;21;0.142857143;0.047619048;49;4;4;49;0.081632653;0.081632653;26;4;0;26;0.153846154;0;No
Female;Yes;No;14;12;12;0;12;1;0;12;12;0;12;1;0;8;8;0;8;1;0;3;3;0;3;1;0;6;6;0;6;1;0;3;3;0;3;1;0;5;5;0;5;1;0;4;3;1;4;0.75;0.25;3;2;1;3;0.666666667;0.333333333;7;7;0;7;1;0;5;4;1;5;0.8;0.2;6;6;0;6;1;0;7;5;2;7;0.714285714;0.285714286;10;10;0;10;1;0;6;6;0;6;1;0;8;8;0;8;1;0;6;6;0;6;1;0;5;3;2;5;0.6;0.4;6;2;4;6;0.333333333;0.666666667;6;1;5;6;0.166666667;0.833333333;1;1;0;1;1;0;3;3;0;3;1;0;7;7;0;7;1;0;5;5;0;5;1;0;6;5;1;6;0.833333333;0.166666667;10;9;1;10;0.9;0.1;18;2;0;18;0.111111111;0;32;4;1;32;125;0.03125;NULL;NULL;NULL;NULL;NULL;NULL;21;1;3;21;0.047619048;0.142857143;64;4;6;64;0.0625;0.09375;101;2;18;101;0.01980198;0.178217822;No
Male;Yes;No;14;14;13;1;14;0.928571429;0.071428571;12;12;0;12;1;0;9;8;1;9;0.888888889;0.111111111;3;3;0;3;1;0;3;3;0;3;1;0;4;4;0;4;1;0;5;0;5;5;0;1;10;2;8;10;0.2;0.8;2;2;0;2;1;0;4;4;0;4;1;0;4;4;0;4;1;0;0;0;0;0;0;0;5;5;0;5;1;0;13;13;0;13;1;0;8;8;0;8;1;0;7;7;0;7;1;0;7;7;0;7;1;0;6;1;5;6;0.166666667;0.833333333;5;5;0;5;1;0;3;0;3;3;0;1;2;1;1;2;0.5;0.5;4;4;0;4;1;0;5;4;1;5;0.8;0.2;5;4;1;5;0.8;0.2;6;5;1;6;0.833333333;0.166666667;8;3;5;8;375;625;54;3;2;54;0.055555556;0.037037037;28;1;3;28;0.035714286;0.107142857;NULL;NULL;NULL;NULL;NULL;NULL;21;4;0;21;0.19047619;0;45;4;2;45;0.088888889;0.044444444;26;4;0;26;0.153846154;0;No
Female;Yes;Yes;14;12;12;0;12;1;0;11;11;0;11;1;0;7;7;0;7;1;0;5;5;0;5;1;0;7;7;0;7;1;0;4;4;0;4;1;0;3;3;0;3;1;0;4;4;0;4;1;0;3;3;0;3;1;0;9;9;0;9;1;0;4;4;0;4;1;0;5;5;0;5;1;0;6;6;0;6;1;0;10;10;0;10;1;0;5;5;0;5;1;0;6;5;1;6;0.833333333;0.166666667;4;4;0;4;1;0;7;6;1;7;0.857142857;0.142857143;7;4;3;7;0.571428571;0.428571429;3;1;2;3;0.333333333;0.666666667;3;2;1;3;0.666666667;0.333333333;9;7;2;9;0.777777778;0.222222222;9;6;3;9;0.666666667;0.333333333;6;6;0;6;1;0;5;4;1;5;0.8;0.2;12;5;7;12;0.416666667;0.583333333;52;3;2;52;0.057692308;0.038461538;38;5;1;38;0.131578947;0.026315789;NULL;NULL;NULL;NULL;NULL;NULL;21;3;1;21;0.142857143;0.047619048;50;3;6;50;0.06;0.12;58;3;8;58;0.051724138;0.137931034;No
Female;Yes;Yes;14;11;11;0;11;1;0;11;11;0;11;1;0;7;7;0;7;1;0;5;4;1;5;0.8;0.2;6;6;0;6;1;0;4;4;0;4;1;0;6;6;0;6;1;0;6;6;0;6;1;0;4;4;0;4;1;0;11;11;0;11;1;0;8;7;1;8;875;125;5;5;0;5;1;0;4;4;0;4;1;0;9;9;0;9;1;0;6;5;1;6;0.833333333;0.166666667;7;7;0;7;1;0;6;6;0;6;1;0;7;7;0;7;1;0;4;3;1;4;0.75;0.25;3;1;2;3;0.333333333;0.666666667;4;3;1;4;0.75;0.25;8;7;1;8;875;125;5;5;0;5;1;0;6;5;1;6;0.833333333;0.166666667;5;4;1;5;0.8;0.2;5;2;3;5;0.4;0.6;40;2;2;40;0.05;0.05;22;3;0;22;0.136363636;0;NULL;NULL;NULL;NULL;NULL;NULL;21;4;0;21;0.19047619;0;75;2;10;75;0.026666667;0.133333333;45;3;6;45;0.066666667;0.133333333;No
Female;Yes;No;14;15;14;1;15;0.933333333;0.066666667;13;13;0;13;1;0;5;3;2;5;0.6;0.4;4;4;0;4;1;0;6;6;0;6;1;0;5;5;0;5;1;0;9;8;1;9;0.888888889;0.111111111;5;5;0;5;1;0;4;4;0;4;1;0;9;9;0;9;1;0;5;3;2;5;0.6;0.4;7;6;1;7;0.857142857;0.142857143;8;8;0;8;1;0;11;10;1;11;0.909090909;0.090909091;0;0;0;0;0;0;4;4;0;4;1;0;7;7;0;7;1;0;9;9;0;9;1;0;7;6;1;7;0.857142857;0.142857143;5;1;4;5;0.2;0.8;3;2;1;3;0.666666667;0.333333333;13;11;2;13;0.846153846;0.153846154;9;7;2;9;0.777777778;0.222222222;8;7;1;8;875;125;8;7;1;8;875;125;11;6;5;11;0.545454545;0.454545455;56;2;3;56;0.035714286;0.053571429;46;6;1;46;0.130434783;0.02173913;NULL;NULL;NULL;NULL;NULL;NULL;21;2;2;21;0.095238095;0.095238095;91;3;12;91;0.032967033;0.131868132;26;4;0;26;0.153846154;0;No
Female;Yes;No;14;12;12;0;12;1;0;11;11;0;11;1;0;8;8;0;8;1;0;4;4;0;4;1;0;7;6;1;7;0.857142857;0.142857143;6;5;1;6;0.833333333;0.166666667;7;7;0;7;1;0;6;4;2;6;0.666666667;0.333333333;5;4;1;5;0.8;0.2;8;8;0;8;1;0;3;3;0;3;1;0;5;3;2;5;0.6;0.4;6;6;0;6;1;0;9;9;0;9;1;0;6;6;0;6;1;0;6;6;0;6;1;0;6;6;0;6;1;0;5;4;1;5;0.8;0.2;4;3;1;4;0.75;0.25;3;1;2;3;0.333333333;0.666666667;4;3;1;4;0.75;0.25;9;7;2;9;0.777777778;0.222222222;7;7;0;7;1;0;5;5;0;5;1;0;5;5;0;5;1;0;10;5;5;10;0.5;0.5;40;1;3;40;25;75;32;4;1;32;125;0.03125;NULL;NULL;NULL;NULL;NULL;NULL;21;2;2;21;0.095238095;0.095238095;35;4;0;35;0.114285714;0;44;4;4;44;0.090909091;0.090909091;No
Male;Yes;Yes;14;14;13;1;14;0.928571429;0.071428571;12;12;0;12;1;0;7;7;0;7;1;0;4;4;0;4;1;0;7;6;1;7;0.857142857;0.142857143;6;6;0;6;1;0;5;5;0;5;1;0;5;4;1;5;0.8;0.2;6;0;6;6;0;1;9;9;0;9;1;0;6;5;1;6;0.833333333;0.166666667;7;6;1;7;0.857142857;0.142857143;9;9;0;9;1;0;10;10;0;10;1;0;6;6;0;6;1;0;6;6;0;6;1;0;7;5;2;7;0.714285714;0.285714286;6;6;0;6;1;0;6;5;1;6;0.833333333;0.166666667;5;0;5;5;0;1;3;1;2;3;0.333333333;0.666666667;12;10;2;12;0.833333333;0.166666667;9;8;1;9;0.888888889;0.111111111;9;8;1;9;0.888888889;0.111111111;30;2;28;30;0.066666667;0.933333333;16;11;5;16;0.6875;0.3125;52;0;5;52;0;0.096153846;54;4;4;54;0.074074074;0.074074074;NULL;NULL;NULL;NULL;NULL;NULL;21;2;2;21;0.095238095;0.095238095;57;4;4;57;0.070175439;0.070175439;235;2;48;235;0.008510638;0.204255319;No
Male;Yes;No;14;10;10;0;10;1;0;10;10;0;10;1;0;8;8;0;8;1;0;5;5;0;5;1;0;2;1;1;2;0.5;0.5;5;5;0;5;1;0;7;6;1;7;0.857142857;0.142857143;4;4;0;4;1;0;4;4;0;4;1;0;5;0;5;5;0;1;4;4;0;4;1;0;5;2;3;5;0.4;0.6;23;2;21;23;0.086956522;0.913043478;9;9;0;9;1;0;5;4;1;5;0.8;0.2;6;6;0;6;1;0;6;2;4;6;0.333333333;0.666666667;22;4;18;22;0.181818182;0.818181818;48;2;46;48;0.041666667;0.958333333;6;0;6;6;0;1;30;6;24;30;0.2;0.8;5;2;3;5;0.4;0.6;7;6;1;7;0.857142857;0.142857143;22;7;15;22;0.318181818;0.681818182;26;2;24;26;0.076923077;0.923076923;7;5;2;7;0.714285714;0.285714286;64;3;3;64;0.046875;0.046875;74;2;8;74;0.027027027;0.108108108;NULL;NULL;NULL;NULL;NULL;NULL;21;3;1;21;0.142857143;0.047619048;46;4;2;46;0.086956522;0.043478261;41;3;6;41;0.073170732;0.146341463;No
Male;Yes;No;14;15;15;0;15;1;0;14;13;1;14;0.928571429;0.071428571;10;10;0;10;1;0;6;6;0;6;1;0;5;5;0;5;1;0;4;3;1;4;0.75;0.25;7;7;0;7;1;0;5;5;0;5;1;0;5;3;2;5;0.6;0.4;8;8;0;8;1;0;4;4;0;4;1;0;4;3;1;4;0.75;0.25;4;4;0;4;1;0;11;11;0;11;1;0;8;8;0;8;1;0;9;9;0;9;1;0;7;7;0;7;1;0;5;5;0;5;1;0;7;6;1;7;0.857142857;0.142857143;3;1;2;3;0.333333333;0.666666667;6;4;2;6;0.666666667;0.333333333;7;6;1;7;0.857142857;0.142857143;10;8;2;10;0.8;0.2;7;7;0;7;1;0;5;4;1;5;0.8;0.2;15;10;5;15;0.666666667;0.333333333;70;5;1;70;0.071428571;0.014285714;56;6;2;56;0.107142857;0.035714286;NULL;NULL;NULL;NULL;NULL;NULL;21;3;1;21;0.142857143;0.047619048;35;4;0;35;0.114285714;0;26;4;0;26;0.153846154;0;No
Male;Yes;Yes;14;13;13;0;13;1;0;5;5;0;5;1;0;6;5;1;6;0.833333333;0.166666667;4;4;0;4;1;0;6;5;1;6;0.833333333;0.166666667;5;4;1;5;0.8;0.2;5;4;1;5;0.8;0.2;4;4;0;4;1;0;4;0;4;4;0;1;7;7;0;7;1;0;6;4;2;6;0.666666667;0.333333333;4;4;0;4;1;0;5;5;0;5;1;0;8;8;0;8;1;0;5;5;0;5;1;0;4;3;1;4;0.75;0.25;2;2;0;2;1;0;5;3;2;5;0.6;0.4;3;2;1;3;0.666666667;0.333333333;7;6;1;7;0.857142857;0.142857143;6;0;6;6;0;1;10;8;2;10;0.8;0.2;7;7;0;7;1;0;7;6;1;7;0.857142857;0.142857143;5;5;0;5;1;0;14;11;3;14;0.785714286;0.214285714;52;3;2;52;0.057692308;0.038461538;32;4;1;32;125;0.03125;NULL;NULL;NULL;NULL;NULL;NULL;21;2;2;21;0.095238095;0.095238095;65;3;8;65;0.046153846;0.123076923;86;1;18;86;0.011627907;0.209302326;No
Male;Yes;No;14;14;13;1;14;0.928571429;0.071428571;11;10;1;11;0.909090909;0.090909091;9;9;0;9;1;0;5;5;0;5;1;0;8;8;0;8;1;0;7;7;0;7;1;0;7;7;0;7;1;0;6;6;0;6;1;0;3;3;0;3;1;0;10;10;0;10;1;0;8;8;0;8;1;0;6;4;2;6;0.666666667;0.333333333;6;3;3;6;0.5;0.5;10;10;0;10;1;0;4;4;0;4;1;0;5;5;0;5;1;0;7;7;0;7;1;0;6;4;2;6;0.666666667;0.333333333;5;4;1;5;0.8;0.2;4;2;2;4;0.5;0.5;3;2;1;3;0.666666667;0.333333333;14;12;2;14;0.857142857;0.142857143;7;6;1;7;0.857142857;0.142857143;7;5;2;7;0.714285714;0.285714286;7;6;1;7;0.857142857;0.142857143;21;18;3;21;0.857142857;0.142857143;80;6;1;80;75;0.0125;32;5;0;32;0.15625;0;NULL;NULL;NULL;NULL;NULL;NULL;21;4;0;21;0.19047619;0;46;4;2;46;0.086956522;0.043478261;62;4;8;62;0.064516129;0.129032258;No
Male;Yes;No;14;13;13;0;13;1;0;9;9;0;9;1;0;7;7;0;7;1;0;5;5;0;5;1;0;3;3;0;3;1;0;4;4;0;4;1;0;5;5;0;5;1;0;14;3;11;14;0.214285714;0.785714286;3;3;0;3;1;0;4;4;0;4;1;0;6;6;0;6;1;0;6;6;0;6;1;0;5;5;0;5;1;0;9;9;0;9;1;0;6;6;0;6;1;0;5;5;0;5;1;0;6;6;0;6;1;0;4;4;0;4;1;0;3;2;1;3;0.666666667;0.333333333;6;4;2;6;0.666666667;0.333333333;2;1;1;2;0.5;0.5;6;5;1;6;0.833333333;0.166666667;8;3;5;8;375;625;9;9;0;9;1;0;8;8;0;8;1;0;11;10;1;11;0.909090909;0.090909091;52;3;2;52;0.057692308;0.038461538;42;4;2;42;0.095238095;0.047619048;NULL;NULL;NULL;NULL;NULL;NULL;21;3;1;21;0.142857143;0.047619048;49;4;4;49;0.081632653;0.081632653;61;3;8;61;0.049180328;0.131147541;No
Male;Yes;No;14;14;14;0;14;1;0;11;11;0;11;1;0;9;9;0;9;1;0;0;0;0;0;0;0;0;0;0;0;0;0;5;4;1;5;0.8;0.2;1;0;1;1;0;1;8;7;1;8;875;125;5;5;0;5;1;0;7;7;0;7;1;0;7;7;0;7;1;0;8;8;0;8;1;0;7;7;0;7;1;0;8;8;0;8;1;0;6;6;0;6;1;0;8;8;0;8;1;0;4;4;0;4;1;0;3;2;1;3;0.666666667;0.333333333;6;3;3;6;0.5;0.5;5;2;3;5;0.4;0.6;4;2;2;4;0.5;0.5;8;7;1;8;875;125;9;7;2;9;0.777777778;0.222222222;6;5;1;6;0.833333333;0.166666667;8;2;6;8;0.25;0.75;13;11;2;13;0.846153846;0.153846154;62;5;1;62;0.080645161;0.016129032;42;4;2;42;0.095238095;0.047619048;NULL;NULL;NULL;NULL;NULL;NULL;21;2;2;21;0.095238095;0.095238095;35;4;0;35;0.114285714;0;50;3;6;50;0.06;0.12;No
Male;Yes;Yes;14;14;14;0;14;1;0;11;11;0;11;1;0;7;7;0;7;1;0;4;4;0;4;1;0;4;4;0;4;1;0;5;5;0;5;1;0;3;3;0;3;1;0;6;6;0;6;1;0;2;2;0;2;1;0;8;8;0;8;1;0;3;3;0;3;1;0;6;6;0;6;1;0;5;5;0;5;1;0;8;8;0;8;1;0;5;5;0;5;1;0;5;4;1;5;0.8;0.2;7;7;0;7;1;0;4;3;1;4;0.75;0.25;5;5;0;5;1;0;2;1;1;2;0.5;0.5;4;1;3;4;0.25;0.75;8;6;2;8;0.75;0.25;10;9;1;10;0.9;0.1;7;6;1;7;0.857142857;0.142857143;7;6;1;7;0.857142857;0.142857143;14;9;5;14;0.642857143;0.357142857;62;5;1;62;0.080645161;0.016129032;46;3;4;46;0.065217391;0.086956522;NULL;NULL;NULL;NULL;NULL;NULL;21;2;2;21;0.095238095;0.095238095;45;4;2;45;0.088888889;0.044444444;69;3;10;69;0.043478261;0.144927536;No
Female;Yes;No;14;12;12;0;12;1;0;11;11;0;11;1;0;8;8;0;8;1;0;5;5;0;5;1;0;7;7;0;7;1;0;7;7;0;7;1;0;7;7;0;7;1;0;5;5;0;5;1;0;3;3;0;3;1;0;10;10;0;10;1;0;6;6;0;6;1;0;8;8;0;8;1;0;4;4;0;4;1;0;10;10;0;10;1;0;7;7;0;7;1;0;7;7;0;7;1;0;4;4;0;4;1;0;4;3;1;4;0.75;0.25;3;3;0;3;1;0;4;3;1;4;0.75;0.25;4;3;1;4;0.75;0.25;7;7;0;7;1;0;5;4;1;5;0.8;0.2;7;7;0;7;1;0;6;5;1;6;0.833333333;0.166666667;8;5;3;8;625;375;40;3;1;40;75;25;38;5;1;38;0.131578947;0.026315789;NULL;NULL;NULL;NULL;NULL;NULL;21;3;1;21;0.142857143;0.047619048;63;4;8;63;0.063492063;0.126984127;73;2;12;73;0.02739726;0.164383562;No
Female;Yes;No;14;12;12;0;12;1;0;11;11;0;11;1;0;8;8;0;8;1;0;6;6;0;6;1;0;6;6;0;6;1;0;5;5;0;5;1;0;7;7;0;7;1;0;5;4;1;5;0.8;0.2;5;4;1;5;0.8;0.2;4;0;4;4;0;1;5;5;0;5;1;0;6;3;3;6;0.5;0.5;6;6;0;6;1;0;8;8;0;8;1;0;4;4;0;4;1;0;7;7;0;7;1;0;5;3;2;5;0.6;0.4;6;5;1;6;0.833333333;0.166666667;7;6;1;7;0.857142857;0.142857143;5;3;2;5;0.6;0.4;5;1;4;5;0.2;0.8;7;7;0;7;1;0;10;8;2;10;0.8;0.2;5;5;0;5;1;0;7;7;0;7;1;0;16;14;2;16;875;125;76;4;3;76;0.052631579;0.039473684;46;6;1;46;0.130434783;0.02173913;NULL;NULL;NULL;NULL;NULL;NULL;21;3;1;21;0.142857143;0.047619048;35;4;0;35;0.114285714;0;45;3;6;45;0.066666667;0.133333333;No
Male;Yes;Yes;14;14;14;0;14;1;0;10;10;0;10;1;0;9;9;0;9;1;0;2;2;0;2;1;0;7;7;0;7;1;0;6;5;1;6;0.833333333;0.166666667;7;7;0;7;1;0;5;5;0;5;1;0;1;1;0;1;1;0;9;9;0;9;1;0;2;2;0;2;1;0;6;6;0;6;1;0;6;6;0;6;1;0;9;9;0;9;1;0;4;4;0;4;1;0;6;6;0;6;1;0;7;7;0;7;1;0;5;5;0;5;1;0;6;4;2;6;0.666666667;0.333333333;2;1;1;2;0.5;0.5;3;2;1;3;0.666666667;0.333333333;11;10;1;11;0.909090909;0.090909091;6;5;1;6;0.833333333;0.166666667;5;5;0;5;1;0;7;6;1;7;0.857142857;0.142857143;8;6;2;8;0.75;0.25;52;3;2;52;0.057692308;0.038461538;36;3;2;36;0.083333333;0.055555556;NULL;NULL;NULL;NULL;NULL;NULL;21;2;2;21;0.095238095;0.095238095;42;2;2;42;0.047619048;0.047619048;73;1;20;73;0.01369863;0.273972603;No
Male;Yes;Yes;14;13;13;0;13;1;0;10;10;0;10;1;0;7;7;0;7;1;0;7;0;7;7;0;1;5;5;0;5;1;0;4;3;1;4;0.75;0.25;6;6;0;6;1;0;3;3;0;3;1;0;15;0;15;15;0;1;6;6;0;6;1;0;5;5;0;5;1;0;3;3;0;3;1;0;7;4;3;7;0.571428571;0.428571429;8;8;0;8;1;0;4;3;1;4;0.75;0.25;3;3;0;3;1;0;4;4;0;4;1;0;3;3;0;3;1;0;6;4;2;6;0.666666667;0.333333333;3;0;3;3;0;1;13;4;9;13;0.307692308;0.692307692;8;7;1;8;875;125;5;4;1;5;0.8;0.2;6;5;1;6;0.833333333;0.166666667;5;5;0;5;1;0;7;6;1;7;0.857142857;0.142857143;52;3;2;52;0.057692308;0.038461538;38;5;1;38;0.131578947;0.026315789;NULL;NULL;NULL;NULL;NULL;NULL;21;2;2;21;0.095238095;0.095238095;77;4;10;77;0.051948052;0.12987013;35;4;2;35;0.114285714;0.057142857;No
Female;Yes;No;14;12;12;0;12;1;0;12;12;0;12;1;0;10;10;0;10;1;0;3;3;0;3;1;0;6;6;0;6;1;0;6;6;0;6;1;0;7;7;0;7;1;0;7;7;0;7;1;0;3;3;0;3;1;0;8;8;0;8;1;0;5;5;0;5;1;0;7;6;1;7;0.857142857;0.142857143;5;5;0;5;1;0;10;10;0;10;1;0;7;7;0;7;1;0;8;7;1;8;875;125;7;6;1;7;0.857142857;0.142857143;4;3;1;4;0.75;0.25;5;5;0;5;1;0;4;3;1;4;0.75;0.25;2;1;1;2;0.5;0.5;11;10;1;11;0.909090909;0.090909091;7;6;1;7;0.857142857;0.142857143;9;9;0;9;1;0;8;8;0;8;1;0;11;10;1;11;0.909090909;0.090909091;40;2;2;40;0.05;0.05;28;3;1;28;0.107142857;0.035714286;NULL;NULL;NULL;NULL;NULL;NULL;21;4;0;21;0.19047619;0;35;4;0;35;0.114285714;0;44;4;4;44;0.090909091;0.090909091;No
Male;Yes;No;14;12;12;0;12;1;0;13;13;0;13;1;0;8;8;0;8;1;0;6;6;0;6;1;0;7;7;0;7;1;0;7;7;0;7;1;0;5;5;0;5;1;0;7;7;0;7;1;0;5;4;1;5;0.8;0.2;8;8;0;8;1;0;6;6;0;6;1;0;3;3;0;3;1;0;5;5;0;5;1;0;9;9;0;9;1;0;6;6;0;6;1;0;7;7;0;7;1;0;5;5;0;5;1;0;5;5;0;5;1;0;4;3;1;4;0.75;0.25;4;2;2;4;0.5;0.5;2;1;1;2;0.5;0.5;11;11;0;11;1;0;6;6;0;6;1;0;6;5;1;6;0.833333333;0.166666667;3;3;0;3;1;0;16;15;1;16;0.9375;0.0625;68;5;1;68;0.073529412;0.014705882;40;5;1;40;125;25;NULL;NULL;NULL;NULL;NULL;NULL;21;2;2;21;0.095238095;0.095238095;60;3;6;60;0.05;0.1;30;2;4;30;0.066666667;0.133333333;No
Female;Yes;No;14;12;12;0;12;1;0;12;12;0;12;1;0;10;10;0;10;1;0;4;4;0;4;1;0;7;7;0;7;1;0;6;6;0;6;1;0;6;6;0;6;1;0;6;6;0;6;1;0;2;2;0;2;1;0;8;8;0;8;1;0;6;6;0;6;1;0;8;8;0;8;1;0;7;7;0;7;1;0;11;11;0;11;1;0;5;5;0;5;1;0;6;6;0;6;1;0;7;7;0;7;1;0;7;6;1;7;0.857142857;0.142857143;4;4;0;4;1;0;5;2;3;5;0.4;0.6;3;2;1;3;0.666666667;0.333333333;7;6;1;7;0.857142857;0.142857143;7;6;1;7;0.857142857;0.142857143;8;8;0;8;1;0;7;7;0;7;1;0;9;7;2;9;0.777777778;0.222222222;30;3;0;30;0.1;0;34;5;0;34;0.147058824;0;NULL;NULL;NULL;NULL;NULL;NULL;21;4;0;21;0.19047619;0;35;4;0;35;0.114285714;0;26;4;0;26;0.153846154;0;No
Female;Yes;No;14;10;10;0;10;1;0;8;8;0;8;1;0;9;9;0;9;1;0;4;4;0;4;1;0;3;3;0;3;1;0;4;4;0;4;1;0;4;4;0;4;1;0;6;4;2;6;0.666666667;0.333333333;2;2;0;2;1;0;7;7;0;7;1;0;5;5;0;5;1;0;4;3;1;4;0.75;0.25;4;4;0;4;1;0;10;10;0;10;1;0;6;6;0;6;1;0;4;4;0;4;1;0;7;7;0;7;1;0;4;3;1;4;0.75;0.25;4;4;0;4;1;0;1;0;1;1;0;1;4;2;2;4;0.5;0.5;5;4;1;5;0.8;0.2;5;5;0;5;1;0;6;5;1;6;0.833333333;0.166666667;5;4;1;5;0.8;0.2;10;7;3;10;0.7;0.3;34;2;1;34;0.058823529;0.029411765;28;2;2;28;0.071428571;0.071428571;NULL;NULL;NULL;NULL;NULL;NULL;21;2;2;21;0.095238095;0.095238095;53;4;4;53;0.075471698;0.075471698;26;4;0;26;0.153846154;0;No
Female;Yes;No;14;12;12;0;12;1;0;12;12;0;12;1;0;9;9;0;9;1;0;4;4;0;4;1;0;6;6;0;6;1;0;5;5;0;5;1;0;6;6;0;6;1;0;7;7;0;7;1;0;3;2;1;3;0.666666667;0.333333333;10;10;0;10;1;0;9;9;0;9;1;0;5;4;1;5;0.8;0.2;5;5;0;5;1;0;12;12;0;12;1;0;5;5;0;5;1;0;4;4;0;4;1;0;7;7;0;7;1;0;6;6;0;6;1;0;6;4;2;6;0.666666667;0.333333333;6;3;3;6;0.5;0.5;4;4;0;4;1;0;5;4;1;5;0.8;0.2;7;6;1;7;0.857142857;0.142857143;8;8;0;8;1;0;6;5;1;6;0.833333333;0.166666667;7;5;2;7;0.714285714;0.285714286;40;3;1;40;75;25;18;2;1;18;0.111111111;0.055555556;NULL;NULL;NULL;NULL;NULL;NULL;21;3;1;21;0.142857143;0.047619048;45;4;2;45;0.088888889;0.044444444;55;3;8;55;0.054545455;0.145454545;No
Female;Yes;No;14;12;12;0;12;1;0;10;10;0;10;1;0;8;8;0;8;1;0;6;6;0;6;1;0;6;6;0;6;1;0;6;6;0;6;1;0;9;9;0;9;1;0;5;5;0;5;1;0;2;2;0;2;1;0;6;6;0;6;1;0;8;7;1;8;875;125;2;2;0;2;1;0;6;6;0;6;1;0;10;10;0;10;1;0;6;6;0;6;1;0;7;7;0;7;1;0;3;3;0;3;1;0;5;5;0;5;1;0;8;7;1;8;875;125;5;1;4;5;0.2;0.8;3;3;0;3;1;0;5;4;1;5;0.8;0.2;7;4;3;7;0.571428571;0.428571429;6;6;0;6;1;0;5;4;1;5;0.8;0.2;8;7;1;8;875;125;66;5;1;66;0.075757576;0.015151515;30;3;1;30;0.1;0.033333333;NULL;NULL;NULL;NULL;NULL;NULL;21;2;2;21;0.095238095;0.095238095;46;4;2;46;0.086956522;0.043478261;52;3;6;52;0.057692308;0.115384615;No
Male;Yes;No;14;9;9;0;9;1;0;9;9;0;9;1;0;5;5;0;5;1;0;5;5;0;5;1;0;5;4;1;5;0.8;0.2;5;5;0;5;1;0;4;4;0;4;1;0;6;6;0;6;1;0;5;4;1;5;0.8;0.2;8;8;0;8;1;0;4;4;0;4;1;0;4;4;0;4;1;0;5;4;1;5;0.8;0.2;8;8;0;8;1;0;6;6;0;6;1;0;6;5;1;6;0.833333333;0.166666667;6;6;0;6;1;0;3;0;3;3;0;1;3;3;0;3;1;0;6;3;3;6;0.5;0.5;3;0;3;3;0;1;6;5;1;6;0.833333333;0.166666667;5;4;1;5;0.8;0.2;3;3;0;3;1;0;5;5;0;5;1;0;9;6;3;9;0.666666667;0.333333333;18;1;1;18;0.055555556;0.055555556;32;3;2;32;0.09375;0.0625;NULL;NULL;NULL;NULL;NULL;NULL;21;2;2;21;0.095238095;0.095238095;57;3;6;57;0.052631579;0.105263158;38;2;6;38;0.052631579;0.157894737;No
Male;Yes;Yes;14;11;11;0;11;1;0;11;11;0;11;1;0;5;5;0;5;1;0;4;4;0;4;1;0;6;0;6;6;0;1;3;1;2;3;0.333333333;0.666666667;7;7;0;7;1;0;5;5;0;5;1;0;2;2;0;2;1;0;8;8;0;8;1;0;6;6;0;6;1;0;5;4;1;5;0.8;0.2;3;3;0;3;1;0;9;9;0;9;1;0;5;5;0;5;1;0;6;6;0;6;1;0;7;6;1;7;0.857142857;0.142857143;8;6;2;8;0.75;0.25;6;4;2;6;0.666666667;0.333333333;4;4;0;4;1;0;3;3;0;3;1;0;7;6;1;7;0.857142857;0.142857143;7;6;1;7;0.857142857;0.142857143;5;5;0;5;1;0;4;4;0;4;1;0;8;3;5;8;375;625;46;2;2;46;0.043478261;0.043478261;26;2;2;26;0.076923077;0.076923077;NULL;NULL;NULL;NULL;NULL;NULL;21;2;2;21;0.095238095;0.095238095;35;4;0;35;0.114285714;0;36;3;4;36;0.083333333;0.111111111;No
Female;Yes;No;14;5;0;5;5;0;1;7;7;0;7;1;0;9;9;0;9;1;0;2;2;0;2;1;0;10;10;0;10;1;0;4;4;0;4;1;0;4;4;0;4;1;0;5;4;1;5;0.8;0.2;4;4;0;4;1;0;7;7;0;7;1;0;2;2;0;2;1;0;3;3;0;3;1;0;5;5;0;5;1;0;8;8;0;8;1;0;5;5;0;5;1;0;5;5;0;5;1;0;3;3;0;3;1;0;3;3;0;3;1;0;4;4;0;4;1;0;1;0;1;1;0;1;1;1;0;1;1;0;5;4;1;5;0.8;0.2;6;6;0;6;1;0;8;8;0;8;1;0;6;6;0;6;1;0;10;5;5;10;0.5;0.5;34;3;0;34;0.088235294;0;32;4;1;32;125;0.03125;NULL;NULL;NULL;NULL;NULL;NULL;21;4;0;21;0.19047619;0;35;4;0;35;0.114285714;0;35;4;2;35;0.114285714;0.057142857;No
Female;Yes;No;14;11;11;0;11;1;0;11;10;1;11;0.909090909;0.090909091;8;8;0;8;1;0;10;0;10;10;0;1;5;5;0;5;1;0;5;4;1;5;0.8;0.2;5;5;0;5;1;0;5;4;1;5;0.8;0.2;3;2;1;3;0.666666667;0.333333333;7;7;0;7;1;0;7;6;1;7;0.857142857;0.142857143;5;4;1;5;0.8;0.2;8;8;0;8;1;0;9;9;0;9;1;0;5;5;0;5;1;0;6;6;0;6;1;0;4;4;0;4;1;0;5;5;0;5;1;0;4;4;0;4;1;0;4;1;3;4;0.25;0.75;2;2;0;2;1;0;8;5;3;8;625;375;9;7;2;9;0.777777778;0.222222222;8;8;0;8;1;0;7;7;0;7;1;0;9;8;1;9;0.888888889;0.111111111;74;6;1;74;0.081081081;0.013513514;44;6;0;44;0.136363636;0;NULL;NULL;NULL;NULL;NULL;NULL;21;4;0;21;0.19047619;0;35;4;0;35;0.114285714;0;50;2;8;50;0.04;0.16;No
Male;Yes;No;14;12;11;1;12;0.916666667;0.083333333;12;12;0;12;1;0;10;10;0;10;1;0;4;4;0;4;1;0;7;7;0;7;1;0;6;6;0;6;1;0;7;7;0;7;1;0;8;8;0;8;1;0;4;0;4;4;0;1;10;9;1;10;0.9;0.1;7;7;0;7;1;0;7;7;0;7;1;0;6;6;0;6;1;0;9;9;0;9;1;0;8;8;0;8;1;0;5;5;0;5;1;0;7;7;0;7;1;0;5;3;2;5;0.6;0.4;5;4;1;5;0.8;0.2;3;2;1;3;0.666666667;0.333333333;5;3;2;5;0.6;0.4;10;8;2;10;0.8;0.2;7;5;2;7;0.714285714;0.285714286;5;4;1;5;0.8;0.2;6;6;0;6;1;0;17;15;2;17;0.882352941;0.117647059;64;3;3;64;0.046875;0.046875;44;6;0;44;0.136363636;0;NULL;NULL;NULL;NULL;NULL;NULL;21;1;3;21;0.047619048;0.142857143;80;3;10;80;0.0375;125;51;1;10;51;0.019607843;0.196078431;No
Male;Yes;No;14;12;12;0;12;1;0;10;10;0;10;1;0;9;9;0;9;1;0;3;3;0;3;1;0;7;7;0;7;1;0;5;5;0;5;1;0;5;5;0;5;1;0;6;6;0;6;1;0;2;1;1;2;0.5;0.5;6;6;0;6;1;0;4;4;0;4;1;0;5;5;0;5;1;0;6;5;1;6;0.833333333;0.166666667;10;10;0;10;1;0;3;3;0;3;1;0;6;6;0;6;1;0;6;6;0;6;1;0;5;5;0;5;1;0;5;4;1;5;0.8;0.2;5;2;3;5;0.4;0.6;3;0;3;3;0;1;5;4;1;5;0.8;0.2;6;5;1;6;0.833333333;0.166666667;5;5;0;5;1;0;5;4;1;5;0.8;0.2;5;4;1;5;0.8;0.2;48;3;1;48;0.0625;0.020833333;32;4;1;32;125;0.03125;NULL;NULL;NULL;NULL;NULL;NULL;21;3;1;21;0.142857143;0.047619048;51;3;6;51;0.058823529;0.117647059;47;1;12;47;0.021276596;0.255319149;No
Female;Yes;No;14;14;14;0;14;1;0;10;10;0;10;1;0;7;7;0;7;1;0;3;3;0;3;1;0;7;7;0;7;1;0;3;3;0;3;1;0;8;8;0;8;1;0;4;4;0;4;1;0;3;2;1;3;0.666666667;0.333333333;10;10;0;10;1;0;3;3;0;3;1;0;5;5;0;5;1;0;5;4;1;5;0.8;0.2;11;11;0;11;1;0;7;7;0;7;1;0;7;7;0;7;1;0;5;5;0;5;1;0;5;1;4;5;0.2;0.8;5;4;1;5;0.8;0.2;3;1;2;3;0.333333333;0.666666667;1;1;0;1;1;0;5;3;2;5;0.6;0.4;7;5;2;7;0.714285714;0.285714286;6;5;1;6;0.833333333;0.166666667;8;8;0;8;1;0;8;5;3;8;625;375;60;3;2;60;0.05;0.033333333;50;6;1;50;0.12;0.02;NULL;NULL;NULL;NULL;NULL;NULL;21;3;1;21;0.142857143;0.047619048;48;3;4;48;0.0625;0.083333333;33;4;2;33;0.121212121;0.060606061;No
Male;Yes;No;14;8;8;0;8;1;0;7;7;0;7;1;0;2;1;1;2;0.5;0.5;4;0;4;4;0;1;3;0;3;3;0;1;5;5;0;5;1;0;5;5;0;5;1;0;4;4;0;4;1;0;2;2;0;2;1;0;7;7;0;7;1;0;4;3;1;4;0.75;0.25;5;5;0;5;1;0;0;0;0;0;0;0;6;6;0;6;1;0;6;6;0;6;1;0;6;6;0;6;1;0;5;5;0;5;1;0;5;5;0;5;1;0;4;2;2;4;0.5;0.5;0;0;0;0;0;0;1;0;1;1;0;1;9;9;0;9;1;0;7;7;0;7;1;0;6;6;0;6;1;0;5;5;0;5;1;0;8;7;1;8;875;125;26;0;2;26;0;0.076923077;18;1;2;18;0.055555556;0.111111111;NULL;NULL;NULL;NULL;NULL;NULL;21;3;1;21;0.142857143;0.047619048;49;3;4;49;0.06122449;0.081632653;57;1;14;57;0.01754386;0.245614035;No
Female;Yes;No;14;9;9;0;9;1;0;9;9;0;9;1;0;6;6;0;6;1;0;4;4;0;4;1;0;6;6;0;6;1;0;5;5;0;5;1;0;6;6;0;6;1;0;4;4;0;4;1;0;4;4;0;4;1;0;7;7;0;7;1;0;5;5;0;5;1;0;8;8;0;8;1;0;6;6;0;6;1;0;10;10;0;10;1;0;7;7;0;7;1;0;6;6;0;6;1;0;4;4;0;4;1;0;7;7;0;7;1;0;6;6;0;6;1;0;4;2;2;4;0.5;0.5;3;2;1;3;0.666666667;0.333333333;10;10;0;10;1;0;7;6;1;7;0.857142857;0.142857143;6;6;0;6;1;0;7;7;0;7;1;0;8;7;1;8;875;125;18;2;0;18;0.111111111;0;26;4;0;26;0.153846154;0;NULL;NULL;NULL;NULL;NULL;NULL;21;2;2;21;0.095238095;0.095238095;35;4;0;35;0.114285714;0;41;3;6;41;0.073170732;0.146341463;No
Female;Yes;No;14;8;8;0;8;1;0;4;4;0;4;1;0;7;7;0;7;1;0;5;5;0;5;1;0;5;5;0;5;1;0;4;4;0;4;1;0;4;4;0;4;1;0;4;4;0;4;1;0;3;3;0;3;1;0;7;7;0;7;1;0;5;5;0;5;1;0;4;4;0;4;1;0;5;5;0;5;1;0;8;8;0;8;1;0;5;5;0;5;1;0;4;4;0;4;1;0;1;1;0;1;1;0;5;5;0;5;1;0;3;3;0;3;1;0;2;1;1;2;0.5;0.5;3;2;1;3;0.666666667;0.333333333;7;7;0;7;1;0;9;9;0;9;1;0;8;8;0;8;1;0;8;6;2;8;0.75;0.25;10;8;2;10;0.8;0.2;18;1;1;18;0.055555556;0.055555556;22;3;0;22;0.136363636;0;NULL;NULL;NULL;NULL;NULL;NULL;21;3;1;21;0.142857143;0.047619048;43;3;4;43;0.069767442;0.093023256;32;2;4;32;0.0625;125;No
Male;Yes;Yes;14;11;11;0;11;1;0;7;7;0;7;1;0;10;10;0;10;1;0;6;6;0;6;1;0;8;8;0;8;1;0;3;3;0;3;1;0;8;8;0;8;1;0;7;7;0;7;1;0;3;3;0;3;1;0;9;9;0;9;1;0;7;6;1;7;0.857142857;0.142857143;7;7;0;7;1;0;6;6;0;6;1;0;10;10;0;10;1;0;6;6;0;6;1;0;5;5;0;5;1;0;6;6;0;6;1;0;3;3;0;3;1;0;2;2;0;2;1;0;4;2;2;4;0.5;0.5;1;1;0;1;1;0;4;4;0;4;1;0;7;7;0;7;1;0;8;8;0;8;1;0;6;5;1;6;0.833333333;0.166666667;15;9;6;15;0.6;0.4;36;0;3;36;0;0.083333333;20;2;1;20;0.1;0.05;NULL;NULL;NULL;NULL;NULL;NULL;21;3;1;21;0.142857143;0.047619048;35;4;0;35;0.114285714;0;45;3;6;45;0.066666667;0.133333333;No
Male;Yes;No;14;11;11;0;11;1;0;13;13;0;13;1;0;9;9;0;9;1;0;8;8;0;8;1;0;3;1;2;3;0.333333333;0.666666667;5;4;1;5;0.8;0.2;9;9;0;9;1;0;6;5;1;6;0.833333333;0.166666667;3;3;0;3;1;0;10;10;0;10;1;0;5;5;0;5;1;0;4;4;0;4;1;0;8;8;0;8;1;0;10;10;0;10;1;0;8;8;0;8;1;0;6;6;0;6;1;0;7;7;0;7;1;0;7;7;0;7;1;0;5;4;1;5;0.8;0.2;4;4;0;4;1;0;5;4;1;5;0.8;0.2;5;5;0;5;1;0;9;9;0;9;1;0;11;10;1;11;0.909090909;0.090909091;7;7;0;7;1;0;9;8;1;9;0.888888889;0.111111111;44;4;0;44;0.090909091;0;32;4;1;32;125;0.03125;NULL;NULL;NULL;NULL;NULL;NULL;21;3;1;21;0.142857143;0.047619048;57;4;4;57;0.070175439;0.070175439;111;2;24;111;0.018018018;0.216216216;No
Male;Yes;No;14;13;13;0;13;1;0;10;10;0;10;1;0;8;8;0;8;1;0;6;6;0;6;1;0;9;9;0;9;1;0;5;5;0;5;1;0;7;7;0;7;1;0;6;5;1;6;0.833333333;0.166666667;5;5;0;5;1;0;9;9;0;9;1;0;6;5;1;6;0.833333333;0.166666667;8;6;2;8;0.75;0.25;7;7;0;7;1;0;11;10;1;11;0.909090909;0.090909091;7;7;0;7;1;0;5;5;0;5;1;0;4;2;2;4;0.5;0.5;5;4;1;5;0.8;0.2;3;3;0;3;1;0;5;1;4;5;0.2;0.8;6;2;4;6;0.333333333;0.666666667;7;5;2;7;0.714285714;0.285714286;10;9;1;10;0.9;0.1;6;6;0;6;1;0;6;5;1;6;0.833333333;0.166666667;12;11;1;12;0.916666667;0.083333333;66;1;5;66;0.015151515;0.075757576;38;2;4;38;0.052631579;0.105263158;NULL;NULL;NULL;NULL;NULL;NULL;21;4;0;21;0.19047619;0;57;4;4;57;0.070175439;0.070175439;74;2;14;74;0.027027027;0.189189189;No
Female;Yes;No;14;7;7;0;7;1;0;8;8;0;8;1;0;11;11;0;11;1;0;5;5;0;5;1;0;11;11;0;11;1;0;10;10;0;10;1;0;2;0;2;2;0;1;9;9;0;9;1;0;6;6;0;6;1;0;12;12;0;12;1;0;6;4;2;6;0.666666667;0.333333333;6;6;0;6;1;0;8;6;2;8;0.75;0.25;10;10;0;10;1;0;5;4;1;5;0.8;0.2;7;7;0;7;1;0;8;7;1;8;875;125;7;7;0;7;1;0;6;6;0;6;1;0;3;0;3;3;0;1;6;5;1;6;0.833333333;0.166666667;7;5;2;7;0.714285714;0.285714286;10;10;0;10;1;0;8;8;0;8;1;0;8;7;1;8;875;125;17;13;4;17;0.764705882;0.235294118;30;3;0;30;0.1;0;12;0;2;12;0;0.166666667;NULL;NULL;NULL;NULL;NULL;NULL;21;2;2;21;0.095238095;0.095238095;35;4;0;35;0.114285714;0;52;3;6;52;0.057692308;0.115384615;No
Female;Yes;No;14;9;9;0;9;1;0;7;7;0;7;1;0;7;6;1;7;0.857142857;0.142857143;3;3;0;3;1;0;6;6;0;6;1;0;6;6;0;6;1;0;5;5;0;5;1;0;7;6;1;7;0.857142857;0.142857143;6;6;0;6;1;0;6;6;0;6;1;0;5;4;1;5;0.8;0.2;5;5;0;5;1;0;4;4;0;4;1;0;8;8;0;8;1;0;6;5;1;6;0.833333333;0.166666667;4;4;0;4;1;0;3;3;0;3;1;0;6;5;1;6;0.833333333;0.166666667;5;2;3;5;0.4;0.6;5;1;4;5;0.2;0.8;4;1;3;4;0.25;0.75;11;10;1;11;0.909090909;0.090909091;5;3;2;5;0.6;0.4;6;5;1;6;0.833333333;0.166666667;6;5;1;6;0.833333333;0.166666667;8;5;3;8;625;375;20;1;1;20;0.05;0.05;32;3;1;32;0.09375;0.03125;NULL;NULL;NULL;NULL;NULL;NULL;21;2;2;21;0.095238095;0.095238095;35;4;0;35;0.114285714;0;34;3;2;34;0.088235294;0.058823529;No
Female;Yes;No;14;8;8;0;8;1;0;9;9;0;9;1;0;2;0;2;2;0;1;7;0;7;7;0;1;4;4;0;4;1;0;4;4;0;4;1;0;4;4;0;4;1;0;3;3;0;3;1;0;2;2;0;2;1;0;10;5;5;10;0.5;0.5;4;4;0;4;1;0;5;4;1;5;0.8;0.2;4;4;0;4;1;0;8;8;0;8;1;0;4;4;0;4;1;0;5;5;0;5;1;0;7;7;0;7;1;0;3;3;0;3;1;0;6;3;3;6;0.5;0.5;1;0;1;1;0;1;3;1;2;3;0.333333333;0.666666667;7;7;0;7;1;0;5;5;0;5;1;0;7;7;0;7;1;0;7;6;1;7;0.857142857;0.142857143;4;2;2;4;0.5;0.5;38;1;2;38;0.026315789;0.052631579;42;2;4;42;0.047619048;0.095238095;NULL;NULL;NULL;NULL;NULL;NULL;21;3;1;21;0.142857143;0.047619048;57;3;8;57;0.052631579;0.140350877;72;1;16;72;0.013888889;0.222222222;No
Male;Yes;No;14;13;13;0;13;1;0;11;11;0;11;1;0;8;8;0;8;1;0;4;4;0;4;1;0;4;2;2;4;0.5;0.5;5;3;2;5;0.6;0.4;8;8;0;8;1;0;5;5;0;5;1;0;2;2;0;2;1;0;6;6;0;6;1;0;7;5;2;7;0.714285714;0.285714286;5;5;0;5;1;0;7;6;1;7;0.857142857;0.142857143;10;10;0;10;1;0;10;10;0;10;1;0;4;4;0;4;1;0;5;4;1;5;0.8;0.2;8;8;0;8;1;0;5;3;2;5;0.6;0.4;4;1;3;4;0.25;0.75;4;1;3;4;0.25;0.75;10;8;2;10;0.8;0.2;8;5;3;8;625;375;8;8;0;8;1;0;9;9;0;9;1;0;20;8;12;20;0.4;0.6;56;3;2;56;0.053571429;0.035714286;46;5;2;46;0.108695652;0.043478261;NULL;NULL;NULL;NULL;NULL;NULL;21;3;1;21;0.142857143;0.047619048;57;4;4;57;0.070175439;0.070175439;40;4;4;40;0.1;0.1;No
Male;Yes;No;14;8;8;0;8;1;0;9;9;0;9;1;0;8;8;0;8;1;0;5;5;0;5;1;0;7;7;0;7;1;0;4;4;0;4;1;0;5;5;0;5;1;0;7;7;0;7;1;0;3;3;0;3;1;0;9;9;0;9;1;0;6;6;0;6;1;0;6;6;0;6;1;0;5;4;1;5;0.8;0.2;8;8;0;8;1;0;7;7;0;7;1;0;7;7;0;7;1;0;4;4;0;4;1;0;6;6;0;6;1;0;3;2;1;3;0.666666667;0.333333333;5;5;0;5;1;0;2;0;2;2;0;1;6;6;0;6;1;0;6;6;0;6;1;0;5;5;0;5;1;0;7;6;1;7;0.857142857;0.142857143;8;5;3;8;625;375;28;2;0;28;0.071428571;0;42;6;0;42;0.142857143;0;NULL;NULL;NULL;NULL;NULL;NULL;21;4;0;21;0.19047619;0;35;4;0;35;0.114285714;0;39;3;4;39;0.076923077;0.102564103;No
Female;Yes;No;14;9;9;0;9;1;0;8;8;0;8;1;0;7;7;0;7;1;0;9;0;9;9;0;1;6;6;0;6;1;0;6;6;0;6;1;0;5;5;0;5;1;0;5;5;0;5;1;0;1;1;0;1;1;0;7;7;0;7;1;0;4;4;0;4;1;0;9;8;1;9;0.888888889;0.111111111;5;5;0;5;1;0;8;8;0;8;1;0;7;7;0;7;1;0;3;3;0;3;1;0;5;5;0;5;1;0;5;5;0;5;1;0;4;2;2;4;0.5;0.5;4;1;3;4;0.25;0.75;1;0;1;1;0;1;6;6;0;6;1;0;10;9;1;10;0.9;0.1;4;4;0;4;1;0;7;7;0;7;1;0;5;3;2;5;0.6;0.4;0;0;0;0;0;0;38;6;0;38;0.157894737;0;NULL;NULL;NULL;NULL;NULL;NULL;21;2;2;21;0.095238095;0.095238095;35;4;0;35;0.114285714;0;40;3;4;40;75;0.1;No
Female;Yes;No;14;9;9;0;9;1;0;7;7;0;7;1;0;6;6;0;6;1;0;5;5;0;5;1;0;5;5;0;5;1;0;4;4;0;4;1;0;6;6;0;6;1;0;8;8;0;8;1;0;2;2;0;2;1;0;5;5;0;5;1;0;5;5;0;5;1;0;5;5;0;5;1;0;4;4;0;4;1;0;8;8;0;8;1;0;5;5;0;5;1;0;3;3;0;3;1;0;3;3;0;3;1;0;3;1;2;3;0.333333333;0.666666667;4;3;1;4;0.75;0.25;4;3;1;4;0.75;0.25;3;1;2;3;0.333333333;0.666666667;6;6;0;6;1;0;7;7;0;7;1;0;6;5;1;6;0.833333333;0.166666667;6;6;0;6;1;0;7;7;0;7;1;0;40;4;0;40;0.1;0;18;1;2;18;0.055555556;0.111111111;NULL;NULL;NULL;NULL;NULL;NULL;21;2;2;21;0.095238095;0.095238095;77;2;10;77;0.025974026;0.12987013;72;1;18;72;0.013888889;0.25;No
Male;Yes;No;14;12;12;0;12;1;0;12;12;0;12;1;0;9;9;0;9;1;0;5;5;0;5;1;0;8;8;0;8;1;0;5;5;0;5;1;0;7;7;0;7;1;0;8;8;0;8;1;0;5;5;0;5;1;0;8;8;0;8;1;0;6;6;0;6;1;0;6;6;0;6;1;0;5;5;0;5;1;0;10;10;0;10;1;0;6;6;0;6;1;0;9;9;0;9;1;0;4;4;0;4;1;0;5;5;0;5;1;0;6;4;2;6;0.666666667;0.333333333;2;1;1;2;0.5;0.5;2;1;1;2;0.5;0.5;8;8;0;8;1;0;6;5;1;6;0.833333333;0.166666667;6;6;0;6;1;0;6;6;0;6;1;0;9;6;3;9;0.666666667;0.333333333;30;3;0;30;0.1;0;18;2;1;18;0.111111111;0.055555556;NULL;NULL;NULL;NULL;NULL;NULL;21;3;1;21;0.142857143;0.047619048;35;4;0;35;0.114285714;0;43;3;4;43;0.069767442;0.093023256;No
Female;Yes;No;14;12;12;0;12;1;0;9;9;0;9;1;0;8;8;0;8;1;0;6;6;0;6;1;0;5;4;1;5;0.8;0.2;5;4;1;5;0.8;0.2;6;6;0;6;1;0;5;5;0;5;1;0;6;5;1;6;0.833333333;0.166666667;9;9;0;9;1;0;4;4;0;4;1;0;6;6;0;6;1;0;7;7;0;7;1;0;10;9;1;10;0.9;0.1;5;5;0;5;1;0;4;3;1;4;0.75;0.25;4;4;0;4;1;0;5;3;2;5;0.6;0.4;5;5;0;5;1;0;3;1;2;3;0.333333333;0.666666667;5;5;0;5;1;0;8;7;1;8;875;125;9;9;0;9;1;0;3;3;0;3;1;0;6;6;0;6;1;0;12;10;2;12;0.833333333;0.166666667;22;2;0;22;0.090909091;0;32;4;1;32;125;0.03125;NULL;NULL;NULL;NULL;NULL;NULL;21;3;1;21;0.142857143;0.047619048;35;4;0;35;0.114285714;0;26;4;0;26;0.153846154;0;No
Female;Yes;No;14;9;9;0;9;1;0;9;9;0;9;1;0;6;6;0;6;1;0;3;3;0;3;1;0;6;6;0;6;1;0;4;3;1;4;0.75;0.25;5;5;0;5;1;0;3;3;0;3;1;0;4;3;1;4;0.75;0.25;9;9;0;9;1;0;7;7;0;7;1;0;6;6;0;6;1;0;4;4;0;4;1;0;9;9;0;9;1;0;7;7;0;7;1;0;4;4;0;4;1;0;4;4;0;4;1;0;5;5;0;5;1;0;6;5;1;6;0.833333333;0.166666667;5;3;2;5;0.6;0.4;3;3;0;3;1;0;12;11;1;12;0.916666667;0.083333333;9;9;0;9;1;0;8;8;0;8;1;0;6;4;2;6;0.666666667;0.333333333;12;10;2;12;0.833333333;0.166666667;8;0;0;8;0;0;32;5;0;32;0.15625;0;NULL;NULL;NULL;NULL;NULL;NULL;21;3;1;21;0.142857143;0.047619048;35;4;0;35;0.114285714;0;43;3;4;43;0.069767442;0.093023256;No
Male;Yes;No;14;11;11;0;11;1;0;10;10;0;10;1;0;9;9;0;9;1;0;2;2;0;2;1;0;7;7;0;7;1;0;6;4;2;6;0.666666667;0.333333333;7;7;0;7;1;0;6;6;0;6;1;0;3;3;0;3;1;0;8;7;1;8;875;125;4;4;0;4;1;0;4;4;0;4;1;0;5;5;0;5;1;0;9;9;0;9;1;0;5;5;0;5;1;0;4;4;0;4;1;0;7;6;1;7;0.857142857;0.142857143;6;6;0;6;1;0;5;4;1;5;0.8;0.2;5;1;4;5;0.2;0.8;4;1;3;4;0.25;0.75;5;4;1;5;0.8;0.2;6;4;2;6;0.666666667;0.333333333;7;6;1;7;0.857142857;0.142857143;8;8;0;8;1;0;5;2;3;5;0.4;0.6;40;2;2;40;0.05;0.05;32;4;1;32;125;0.03125;NULL;NULL;NULL;NULL;NULL;NULL;21;2;2;21;0.095238095;0.095238095;59;3;6;59;0.050847458;0.101694915;35;4;2;35;0.114285714;0.057142857;No
Male;Yes;No;14;15;14;1;15;0.933333333;0.066666667;12;12;0;12;1;0;10;10;0;10;1;0;5;5;0;5;1;0;8;8;0;8;1;0;8;5;3;8;625;375;8;8;0;8;1;0;6;6;0;6;1;0;5;5;0;5;1;0;6;6;0;6;1;0;9;9;0;9;1;0;7;4;3;7;0.571428571;0.428571429;6;6;0;6;1;0;12;10;2;12;0.833333333;0.166666667;8;8;0;8;1;0;6;4;2;6;0.666666667;0.333333333;6;5;1;6;0.833333333;0.166666667;2;0;2;2;0;1;4;0;4;4;0;1;4;2;2;4;0.5;0.5;5;2;3;5;0.4;0.6;7;5;2;7;0.714285714;0.285714286;5;5;0;5;1;0;6;6;0;6;1;0;6;6;0;6;1;0;8;2;6;8;0.25;0.75;48;3;1;48;0.0625;0.020833333;42;2;4;42;0.047619048;0.095238095;NULL;NULL;NULL;NULL;NULL;NULL;21;4;0;21;0.19047619;0;45;4;2;45;0.088888889;0.044444444;103;2;18;103;0.019417476;0.174757282;No
Female;Yes;No;14;12;12;0;12;1;0;12;12;0;12;1;0;9;9;0;9;1;0;5;4;1;5;0.8;0.2;6;6;0;6;1;0;6;6;0;6;1;0;9;9;0;9;1;0;5;5;0;5;1;0;3;3;0;3;1;0;8;8;0;8;1;0;4;4;0;4;1;0;5;5;0;5;1;0;8;7;1;8;875;125;9;8;1;9;0.888888889;0.111111111;7;7;0;7;1;0;8;8;0;8;1;0;6;6;0;6;1;0;7;7;0;7;1;0;8;6;2;8;0.75;0.25;3;3;0;3;1;0;4;3;1;4;0.75;0.25;10;9;1;10;0.9;0.1;9;7;2;9;0.777777778;0.222222222;6;6;0;6;1;0;7;7;0;7;1;0;12;10;2;12;0.833333333;0.166666667;30;3;0;30;0.1;0;32;4;1;32;125;0.03125;NULL;NULL;NULL;NULL;NULL;NULL;21;4;0;21;0.19047619;0;35;4;0;35;0.114285714;0;48;3;6;48;0.0625;125;No
Female;Yes;No;14;7;7;0;7;1;0;8;8;0;8;1;0;8;8;0;8;1;0;5;5;0;5;1;0;7;7;0;7;1;0;5;5;0;5;1;0;6;6;0;6;1;0;7;7;0;7;1;0;3;3;0;3;1;0;8;8;0;8;1;0;4;4;0;4;1;0;8;8;0;8;1;0;6;6;0;6;1;0;7;7;0;7;1;0;6;6;0;6;1;0;7;7;0;7;1;0;5;5;0;5;1;0;5;5;0;5;1;0;4;4;0;4;1;0;4;2;2;4;0.5;0.5;5;2;3;5;0.4;0.6;4;3;1;4;0.75;0.25;3;3;0;3;1;0;7;7;0;7;1;0;7;7;0;7;1;0;2;2;0;2;1;0;9;0;0;9;0;0;30;4;0;30;0.133333333;0;NULL;NULL;NULL;NULL;NULL;NULL;21;2;2;21;0.095238095;0.095238095;35;4;0;35;0.114285714;0;80;2;14;80;25;175;No
Male;Yes;No;14;9;9;0;9;1;0;11;11;0;11;1;0;8;8;0;8;1;0;5;5;0;5;1;0;9;9;0;9;1;0;7;6;1;7;0.857142857;0.142857143;7;7;0;7;1;0;7;7;0;7;1;0;4;4;0;4;1;0;7;7;0;7;1;0;6;1;5;6;0.166666667;0.833333333;6;6;0;6;1;0;7;7;0;7;1;0;10;10;0;10;1;0;6;6;0;6;1;0;5;5;0;5;1;0;3;3;0;3;1;0;7;7;0;7;1;0;1;0;1;1;0;1;8;4;4;8;0.5;0.5;8;3;5;8;375;625;9;9;0;9;1;0;6;6;0;6;1;0;6;6;0;6;1;0;6;4;2;6;0.666666667;0.333333333;11;9;2;11;0.818181818;0.181818182;52;5;0;52;0.096153846;0;18;2;1;18;0.111111111;0.055555556;NULL;NULL;NULL;NULL;NULL;NULL;21;3;1;21;0.142857143;0.047619048;52;3;4;52;0.057692308;0.076923077;52;3;6;52;0.057692308;0.115384615;No
Female;Yes;No;14;10;10;0;10;1;0;6;6;0;6;1;0;8;8;0;8;1;0;3;3;0;3;1;0;7;7;0;7;1;0;4;4;0;4;1;0;4;4;0;4;1;0;4;4;0;4;1;0;4;4;0;4;1;0;6;6;0;6;1;0;3;3;0;3;1;0;4;4;0;4;1;0;4;4;0;4;1;0;8;8;0;8;1;0;4;4;0;4;1;0;6;6;0;6;1;0;4;4;0;4;1;0;2;2;0;2;1;0;5;3;2;5;0.6;0.4;1;1;0;1;1;0;1;1;0;1;1;0;5;5;0;5;1;0;4;3;1;4;0.75;0.25;6;6;0;6;1;0;6;6;0;6;1;0;3;2;1;3;0.666666667;0.333333333;30;2;1;30;0.066666667;0.033333333;18;3;0;18;0.166666667;0;NULL;NULL;NULL;NULL;NULL;NULL;21;2;2;21;0.095238095;0.095238095;35;4;0;35;0.114285714;0;69;2;14;69;0.028985507;0.202898551;No
Female;Yes;No;14;12;12;0;12;1;0;9;9;0;9;1;0;7;7;0;7;1;0;4;4;0;4;1;0;4;4;0;4;1;0;6;5;1;6;0.833333333;0.166666667;6;6;0;6;1;0;7;7;0;7;1;0;3;3;0;3;1;0;9;9;0;9;1;0;6;6;0;6;1;0;7;7;0;7;1;0;6;6;0;6;1;0;9;9;0;9;1;0;5;5;0;5;1;0;7;7;0;7;1;0;6;6;0;6;1;0;5;5;0;5;1;0;7;6;1;7;0.857142857;0.142857143;4;3;1;4;0.75;0.25;5;3;2;5;0.6;0.4;11;9;2;11;0.818181818;0.181818182;7;6;1;7;0.857142857;0.142857143;8;6;2;8;0.75;0.25;9;8;1;9;0.888888889;0.111111111;12;8;4;12;0.666666667;0.333333333;24;1;1;24;0.041666667;0.041666667;32;5;0;32;0.15625;0;NULL;NULL;NULL;NULL;NULL;NULL;21;4;0;21;0.19047619;0;45;3;2;45;0.066666667;0.044444444;27;2;2;27;0.074074074;0.074074074;No
Female;Yes;No;14;6;6;0;6;1;0;8;7;1;8;875;125;6;6;0;6;1;0;4;4;0;4;1;0;7;7;0;7;1;0;6;6;0;6;1;0;5;5;0;5;1;0;4;4;0;4;1;0;3;3;0;3;1;0;6;6;0;6;1;0;3;3;0;3;1;0;4;4;0;4;1;0;8;5;3;8;625;375;9;9;0;9;1;0;7;7;0;7;1;0;5;5;0;5;1;0;7;7;0;7;1;0;4;4;0;4;1;0;4;4;0;4;1;0;4;2;2;4;0.5;0.5;5;1;4;5;0.2;0.8;5;4;1;5;0.8;0.2;5;5;0;5;1;0;6;6;0;6;1;0;4;1;3;4;0.25;0.75;9;4;5;9;0.444444444;0.555555556;40;2;2;40;0.05;0.05;22;3;0;22;0.136363636;0;NULL;NULL;NULL;NULL;NULL;NULL;21;2;2;21;0.095238095;0.095238095;52;3;4;52;0.057692308;0.076923077;37;2;6;37;0.054054054;0.162162162;No
Male;Yes;No;14;8;8;0;8;1;0;10;10;0;10;1;0;9;9;0;9;1;0;3;3;0;3;1;0;8;8;0;8;1;0;5;3;2;5;0.6;0.4;9;9;0;9;1;0;8;7;1;8;875;125;4;4;0;4;1;0;9;9;0;9;1;0;6;5;1;6;0.833333333;0.166666667;6;6;0;6;1;0;6;6;0;6;1;0;9;9;0;9;1;0;5;5;0;5;1;0;6;6;0;6;1;0;6;6;0;6;1;0;6;6;0;6;1;0;3;2;1;3;0.666666667;0.333333333;3;1;2;3;0.333333333;0.666666667;4;2;2;4;0.5;0.5;6;5;1;6;0.833333333;0.166666667;7;7;0;7;1;0;8;8;0;8;1;0;6;5;1;6;0.833333333;0.166666667;10;7;3;10;0.7;0.3;26;2;0;26;0.076923077;0;38;6;0;38;0.157894737;0;NULL;NULL;NULL;NULL;NULL;NULL;21;3;1;21;0.142857143;0.047619048;35;4;0;35;0.114285714;0;26;4;0;26;0.153846154;0;No
Female;Yes;Yes;14;7;7;0;7;1;0;6;6;0;6;1;0;5;5;0;5;1;0;3;3;0;3;1;0;6;6;0;6;1;0;5;5;0;5;1;0;5;5;0;5;1;0;6;6;0;6;1;0;3;3;0;3;1;0;7;7;0;7;1;0;5;5;0;5;1;0;5;5;0;5;1;0;5;4;1;5;0.8;0.2;6;6;0;6;1;0;1;1;0;1;1;0;5;5;0;5;1;0;4;4;0;4;1;0;1;1;0;1;1;0;4;2;2;4;0.5;0.5;2;1;1;2;0.5;0.5;2;0;2;2;0;1;5;5;0;5;1;0;5;5;0;5;1;0;2;2;0;2;1;0;3;2;1;3;0.666666667;0.333333333;9;8;1;9;0.888888889;0.111111111;0;0;0;0;0;0;28;4;0;28;0.142857143;0;NULL;NULL;NULL;NULL;NULL;NULL;21;0;4;21;0;0.19047619;44;1;4;44;0.022727273;0.090909091;29;2;2;29;0.068965517;0.068965517;Yes
Male;Yes;Yes;14;10;10;0;10;1;0;10;10;0;10;1;0;9;9;0;9;1;0;6;6;0;6;1;0;6;6;0;6;1;0;5;5;0;5;1;0;7;7;0;7;1;0;5;4;1;5;0.8;0.2;4;4;0;4;1;0;4;1;3;4;0.25;0.75;6;5;1;6;0.833333333;0.166666667;7;7;0;7;1;0;5;4;1;5;0.8;0.2;12;12;0;12;1;0;9;9;0;9;1;0;7;7;0;7;1;0;9;9;0;9;1;0;5;5;0;5;1;0;6;5;1;6;0.833333333;0.166666667;3;1;2;3;0.333333333;0.666666667;2;0;2;2;0;1;14;13;1;14;0.928571429;0.071428571;6;3;3;6;0.5;0.5;4;3;1;4;0.75;0.25;5;5;0;5;1;0;11;5;6;11;0.454545455;0.545454545;64;6;0;64;0.09375;0;32;3;2;32;0.09375;0.0625;NULL;NULL;NULL;NULL;NULL;NULL;21;2;2;21;0.095238095;0.095238095;49;4;4;49;0.081632653;0.081632653;72;3;12;72;0.041666667;0.166666667;Yes
Male;Yes;Yes;14;5;5;0;5;1;0;5;5;0;5;1;0;5;5;0;5;1;0;2;2;0;2;1;0;5;5;0;5;1;0;4;3;1;4;0.75;0.25;2;2;0;2;1;0;4;4;0;4;1;0;1;1;0;1;1;0;4;4;0;4;1;0;2;2;0;2;1;0;3;2;1;3;0.666666667;0.333333333;2;2;0;2;1;0;3;3;0;3;1;0;1;1;0;1;1;0;3;3;0;3;1;0;3;3;0;3;1;0;1;0;1;1;0;1;3;1;2;3;0.333333333;0.666666667;3;2;1;3;0.666666667;0.333333333;3;0;3;3;0;1;4;3;1;4;0.75;0.25;1;1;0;1;1;0;2;2;0;2;1;0;0;0;0;0;0;0;2;2;0;2;1;0;4;0;0;4;0;0;12;2;0;12;0.166666667;0;NULL;NULL;NULL;NULL;NULL;NULL;21;0;4;21;0;0.19047619;34;1;4;34;0.029411765;0.117647059;23;2;2;23;0.086956522;0.086956522;Yes
Female;Yes;No;15;10;10;0;10;1;0;8;8;0;8;1;0;7;7;0;7;1;0;5;5;0;5;1;0;7;7;0;7;1;0;2;2;0;2;1;0;8;8;0;8;1;0;5;5;0;5;1;0;2;2;0;2;1;0;6;4;2;6;0.666666667;0.333333333;7;7;0;7;1;0;5;5;0;5;1;0;7;7;0;7;1;0;10;10;0;10;1;0;6;6;0;6;1;0;7;7;0;7;1;0;5;5;0;5;1;0;4;4;0;4;1;0;6;6;0;6;1;0;3;3;0;3;1;0;5;4;1;5;0.8;0.2;12;12;0;12;1;0;9;7;2;9;0.777777778;0.222222222;10;9;1;10;0.9;0.1;7;6;1;7;0.857142857;0.142857143;16;15;1;16;0.9375;0.0625;42;3;1;42;0.071428571;0.023809524;46;4;2;46;0.086956522;0.043478261;NULL;NULL;NULL;NULL;NULL;NULL;21;3;1;21;0.142857143;0.047619048;61;3;6;61;0.049180328;0.098360656;43;3;4;43;0.069767442;0.093023256;No
Male;Yes;Yes;15;10;10;0;10;1;0;10;10;0;10;1;0;8;8;0;8;1;0;1;1;0;1;1;0;6;6;0;6;1;0;3;3;0;3;1;0;5;5;0;5;1;0;3;3;0;3;1;0;4;3;1;4;0.75;0.25;6;6;0;6;1;0;5;5;0;5;1;0;5;5;0;5;1;0;7;3;4;7;0.428571429;0.571428571;8;8;0;8;1;0;5;5;0;5;1;0;4;4;0;4;1;0;6;6;0;6;1;0;5;5;0;5;1;0;6;4;2;6;0.666666667;0.333333333;4;2;2;4;0.5;0.5;1;0;1;1;0;1;8;7;1;8;875;125;8;7;1;8;875;125;6;6;0;6;1;0;6;6;0;6;1;0;13;6;7;13;0.461538462;0.538461538;22;2;0;22;0.090909091;0;40;5;1;40;125;25;NULL;NULL;NULL;NULL;NULL;NULL;21;2;2;21;0.095238095;0.095238095;46;4;2;46;0.086956522;0.043478261;131;3;26;131;0.022900763;0.198473282;No
Female;Yes;No;15;11;11;0;11;1;0;10;10;0;10;1;0;6;6;0;6;1;0;4;4;0;4;1;0;6;6;0;6;1;0;5;5;0;5;1;0;8;8;0;8;1;0;4;4;0;4;1;0;6;5;1;6;0.833333333;0.166666667;7;7;0;7;1;0;6;6;0;6;1;0;6;6;0;6;1;0;4;3;1;4;0.75;0.25;8;8;0;8;1;0;6;6;0;6;1;0;6;6;0;6;1;0;6;6;0;6;1;0;3;3;0;3;1;0;5;4;1;5;0.8;0.2;5;4;1;5;0.8;0.2;2;0;2;2;0;1;3;3;0;3;1;0;5;5;0;5;1;0;5;5;0;5;1;0;8;7;1;8;875;125;10;5;5;10;0.5;0.5;24;1;1;24;0.041666667;0.041666667;32;5;0;32;0.15625;0;NULL;NULL;NULL;NULL;NULL;NULL;21;3;1;21;0.142857143;0.047619048;57;4;4;57;0.070175439;0.070175439;37;3;4;37;0.081081081;0.108108108;No
Female;Yes;No;15;13;13;0;13;1;0;10;10;0;10;1;0;11;11;0;11;1;0;3;3;0;3;1;0;7;6;1;7;0.857142857;0.142857143;4;4;0;4;1;0;6;6;0;6;1;0;5;5;0;5;1;0;5;4;1;5;0.8;0.2;8;8;0;8;1;0;6;5;1;6;0.833333333;0.166666667;7;7;0;7;1;0;8;7;1;8;875;125;10;9;1;10;0.9;0.1;4;4;0;4;1;0;5;5;0;5;1;0;6;6;0;6;1;0;10;10;0;10;1;0;5;5;0;5;1;0;5;1;4;5;0.2;0.8;6;2;4;6;0.333333333;0.666666667;6;5;1;6;0.833333333;0.166666667;6;5;1;6;0.833333333;0.166666667;9;8;1;9;0.888888889;0.111111111;6;6;0;6;1;0;14;11;3;14;0.785714286;0.214285714;40;1;3;40;25;75;44;3;3;44;0.068181818;0.068181818;NULL;NULL;NULL;NULL;NULL;NULL;21;2;2;21;0.095238095;0.095238095;50;3;4;50;0.06;0.08;54;3;8;54;0.055555556;0.148148148;No
Male;Yes;No;15;12;12;0;12;1;0;9;9;0;9;1;0;7;6;1;7;0.857142857;0.142857143;7;0;7;7;0;1;6;6;0;6;1;0;4;2;2;4;0.5;0.5;7;7;0;7;1;0;5;4;1;5;0.8;0.2;5;5;0;5;1;0;7;7;0;7;1;0;2;2;0;2;1;0;8;7;1;8;875;125;4;4;0;4;1;0;8;8;0;8;1;0;5;5;0;5;1;0;4;4;0;4;1;0;4;4;0;4;1;0;4;3;1;4;0.75;0.25;6;6;0;6;1;0;3;1;2;3;0.333333333;0.666666667;4;2;2;4;0.5;0.5;3;3;0;3;1;0;3;3;0;3;1;0;4;3;1;4;0.75;0.25;4;4;0;4;1;0;2;1;1;2;0.5;0.5;0;0;0;0;0;0;26;4;0;26;0.153846154;0;NULL;NULL;NULL;NULL;NULL;NULL;21;2;2;21;0.095238095;0.095238095;74;4;8;74;0.054054054;0.108108108;26;4;0;26;0.153846154;0;No
Female;Yes;Yes;15;12;12;0;12;1;0;13;13;0;13;1;0;10;10;0;10;1;0;3;0;3;3;0;1;9;9;0;9;1;0;7;7;0;7;1;0;10;9;1;10;0.9;0.1;6;6;0;6;1;0;4;2;2;4;0.5;0.5;11;11;0;11;1;0;5;5;0;5;1;0;6;5;1;6;0.833333333;0.166666667;5;5;0;5;1;0;10;10;0;10;1;0;6;6;0;6;1;0;5;5;0;5;1;0;7;7;0;7;1;0;6;6;0;6;1;0;6;3;3;6;0.5;0.5;5;2;3;5;0.4;0.6;4;2;2;4;0.5;0.5;6;6;0;6;1;0;7;7;0;7;1;0;4;4;0;4;1;0;6;6;0;6;1;0;8;7;1;8;875;125;34;3;0;34;0.088235294;0;34;5;0;34;0.147058824;0;NULL;NULL;NULL;NULL;NULL;NULL;21;3;1;21;0.142857143;0.047619048;35;4;0;35;0.114285714;0;54;3;8;54;0.055555556;0.148148148;No
Female;Yes;No;15;10;10;0;10;1;0;9;9;0;9;1;0;7;7;0;7;1;0;2;2;0;2;1;0;4;4;0;4;1;0;4;4;0;4;1;0;8;8;0;8;1;0;5;4;1;5;0.8;0.2;5;5;0;5;1;0;8;8;0;8;1;0;6;6;0;6;1;0;5;5;0;5;1;0;9;9;0;9;1;0;11;11;0;11;1;0;7;7;0;7;1;0;5;5;0;5;1;0;7;7;0;7;1;0;5;5;0;5;1;0;4;4;0;4;1;0;6;4;2;6;0.666666667;0.333333333;3;1;2;3;0.333333333;0.666666667;10;9;1;10;0.9;0.1;9;9;0;9;1;0;8;8;0;8;1;0;6;5;1;6;0.833333333;0.166666667;13;11;2;13;0.846153846;0.153846154;30;3;0;30;0.1;0;26;3;1;26;0.115384615;0.038461538;NULL;NULL;NULL;NULL;NULL;NULL;21;4;0;21;0.19047619;0;35;4;0;35;0.114285714;0;62;1;16;62;0.016129032;0.258064516;No
Female;Yes;No;15;11;11;0;11;1;0;8;8;0;8;1;0;5;5;0;5;1;0;4;0;4;4;0;1;6;6;0;6;1;0;4;4;0;4;1;0;6;6;0;6;1;0;5;4;1;5;0.8;0.2;1;0;1;1;0;1;8;8;0;8;1;0;4;3;1;4;0.75;0.25;8;5;3;8;625;375;5;4;1;5;0.8;0.2;10;10;0;10;1;0;4;4;0;4;1;0;5;5;0;5;1;0;4;4;0;4;1;0;2;2;0;2;1;0;3;1;2;3;0.333333333;0.666666667;2;0;2;2;0;1;6;0;6;6;0;1;7;7;0;7;1;0;7;7;0;7;1;0;6;6;0;6;1;0;5;4;1;5;0.8;0.2;9;7;2;9;0.777777778;0.222222222;38;2;1;38;0.052631579;0.026315789;20;3;0;20;0.15;0;NULL;NULL;NULL;NULL;NULL;NULL;21;2;2;21;0.095238095;0.095238095;94;2;14;94;0.021276596;0.14893617;46;3;6;46;0.065217391;0.130434783;No
Female;Yes;No;15;7;7;0;7;1;0;8;8;0;8;1;0;6;6;0;6;1;0;4;4;0;4;1;0;4;4;0;4;1;0;4;4;0;4;1;0;6;6;0;6;1;0;3;3;0;3;1;0;3;2;1;3;0.666666667;0.333333333;7;7;0;7;1;0;3;3;0;3;1;0;3;3;0;3;1;0;7;5;2;7;0.714285714;0.285714286;6;6;0;6;1;0;4;4;0;4;1;0;3;3;0;3;1;0;3;3;0;3;1;0;5;5;0;5;1;0;6;2;4;6;0.333333333;0.666666667;2;1;1;2;0.5;0.5;3;2;1;3;0.666666667;0.333333333;5;5;0;5;1;0;6;6;0;6;1;0;3;1;2;3;0.333333333;0.666666667;6;5;1;6;0.833333333;0.166666667;5;2;3;5;0.4;0.6;18;2;0;18;0.111111111;0;30;4;0;30;0.133333333;0;NULL;NULL;NULL;NULL;NULL;NULL;21;2;2;21;0.095238095;0.095238095;35;4;0;35;0.114285714;0;38;3;4;38;0.078947368;0.105263158;No
Male;Yes;Yes;15;10;10;0;10;1;0;13;13;0;13;1;0;10;10;0;10;1;0;9;0;9;9;0;1;6;6;0;6;1;0;4;3;1;4;0.75;0.25;7;7;0;7;1;0;3;0;3;3;0;1;2;2;0;2;1;0;9;9;0;9;1;0;6;5;1;6;0.833333333;0.166666667;5;4;1;5;0.8;0.2;9;3;6;9;0.333333333;0.666666667;10;9;1;10;0.9;0.1;8;8;0;8;1;0;8;8;0;8;1;0;7;6;1;7;0.857142857;0.142857143;5;5;0;5;1;0;8;8;0;8;1;0;6;1;5;6;0.166666667;0.833333333;6;0;6;6;0;1;5;4;1;5;0.8;0.2;7;6;1;7;0.857142857;0.142857143;4;3;1;4;0.75;0.25;6;5;1;6;0.833333333;0.166666667;11;5;6;11;0.454545455;0.545454545;40;3;1;40;75;25;30;3;1;30;0.1;0.033333333;NULL;NULL;NULL;NULL;NULL;NULL;21;3;1;21;0.142857143;0.047619048;35;4;0;35;0.114285714;0;26;4;0;26;0.153846154;0;No
Male;Yes;No;15;9;9;0;9;1;0;11;11;0;11;1;0;4;2;2;4;0.5;0.5;5;5;0;5;1;0;6;6;0;6;1;0;6;6;0;6;1;0;3;3;0;3;1;0;5;5;0;5;1;0;1;1;0;1;1;0;8;8;0;8;1;0;4;4;0;4;1;0;5;5;0;5;1;0;6;6;0;6;1;0;12;12;0;12;1;0;8;8;0;8;1;0;6;6;0;6;1;0;7;6;1;7;0.857142857;0.142857143;5;5;0;5;1;0;4;4;0;4;1;0;2;0;2;2;0;1;1;1;0;1;1;0;7;6;1;7;0.857142857;0.142857143;6;5;1;6;0.833333333;0.166666667;6;6;0;6;1;0;7;6;1;7;0.857142857;0.142857143;10;6;4;10;0.6;0.4;30;1;2;30;0.033333333;0.066666667;32;3;2;32;0.09375;0.0625;NULL;NULL;NULL;NULL;NULL;NULL;21;1;3;21;0.047619048;0.142857143;35;4;0;35;0.114285714;0;28;2;4;28;0.071428571;0.142857143;No
Female;Yes;Yes;15;11;11;0;11;1;0;10;10;0;10;1;0;7;7;0;7;1;0;4;4;0;4;1;0;7;7;0;7;1;0;3;2;1;3;0.666666667;0.333333333;8;8;0;8;1;0;6;6;0;6;1;0;6;6;0;6;1;0;7;7;0;7;1;0;6;6;0;6;1;0;4;4;0;4;1;0;5;4;1;5;0.8;0.2;9;9;0;9;1;0;7;7;0;7;1;0;8;8;0;8;1;0;6;6;0;6;1;0;4;4;0;4;1;0;5;3;2;5;0.6;0.4;2;1;1;2;0.5;0.5;4;2;2;4;0.5;0.5;7;7;0;7;1;0;7;6;1;7;0.857142857;0.142857143;6;6;0;6;1;0;6;6;0;6;1;0;13;9;4;13;0.692307692;0.307692308;30;3;0;30;0.1;0;20;3;0;20;0.15;0;NULL;NULL;NULL;NULL;NULL;NULL;21;2;2;21;0.095238095;0.095238095;35;4;0;35;0.114285714;0;38;3;4;38;0.078947368;0.105263158;No
Female;Yes;Yes;15;11;11;0;11;1;0;10;10;0;10;1;0;7;7;0;7;1;0;6;2;4;6;0.333333333;0.666666667;7;7;0;7;1;0;5;5;0;5;1;0;5;5;0;5;1;0;3;3;0;3;1;0;1;1;0;1;1;0;11;11;0;11;1;0;4;4;0;4;1;0;7;7;0;7;1;0;4;4;0;4;1;0;9;9;0;9;1;0;4;4;0;4;1;0;6;6;0;6;1;0;5;5;0;5;1;0;3;3;0;3;1;0;2;2;0;2;1;0;3;3;0;3;1;0;23;1;22;23;0.043478261;0.956521739;5;5;0;5;1;0;9;6;3;9;0.666666667;0.333333333;7;6;1;7;0.857142857;0.142857143;6;5;1;6;0.833333333;0.166666667;5;2;3;5;0.4;0.6;52;5;0;52;0.096153846;0;28;4;0;28;0.142857143;0;NULL;NULL;NULL;NULL;NULL;NULL;21;4;0;21;0.19047619;0;35;4;0;35;0.114285714;0;26;4;0;26;0.153846154;0;No
Female;Yes;No;15;11;11;0;11;1;0;6;6;0;6;1;0;8;8;0;8;1;0;4;4;0;4;1;0;6;5;1;6;0.833333333;0.166666667;7;7;0;7;1;0;7;7;0;7;1;0;7;7;0;7;1;0;3;3;0;3;1;0;7;7;0;7;1;0;5;5;0;5;1;0;5;4;1;5;0.8;0.2;8;8;0;8;1;0;10;10;0;10;1;0;6;6;0;6;1;0;4;4;0;4;1;0;7;7;0;7;1;0;6;6;0;6;1;0;4;4;0;4;1;0;6;4;2;6;0.666666667;0.333333333;3;1;2;3;0.333333333;0.666666667;7;7;0;7;1;0;8;5;3;8;625;375;7;7;0;7;1;0;5;4;1;5;0.8;0.2;11;10;1;11;0.909090909;0.090909091;30;3;0;30;0.1;0;26;3;1;26;0.115384615;0.038461538;NULL;NULL;NULL;NULL;NULL;NULL;21;3;1;21;0.142857143;0.047619048;51;3;4;51;0.058823529;0.078431373;55;3;8;55;0.054545455;0.145454545;No
Male;Yes;No;15;10;10;0;10;1;0;9;9;0;9;1;0;5;4;1;5;0.8;0.2;4;4;0;4;1;0;6;6;0;6;1;0;4;3;1;4;0.75;0.25;2;1;1;2;0.5;0.5;3;3;0;3;1;0;5;4;1;5;0.8;0.2;6;6;0;6;1;0;6;6;0;6;1;0;3;3;0;3;1;0;7;7;0;7;1;0;11;11;0;11;1;0;7;7;0;7;1;0;6;6;0;6;1;0;7;7;0;7;1;0;6;6;0;6;1;0;4;2;2;4;0.5;0.5;4;2;2;4;0.5;0.5;5;5;0;5;1;0;6;6;0;6;1;0;9;8;1;9;0.888888889;0.111111111;6;6;0;6;1;0;8;7;1;8;875;125;13;12;1;13;0.923076923;0.076923077;52;3;2;52;0.057692308;0.038461538;32;4;1;32;125;0.03125;NULL;NULL;NULL;NULL;NULL;NULL;21;3;1;21;0.142857143;0.047619048;69;3;8;69;0.043478261;0.115942029;68;3;12;68;0.044117647;0.176470588;No
Male;Yes;No;15;12;12;0;12;1;0;10;10;0;10;1;0;8;8;0;8;1;0;6;6;0;6;1;0;7;7;0;7;1;0;5;5;0;5;1;0;3;3;0;3;1;0;4;4;0;4;1;0;4;4;0;4;1;0;7;7;0;7;1;0;5;4;1;5;0.8;0.2;4;4;0;4;1;0;6;3;3;6;0.5;0.5;10;10;0;10;1;0;8;8;0;8;1;0;7;7;0;7;1;0;8;8;0;8;1;0;5;5;0;5;1;0;4;4;0;4;1;0;4;3;1;4;0.75;0.25;1;1;0;1;1;0;6;5;1;6;0.833333333;0.166666667;8;8;0;8;1;0;6;6;0;6;1;0;3;3;0;3;1;0;10;9;1;10;0.9;0.1;52;5;0;52;0.096153846;0;40;6;0;40;0.15;0;NULL;NULL;NULL;NULL;NULL;NULL;21;4;0;21;0.19047619;0;35;4;0;35;0.114285714;0;26;4;0;26;0.153846154;0;No
Female;Yes;No;15;11;11;0;11;1;0;9;9;0;9;1;0;7;7;0;7;1;0;3;3;0;3;1;0;7;7;0;7;1;0;5;5;0;5;1;0;8;8;0;8;1;0;4;4;0;4;1;0;4;4;0;4;1;0;9;9;0;9;1;0;4;4;0;4;1;0;7;7;0;7;1;0;8;7;1;8;875;125;9;9;0;9;1;0;5;5;0;5;1;0;6;6;0;6;1;0;6;5;1;6;0.833333333;0.166666667;5;5;0;5;1;0;6;4;2;6;0.666666667;0.333333333;8;1;7;8;125;875;3;2;1;3;0.666666667;0.333333333;5;4;1;5;0.8;0.2;7;5;2;7;0.714285714;0.285714286;7;7;0;7;1;0;8;8;0;8;1;0;12;9;3;12;0.75;0.25;28;1;1;28;0.035714286;0.035714286;37;3;2;37;0.081081081;0.054054054;NULL;NULL;NULL;NULL;NULL;NULL;21;3;1;21;0.142857143;0.047619048;62;2;6;62;0.032258065;0.096774194;83;0;20;83;0;0.240963855;No
Male;Yes;No;15;10;10;0;10;1;0;13;13;0;13;1;0;6;6;0;6;1;0;8;0;8;8;0;1;6;6;0;6;1;0;3;2;1;3;0.666666667;0.333333333;6;6;0;6;1;0;6;6;0;6;1;0;8;5;3;8;625;375;9;9;0;9;1;0;5;5;0;5;1;0;4;4;0;4;1;0;8;6;2;8;0.75;0.25;9;9;0;9;1;0;6;6;0;6;1;0;8;8;0;8;1;0;5;5;0;5;1;0;6;6;0;6;1;0;5;4;1;5;0.8;0.2;3;1;2;3;0.333333333;0.666666667;2;2;0;2;1;0;5;5;0;5;1;0;5;5;0;5;1;0;4;4;0;4;1;0;5;5;0;5;1;0;8;7;1;8;875;125;18;2;0;18;0.111111111;0;26;3;1;26;0.115384615;0.038461538;NULL;NULL;NULL;NULL;NULL;NULL;21;3;1;21;0.142857143;0.047619048;35;4;0;35;0.114285714;0;59;2;10;59;0.033898305;0.169491525;No
Female;Yes;No;15;12;12;0;12;1;0;9;9;0;9;1;0;8;8;0;8;1;0;5;0;5;5;0;1;4;0;4;4;0;1;6;5;1;6;0.833333333;0.166666667;7;7;0;7;1;0;5;5;0;5;1;0;5;5;0;5;1;0;9;2;7;9;0.222222222;0.777777778;5;5;0;5;1;0;4;4;0;4;1;0;6;6;0;6;1;0;10;10;0;10;1;0;6;6;0;6;1;0;7;7;0;7;1;0;5;5;0;5;1;0;6;6;0;6;1;0;3;0;3;3;0;1;17;2;15;17;0.117647059;0.882352941;4;2;2;4;0.5;0.5;9;8;1;9;0.888888889;0.111111111;9;8;1;9;0.888888889;0.111111111;9;9;0;9;1;0;9;8;1;9;0.888888889;0.111111111;14;10;4;14;0.714285714;0.285714286;42;1;3;42;0.023809524;0.071428571;32;3;2;32;0.09375;0.0625;NULL;NULL;NULL;NULL;NULL;NULL;21;3;1;21;0.142857143;0.047619048;35;4;0;35;0.114285714;0;30;1;6;30;0.033333333;0.2;No
Female;Yes;No;15;13;13;0;13;1;0;12;12;0;12;1;0;6;6;0;6;1;0;6;6;0;6;1;0;5;5;0;5;1;0;6;6;0;6;1;0;4;4;0;4;1;0;3;2;1;3;0.666666667;0.333333333;3;3;0;3;1;0;8;8;0;8;1;0;4;4;0;4;1;0;7;6;1;7;0.857142857;0.142857143;5;5;0;5;1;0;10;10;0;10;1;0;6;6;0;6;1;0;3;3;0;3;1;0;7;6;1;7;0.857142857;0.142857143;3;3;0;3;1;0;5;3;2;5;0.6;0.4;4;2;2;4;0.5;0.5;4;3;1;4;0.75;0.25;5;5;0;5;1;0;5;5;0;5;1;0;6;6;0;6;1;0;7;5;2;7;0.714285714;0.285714286;8;2;6;8;0.25;0.75;30;2;1;30;0.066666667;0.033333333;26;4;0;26;0.153846154;0;NULL;NULL;NULL;NULL;NULL;NULL;21;2;2;21;0.095238095;0.095238095;35;4;0;35;0.114285714;0;41;3;4;41;0.073170732;0.097560976;No
Male;Yes;No;15;12;12;0;12;1;0;12;12;0;12;1;0;5;5;0;5;1;0;3;3;0;3;1;0;8;8;0;8;1;0;8;6;2;8;0.75;0.25;4;4;0;4;1;0;4;4;0;4;1;0;4;4;0;4;1;0;8;8;0;8;1;0;6;5;1;6;0.833333333;0.166666667;4;3;1;4;0.75;0.25;8;3;5;8;375;625;9;9;0;9;1;0;6;6;0;6;1;0;6;6;0;6;1;0;6;6;0;6;1;0;4;4;0;4;1;0;6;5;1;6;0.833333333;0.166666667;4;1;3;4;0.25;0.75;2;2;0;2;1;0;9;6;3;9;0.666666667;0.333333333;10;8;2;10;0.8;0.2;9;8;1;9;0.888888889;0.111111111;8;8;0;8;1;0;10;8;2;10;0.8;0.2;40;4;0;40;0.1;0;38;5;1;38;0.131578947;0.026315789;NULL;NULL;NULL;NULL;NULL;NULL;21;3;1;21;0.142857143;0.047619048;35;4;0;35;0.114285714;0;52;3;6;52;0.057692308;0.115384615;No
Male;Yes;No;15;4;0;4;4;0;1;11;11;0;11;1;0;6;6;0;6;1;0;8;0;8;8;0;1;5;4;1;5;0.8;0.2;3;3;0;3;1;0;6;5;1;6;0.833333333;0.166666667;5;5;0;5;1;0;2;2;0;2;1;0;10;10;0;10;1;0;4;4;0;4;1;0;5;5;0;5;1;0;4;3;1;4;0.75;0.25;9;9;0;9;1;0;6;6;0;6;1;0;6;6;0;6;1;0;4;4;0;4;1;0;4;4;0;4;1;0;5;4;1;5;0.8;0.2;2;1;1;2;0.5;0.5;2;2;0;2;1;0;8;8;0;8;1;0;8;7;1;8;875;125;3;3;0;3;1;0;6;6;0;6;1;0;8;5;3;8;625;375;26;2;0;26;0.076923077;0;32;5;0;32;0.15625;0;NULL;NULL;NULL;NULL;NULL;NULL;21;4;0;21;0.19047619;0;35;4;0;35;0.114285714;0;48;2;8;48;0.041666667;0.166666667;No
Male;Yes;No;15;11;11;0;11;1;0;10;10;0;10;1;0;8;8;0;8;1;0;4;4;0;4;1;0;5;5;0;5;1;0;4;3;1;4;0.75;0.25;7;7;0;7;1;0;6;6;0;6;1;0;3;3;0;3;1;0;8;8;0;8;1;0;5;4;1;5;0.8;0.2;2;1;1;2;0.5;0.5;5;4;1;5;0.8;0.2;9;9;0;9;1;0;7;7;0;7;1;0;4;4;0;4;1;0;5;4;1;5;0.8;0.2;5;5;0;5;1;0;5;4;1;5;0.8;0.2;4;2;2;4;0.5;0.5;5;3;2;5;0.6;0.4;8;7;1;8;875;125;10;9;1;10;0.9;0.1;6;5;1;6;0.833333333;0.166666667;5;2;3;5;0.4;0.6;17;13;4;17;0.764705882;0.235294118;62;3;3;62;0.048387097;0.048387097;40;2;3;40;0.05;75;NULL;NULL;NULL;NULL;NULL;NULL;21;3;1;21;0.142857143;0.047619048;35;4;0;35;0.114285714;0;52;2;8;52;0.038461538;0.153846154;No
Female;Yes;No;15;9;9;0;9;1;0;8;8;0;8;1;0;7;7;0;7;1;0;3;3;0;3;1;0;4;4;0;4;1;0;5;4;1;5;0.8;0.2;5;5;0;5;1;0;4;4;0;4;1;0;3;3;0;3;1;0;4;4;0;4;1;0;4;4;0;4;1;0;6;6;0;6;1;0;7;7;0;7;1;0;8;8;0;8;1;0;6;6;0;6;1;0;6;6;0;6;1;0;4;4;0;4;1;0;5;5;0;5;1;0;6;6;0;6;1;0;3;1;2;3;0.333333333;0.666666667;2;0;2;2;0;1;6;6;0;6;1;0;6;6;0;6;1;0;6;6;0;6;1;0;6;6;0;6;1;0;12;11;1;12;0.916666667;0.083333333;30;3;0;30;0.1;0;26;3;1;26;0.115384615;0.038461538;NULL;NULL;NULL;NULL;NULL;NULL;21;2;2;21;0.095238095;0.095238095;35;4;0;35;0.114285714;0;47;1;10;47;0.021276596;0.212765957;No
Female;Yes;No;15;12;12;0;12;1;0;9;9;0;9;1;0;10;10;0;10;1;0;3;3;0;3;1;0;10;10;0;10;1;0;4;4;0;4;1;0;7;7;0;7;1;0;9;9;0;9;1;0;5;5;0;5;1;0;9;9;0;9;1;0;7;7;0;7;1;0;6;6;0;6;1;0;5;5;0;5;1;0;10;10;0;10;1;0;4;4;0;4;1;0;7;7;0;7;1;0;7;7;0;7;1;0;7;7;0;7;1;0;7;7;0;7;1;0;5;3;2;5;0.6;0.4;2;2;0;2;1;0;7;6;1;7;0.857142857;0.142857143;6;6;0;6;1;0;6;6;0;6;1;0;6;6;0;6;1;0;7;7;0;7;1;0;30;1;2;30;0.033333333;0.066666667;32;5;0;32;0.15625;0;NULL;NULL;NULL;NULL;NULL;NULL;21;4;0;21;0.19047619;0;35;4;0;35;0.114285714;0;39;3;4;39;0.076923077;0.102564103;No
Male;Yes;No;15;10;10;0;10;1;0;9;9;0;9;1;0;8;8;0;8;1;0;4;4;0;4;1;0;6;6;0;6;1;0;6;6;0;6;1;0;2;2;0;2;1;0;5;5;0;5;1;0;3;3;0;3;1;0;8;6;2;8;0.75;0.25;5;4;1;5;0.8;0.2;4;4;0;4;1;0;5;5;0;5;1;0;10;10;0;10;1;0;7;7;0;7;1;0;6;5;1;6;0.833333333;0.166666667;7;7;0;7;1;0;6;6;0;6;1;0;5;4;1;5;0.8;0.2;2;1;1;2;0.5;0.5;3;1;2;3;0.333333333;0.666666667;12;12;0;12;1;0;10;9;1;10;0.9;0.1;8;7;1;8;875;125;8;8;0;8;1;0;13;11;2;13;0.846153846;0.153846154;50;4;0;50;0.08;0;54;7;1;54;0.12962963;0.018518519;NULL;NULL;NULL;NULL;NULL;NULL;21;4;0;21;0.19047619;0;35;4;0;35;0.114285714;0;42;3;4;42;0.071428571;0.095238095;No
Male;Yes;No;15;11;11;0;11;1;0;12;11;1;12;0.916666667;0.083333333;8;8;0;8;1;0;3;3;0;3;1;0;7;7;0;7;1;0;4;4;0;4;1;0;8;8;0;8;1;0;4;4;0;4;1;0;2;2;0;2;1;0;8;7;1;8;875;125;3;3;0;3;1;0;5;5;0;5;1;0;4;4;0;4;1;0;10;10;0;10;1;0;7;7;0;7;1;0;6;6;0;6;1;0;5;5;0;5;1;0;5;5;0;5;1;0;6;6;0;6;1;0;3;3;0;3;1;0;3;1;2;3;0.333333333;0.666666667;8;8;0;8;1;0;7;7;0;7;1;0;6;6;0;6;1;0;6;6;0;6;1;0;9;7;2;9;0.777777778;0.222222222;40;3;1;40;75;25;24;3;0;24;125;0;NULL;NULL;NULL;NULL;NULL;NULL;21;4;0;21;0.19047619;0;35;4;0;35;0.114285714;0;26;4;0;26;0.153846154;0;No
Female;Yes;No;15;8;8;0;8;1;0;7;7;0;7;1;0;6;6;0;6;1;0;3;3;0;3;1;0;5;5;0;5;1;0;4;4;0;4;1;0;4;4;0;4;1;0;5;5;0;5;1;0;1;1;0;1;1;0;5;5;0;5;1;0;5;5;0;5;1;0;2;2;0;2;1;0;4;4;0;4;1;0;6;6;0;6;1;0;4;4;0;4;1;0;5;5;0;5;1;0;4;4;0;4;1;0;4;4;0;4;1;0;4;4;0;4;1;0;6;4;2;6;0.666666667;0.333333333;3;1;2;3;0.333333333;0.666666667;7;7;0;7;1;0;8;5;3;8;625;375;4;4;0;4;1;0;7;7;0;7;1;0;7;5;2;7;0.714285714;0.285714286;18;2;0;18;0.111111111;0;18;2;1;18;0.111111111;0.055555556;NULL;NULL;NULL;NULL;NULL;NULL;21;2;2;21;0.095238095;0.095238095;35;4;0;35;0.114285714;0;25;3;0;25;0.12;0;No
Male;Yes;No;15;10;10;0;10;1;0;8;8;0;8;1;0;5;5;0;5;1;0;2;2;0;2;1;0;5;5;0;5;1;0;5;5;0;5;1;0;6;6;0;6;1;0;5;5;0;5;1;0;2;2;0;2;1;0;5;5;0;5;1;0;5;4;1;5;0.8;0.2;3;3;0;3;1;0;7;7;0;7;1;0;8;8;0;8;1;0;7;7;0;7;1;0;6;6;0;6;1;0;4;4;0;4;1;0;4;4;0;4;1;0;7;4;3;7;0.571428571;0.428571429;5;3;2;5;0.6;0.4;4;3;1;4;0.75;0.25;7;5;2;7;0.714285714;0.285714286;9;8;1;9;0.888888889;0.111111111;8;7;1;8;875;125;6;6;0;6;1;0;10;7;3;10;0.7;0.3;28;1;1;28;0.035714286;0.035714286;18;1;2;18;0.055555556;0.111111111;NULL;NULL;NULL;NULL;NULL;NULL;21;2;2;21;0.095238095;0.095238095;65;3;6;65;0.046153846;0.092307692;26;4;0;26;0.153846154;0;No
Female;Yes;No;15;8;8;0;8;1;0;9;9;0;9;1;0;6;6;0;6;1;0;6;6;0;6;1;0;4;4;0;4;1;0;6;4;2;6;0.666666667;0.333333333;7;7;0;7;1;0;6;6;0;6;1;0;4;3;1;4;0.75;0.25;8;8;0;8;1;0;5;4;1;5;0.8;0.2;7;5;2;7;0.714285714;0.285714286;8;4;4;8;0.5;0.5;9;9;0;9;1;0;5;5;0;5;1;0;5;5;0;5;1;0;5;5;0;5;1;0;4;4;0;4;1;0;5;5;0;5;1;0;5;1;4;5;0.2;0.8;4;1;3;4;0.25;0.75;6;6;0;6;1;0;8;8;0;8;1;0;3;3;0;3;1;0;5;5;0;5;1;0;11;10;1;11;0.909090909;0.090909091;34;3;0;34;0.088235294;0;18;3;0;18;0.166666667;0;NULL;NULL;NULL;NULL;NULL;NULL;21;4;0;21;0.19047619;0;35;4;0;35;0.114285714;0;185;0;46;185;0;0.248648649;No
Female;Yes;No;15;11;11;0;11;1;0;11;11;0;11;1;0;11;11;0;11;1;0;5;5;0;5;1;0;9;9;0;9;1;0;7;6;1;7;0.857142857;0.142857143;8;8;0;8;1;0;8;6;2;8;0.75;0.25;3;3;0;3;1;0;10;10;0;10;1;0;3;3;0;3;1;0;5;5;0;5;1;0;5;5;0;5;1;0;10;10;0;10;1;0;7;7;0;7;1;0;6;6;0;6;1;0;4;4;0;4;1;0;6;6;0;6;1;0;4;4;0;4;1;0;5;3;2;5;0.6;0.4;4;3;1;4;0.75;0.25;11;11;0;11;1;0;5;4;1;5;0.8;0.2;4;4;0;4;1;0;6;6;0;6;1;0;4;2;2;4;0.5;0.5;46;4;0;46;0.086956522;0;32;5;0;32;0.15625;0;NULL;NULL;NULL;NULL;NULL;NULL;21;4;0;21;0.19047619;0;35;4;0;35;0.114285714;0;26;4;0;26;0.153846154;0;No
Female;Yes;No;15;10;10;0;10;1;0;11;11;0;11;1;0;9;9;0;9;1;0;3;3;0;3;1;0;4;3;1;4;0.75;0.25;2;1;1;2;0.5;0.5;4;4;0;4;1;0;5;5;0;5;1;0;3;3;0;3;1;0;11;11;0;11;1;0;6;6;0;6;1;0;8;8;0;8;1;0;7;6;1;7;0.857142857;0.142857143;10;10;0;10;1;0;6;6;0;6;1;0;5;5;0;5;1;0;4;4;0;4;1;0;6;6;0;6;1;0;3;3;0;3;1;0;3;2;1;3;0.666666667;0.333333333;2;0;2;2;0;1;5;2;3;5;0.4;0.6;6;6;0;6;1;0;8;8;0;8;1;0;8;6;2;8;0.75;0.25;6;3;3;6;0.5;0.5;44;3;1;44;0.068181818;0.022727273;18;2;1;18;0.111111111;0.055555556;NULL;NULL;NULL;NULL;NULL;NULL;21;4;0;21;0.19047619;0;35;4;0;35;0.114285714;0;38;3;4;38;0.078947368;0.105263158;No
Female;Yes;No;15;14;14;0;14;1;0;11;11;0;11;1;0;13;13;0;13;1;0;5;5;0;5;1;0;5;5;0;5;1;0;7;7;0;7;1;0;6;6;0;6;1;0;5;5;0;5;1;0;7;7;0;7;1;0;12;12;0;12;1;0;6;6;0;6;1;0;4;4;0;4;1;0;8;6;2;8;0.75;0.25;10;10;0;10;1;0;7;7;0;7;1;0;5;5;0;5;1;0;6;5;1;6;0.833333333;0.166666667;5;5;0;5;1;0;8;6;2;8;0.75;0.25;3;0;3;3;0;1;4;1;3;4;0.25;0.75;8;8;0;8;1;0;10;10;0;10;1;0;9;9;0;9;1;0;8;8;0;8;1;0;10;5;5;10;0.5;0.5;40;3;1;40;75;25;46;7;0;46;0.152173913;0;NULL;NULL;NULL;NULL;NULL;NULL;21;4;0;21;0.19047619;0;35;4;0;35;0.114285714;0;26;4;0;26;0.153846154;0;No
Female;Yes;No;15;9;9;0;9;1;0;8;8;0;8;1;0;7;7;0;7;1;0;4;4;0;4;1;0;6;6;0;6;1;0;5;5;0;5;1;0;6;6;0;6;1;0;5;5;0;5;1;0;5;5;0;5;1;0;9;9;0;9;1;0;6;6;0;6;1;0;4;4;0;4;1;0;4;4;0;4;1;0;9;9;0;9;1;0;5;5;0;5;1;0;5;5;0;5;1;0;3;3;0;3;1;0;6;6;0;6;1;0;4;3;1;4;0.75;0.25;5;4;1;5;0.8;0.2;2;2;0;2;1;0;6;6;0;6;1;0;5;5;0;5;1;0;6;6;0;6;1;0;6;6;0;6;1;0;9;7;2;9;0.777777778;0.222222222;40;4;0;40;0.1;0;18;2;1;18;0.111111111;0.055555556;NULL;NULL;NULL;NULL;NULL;NULL;21;2;2;21;0.095238095;0.095238095;50;3;4;50;0.06;0.08;46;3;6;46;0.065217391;0.130434783;No
Female;Yes;No;15;12;12;0;12;1;0;10;10;0;10;1;0;6;6;0;6;1;0;5;5;0;5;1;0;9;9;0;9;1;0;6;6;0;6;1;0;8;8;0;8;1;0;5;5;0;5;1;0;4;4;0;4;1;0;9;8;1;9;0.888888889;0.111111111;8;8;0;8;1;0;6;3;3;6;0.5;0.5;6;6;0;6;1;0;9;9;0;9;1;0;6;6;0;6;1;0;5;5;0;5;1;0;5;5;0;5;1;0;7;7;0;7;1;0;7;6;1;7;0.857142857;0.142857143;5;4;1;5;0.8;0.2;3;3;0;3;1;0;11;9;2;11;0.818181818;0.181818182;5;5;0;5;1;0;7;7;0;7;1;0;6;6;0;6;1;0;6;6;0;6;1;0;42;3;1;42;0.071428571;0.023809524;18;3;0;18;0.166666667;0;NULL;NULL;NULL;NULL;NULL;NULL;21;4;0;21;0.19047619;0;35;4;0;35;0.114285714;0;26;4;0;26;0.153846154;0;No
Female;Yes;No;15;11;11;0;11;1;0;10;10;0;10;1;0;8;8;0;8;1;0;4;4;0;4;1;0;5;5;0;5;1;0;4;4;0;4;1;0;7;7;0;7;1;0;4;4;0;4;1;0;4;4;0;4;1;0;8;7;1;8;875;125;6;6;0;6;1;0;7;7;0;7;1;0;8;6;2;8;0.75;0.25;9;9;0;9;1;0;8;8;0;8;1;0;6;6;0;6;1;0;7;7;0;7;1;0;5;4;1;5;0.8;0.2;7;5;2;7;0.714285714;0.285714286;3;3;0;3;1;0;5;0;5;5;0;1;7;7;0;7;1;0;9;9;0;9;1;0;6;4;2;6;0.666666667;0.333333333;6;6;0;6;1;0;9;5;4;9;0.555555556;0.444444444;30;2;1;30;0.066666667;0.033333333;38;5;1;38;0.131578947;0.026315789;NULL;NULL;NULL;NULL;NULL;NULL;21;2;2;21;0.095238095;0.095238095;35;4;0;35;0.114285714;0;35;4;2;35;0.114285714;0.057142857;No
Female;Yes;No;15;11;11;0;11;1;0;9;9;0;9;1;0;8;8;0;8;1;0;3;3;0;3;1;0;7;7;0;7;1;0;5;5;0;5;1;0;7;7;0;7;1;0;7;7;0;7;1;0;4;3;1;4;0.75;0.25;7;7;0;7;1;0;7;7;0;7;1;0;4;4;0;4;1;0;6;6;0;6;1;0;9;9;0;9;1;0;7;7;0;7;1;0;5;5;0;5;1;0;7;7;0;7;1;0;5;4;1;5;0.8;0.2;5;5;0;5;1;0;3;2;1;3;0.666666667;0.333333333;4;1;3;4;0.25;0.75;5;4;1;5;0.8;0.2;3;3;0;3;1;0;6;6;0;6;1;0;7;7;0;7;1;0;6;3;3;6;0.5;0.5;2;0;0;2;0;0;20;3;0;20;0.15;0;NULL;NULL;NULL;NULL;NULL;NULL;21;1;3;21;0.047619048;0.142857143;35;4;0;35;0.114285714;0;42;3;4;42;0.071428571;0.095238095;No
Female;Yes;No;15;11;11;0;11;1;0;11;11;0;11;1;0;7;7;0;7;1;0;5;5;0;5;1;0;8;8;0;8;1;0;5;5;0;5;1;0;9;9;0;9;1;0;4;4;0;4;1;0;5;5;0;5;1;0;8;8;0;8;1;0;5;4;1;5;0.8;0.2;7;7;0;7;1;0;3;3;0;3;1;0;9;9;0;9;1;0;4;4;0;4;1;0;4;4;0;4;1;0;4;4;0;4;1;0;6;6;0;6;1;0;5;4;1;5;0.8;0.2;4;2;2;4;0.5;0.5;1;1;0;1;1;0;9;9;0;9;1;0;5;5;0;5;1;0;5;5;0;5;1;0;5;4;1;5;0.8;0.2;8;7;1;8;875;125;18;2;0;18;0.111111111;0;32;5;0;32;0.15625;0;NULL;NULL;NULL;NULL;NULL;NULL;21;2;2;21;0.095238095;0.095238095;40;3;2;40;75;0.05;49;3;6;49;0.06122449;0.12244898;No
Male;Yes;No;15;8;8;0;8;1;0;8;8;0;8;1;0;4;4;0;4;1;0;4;4;0;4;1;0;6;6;0;6;1;0;5;5;0;5;1;0;6;6;0;6;1;0;3;3;0;3;1;0;3;3;0;3;1;0;7;7;0;7;1;0;1;0;1;1;0;1;6;6;0;6;1;0;4;4;0;4;1;0;7;7;0;7;1;0;3;3;0;3;1;0;7;7;0;7;1;0;5;3;2;5;0.6;0.4;4;4;0;4;1;0;5;4;1;5;0.8;0.2;4;2;2;4;0.5;0.5;5;3;2;5;0.6;0.4;7;6;1;7;0.857142857;0.142857143;8;5;3;8;625;375;7;7;0;7;1;0;6;6;0;6;1;0;12;10;2;12;0.833333333;0.166666667;18;1;1;18;0.055555556;0.055555556;28;3;1;28;0.107142857;0.035714286;NULL;NULL;NULL;NULL;NULL;NULL;21;3;1;21;0.142857143;0.047619048;35;4;0;35;0.114285714;0;36;3;4;36;0.083333333;0.111111111;No
Male;Yes;No;15;11;11;0;11;1;0;12;12;0;12;1;0;8;8;0;8;1;0;6;0;6;6;0;1;7;7;0;7;1;0;4;4;0;4;1;0;4;4;0;4;1;0;6;6;0;6;1;0;4;2;2;4;0.5;0.5;8;8;0;8;1;0;7;6;1;7;0.857142857;0.142857143;5;5;0;5;1;0;5;2;3;5;0.4;0.6;9;9;0;9;1;0;8;8;0;8;1;0;7;7;0;7;1;0;3;3;0;3;1;0;5;5;0;5;1;0;7;4;3;7;0.571428571;0.428571429;2;1;1;2;0.5;0.5;3;2;1;3;0.666666667;0.333333333;7;7;0;7;1;0;5;4;1;5;0.8;0.2;5;5;0;5;1;0;5;5;0;5;1;0;7;5;2;7;0.714285714;0.285714286;48;4;0;48;0.083333333;0;18;2;1;18;0.111111111;0.055555556;NULL;NULL;NULL;NULL;NULL;NULL;21;4;0;21;0.19047619;0;46;4;2;46;0.086956522;0.043478261;58;2;8;58;0.034482759;0.137931034;No
Male;Yes;No;15;11;11;0;11;1;0;11;11;0;11;1;0;6;5;1;6;0.833333333;0.166666667;2;2;0;2;1;0;1;0;1;1;0;1;6;4;2;6;0.666666667;0.333333333;1;0;1;1;0;1;5;5;0;5;1;0;5;5;0;5;1;0;7;7;0;7;1;0;6;6;0;6;1;0;5;3;2;5;0.6;0.4;5;4;1;5;0.8;0.2;10;10;0;10;1;0;9;9;0;9;1;0;8;8;0;8;1;0;7;6;1;7;0.857142857;0.142857143;4;4;0;4;1;0;7;6;1;7;0.857142857;0.142857143;2;2;0;2;1;0;3;3;0;3;1;0;5;4;1;5;0.8;0.2;5;4;1;5;0.8;0.2;9;8;1;9;0.888888889;0.111111111;7;7;0;7;1;0;12;7;5;12;0.583333333;0.416666667;40;3;1;40;75;25;46;7;0;46;0.152173913;0;NULL;NULL;NULL;NULL;NULL;NULL;21;4;0;21;0.19047619;0;62;3;6;62;0.048387097;0.096774194;26;4;0;26;0.153846154;0;No
Male;Yes;No;15;8;8;0;8;1;0;8;8;0;8;1;0;4;0;4;4;0;1;5;0;5;5;0;1;6;6;0;6;1;0;3;3;0;3;1;0;5;5;0;5;1;0;6;6;0;6;1;0;6;6;0;6;1;0;5;5;0;5;1;0;4;4;0;4;1;0;5;5;0;5;1;0;6;6;0;6;1;0;7;7;0;7;1;0;5;5;0;5;1;0;5;5;0;5;1;0;4;4;0;4;1;0;4;3;1;4;0.75;0.25;3;1;2;3;0.333333333;0.666666667;2;1;1;2;0.5;0.5;4;2;2;4;0.5;0.5;7;6;1;7;0.857142857;0.142857143;5;4;1;5;0.8;0.2;6;6;0;6;1;0;6;5;1;6;0.833333333;0.166666667;7;5;2;7;0.714285714;0.285714286;18;1;1;18;0.055555556;0.055555556;32;5;0;32;0.15625;0;NULL;NULL;NULL;NULL;NULL;NULL;21;4;0;21;0.19047619;0;35;4;0;35;0.114285714;0;106;0;26;106;0;0.245283019;No
Female;Yes;No;15;11;11;0;11;1;0;10;10;0;10;1;0;6;6;0;6;1;0;6;6;0;6;1;0;7;7;0;7;1;0;4;4;0;4;1;0;6;6;0;6;1;0;6;6;0;6;1;0;5;4;1;5;0.8;0.2;9;9;0;9;1;0;7;7;0;7;1;0;4;4;0;4;1;0;7;6;1;7;0.857142857;0.142857143;9;9;0;9;1;0;8;8;0;8;1;0;8;8;0;8;1;0;6;4;2;6;0.666666667;0.333333333;4;4;0;4;1;0;5;3;2;5;0.6;0.4;2;1;1;2;0.5;0.5;4;1;3;4;0.25;0.75;7;6;1;7;0.857142857;0.142857143;10;8;2;10;0.8;0.2;5;5;0;5;1;0;6;6;0;6;1;0;14;11;3;14;0.785714286;0.214285714;42;3;1;42;0.071428571;0.023809524;24;0;3;24;0;125;NULL;NULL;NULL;NULL;NULL;NULL;21;3;1;21;0.142857143;0.047619048;35;4;0;35;0.114285714;0;26;4;0;26;0.153846154;0;No
Male;Yes;No;15;8;8;0;8;1;0;7;7;0;7;1;0;6;6;0;6;1;0;6;6;0;6;1;0;6;6;0;6;1;0;6;6;0;6;1;0;4;4;0;4;1;0;6;6;0;6;1;0;4;4;0;4;1;0;7;7;0;7;1;0;5;5;0;5;1;0;5;5;0;5;1;0;4;4;0;4;1;0;7;7;0;7;1;0;6;6;0;6;1;0;6;6;0;6;1;0;4;4;0;4;1;0;6;6;0;6;1;0;5;5;0;5;1;0;5;5;0;5;1;0;2;2;0;2;1;0;3;3;0;3;1;0;7;7;0;7;1;0;4;4;0;4;1;0;5;5;0;5;1;0;11;10;1;11;0.909090909;0.090909091;30;3;0;30;0.1;0;32;5;0;32;0.15625;0;NULL;NULL;NULL;NULL;NULL;NULL;21;3;1;21;0.142857143;0.047619048;35;4;0;35;0.114285714;0;29;3;2;29;0.103448276;0.068965517;No
Male;Yes;No;15;7;3;4;7;0.428571429;0.571428571;11;11;0;11;1;0;8;8;0;8;1;0;13;0;13;13;0;1;9;9;0;9;1;0;6;6;0;6;1;0;11;11;0;11;1;0;7;6;1;7;0.857142857;0.142857143;4;4;0;4;1;0;10;9;1;10;0.9;0.1;5;5;0;5;1;0;6;6;0;6;1;0;5;4;1;5;0.8;0.2;8;8;0;8;1;0;7;7;0;7;1;0;6;6;0;6;1;0;6;5;1;6;0.833333333;0.166666667;6;6;0;6;1;0;6;5;1;6;0.833333333;0.166666667;6;2;4;6;0.333333333;0.666666667;3;2;1;3;0.666666667;0.333333333;5;4;1;5;0.8;0.2;9;8;1;9;0.888888889;0.111111111;8;8;0;8;1;0;7;6;1;7;0.857142857;0.142857143;9;7;2;9;0.777777778;0.222222222;46;3;1;46;0.065217391;0.02173913;52;4;3;52;0.076923077;0.057692308;NULL;NULL;NULL;NULL;NULL;NULL;21;4;0;21;0.19047619;0;35;4;0;35;0.114285714;0;26;4;0;26;0.153846154;0;No
Female;Yes;No;15;7;7;0;7;1;0;7;7;0;7;1;0;6;6;0;6;1;0;5;5;0;5;1;0;5;5;0;5;1;0;5;5;0;5;1;0;7;7;0;7;1;0;5;5;0;5;1;0;3;3;0;3;1;0;6;6;0;6;1;0;4;4;0;4;1;0;4;4;0;4;1;0;4;4;0;4;1;0;6;6;0;6;1;0;6;6;0;6;1;0;6;6;0;6;1;0;4;4;0;4;1;0;5;5;0;5;1;0;4;4;0;4;1;0;3;2;1;3;0.666666667;0.333333333;3;2;1;3;0.666666667;0.333333333;9;9;0;9;1;0;6;5;1;6;0.833333333;0.166666667;6;6;0;6;1;0;6;6;0;6;1;0;10;9;1;10;0.9;0.1;0;0;0;0;0;0;32;5;0;32;0.15625;0;NULL;NULL;NULL;NULL;NULL;NULL;21;3;1;21;0.142857143;0.047619048;35;4;0;35;0.114285714;0;33;3;2;33;0.090909091;0.060606061;No
Male;Yes;No;15;11;11;0;11;1;0;12;12;0;12;1;0;8;6;2;8;0.75;0.25;6;6;0;6;1;0;4;3;1;4;0.75;0.25;9;9;0;9;1;0;4;4;0;4;1;0;6;6;0;6;1;0;3;3;0;3;1;0;10;10;0;10;1;0;7;7;0;7;1;0;8;8;0;8;1;0;6;5;1;6;0.833333333;0.166666667;10;10;0;10;1;0;9;9;0;9;1;0;8;7;1;8;875;125;8;7;1;8;875;125;5;5;0;5;1;0;4;4;0;4;1;0;1;1;0;1;1;0;4;1;3;4;0.25;0.75;6;6;0;6;1;0;5;4;1;5;0.8;0.2;5;5;0;5;1;0;6;5;1;6;0.833333333;0.166666667;11;6;5;11;0.545454545;0.454545455;42;3;1;42;0.071428571;0.023809524;18;2;1;18;0.111111111;0.055555556;NULL;NULL;NULL;NULL;NULL;NULL;21;3;1;21;0.142857143;0.047619048;55;3;4;55;0.054545455;0.072727273;50;3;6;50;0.06;0.12;No
Female;Yes;Yes;15;9;9;0;9;1;0;10;10;0;10;1;0;6;6;0;6;1;0;1;1;0;1;1;0;5;5;0;5;1;0;7;6;1;7;0.857142857;0.142857143;4;4;0;4;1;0;4;4;0;4;1;0;1;1;0;1;1;0;6;6;0;6;1;0;4;4;0;4;1;0;5;4;1;5;0.8;0.2;7;6;1;7;0.857142857;0.142857143;7;7;0;7;1;0;4;4;0;4;1;0;4;4;0;4;1;0;7;7;0;7;1;0;4;4;0;4;1;0;3;3;0;3;1;0;3;0;3;3;0;1;4;1;3;4;0.25;0.75;6;5;1;6;0.833333333;0.166666667;5;4;1;5;0.8;0.2;3;3;0;3;1;0;3;3;0;3;1;0;4;2;2;4;0.5;0.5;34;2;1;34;0.058823529;0.029411765;32;4;1;32;125;0.03125;NULL;NULL;NULL;NULL;NULL;NULL;21;1;3;21;0.047619048;0.142857143;35;4;0;35;0.114285714;0;66;2;12;66;0.03030303;0.181818182;No
Female;Yes;No;15;13;13;0;13;1;0;13;13;0;13;1;0;10;10;0;10;1;0;5;4;1;5;0.8;0.2;7;7;0;7;1;0;8;7;1;8;875;125;9;9;0;9;1;0;8;8;0;8;1;0;7;7;0;7;1;0;13;13;0;13;1;0;9;9;0;9;1;0;6;6;0;6;1;0;8;8;0;8;1;0;11;11;0;11;1;0;9;9;0;9;1;0;8;8;0;8;1;0;9;8;1;9;0.888888889;0.111111111;8;8;0;8;1;0;8;7;1;8;875;125;7;6;1;7;0.857142857;0.142857143;5;2;3;5;0.4;0.6;17;16;1;17;0.941176471;0.058823529;14;12;2;14;0.857142857;0.142857143;9;9;0;9;1;0;12;12;0;12;1;0;19;17;2;19;0.894736842;0.105263158;40;3;1;40;75;25;60;8;0;60;0.133333333;0;NULL;NULL;NULL;NULL;NULL;NULL;21;4;0;21;0.19047619;0;35;4;0;35;0.114285714;0;44;4;4;44;0.090909091;0.090909091;No
Female;Yes;No;15;9;9;0;9;1;0;8;8;0;8;1;0;8;8;0;8;1;0;6;6;0;6;1;0;6;6;0;6;1;0;6;6;0;6;1;0;5;5;0;5;1;0;7;7;0;7;1;0;4;4;0;4;1;0;9;9;0;9;1;0;6;6;0;6;1;0;8;8;0;8;1;0;5;5;0;5;1;0;7;7;0;7;1;0;5;5;0;5;1;0;6;6;0;6;1;0;6;6;0;6;1;0;6;6;0;6;1;0;5;5;0;5;1;0;3;2;1;3;0.666666667;0.333333333;1;1;0;1;1;0;9;9;0;9;1;0;5;4;1;5;0.8;0.2;4;4;0;4;1;0;5;4;1;5;0.8;0.2;10;7;3;10;0.7;0.3;18;1;1;18;0.055555556;0.055555556;34;5;0;34;0.147058824;0;NULL;NULL;NULL;NULL;NULL;NULL;21;4;0;21;0.19047619;0;35;4;0;35;0.114285714;0;36;3;4;36;0.083333333;0.111111111;No
Female;Yes;No;15;13;13;0;13;1;0;9;9;0;9;1;0;9;9;0;9;1;0;6;6;0;6;1;0;8;8;0;8;1;0;7;7;0;7;1;0;8;7;1;8;875;125;6;6;0;6;1;0;5;5;0;5;1;0;9;9;0;9;1;0;6;5;1;6;0.833333333;0.166666667;8;7;1;8;875;125;6;5;1;6;0.833333333;0.166666667;9;9;0;9;1;0;7;7;0;7;1;0;9;9;0;9;1;0;6;6;0;6;1;0;6;6;0;6;1;0;5;4;1;5;0.8;0.2;6;2;4;6;0.333333333;0.666666667;5;2;3;5;0.4;0.6;11;9;2;11;0.818181818;0.181818182;7;7;0;7;1;0;6;6;0;6;1;0;4;3;1;4;0.75;0.25;10;7;3;10;0.7;0.3;60;4;1;60;0.066666667;0.016666667;20;2;1;20;0.1;0.05;NULL;NULL;NULL;NULL;NULL;NULL;21;2;2;21;0.095238095;0.095238095;35;4;0;35;0.114285714;0;50;2;8;50;0.04;0.16;No
Male;Yes;No;15;11;11;0;11;1;0;9;9;0;9;1;0;8;8;0;8;1;0;3;3;0;3;1;0;5;5;0;5;1;0;6;6;0;6;1;0;7;7;0;7;1;0;7;7;0;7;1;0;5;5;0;5;1;0;10;10;0;10;1;0;5;5;0;5;1;0;5;3;2;5;0.6;0.4;5;5;0;5;1;0;9;9;0;9;1;0;5;5;0;5;1;0;6;6;0;6;1;0;5;5;0;5;1;0;5;4;1;5;0.8;0.2;6;5;1;6;0.833333333;0.166666667;3;2;1;3;0.666666667;0.333333333;2;1;1;2;0.5;0.5;11;10;1;11;0.909090909;0.090909091;7;4;3;7;0.571428571;0.428571429;8;8;0;8;1;0;8;7;1;8;875;125;11;8;3;11;0.727272727;0.272727273;40;4;0;40;0.1;0;38;6;0;38;0.157894737;0;NULL;NULL;NULL;NULL;NULL;NULL;21;3;1;21;0.142857143;0.047619048;45;4;2;45;0.088888889;0.044444444;65;2;10;65;0.030769231;0.153846154;No
Female;Yes;No;15;7;7;0;7;1;0;8;8;0;8;1;0;7;7;0;7;1;0;6;6;0;6;1;0;5;5;0;5;1;0;5;5;0;5;1;0;7;7;0;7;1;0;6;6;0;6;1;0;3;3;0;3;1;0;8;8;0;8;1;0;6;6;0;6;1;0;5;5;0;5;1;0;5;5;0;5;1;0;7;7;0;7;1;0;4;4;0;4;1;0;5;5;0;5;1;0;6;6;0;6;1;0;3;2;1;3;0.666666667;0.333333333;5;5;0;5;1;0;2;2;0;2;1;0;3;2;1;3;0.666666667;0.333333333;6;6;0;6;1;0;5;5;0;5;1;0;4;4;0;4;1;0;8;8;0;8;1;0;12;11;1;12;0.916666667;0.083333333;40;2;2;40;0.05;0.05;32;5;0;32;0.15625;0;NULL;NULL;NULL;NULL;NULL;NULL;21;3;1;21;0.142857143;0.047619048;35;4;0;35;0.114285714;0;26;4;0;26;0.153846154;0;No
Male;Yes;No;15;10;10;0;10;1;0;10;9;1;10;0.9;0.1;9;9;0;9;1;0;4;4;0;4;1;0;5;5;0;5;1;0;6;0;6;6;0;1;6;6;0;6;1;0;6;5;1;6;0.833333333;0.166666667;2;2;0;2;1;0;8;7;1;8;875;125;4;3;1;4;0.75;0.25;4;4;0;4;1;0;6;6;0;6;1;0;10;10;0;10;1;0;7;5;2;7;0.714285714;0.285714286;7;7;0;7;1;0;6;6;0;6;1;0;6;6;0;6;1;0;4;2;2;4;0.5;0.5;3;2;1;3;0.666666667;0.333333333;3;3;0;3;1;0;4;3;1;4;0.75;0.25;6;3;3;6;0.5;0.5;6;6;0;6;1;0;8;8;0;8;1;0;9;7;2;9;0.777777778;0.222222222;30;2;1;30;0.066666667;0.033333333;22;3;0;22;0.136363636;0;NULL;NULL;NULL;NULL;NULL;NULL;21;3;1;21;0.142857143;0.047619048;35;4;0;35;0.114285714;0;36;3;4;36;0.083333333;0.111111111;No
Female;Yes;No;15;10;10;0;10;1;0;10;10;0;10;1;0;10;10;0;10;1;0;7;7;0;7;1;0;7;7;0;7;1;0;5;5;0;5;1;0;9;9;0;9;1;0;8;8;0;8;1;0;3;3;0;3;1;0;8;8;0;8;1;0;6;6;0;6;1;0;6;3;3;6;0.5;0.5;7;7;0;7;1;0;10;10;0;10;1;0;7;7;0;7;1;0;6;6;0;6;1;0;6;6;0;6;1;0;6;6;0;6;1;0;7;6;1;7;0.857142857;0.142857143;4;4;0;4;1;0;3;0;3;3;0;1;12;12;0;12;1;0;10;10;0;10;1;0;5;4;1;5;0.8;0.2;8;8;0;8;1;0;5;2;3;5;0.4;0.6;38;3;0;38;0.078947368;0;38;5;1;38;0.131578947;0.026315789;NULL;NULL;NULL;NULL;NULL;NULL;21;3;1;21;0.142857143;0.047619048;35;4;0;35;0.114285714;0;43;3;4;43;0.069767442;0.093023256;No
Female;Yes;No;15;9;9;0;9;1;0;9;9;0;9;1;0;9;9;0;9;1;0;4;4;0;4;1;0;5;0;5;5;0;1;5;5;0;5;1;0;7;7;0;7;1;0;5;5;0;5;1;0;4;4;0;4;1;0;8;8;0;8;1;0;5;5;0;5;1;0;5;5;0;5;1;0;8;7;1;8;875;125;9;9;0;9;1;0;2;2;0;2;1;0;6;6;0;6;1;0;6;6;0;6;1;0;5;5;0;5;1;0;7;6;1;7;0.857142857;0.142857143;3;3;0;3;1;0;4;4;0;4;1;0;6;5;1;6;0.833333333;0.166666667;9;9;0;9;1;0;7;7;0;7;1;0;7;7;0;7;1;0;10;7;3;10;0.7;0.3;30;3;0;30;0.1;0;18;2;1;18;0.111111111;0.055555556;NULL;NULL;NULL;NULL;NULL;NULL;21;3;1;21;0.142857143;0.047619048;35;4;0;35;0.114285714;0;35;4;2;35;0.114285714;0.057142857;No
Male;Yes;No;15;10;2;8;10;0.2;0.8;27;10;17;27;0.37037037;0.62962963;75;6;69;75;0.08;0.92;65;4;61;65;0.061538462;0.938461538;32;1;31;32;0.03125;0.96875;61;8;53;61;0.131147541;0.868852459;64;6;58;64;0.09375;0.90625;69;9;60;69;0.130434783;0.869565217;64;6;58;64;0.09375;0.90625;49;12;37;49;0.244897959;0.755102041;63;9;54;63;0.142857143;0.857142857;0;0;0;0;0;0;56;4;52;56;0.071428571;0.928571429;43;4;39;43;0.093023256;0.906976744;68;0;68;68;0;1;50;3;47;50;0.06;0.94;37;1;36;37;0.027027027;0.972972973;44;5;39;44;0.113636364;0.886363636;54;9;45;54;0.166666667;0.833333333;42;8;34;42;0.19047619;0.80952381;53;5;48;53;0.094339623;0.905660377;144;37;107;144;0.256944444;0.743055556;117;31;86;117;0.264957265;0.735042735;34;3;31;34;0.088235294;0.911764706;50;5;45;50;0.1;0.9;16;4;12;16;0.25;0.75;189;0;16;189;0;0.084656085;162;0;21;162;0;0.12962963;NULL;NULL;NULL;NULL;NULL;NULL;21;0;4;21;0;0.19047619;337;0;62;337;0;0.183976261;378;0;108;378;0;0.285714286;No
Female;Yes;No;15;10;10;0;10;1;0;10;10;0;10;1;0;7;7;0;7;1;0;5;5;0;5;1;0;6;6;0;6;1;0;4;4;0;4;1;0;8;8;0;8;1;0;6;6;0;6;1;0;5;5;0;5;1;0;8;8;0;8;1;0;3;3;0;3;1;0;7;7;0;7;1;0;6;6;0;6;1;0;10;10;0;10;1;0;5;5;0;5;1;0;3;3;0;3;1;0;7;7;0;7;1;0;5;5;0;5;1;0;5;4;1;5;0.8;0.2;5;2;3;5;0.4;0.6;4;4;0;4;1;0;11;11;0;11;1;0;8;7;1;8;875;125;4;4;0;4;1;0;8;8;0;8;1;0;11;9;2;11;0.818181818;0.181818182;10;0;1;10;0;0.1;32;5;0;32;0.15625;0;NULL;NULL;NULL;NULL;NULL;NULL;21;3;1;21;0.142857143;0.047619048;35;4;0;35;0.114285714;0;26;4;0;26;0.153846154;0;No
Female;Yes;No;15;12;12;0;12;1;0;13;13;0;13;1;0;7;7;0;7;1;0;4;4;0;4;1;0;5;5;0;5;1;0;6;6;0;6;1;0;9;9;0;9;1;0;6;5;1;6;0.833333333;0.166666667;4;4;0;4;1;0;8;8;0;8;1;0;6;6;0;6;1;0;4;4;0;4;1;0;7;7;0;7;1;0;9;9;0;9;1;0;4;4;0;4;1;0;7;7;0;7;1;0;7;7;0;7;1;0;5;5;0;5;1;0;5;4;1;5;0.8;0.2;5;5;0;5;1;0;2;0;2;2;0;1;7;5;2;7;0.714285714;0.285714286;7;7;0;7;1;0;8;8;0;8;1;0;7;5;2;7;0.714285714;0.285714286;13;11;2;13;0.846153846;0.153846154;8;0;0;8;0;0;32;4;1;32;125;0.03125;NULL;NULL;NULL;NULL;NULL;NULL;21;3;1;21;0.142857143;0.047619048;35;4;0;35;0.114285714;0;35;3;3;35;0.085714286;0.085714286;No
Male;Yes;No;15;12;12;0;12;1;0;12;11;1;12;0.916666667;0.083333333;9;9;0;9;1;0;4;4;0;4;1;0;9;9;0;9;1;0;10;9;1;10;0.9;0.1;3;3;0;3;1;0;7;7;0;7;1;0;6;6;0;6;1;0;10;10;0;10;1;0;8;8;0;8;1;0;12;12;0;12;1;0;7;7;0;7;1;0;11;10;1;11;0.909090909;0.090909091;7;7;0;7;1;0;8;8;0;8;1;0;8;8;0;8;1;0;5;5;0;5;1;0;7;5;2;7;0.714285714;0.285714286;5;1;4;5;0.2;0.8;4;0;4;4;0;1;14;12;2;14;0.857142857;0.142857143;7;7;0;7;1;0;9;9;0;9;1;0;8;7;1;8;875;125;12;7;5;12;0.583333333;0.416666667;40;2;2;40;0.05;0.05;36;3;2;36;0.083333333;0.055555556;NULL;NULL;NULL;NULL;NULL;NULL;21;4;0;21;0.19047619;0;35;4;0;35;0.114285714;0;65;3;10;65;0.046153846;0.153846154;No
Male;Yes;No;15;14;14;0;14;1;0;10;10;0;10;1;0;7;7;0;7;1;0;2;2;0;2;1;0;7;7;0;7;1;0;3;3;0;3;1;0;7;7;0;7;1;0;4;4;0;4;1;0;5;5;0;5;1;0;9;9;0;9;1;0;7;5;2;7;0.714285714;0.285714286;5;5;0;5;1;0;8;8;0;8;1;0;9;9;0;9;1;0;8;8;0;8;1;0;6;5;1;6;0.833333333;0.166666667;4;2;2;4;0.5;0.5;5;5;0;5;1;0;7;5;2;7;0.714285714;0.285714286;9;3;6;9;0.333333333;0.666666667;3;1;2;3;0.333333333;0.666666667;11;11;0;11;1;0;12;12;0;12;1;0;8;8;0;8;1;0;7;5;2;7;0.714285714;0.285714286;16;9;7;16;0.5625;0.4375;62;3;3;62;0.048387097;0.048387097;46;2;5;46;0.043478261;0.108695652;NULL;NULL;NULL;NULL;NULL;NULL;21;4;0;21;0.19047619;0;35;4;0;35;0.114285714;0;43;3;8;43;0.069767442;0.186046512;No
Male;Yes;No;15;12;12;0;12;1;0;11;11;0;11;1;0;9;9;0;9;1;0;5;5;0;5;1;0;7;7;0;7;1;0;6;6;0;6;1;0;3;3;0;3;1;0;6;6;0;6;1;0;4;4;0;4;1;0;3;1;2;3;0.333333333;0.666666667;4;4;0;4;1;0;8;7;1;8;875;125;9;9;0;9;1;0;11;11;0;11;1;0;7;7;0;7;1;0;9;8;1;9;0.888888889;0.111111111;7;7;0;7;1;0;6;6;0;6;1;0;6;4;2;6;0.666666667;0.333333333;5;3;2;5;0.6;0.4;3;2;1;3;0.666666667;0.333333333;10;10;0;10;1;0;6;6;0;6;1;0;9;9;0;9;1;0;9;9;0;9;1;0;12;10;2;12;0.833333333;0.166666667;32;3;0;32;0.09375;0;46;6;1;46;0.130434783;0.02173913;NULL;NULL;NULL;NULL;NULL;NULL;21;4;0;21;0.19047619;0;35;4;0;35;0.114285714;0;55;3;8;55;0.054545455;0.145454545;No
Male;Yes;No;15;13;13;0;13;1;0;10;10;0;10;1;0;8;8;0;8;1;0;5;5;0;5;1;0;11;11;0;11;1;0;6;6;0;6;1;0;7;7;0;7;1;0;5;5;0;5;1;0;4;4;0;4;1;0;10;10;0;10;1;0;6;5;1;6;0.833333333;0.166666667;0;0;0;0;0;0;9;8;1;9;0.888888889;0.111111111;10;10;0;10;1;0;7;7;0;7;1;0;7;7;0;7;1;0;3;3;0;3;1;0;7;7;0;7;1;0;5;3;2;5;0.6;0.4;4;3;1;4;0.75;0.25;3;1;2;3;0.333333333;0.666666667;5;5;0;5;1;0;5;5;0;5;1;0;4;4;0;4;1;0;6;6;0;6;1;0;7;4;3;7;0.571428571;0.428571429;46;4;0;46;0.086956522;0;32;4;1;32;125;0.03125;NULL;NULL;NULL;NULL;NULL;NULL;21;4;0;21;0.19047619;0;35;4;0;35;0.114285714;0;36;3;4;36;0.083333333;0.111111111;No
Female;Yes;No;15;14;14;0;14;1;0;12;12;0;12;1;0;10;10;0;10;1;0;5;5;0;5;1;0;8;8;0;8;1;0;11;11;0;11;1;0;8;8;0;8;1;0;9;9;0;9;1;0;4;4;0;4;1;0;10;10;0;10;1;0;7;7;0;7;1;0;8;8;0;8;1;0;9;9;0;9;1;0;12;12;0;12;1;0;10;10;0;10;1;0;9;9;0;9;1;0;10;10;0;10;1;0;7;7;0;7;1;0;9;9;0;9;1;0;4;0;4;4;0;1;5;3;2;5;0.6;0.4;16;16;0;16;1;0;6;5;1;6;0.833333333;0.166666667;9;9;0;9;1;0;9;8;1;9;0.888888889;0.111111111;16;12;4;16;0.75;0.25;30;3;0;30;0.1;0;41;4;1;41;0.097560976;0.024390244;NULL;NULL;NULL;NULL;NULL;NULL;21;4;0;21;0.19047619;0;35;4;0;35;0.114285714;0;46;3;6;46;0.065217391;0.130434783;No
Female;Yes;No;15;12;12;0;12;1;0;10;10;0;10;1;0;9;9;0;9;1;0;6;0;6;6;0;1;8;8;0;8;1;0;4;4;0;4;1;0;8;8;0;8;1;0;5;5;0;5;1;0;2;1;1;2;0.5;0.5;10;10;0;10;1;0;5;5;0;5;1;0;4;4;0;4;1;0;4;4;0;4;1;0;9;9;0;9;1;0;6;6;0;6;1;0;6;6;0;6;1;0;5;5;0;5;1;0;6;6;0;6;1;0;6;6;0;6;1;0;3;3;0;3;1;0;3;3;0;3;1;0;6;6;0;6;1;0;7;6;1;7;0.857142857;0.142857143;7;7;0;7;1;0;8;8;0;8;1;0;9;6;3;9;0.666666667;0.333333333;18;1;1;18;0.055555556;0.055555556;18;2;1;18;0.111111111;0.055555556;NULL;NULL;NULL;NULL;NULL;NULL;21;4;0;21;0.19047619;0;35;4;0;35;0.114285714;0;26;4;0;26;0.153846154;0;No
Female;Yes;No;15;1;1;0;1;1;0;11;11;0;11;1;0;9;9;0;9;1;0;9;0;9;9;0;1;7;7;0;7;1;0;6;6;0;6;1;0;6;6;0;6;1;0;6;6;0;6;1;0;4;4;0;4;1;0;11;11;0;11;1;0;6;6;0;6;1;0;7;7;0;7;1;0;8;5;3;8;625;375;9;9;0;9;1;0;6;6;0;6;1;0;6;6;0;6;1;0;7;7;0;7;1;0;4;4;0;4;1;0;4;4;0;4;1;0;4;3;1;4;0.75;0.25;5;4;1;5;0.8;0.2;7;7;0;7;1;0;7;7;0;7;1;0;6;6;0;6;1;0;8;8;0;8;1;0;15;14;1;15;0.933333333;0.066666667;9;0;0;9;0;0;26;3;1;26;0.115384615;0.038461538;NULL;NULL;NULL;NULL;NULL;NULL;21;4;0;21;0.19047619;0;35;4;0;35;0.114285714;0;36;3;4;36;0.083333333;0.111111111;No
Female;Yes;No;15;13;13;0;13;1;0;10;10;0;10;1;0;7;6;1;7;0.857142857;0.142857143;8;0;8;8;0;1;6;6;0;6;1;0;6;5;1;6;0.833333333;0.166666667;7;7;0;7;1;0;5;5;0;5;1;0;2;1;1;2;0.5;0.5;9;9;0;9;1;0;5;5;0;5;1;0;5;5;0;5;1;0;5;5;0;5;1;0;11;11;0;11;1;0;5;5;0;5;1;0;7;7;0;7;1;0;6;6;0;6;1;0;5;5;0;5;1;0;5;3;2;5;0.6;0.4;4;4;0;4;1;0;3;3;0;3;1;0;6;6;0;6;1;0;5;5;0;5;1;0;7;7;0;7;1;0;8;8;0;8;1;0;9;7;2;9;0.777777778;0.222222222;46;3;1;46;0.065217391;0.02173913;26;4;0;26;0.153846154;0;NULL;NULL;NULL;NULL;NULL;NULL;21;3;1;21;0.142857143;0.047619048;35;4;0;35;0.114285714;0;44;4;4;44;0.090909091;0.090909091;No
Female;Yes;No;15;8;8;0;8;1;0;9;9;0;9;1;0;6;6;0;6;1;0;4;0;4;4;0;1;5;5;0;5;1;0;6;6;0;6;1;0;4;4;0;4;1;0;7;7;0;7;1;0;2;2;0;2;1;0;7;7;0;7;1;0;0;0;0;0;0;0;5;5;0;5;1;0;5;4;1;5;0.8;0.2;6;6;0;6;1;0;7;7;0;7;1;0;5;5;0;5;1;0;4;4;0;4;1;0;3;3;0;3;1;0;3;3;0;3;1;0;2;2;0;2;1;0;2;0;2;2;0;1;3;3;0;3;1;0;4;4;0;4;1;0;5;5;0;5;1;0;4;3;1;4;0.75;0.25;2;1;1;2;0.5;0.5;2;0;0;2;0;0;12;1;1;12;0.083333333;0.083333333;NULL;NULL;NULL;NULL;NULL;NULL;21;4;0;21;0.19047619;0;35;4;0;35;0.114285714;0;34;3;2;34;0.088235294;0.058823529;No
Female;Yes;Yes;15;10;10;0;10;1;0;10;10;0;10;1;0;7;7;0;7;1;0;9;0;9;9;0;1;6;6;0;6;1;0;6;6;0;6;1;0;7;7;0;7;1;0;8;8;0;8;1;0;4;4;0;4;1;0;9;9;0;9;1;0;9;9;0;9;1;0;5;5;0;5;1;0;9;4;5;9;0.444444444;0.555555556;9;9;0;9;1;0;8;8;0;8;1;0;6;6;0;6;1;0;6;6;0;6;1;0;6;6;0;6;1;0;4;3;1;4;0.75;0.25;5;0;5;5;0;1;4;4;0;4;1;0;8;8;0;8;1;0;5;4;1;5;0.8;0.2;6;6;0;6;1;0;6;5;1;6;0.833333333;0.166666667;9;6;3;9;0.666666667;0.333333333;34;2;1;34;0.058823529;0.029411765;32;2;3;32;0.0625;0.09375;NULL;NULL;NULL;NULL;NULL;NULL;21;4;0;21;0.19047619;0;97;2;14;97;0.020618557;0.144329897;87;3;16;87;0.034482759;0.183908046;No
Female;Yes;No;15;10;10;0;10;1;0;6;6;0;6;1;0;9;9;0;9;1;0;5;5;0;5;1;0;6;6;0;6;1;0;4;4;0;4;1;0;6;6;0;6;1;0;5;5;0;5;1;0;5;4;1;5;0.8;0.2;9;9;0;9;1;0;5;5;0;5;1;0;3;3;0;3;1;0;7;6;1;7;0.857142857;0.142857143;7;7;0;7;1;0;6;6;0;6;1;0;7;7;0;7;1;0;7;7;0;7;1;0;8;8;0;8;1;0;8;6;2;8;0.75;0.25;5;1;4;5;0.2;0.8;3;0;3;3;0;1;7;7;0;7;1;0;9;7;2;9;0.777777778;0.222222222;5;4;1;5;0.8;0.2;6;6;0;6;1;0;7;3;4;7;0.428571429;0.571428571;4;0;0;4;0;0;32;5;0;32;0.15625;0;NULL;NULL;NULL;NULL;NULL;NULL;21;4;0;21;0.19047619;0;35;4;0;35;0.114285714;0;26;4;0;26;0.153846154;0;No
Female;Yes;No;15;11;11;0;11;1;0;11;11;0;11;1;0;9;9;0;9;1;0;6;6;0;6;1;0;8;8;0;8;1;0;5;5;0;5;1;0;4;4;0;4;1;0;5;5;0;5;1;0;5;5;0;5;1;0;10;10;0;10;1;0;6;6;0;6;1;0;4;4;0;4;1;0;6;5;1;6;0.833333333;0.166666667;10;10;0;10;1;0;7;7;0;7;1;0;5;5;0;5;1;0;7;7;0;7;1;0;4;4;0;4;1;0;5;5;0;5;1;0;3;3;0;3;1;0;1;1;0;1;1;0;7;7;0;7;1;0;7;7;0;7;1;0;5;5;0;5;1;0;7;7;0;7;1;0;12;9;3;12;0.75;0.25;40;4;0;40;0.1;0;18;2;1;18;0.111111111;0.055555556;NULL;NULL;NULL;NULL;NULL;NULL;21;4;0;21;0.19047619;0;35;4;0;35;0.114285714;0;45;3;6;45;0.066666667;0.133333333;No
Male;Yes;No;15;13;13;0;13;1;0;10;10;0;10;1;0;8;8;0;8;1;0;7;0;7;7;0;1;6;5;1;6;0.833333333;0.166666667;6;5;1;6;0.833333333;0.166666667;7;7;0;7;1;0;6;6;0;6;1;0;5;5;0;5;1;0;8;8;0;8;1;0;3;3;0;3;1;0;6;4;2;6;0.666666667;0.333333333;8;8;0;8;1;0;10;10;0;10;1;0;6;6;0;6;1;0;8;7;1;8;875;125;7;7;0;7;1;0;5;5;0;5;1;0;6;5;1;6;0.833333333;0.166666667;4;2;2;4;0.5;0.5;3;3;0;3;1;0;5;5;0;5;1;0;8;8;0;8;1;0;7;7;0;7;1;0;5;5;0;5;1;0;8;7;1;8;875;125;42;3;1;42;0.071428571;0.023809524;26;4;0;26;0.153846154;0;NULL;NULL;NULL;NULL;NULL;NULL;21;3;1;21;0.142857143;0.047619048;35;4;0;35;0.114285714;0;56;2;8;56;0.035714286;0.142857143;No
Male;Yes;No;15;9;9;0;9;1;0;9;9;0;9;1;0;8;8;0;8;1;0;6;6;0;6;1;0;6;6;0;6;1;0;5;4;1;5;0.8;0.2;7;7;0;7;1;0;5;5;0;5;1;0;3;3;0;3;1;0;8;8;0;8;1;0;6;5;1;6;0.833333333;0.166666667;5;4;1;5;0.8;0.2;6;6;0;6;1;0;10;9;1;10;0.9;0.1;6;6;0;6;1;0;7;7;0;7;1;0;7;7;0;7;1;0;5;5;0;5;1;0;5;4;1;5;0.8;0.2;5;3;2;5;0.6;0.4;2;0;2;2;0;1;8;7;1;8;875;125;10;8;2;10;0.8;0.2;8;8;0;8;1;0;7;6;1;7;0.857142857;0.142857143;12;8;4;12;0.666666667;0.333333333;40;1;3;40;25;75;32;4;1;32;125;0.03125;NULL;NULL;NULL;NULL;NULL;NULL;21;3;1;21;0.142857143;0.047619048;35;4;0;35;0.114285714;0;56;2;10;56;0.035714286;0.178571429;No
Female;Yes;No;15;11;11;0;11;1;0;11;11;0;11;1;0;8;8;0;8;1;0;6;5;1;6;0.833333333;0.166666667;8;8;0;8;1;0;7;7;0;7;1;0;6;6;0;6;1;0;7;6;1;7;0.857142857;0.142857143;5;5;0;5;1;0;10;10;0;10;1;0;5;4;1;5;0.8;0.2;4;4;0;4;1;0;7;7;0;7;1;0;11;11;0;11;1;0;8;8;0;8;1;0;9;9;0;9;1;0;8;7;1;8;875;125;5;5;0;5;1;0;4;2;2;4;0.5;0.5;4;3;1;4;0.75;0.25;1;0;1;1;0;1;11;11;0;11;1;0;7;5;2;7;0.714285714;0.285714286;8;8;0;8;1;0;7;6;1;7;0.857142857;0.142857143;10;7;3;10;0.7;0.3;40;3;1;40;75;25;37;3;2;37;0.081081081;0.054054054;NULL;NULL;NULL;NULL;NULL;NULL;21;3;1;21;0.142857143;0.047619048;35;4;0;35;0.114285714;0;55;3;8;55;0.054545455;0.145454545;No
Female;Yes;No;15;11;11;0;11;1;0;11;11;0;11;1;0;8;8;0;8;1;0;5;5;0;5;1;0;7;7;0;7;1;0;5;5;0;5;1;0;7;7;0;7;1;0;5;5;0;5;1;0;6;6;0;6;1;0;10;10;0;10;1;0;6;6;0;6;1;0;6;6;0;6;1;0;6;5;1;6;0.833333333;0.166666667;10;10;0;10;1;0;9;9;0;9;1;0;4;4;0;4;1;0;8;8;0;8;1;0;4;4;0;4;1;0;4;4;0;4;1;0;4;3;1;4;0.75;0.25;2;2;0;2;1;0;6;6;0;6;1;0;11;11;0;11;1;0;6;6;0;6;1;0;6;5;1;6;0.833333333;0.166666667;16;14;2;16;875;125;30;3;0;30;0.1;0;38;4;2;38;0.105263158;0.052631579;NULL;NULL;NULL;NULL;NULL;NULL;21;2;2;21;0.095238095;0.095238095;35;4;0;35;0.114285714;0;27;3;2;27;0.111111111;0.074074074;No
Male;Yes;No;15;9;9;0;9;1;0;7;7;0;7;1;0;9;9;0;9;1;0;4;4;0;4;1;0;8;8;0;8;1;0;5;3;2;5;0.6;0.4;9;9;0;9;1;0;9;8;1;9;0.888888889;0.111111111;5;4;1;5;0.8;0.2;7;7;0;7;1;0;7;6;1;7;0.857142857;0.142857143;8;7;1;8;875;125;7;7;0;7;1;0;11;11;0;11;1;0;9;9;0;9;1;0;9;8;1;9;0.888888889;0.111111111;7;7;0;7;1;0;6;5;1;6;0.833333333;0.166666667;5;1;4;5;0.2;0.8;5;4;1;5;0.8;0.2;0;0;0;0;0;0;12;9;3;12;0.75;0.25;12;12;0;12;1;0;9;9;0;9;1;0;7;7;0;7;1;0;10;7;3;10;0.7;0.3;40;3;1;40;75;25;34;4;1;34;0.117647059;0.029411765;NULL;NULL;NULL;NULL;NULL;NULL;21;2;2;21;0.095238095;0.095238095;47;3;4;47;0.063829787;0.085106383;48;3;8;48;0.0625;0.166666667;No
Female;Yes;No;15;11;11;0;11;1;0;12;12;0;12;1;0;10;10;0;10;1;0;4;4;0;4;1;0;8;8;0;8;1;0;7;7;0;7;1;0;4;4;0;4;1;0;6;6;0;6;1;0;2;2;0;2;1;0;9;9;0;9;1;0;7;7;0;7;1;0;7;7;0;7;1;0;6;4;2;6;0.666666667;0.333333333;11;11;0;11;1;0;8;8;0;8;1;0;8;8;0;8;1;0;7;7;0;7;1;0;6;6;0;6;1;0;4;3;1;4;0.75;0.25;6;6;0;6;1;0;5;1;4;5;0.2;0.8;11;10;1;11;0.909090909;0.090909091;10;10;0;10;1;0;6;6;0;6;1;0;7;7;0;7;1;0;8;3;5;8;375;625;30;3;0;30;0.1;0;40;4;1;40;0.1;25;NULL;NULL;NULL;NULL;NULL;NULL;21;4;0;21;0.19047619;0;35;4;0;35;0.114285714;0;49;3;6;49;0.06122449;0.12244898;No
Female;Yes;No;15;11;11;0;11;1;0;12;12;0;12;1;0;8;8;0;8;1;0;5;5;0;5;1;0;6;6;0;6;1;0;7;6;1;7;0.857142857;0.142857143;9;9;0;9;1;0;8;8;0;8;1;0;2;2;0;2;1;0;9;9;0;9;1;0;6;6;0;6;1;0;7;7;0;7;1;0;7;7;0;7;1;0;12;12;0;12;1;0;7;7;0;7;1;0;6;6;0;6;1;0;7;7;0;7;1;0;7;7;0;7;1;0;6;4;2;6;0.666666667;0.333333333;3;0;3;3;0;1;4;3;1;4;0.75;0.25;8;8;0;8;1;0;10;10;0;10;1;0;7;7;0;7;1;0;6;6;0;6;1;0;11;8;3;11;0.727272727;0.272727273;40;3;1;40;75;25;38;6;0;38;0.157894737;0;NULL;NULL;NULL;NULL;NULL;NULL;21;4;0;21;0.19047619;0;35;4;0;35;0.114285714;0;53;3;8;53;0.056603774;0.150943396;No
Female;Yes;No;15;14;14;0;14;1;0;13;13;0;13;1;0;9;9;0;9;1;0;4;4;0;4;1;0;8;8;0;8;1;0;6;6;0;6;1;0;7;7;0;7;1;0;6;6;0;6;1;0;2;2;0;2;1;0;11;10;1;11;0.909090909;0.090909091;8;8;0;8;1;0;4;4;0;4;1;0;4;4;0;4;1;0;11;11;0;11;1;0;7;7;0;7;1;0;7;7;0;7;1;0;6;6;0;6;1;0;6;6;0;6;1;0;9;8;1;9;0.888888889;0.111111111;5;3;2;5;0.6;0.4;4;1;3;4;0.25;0.75;7;7;0;7;1;0;7;5;2;7;0.714285714;0.285714286;4;4;0;4;1;0;7;7;0;7;1;0;14;12;2;14;0.857142857;0.142857143;40;4;0;40;0.1;0;34;4;1;34;0.117647059;0.029411765;NULL;NULL;NULL;NULL;NULL;NULL;21;4;0;21;0.19047619;0;46;4;2;46;0.086956522;0.043478261;26;4;0;26;0.153846154;0;No
Male;Yes;No;15;9;9;0;9;1;0;11;11;0;11;1;0;8;8;0;8;1;0;3;3;0;3;1;0;6;6;0;6;1;0;4;3;1;4;0.75;0.25;8;8;0;8;1;0;6;6;0;6;1;0;4;2;2;4;0.5;0.5;8;8;0;8;1;0;6;5;1;6;0.833333333;0.166666667;4;3;1;4;0.75;0.25;6;6;0;6;1;0;10;10;0;10;1;0;1;1;0;1;1;0;8;8;0;8;1;0;6;6;0;6;1;0;5;4;1;5;0.8;0.2;4;3;1;4;0.75;0.25;3;0;3;3;0;1;1;0;1;1;0;1;6;5;1;6;0.833333333;0.166666667;7;7;0;7;1;0;4;4;0;4;1;0;3;2;1;3;0.666666667;0.333333333;9;7;2;9;0.777777778;0.222222222;8;0;0;8;0;0;40;6;0;40;0.15;0;NULL;NULL;NULL;NULL;NULL;NULL;21;2;2;21;0.095238095;0.095238095;56;4;4;56;0.071428571;0.071428571;43;3;4;43;0.069767442;0.093023256;Yes
Female;Yes;Yes;16;11;11;0;11;1;0;12;12;0;12;1;0;9;9;0;9;1;0;5;5;0;5;1;0;7;7;0;7;1;0;4;4;0;4;1;0;8;8;0;8;1;0;6;5;1;6;0.833333333;0.166666667;2;2;0;2;1;0;9;9;0;9;1;0;9;9;0;9;1;0;7;5;2;7;0.714285714;0.285714286;7;7;0;7;1;0;9;9;0;9;1;0;5;5;0;5;1;0;7;7;0;7;1;0;7;7;0;7;1;0;4;4;0;4;1;0;7;6;1;7;0.857142857;0.142857143;6;5;1;6;0.833333333;0.166666667;3;1;2;3;0.333333333;0.666666667;5;5;0;5;1;0;5;5;0;5;1;0;5;5;0;5;1;0;6;5;1;6;0.833333333;0.166666667;13;9;4;13;0.692307692;0.307692308;62;4;2;62;0.064516129;0.032258065;40;6;0;40;0.15;0;NULL;NULL;NULL;NULL;NULL;NULL;21;2;2;21;0.095238095;0.095238095;35;4;0;35;0.114285714;0;57;3;8;57;0.052631579;0.140350877;No
Female;Yes;No;16;10;10;0;10;1;0;10;9;1;10;0.9;0.1;6;6;0;6;1;0;4;3;1;4;0.75;0.25;4;4;0;4;1;0;3;3;0;3;1;0;6;6;0;6;1;0;7;7;0;7;1;0;2;1;1;2;0.5;0.5;9;9;0;9;1;0;5;5;0;5;1;0;4;4;0;4;1;0;6;3;3;6;0.5;0.5;8;8;0;8;1;0;4;4;0;4;1;0;6;6;0;6;1;0;5;5;0;5;1;0;6;6;0;6;1;0;5;4;1;5;0.8;0.2;5;3;2;5;0.6;0.4;5;2;3;5;0.4;0.6;10;8;2;10;0.8;0.2;7;7;0;7;1;0;9;9;0;9;1;0;8;6;2;8;0.75;0.25;11;6;5;11;0.545454545;0.454545455;30;3;0;30;0.1;0;32;4;1;32;125;0.03125;NULL;NULL;NULL;NULL;NULL;NULL;21;3;1;21;0.142857143;0.047619048;47;3;4;47;0.063829787;0.085106383;76;3;12;76;0.039473684;0.157894737;No
Female;Yes;No;16;14;14;0;14;1;0;12;12;0;12;1;0;10;10;0;10;1;0;5;5;0;5;1;0;9;9;0;9;1;0;12;10;2;12;0.833333333;0.166666667;6;6;0;6;1;0;6;5;1;6;0.833333333;0.166666667;6;5;1;6;0.833333333;0.166666667;11;11;0;11;1;0;6;5;1;6;0.833333333;0.166666667;6;6;0;6;1;0;9;3;6;9;0.333333333;0.666666667;11;11;0;11;1;0;9;9;0;9;1;0;8;8;0;8;1;0;5;5;0;5;1;0;6;6;0;6;1;0;5;5;0;5;1;0;3;2;1;3;0.666666667;0.333333333;4;0;4;4;0;1;5;5;0;5;1;0;1;1;0;1;1;0;6;6;0;6;1;0;5;4;1;5;0.8;0.2;7;7;0;7;1;0;54;3;2;54;0.055555556;0.037037037;26;3;1;26;0.115384615;0.038461538;NULL;NULL;NULL;NULL;NULL;NULL;21;2;2;21;0.095238095;0.095238095;46;4;2;46;0.086956522;0.043478261;36;3;4;36;0.083333333;0.111111111;No
Female;Yes;No;16;10;10;0;10;1;0;10;10;0;10;1;0;7;7;0;7;1;0;4;4;0;4;1;0;5;5;0;5;1;0;5;5;0;5;1;0;7;7;0;7;1;0;6;5;1;6;0.833333333;0.166666667;4;4;0;4;1;0;6;6;0;6;1;0;5;5;0;5;1;0;7;7;0;7;1;0;7;5;2;7;0.714285714;0.285714286;10;10;0;10;1;0;6;6;0;6;1;0;5;4;1;5;0.8;0.2;4;4;0;4;1;0;5;5;0;5;1;0;4;4;0;4;1;0;6;5;1;6;0.833333333;0.166666667;1;1;0;1;1;0;8;8;0;8;1;0;5;5;0;5;1;0;6;6;0;6;1;0;6;5;1;6;0.833333333;0.166666667;6;2;4;6;0.333333333;0.666666667;48;3;1;48;0.0625;0.020833333;18;1;2;18;0.055555556;0.111111111;NULL;NULL;NULL;NULL;NULL;NULL;21;3;1;21;0.142857143;0.047619048;35;4;0;35;0.114285714;0;30;3;2;30;0.1;0.066666667;No
Female;Yes;No;16;7;7;0;7;1;0;9;9;0;9;1;0;5;5;0;5;1;0;4;4;0;4;1;0;3;0;3;3;0;1;5;5;0;5;1;0;5;5;0;5;1;0;5;5;0;5;1;0;3;2;1;3;0.666666667;0.333333333;6;6;0;6;1;0;6;6;0;6;1;0;3;3;0;3;1;0;6;5;1;6;0.833333333;0.166666667;6;6;0;6;1;0;3;3;0;3;1;0;5;5;0;5;1;0;4;3;1;4;0.75;0.25;5;3;2;5;0.6;0.4;4;3;1;4;0.75;0.25;1;1;0;1;1;0;2;2;0;2;1;0;5;5;0;5;1;0;8;8;0;8;1;0;4;4;0;4;1;0;5;5;0;5;1;0;16;15;1;16;0.9375;0.0625;20;1;1;20;0.05;0.05;32;4;1;32;125;0.03125;NULL;NULL;NULL;NULL;NULL;NULL;21;2;2;21;0.095238095;0.095238095;35;4;0;35;0.114285714;0;34;3;2;34;0.088235294;0.058823529;No
Male;Yes;Yes;16;11;11;0;11;1;0;12;12;0;12;1;0;4;1;3;4;0.25;0.75;8;0;8;8;0;1;6;6;0;6;1;0;5;5;0;5;1;0;7;7;0;7;1;0;5;5;0;5;1;0;2;2;0;2;1;0;6;6;0;6;1;0;5;5;0;5;1;0;5;5;0;5;1;0;5;5;0;5;1;0;11;11;0;11;1;0;7;7;0;7;1;0;6;6;0;6;1;0;4;4;0;4;1;0;6;6;0;6;1;0;3;2;1;3;0.666666667;0.333333333;3;2;1;3;0.666666667;0.333333333;1;1;0;1;1;0;4;3;1;4;0.75;0.25;7;7;0;7;1;0;4;4;0;4;1;0;6;6;0;6;1;0;7;4;3;7;0.571428571;0.428571429;32;2;1;32;0.0625;0.03125;26;4;0;26;0.153846154;0;NULL;NULL;NULL;NULL;NULL;NULL;21;2;2;21;0.095238095;0.095238095;56;3;4;56;0.053571429;0.071428571;18;3;0;18;0.166666667;0;No
Female;Yes;No;16;10;10;0;10;1;0;10;10;0;10;1;0;8;8;0;8;1;0;4;4;0;4;1;0;4;3;1;4;0.75;0.25;4;4;0;4;1;0;8;8;0;8;1;0;7;7;0;7;1;0;7;7;0;7;1;0;7;7;0;7;1;0;8;8;0;8;1;0;6;5;1;6;0.833333333;0.166666667;6;6;0;6;1;0;10;10;0;10;1;0;7;7;0;7;1;0;6;6;0;6;1;0;4;4;0;4;1;0;6;6;0;6;1;0;7;3;4;7;0.428571429;0.571428571;4;2;2;4;0.5;0.5;2;2;0;2;1;0;4;3;1;4;0.75;0.25;8;8;0;8;1;0;6;6;0;6;1;0;6;6;0;6;1;0;8;6;2;8;0.75;0.25;38;3;0;38;0.078947368;0;18;2;1;18;0.111111111;0.055555556;NULL;NULL;NULL;NULL;NULL;NULL;21;4;0;21;0.19047619;0;35;4;0;35;0.114285714;0;40;2;6;40;0.05;0.15;No
Female;Yes;No;16;15;15;0;15;1;0;10;10;0;10;1;0;12;12;0;12;1;0;6;6;0;6;1;0;11;11;0;11;1;0;7;6;1;7;0.857142857;0.142857143;10;10;0;10;1;0;7;7;0;7;1;0;5;5;0;5;1;0;11;9;2;11;0.818181818;0.181818182;7;7;0;7;1;0;7;7;0;7;1;0;10;8;2;10;0.8;0.2;11;11;0;11;1;0;8;8;0;8;1;0;8;8;0;8;1;0;7;6;1;7;0.857142857;0.142857143;8;8;0;8;1;0;9;8;1;9;0.888888889;0.111111111;4;4;0;4;1;0;3;0;3;3;0;1;15;15;0;15;1;0;13;13;0;13;1;0;11;9;2;11;0.818181818;0.181818182;8;8;0;8;1;0;14;9;5;14;0.642857143;0.357142857;54;2;3;54;0.037037037;0.055555556;62;8;0;62;0.129032258;0;NULL;NULL;NULL;NULL;NULL;NULL;21;4;0;21;0.19047619;0;45;4;2;45;0.088888889;0.044444444;56;3;8;56;0.053571429;0.142857143;No
Male;Yes;No;16;11;11;0;11;1;0;10;10;0;10;1;0;7;7;0;7;1;0;7;0;7;7;0;1;4;4;0;4;1;0;5;4;1;5;0.8;0.2;6;5;1;6;0.833333333;0.166666667;3;3;0;3;1;0;5;4;1;5;0.8;0.2;8;8;0;8;1;0;5;5;0;5;1;0;4;4;0;4;1;0;3;3;0;3;1;0;8;8;0;8;1;0;5;5;0;5;1;0;4;4;0;4;1;0;6;6;0;6;1;0;5;3;2;5;0.6;0.4;3;1;2;3;0.333333333;0.666666667;4;4;0;4;1;0;2;0;2;2;0;1;8;8;0;8;1;0;11;9;2;11;0.818181818;0.181818182;7;7;0;7;1;0;6;5;1;6;0.833333333;0.166666667;10;8;2;10;0.8;0.2;40;3;1;40;75;25;26;3;1;26;0.115384615;0.038461538;NULL;NULL;NULL;NULL;NULL;NULL;21;3;1;21;0.142857143;0.047619048;35;4;0;35;0.114285714;0;26;4;0;26;0.153846154;0;No
Male;Yes;Yes;16;13;13;0;13;1;0;10;10;0;10;1;0;7;7;0;7;1;0;4;4;0;4;1;0;8;8;0;8;1;0;6;4;2;6;0.666666667;0.333333333;8;8;0;8;1;0;9;7;2;9;0.777777778;0.222222222;3;3;0;3;1;0;10;10;0;10;1;0;5;5;0;5;1;0;1;1;0;1;1;0;8;7;1;8;875;125;10;9;1;10;0.9;0.1;4;4;0;4;1;0;7;7;0;7;1;0;7;6;1;7;0.857142857;0.142857143;7;7;0;7;1;0;7;6;1;7;0.857142857;0.142857143;3;2;1;3;0.666666667;0.333333333;1;0;1;1;0;1;10;10;0;10;1;0;8;8;0;8;1;0;3;3;0;3;1;0;7;6;1;7;0.857142857;0.142857143;15;11;4;15;0.733333333;0.266666667;28;2;0;28;0.071428571;0;40;6;0;40;0.15;0;NULL;NULL;NULL;NULL;NULL;NULL;21;3;1;21;0.142857143;0.047619048;56;4;6;56;0.071428571;0.107142857;41;3;6;41;0.073170732;0.146341463;No
Male;Yes;No;16;5;5;0;5;1;0;6;6;0;6;1;0;4;3;1;4;0.75;0.25;4;4;0;4;1;0;5;5;0;5;1;0;4;4;0;4;1;0;3;3;0;3;1;0;6;6;0;6;1;0;3;3;0;3;1;0;6;6;0;6;1;0;6;5;1;6;0.833333333;0.166666667;4;3;1;4;0.75;0.25;4;4;0;4;1;0;5;5;0;5;1;0;4;3;1;4;0.75;0.25;4;4;0;4;1;0;6;5;1;6;0.833333333;0.166666667;5;4;1;5;0.8;0.2;6;3;3;6;0.5;0.5;3;1;2;3;0.333333333;0.666666667;2;2;0;2;1;0;3;2;1;3;0.666666667;0.333333333;5;5;0;5;1;0;5;3;2;5;0.6;0.4;6;6;0;6;1;0;9;5;4;9;0.555555556;0.444444444;18;1;1;18;0.055555556;0.055555556;26;4;0;26;0.153846154;0;NULL;NULL;NULL;NULL;NULL;NULL;21;3;1;21;0.142857143;0.047619048;40;3;2;40;75;0.05;27;3;2;27;0.111111111;0.074074074;No
Male;Yes;No;16;12;12;0;12;1;0;11;11;0;11;1;0;5;5;0;5;1;0;4;4;0;4;1;0;6;6;0;6;1;0;4;2;2;4;0.5;0.5;7;7;0;7;1;0;5;5;0;5;1;0;2;2;0;2;1;0;8;8;0;8;1;0;8;7;1;8;875;125;4;1;3;4;0.25;0.75;7;5;2;7;0.714285714;0.285714286;11;11;0;11;1;0;8;8;0;8;1;0;5;5;0;5;1;0;6;6;0;6;1;0;4;2;2;4;0.5;0.5;7;4;3;7;0.571428571;0.428571429;15;0;15;15;0;1;5;1;4;5;0.2;0.8;7;5;2;7;0.714285714;0.285714286;7;7;0;7;1;0;6;4;2;6;0.666666667;0.333333333;6;6;0;6;1;0;7;5;2;7;0.714285714;0.285714286;28;0;2;28;0;0.071428571;26;2;2;26;0.076923077;0.076923077;NULL;NULL;NULL;NULL;NULL;NULL;21;2;2;21;0.095238095;0.095238095;35;4;0;35;0.114285714;0;45;3;6;45;0.066666667;0.133333333;No
Male;Yes;No;16;12;12;0;12;1;0;15;15;0;15;1;0;8;0;8;8;0;1;8;8;0;8;1;0;7;5;2;7;0.714285714;0.285714286;9;9;0;9;1;0;8;8;0;8;1;0;8;8;0;8;1;0;3;1;2;3;0.333333333;0.666666667;13;13;0;13;1;0;6;6;0;6;1;0;8;8;0;8;1;0;10;7;3;10;0.7;0.3;10;10;0;10;1;0;6;6;0;6;1;0;6;6;0;6;1;0;8;8;0;8;1;0;8;8;0;8;1;0;6;5;1;6;0.833333333;0.166666667;4;3;1;4;0.75;0.25;3;0;3;3;0;1;10;9;1;10;0.9;0.1;8;5;3;8;625;375;8;8;0;8;1;0;9;8;1;9;0.888888889;0.111111111;16;13;3;16;0.8125;0.1875;36;1;2;36;0.027777778;0.055555556;40;6;0;40;0.15;0;NULL;NULL;NULL;NULL;NULL;NULL;21;3;1;21;0.142857143;0.047619048;35;4;0;35;0.114285714;0;40;3;4;40;75;0.1;No
Female;Yes;No;16;13;13;0;13;1;0;11;11;0;11;1;0;10;10;0;10;1;0;7;7;0;7;1;0;7;7;0;7;1;0;8;8;0;8;1;0;8;8;0;8;1;0;6;6;0;6;1;0;4;4;0;4;1;0;11;11;0;11;1;0;6;6;0;6;1;0;9;7;2;9;0.777777778;0.222222222;6;6;0;6;1;0;10;10;0;10;1;0;7;7;0;7;1;0;7;7;0;7;1;0;9;8;1;9;0.888888889;0.111111111;6;5;1;6;0.833333333;0.166666667;7;6;1;7;0.857142857;0.142857143;4;2;2;4;0.5;0.5;3;2;1;3;0.666666667;0.333333333;10;10;0;10;1;0;8;6;2;8;0.75;0.25;7;7;0;7;1;0;8;8;0;8;1;0;16;15;1;16;0.9375;0.0625;40;3;1;40;75;25;64;9;0;64;0.140625;0;NULL;NULL;NULL;NULL;NULL;NULL;21;3;1;21;0.142857143;0.047619048;45;4;2;45;0.088888889;0.044444444;45;3;6;45;0.066666667;0.133333333;No
Male;Yes;No;16;10;10;0;10;1;0;8;8;0;8;1;0;7;7;0;7;1;0;2;2;0;2;1;0;5;5;0;5;1;0;4;4;0;4;1;0;8;7;1;8;875;125;5;5;0;5;1;0;5;5;0;5;1;0;8;8;0;8;1;0;5;4;1;5;0.8;0.2;4;4;0;4;1;0;5;3;2;5;0.6;0.4;8;8;0;8;1;0;6;6;0;6;1;0;5;5;0;5;1;0;3;1;2;3;0.333333333;0.666666667;5;5;0;5;1;0;5;3;2;5;0.6;0.4;4;4;0;4;1;0;5;0;5;5;0;1;7;7;0;7;1;0;7;5;2;7;0.714285714;0.285714286;6;6;0;6;1;0;6;5;1;6;0.833333333;0.166666667;9;5;4;9;0.555555556;0.444444444;30;3;0;30;0.1;0;32;4;1;32;125;0.03125;NULL;NULL;NULL;NULL;NULL;NULL;21;3;1;21;0.142857143;0.047619048;35;4;0;35;0.114285714;0;47;3;6;47;0.063829787;0.127659574;No
Male;Yes;Yes;16;9;9;0;9;1;0;9;9;0;9;1;0;7;7;0;7;1;0;8;0;8;8;0;1;6;6;0;6;1;0;1;1;0;1;1;0;7;7;0;7;1;0;7;6;1;7;0.857142857;0.142857143;3;3;0;3;1;0;2;0;2;2;0;1;7;0;7;7;0;1;4;4;0;4;1;0;9;5;4;9;0.555555556;0.444444444;10;10;0;10;1;0;7;7;0;7;1;0;8;8;0;8;1;0;7;7;0;7;1;0;6;5;1;6;0.833333333;0.166666667;4;3;1;4;0.75;0.25;3;1;2;3;0.333333333;0.666666667;3;1;2;3;0.333333333;0.666666667;7;6;1;7;0.857142857;0.142857143;8;8;0;8;1;0;8;8;0;8;1;0;6;4;2;6;0.666666667;0.333333333;14;13;1;14;0.928571429;0.071428571;46;3;1;46;0.065217391;0.02173913;42;6;0;42;0.142857143;0;NULL;NULL;NULL;NULL;NULL;NULL;21;4;0;21;0.19047619;0;46;4;2;46;0.086956522;0.043478261;53;4;6;53;0.075471698;0.113207547;No
Male;Yes;No;16;15;15;0;15;1;0;11;11;0;11;1;0;9;9;0;9;1;0;4;4;0;4;1;0;6;6;0;6;1;0;4;4;0;4;1;0;8;8;0;8;1;0;7;7;0;7;1;0;2;2;0;2;1;0;10;10;0;10;1;0;6;6;0;6;1;0;4;3;1;4;0.75;0.25;5;5;0;5;1;0;13;13;0;13;1;0;7;7;0;7;1;0;8;8;0;8;1;0;7;7;0;7;1;0;7;7;0;7;1;0;6;6;0;6;1;0;5;4;1;5;0.8;0.2;3;2;1;3;0.666666667;0.333333333;10;9;1;10;0.9;0.1;7;7;0;7;1;0;7;7;0;7;1;0;7;7;0;7;1;0;14;13;1;14;0.928571429;0.071428571;30;3;0;30;0.1;0;34;5;0;34;0.147058824;0;NULL;NULL;NULL;NULL;NULL;NULL;21;4;0;21;0.19047619;0;35;4;0;35;0.114285714;0;26;4;0;26;0.153846154;0;No
Female;Yes;No;16;10;10;0;10;1;0;9;9;0;9;1;0;7;7;0;7;1;0;3;3;0;3;1;0;6;6;0;6;1;0;8;8;0;8;1;0;3;3;0;3;1;0;8;7;1;8;875;125;7;7;0;7;1;0;11;11;0;11;1;0;5;5;0;5;1;0;7;6;1;7;0.857142857;0.142857143;5;5;0;5;1;0;10;10;0;10;1;0;8;8;0;8;1;0;6;6;0;6;1;0;7;6;1;7;0.857142857;0.142857143;3;3;0;3;1;0;5;4;1;5;0.8;0.2;2;2;0;2;1;0;1;1;0;1;1;0;6;6;0;6;1;0;6;6;0;6;1;0;6;6;0;6;1;0;8;8;0;8;1;0;16;15;1;16;0.9375;0.0625;74;7;0;74;0.094594595;0;38;6;0;38;0.157894737;0;NULL;NULL;NULL;NULL;NULL;NULL;21;3;1;21;0.142857143;0.047619048;35;4;0;35;0.114285714;0;43;3;4;43;0.069767442;0.093023256;No
Female;Yes;No;16;13;13;0;13;1;0;11;11;0;11;1;0;9;9;0;9;1;0;3;3;0;3;1;0;4;4;0;4;1;0;6;6;0;6;1;0;3;3;0;3;1;0;6;4;2;6;0.666666667;0.333333333;3;3;0;3;1;0;8;7;1;8;875;125;4;4;0;4;1;0;5;5;0;5;1;0;9;7;2;9;0.777777778;0.222222222;10;9;1;10;0.9;0.1;7;7;0;7;1;0;6;6;0;6;1;0;6;6;0;6;1;0;4;4;0;4;1;0;3;3;0;3;1;0;3;1;2;3;0.333333333;0.666666667;7;2;5;7;0.285714286;0.714285714;9;9;0;9;1;0;8;3;5;8;375;625;6;6;0;6;1;0;7;7;0;7;1;0;13;12;1;13;0.923076923;0.076923077;34;3;0;34;0.088235294;0;32;4;1;32;125;0.03125;NULL;NULL;NULL;NULL;NULL;NULL;21;2;2;21;0.095238095;0.095238095;35;4;0;35;0.114285714;0;33;3;2;33;0.090909091;0.060606061;No
Male;Yes;No;16;12;12;0;12;1;0;13;11;2;13;0.846153846;0.153846154;11;11;0;11;1;0;2;2;0;2;1;0;9;9;0;9;1;0;6;5;1;6;0.833333333;0.166666667;22;2;20;22;0.090909091;0.909090909;6;5;1;6;0.833333333;0.166666667;4;4;0;4;1;0;10;10;0;10;1;0;5;4;1;5;0.8;0.2;3;3;0;3;1;0;6;6;0;6;1;0;10;10;0;10;1;0;9;9;0;9;1;0;7;7;0;7;1;0;5;5;0;5;1;0;4;4;0;4;1;0;3;1;2;3;0.333333333;0.666666667;4;3;1;4;0.75;0.25;3;0;3;3;0;1;6;5;1;6;0.833333333;0.166666667;7;6;1;7;0.857142857;0.142857143;9;9;0;9;1;0;6;5;1;6;0.833333333;0.166666667;9;7;2;9;0.777777778;0.222222222;34;3;0;34;0.088235294;0;36;5;0;36;0.138888889;0;NULL;NULL;NULL;NULL;NULL;NULL;21;4;0;21;0.19047619;0;35;4;0;35;0.114285714;0;26;4;0;26;0.153846154;0;No
Male;Yes;No;16;10;10;0;10;1;0;11;11;0;11;1;0;8;8;0;8;1;0;3;3;0;3;1;0;5;0;5;5;0;1;4;4;0;4;1;0;7;7;0;7;1;0;2;2;0;2;1;0;3;3;0;3;1;0;8;8;0;8;1;0;5;5;0;5;1;0;6;6;0;6;1;0;3;2;1;3;0.666666667;0.333333333;10;10;0;10;1;0;8;8;0;8;1;0;7;7;0;7;1;0;4;3;1;4;0.75;0.25;6;5;1;6;0.833333333;0.166666667;4;4;0;4;1;0;5;2;3;5;0.4;0.6;3;3;0;3;1;0;6;5;1;6;0.833333333;0.166666667;8;8;0;8;1;0;4;4;0;4;1;0;4;4;0;4;1;0;9;4;5;9;0.444444444;0.555555556;44;3;1;44;0.068181818;0.022727273;22;3;0;22;0.136363636;0;NULL;NULL;NULL;NULL;NULL;NULL;21;3;1;21;0.142857143;0.047619048;57;3;6;57;0.052631579;0.105263158;45;3;6;45;0.066666667;0.133333333;No
Male;Yes;No;16;14;13;1;14;0.928571429;0.071428571;11;11;0;11;1;0;9;9;0;9;1;0;4;4;0;4;1;0;6;6;0;6;1;0;5;5;0;5;1;0;6;6;0;6;1;0;7;7;0;7;1;0;5;5;0;5;1;0;9;9;0;9;1;0;8;8;0;8;1;0;6;6;0;6;1;0;10;5;5;10;0.5;0.5;12;11;1;12;0.916666667;0.083333333;8;8;0;8;1;0;6;6;0;6;1;0;10;10;0;10;1;0;5;4;1;5;0.8;0.2;7;4;3;7;0.571428571;0.428571429;4;1;3;4;0.25;0.75;2;1;1;2;0.5;0.5;14;13;1;14;0.928571429;0.071428571;12;11;1;12;0.916666667;0.083333333;9;7;2;9;0.777777778;0.222222222;6;5;1;6;0.833333333;0.166666667;8;4;4;8;0.5;0.5;40;3;1;40;75;25;32;3;2;32;0.09375;0.0625;NULL;NULL;NULL;NULL;NULL;NULL;21;2;2;21;0.095238095;0.095238095;35;4;0;35;0.114285714;0;68;2;12;68;0.029411765;0.176470588;No
Male;Yes;Yes;16;14;14;0;14;1;0;14;14;0;14;1;0;10;10;0;10;1;0;5;5;0;5;1;0;7;7;0;7;1;0;7;7;0;7;1;0;9;8;1;9;0.888888889;0.111111111;5;4;1;5;0.8;0.2;4;4;0;4;1;0;10;10;0;10;1;0;7;5;2;7;0.714285714;0.285714286;5;4;1;5;0.8;0.2;6;6;0;6;1;0;12;12;0;12;1;0;8;8;0;8;1;0;8;8;0;8;1;0;7;6;1;7;0.857142857;0.142857143;7;6;1;7;0.857142857;0.142857143;5;4;1;5;0.8;0.2;6;3;3;6;0.5;0.5;2;0;2;2;0;1;13;12;1;13;0.923076923;0.076923077;10;8;2;10;0.8;0.2;7;6;1;7;0.857142857;0.142857143;6;4;2;6;0.666666667;0.333333333;15;11;4;15;0.733333333;0.266666667;64;6;0;64;0.09375;0;38;6;0;38;0.157894737;0;NULL;NULL;NULL;NULL;NULL;NULL;21;3;1;21;0.142857143;0.047619048;58;3;6;58;0.051724138;0.103448276;45;3;6;45;0.066666667;0.133333333;No
Female;Yes;No;16;10;10;0;10;1;0;8;8;0;8;1;0;8;8;0;8;1;0;3;3;0;3;1;0;5;5;0;5;1;0;3;3;0;3;1;0;6;6;0;6;1;0;6;6;0;6;1;0;3;3;0;3;1;0;7;7;0;7;1;0;4;4;0;4;1;0;5;4;1;5;0.8;0.2;5;5;0;5;1;0;6;6;0;6;1;0;7;7;0;7;1;0;3;3;0;3;1;0;4;4;0;4;1;0;6;5;1;6;0.833333333;0.166666667;6;6;0;6;1;0;2;2;0;2;1;0;3;1;2;3;0.333333333;0.666666667;7;7;0;7;1;0;3;3;0;3;1;0;5;5;0;5;1;0;8;8;0;8;1;0;7;5;2;7;0.714285714;0.285714286;4;0;0;4;0;0;28;4;0;28;0.142857143;0;NULL;NULL;NULL;NULL;NULL;NULL;21;3;1;21;0.142857143;0.047619048;35;4;0;35;0.114285714;0;71;2;12;71;0.028169014;0.169014085;No
Female;Yes;Yes;16;9;9;0;9;1;0;7;7;0;7;1;0;6;6;0;6;1;0;5;0;5;5;0;1;5;4;1;5;0.8;0.2;6;6;0;6;1;0;5;5;0;5;1;0;6;6;0;6;1;0;5;4;1;5;0.8;0.2;7;7;0;7;1;0;5;5;0;5;1;0;4;4;0;4;1;0;6;5;1;6;0.833333333;0.166666667;7;7;0;7;1;0;4;4;0;4;1;0;6;6;0;6;1;0;6;6;0;6;1;0;6;6;0;6;1;0;6;5;1;6;0.833333333;0.166666667;5;2;3;5;0.4;0.6;5;3;2;5;0.6;0.4;5;5;0;5;1;0;11;11;0;11;1;0;9;9;0;9;1;0;9;9;0;9;1;0;9;7;2;9;0.777777778;0.222222222;34;3;0;34;0.088235294;0;18;3;0;18;0.166666667;0;NULL;NULL;NULL;NULL;NULL;NULL;21;2;2;21;0.095238095;0.095238095;35;4;0;35;0.114285714;0;35;4;2;35;0.114285714;0.057142857;No
Male;Yes;No;16;11;11;0;11;1;0;9;9;0;9;1;0;7;7;0;7;1;0;6;6;0;6;1;0;5;5;0;5;1;0;3;3;0;3;1;0;5;5;0;5;1;0;3;3;0;3;1;0;3;3;0;3;1;0;7;7;0;7;1;0;1;1;0;1;1;0;4;1;3;4;0.25;0.75;5;4;1;5;0.8;0.2;9;9;0;9;1;0;4;4;0;4;1;0;5;5;0;5;1;0;3;3;0;3;1;0;3;3;0;3;1;0;3;3;0;3;1;0;4;4;0;4;1;0;3;2;1;3;0.666666667;0.333333333;6;6;0;6;1;0;8;8;0;8;1;0;5;4;1;5;0.8;0.2;7;7;0;7;1;0;8;6;2;8;0.75;0.25;30;0;3;30;0;0.1;34;5;0;34;0.147058824;0;NULL;NULL;NULL;NULL;NULL;NULL;21;3;1;21;0.142857143;0.047619048;35;4;0;35;0.114285714;0;42;2;8;42;0.047619048;0.19047619;No
Female;Yes;Yes;16;9;9;0;9;1;0;9;9;0;9;1;0;7;7;0;7;1;0;6;6;0;6;1;0;6;6;0;6;1;0;7;7;0;7;1;0;7;7;0;7;1;0;7;7;0;7;1;0;4;3;1;4;0.75;0.25;8;8;0;8;1;0;6;6;0;6;1;0;7;7;0;7;1;0;9;8;1;9;0.888888889;0.111111111;10;10;0;10;1;0;6;6;0;6;1;0;7;6;1;7;0.857142857;0.142857143;7;7;0;7;1;0;4;4;0;4;1;0;3;3;0;3;1;0;3;0;3;3;0;1;3;3;0;3;1;0;7;7;0;7;1;0;6;5;1;6;0.833333333;0.166666667;6;6;0;6;1;0;10;9;1;10;0.9;0.1;13;11;2;13;0.846153846;0.153846154;34;1;2;34;0.029411765;0.058823529;32;4;1;32;125;0.03125;NULL;NULL;NULL;NULL;NULL;NULL;21;0;4;21;0;0.19047619;56;3;4;56;0.053571429;0.071428571;86;2;16;86;0.023255814;0.186046512;No
Male;Yes;No;16;12;12;0;12;1;0;10;10;0;10;1;0;6;6;0;6;1;0;9;0;9;9;0;1;5;3;2;5;0.6;0.4;6;6;0;6;1;0;6;6;0;6;1;0;9;9;0;9;1;0;4;4;0;4;1;0;12;12;0;12;1;0;7;7;0;7;1;0;4;4;0;4;1;0;5;5;0;5;1;0;10;10;0;10;1;0;7;7;0;7;1;0;8;8;0;8;1;0;7;5;2;7;0.714285714;0.285714286;5;5;0;5;1;0;8;6;2;8;0.75;0.25;5;1;4;5;0.2;0.8;3;3;0;3;1;0;12;12;0;12;1;0;12;10;2;12;0.833333333;0.166666667;7;7;0;7;1;0;8;8;0;8;1;0;11;10;1;11;0.909090909;0.090909091;40;3;1;40;75;25;34;4;1;34;0.117647059;0.029411765;NULL;NULL;NULL;NULL;NULL;NULL;21;4;0;21;0.19047619;0;35;4;0;35;0.114285714;0;35;4;2;35;0.114285714;0.057142857;No
Female;Yes;No;16;9;9;0;9;1;0;10;10;0;10;1;0;10;10;0;10;1;0;10;0;10;10;0;1;7;7;0;7;1;0;5;5;0;5;1;0;4;4;0;4;1;0;6;6;0;6;1;0;3;2;1;3;0.666666667;0.333333333;7;7;0;7;1;0;5;5;0;5;1;0;7;7;0;7;1;0;8;7;1;8;875;125;9;9;0;9;1;0;4;4;0;4;1;0;6;6;0;6;1;0;4;4;0;4;1;0;4;2;2;4;0.5;0.5;5;3;2;5;0.6;0.4;2;2;0;2;1;0;3;2;1;3;0.666666667;0.333333333;6;6;0;6;1;0;7;7;0;7;1;0;6;6;0;6;1;0;5;5;0;5;1;0;9;8;1;9;0.888888889;0.111111111;0;0;0;0;0;0;22;3;0;22;0.136363636;0;NULL;NULL;NULL;NULL;NULL;NULL;21;3;1;21;0.142857143;0.047619048;35;4;0;35;0.114285714;0;45;2;8;45;0.044444444;0.177777778;No
Female;Yes;Yes;16;15;15;0;15;1;0;15;15;0;15;1;0;8;8;0;8;1;0;6;6;0;6;1;0;8;8;0;8;1;0;6;6;0;6;1;0;8;8;0;8;1;0;7;7;0;7;1;0;3;3;0;3;1;0;10;10;0;10;1;0;6;6;0;6;1;0;7;7;0;7;1;0;8;8;0;8;1;0;10;10;0;10;1;0;7;7;0;7;1;0;7;7;0;7;1;0;4;4;0;4;1;0;4;4;0;4;1;0;4;4;0;4;1;0;2;1;1;2;0.5;0.5;3;3;0;3;1;0;8;6;2;8;0.75;0.25;8;5;3;8;625;375;6;5;1;6;0.833333333;0.166666667;6;5;1;6;0.833333333;0.166666667;7;5;2;7;0.714285714;0.285714286;36;2;1;36;0.055555556;0.027777778;34;5;0;34;0.147058824;0;NULL;NULL;NULL;NULL;NULL;NULL;21;2;2;21;0.095238095;0.095238095;47;3;4;47;0.063829787;0.085106383;34;2;4;34;0.058823529;0.117647059;No
Female;Yes;No;16;10;10;0;10;1;0;9;9;0;9;1;0;6;6;0;6;1;0;2;2;0;2;1;0;7;7;0;7;1;0;5;5;0;5;1;0;4;4;0;4;1;0;6;6;0;6;1;0;4;4;0;4;1;0;8;8;0;8;1;0;5;5;0;5;1;0;5;5;0;5;1;0;5;5;0;5;1;0;7;7;0;7;1;0;5;5;0;5;1;0;6;6;0;6;1;0;6;6;0;6;1;0;6;6;0;6;1;0;5;5;0;5;1;0;4;3;1;4;0.75;0.25;2;2;0;2;1;0;7;7;0;7;1;0;8;8;0;8;1;0;4;4;0;4;1;0;8;8;0;8;1;0;10;7;3;10;0.7;0.3;18;2;0;18;0.111111111;0;36;5;0;36;0.138888889;0;NULL;NULL;NULL;NULL;NULL;NULL;21;3;1;21;0.142857143;0.047619048;35;4;0;35;0.114285714;0;41;3;4;41;0.073170732;0.097560976;No
Female;Yes;No;16;9;9;0;9;1;0;12;12;0;12;1;0;8;8;0;8;1;0;6;6;0;6;1;0;8;7;1;8;875;125;7;6;1;7;0.857142857;0.142857143;8;8;0;8;1;0;5;5;0;5;1;0;6;6;0;6;1;0;9;9;0;9;1;0;6;5;1;6;0.833333333;0.166666667;5;4;1;5;0.8;0.2;6;6;0;6;1;0;10;10;0;10;1;0;7;7;0;7;1;0;3;3;0;3;1;0;3;3;0;3;1;0;6;6;0;6;1;0;6;6;0;6;1;0;4;2;2;4;0.5;0.5;4;3;1;4;0.75;0.25;8;8;0;8;1;0;6;6;0;6;1;0;6;6;0;6;1;0;8;8;0;8;1;0;7;3;4;7;0.428571429;0.571428571;40;3;1;40;75;25;38;6;0;38;0.157894737;0;NULL;NULL;NULL;NULL;NULL;NULL;21;3;1;21;0.142857143;0.047619048;35;4;0;35;0.114285714;0;28;2;4;28;0.071428571;0.142857143;No
Male;Yes;No;16;9;9;0;9;1;0;10;10;0;10;1;0;9;9;0;9;1;0;4;4;0;4;1;0;4;4;0;4;1;0;5;5;0;5;1;0;7;7;0;7;1;0;4;4;0;4;1;0;2;2;0;2;1;0;7;7;0;7;1;0;7;7;0;7;1;0;5;5;0;5;1;0;6;6;0;6;1;0;10;10;0;10;1;0;5;5;0;5;1;0;8;8;0;8;1;0;7;7;0;7;1;0;7;7;0;7;1;0;6;4;2;6;0.666666667;0.333333333;3;0;3;3;0;1;3;2;1;3;0.666666667;0.333333333;7;6;1;7;0.857142857;0.142857143;5;5;0;5;1;0;7;7;0;7;1;0;7;7;0;7;1;0;8;3;5;8;375;625;40;3;1;40;75;25;18;2;1;18;0.111111111;0.055555556;NULL;NULL;NULL;NULL;NULL;NULL;21;3;1;21;0.142857143;0.047619048;46;4;2;46;0.086956522;0.043478261;36;3;4;36;0.083333333;0.111111111;No
Male;Yes;No;17;13;13;0;13;1;0;13;13;0;13;1;0;10;10;0;10;1;0;7;7;0;7;1;0;6;6;0;6;1;0;6;6;0;6;1;0;8;8;0;8;1;0;8;8;0;8;1;0;5;5;0;5;1;0;10;10;0;10;1;0;9;9;0;9;1;0;7;7;0;7;1;0;7;7;0;7;1;0;10;10;0;10;1;0;5;5;0;5;1;0;10;9;1;10;0.9;0.1;7;6;1;7;0.857142857;0.142857143;4;4;0;4;1;0;4;4;0;4;1;0;4;4;0;4;1;0;4;3;1;4;0.75;0.25;7;6;1;7;0.857142857;0.142857143;7;7;0;7;1;0;7;7;0;7;1;0;6;5;1;6;0.833333333;0.166666667;8;5;3;8;625;375;48;4;0;48;0.083333333;0;38;6;0;38;0.157894737;0;NULL;NULL;NULL;NULL;NULL;NULL;21;4;0;21;0.19047619;0;35;4;0;35;0.114285714;0;26;4;0;26;0.153846154;0;No
Female;Yes;Yes;17;9;9;0;9;1;0;10;10;0;10;1;0;6;6;0;6;1;0;2;2;0;2;1;0;6;6;0;6;1;0;4;4;0;4;1;0;10;10;0;10;1;0;4;4;0;4;1;0;5;5;0;5;1;0;7;7;0;7;1;0;6;6;0;6;1;0;5;4;1;5;0.8;0.2;6;6;0;6;1;0;9;9;0;9;1;0;8;8;0;8;1;0;6;5;1;6;0.833333333;0.166666667;6;6;0;6;1;0;4;4;0;4;1;0;5;5;0;5;1;0;3;3;0;3;1;0;3;3;0;3;1;0;6;5;1;6;0.833333333;0.166666667;6;5;1;6;0.833333333;0.166666667;6;6;0;6;1;0;6;5;1;6;0.833333333;0.166666667;8;5;3;8;625;375;18;2;0;18;0.111111111;0;32;5;0;32;0.15625;0;NULL;NULL;NULL;NULL;NULL;NULL;21;3;1;21;0.142857143;0.047619048;35;4;0;35;0.114285714;0;26;4;0;26;0.153846154;0;No
Male;Yes;Yes;17;10;10;0;10;1;0;10;10;0;10;1;0;7;7;0;7;1;0;3;3;0;3;1;0;8;7;1;8;875;125;6;4;2;6;0.666666667;0.333333333;4;4;0;4;1;0;4;4;0;4;1;0;4;4;0;4;1;0;8;8;0;8;1;0;5;3;2;5;0.6;0.4;7;7;0;7;1;0;3;3;0;3;1;0;10;10;0;10;1;0;6;6;0;6;1;0;5;5;0;5;1;0;5;5;0;5;1;0;3;3;0;3;1;0;4;3;1;4;0.75;0.25;4;0;4;4;0;1;6;0;6;6;0;1;6;3;3;6;0.5;0.5;8;8;0;8;1;0;6;5;1;6;0.833333333;0.166666667;5;5;0;5;1;0;12;9;3;12;0.75;0.25;32;1;2;32;0.03125;0.0625;26;4;0;26;0.153846154;0;NULL;NULL;NULL;NULL;NULL;NULL;21;3;1;21;0.142857143;0.047619048;35;4;0;35;0.114285714;0;27;3;2;27;0.111111111;0.074074074;No
Female;Yes;Yes;17;11;11;0;11;1;0;11;11;0;11;1;0;8;8;0;8;1;0;2;2;0;2;1;0;5;5;0;5;1;0;2;2;0;2;1;0;4;4;0;4;1;0;5;5;0;5;1;0;2;2;0;2;1;0;5;5;0;5;1;0;6;6;0;6;1;0;5;5;0;5;1;0;3;1;2;3;0.333333333;0.666666667;6;5;1;6;0.833333333;0.166666667;1;1;0;1;1;0;3;3;0;3;1;0;5;3;2;5;0.6;0.4;3;3;0;3;1;0;6;5;1;6;0.833333333;0.166666667;4;1;3;4;0.25;0.75;3;3;0;3;1;0;7;7;0;7;1;0;7;7;0;7;1;0;3;3;0;3;1;0;6;6;0;6;1;0;13;11;2;13;0.846153846;0.153846154;28;2;0;28;0.071428571;0;18;3;0;18;0.166666667;0;NULL;NULL;NULL;NULL;NULL;NULL;21;3;1;21;0.142857143;0.047619048;35;4;0;35;0.114285714;0;26;4;0;26;0.153846154;0;No
Female;Yes;No;17;9;9;0;9;1;0;9;9;0;9;1;0;9;9;0;9;1;0;5;5;0;5;1;0;5;5;0;5;1;0;4;4;0;4;1;0;6;6;0;6;1;0;7;6;1;7;0.857142857;0.142857143;5;4;1;5;0.8;0.2;8;8;0;8;1;0;4;4;0;4;1;0;6;6;0;6;1;0;4;4;0;4;1;0;7;7;0;7;1;0;6;6;0;6;1;0;3;3;0;3;1;0;3;3;0;3;1;0;4;4;0;4;1;0;5;2;3;5;0.4;0.6;4;1;3;4;0.25;0.75;3;1;2;3;0.333333333;0.666666667;5;4;1;5;0.8;0.2;5;5;0;5;1;0;4;4;0;4;1;0;5;4;1;5;0.8;0.2;9;6;3;9;0.666666667;0.333333333;40;4;0;40;0.1;0;32;5;0;32;0.15625;0;NULL;NULL;NULL;NULL;NULL;NULL;21;3;1;21;0.142857143;0.047619048;35;4;0;35;0.114285714;0;33;4;2;33;0.121212121;0.060606061;Yes
